[2025-11-08 13:02:23.551] [info]  [EleriumCommunicationLayer] setCfCoreHost called with https://api.curseforge.com.
[2025-11-08 13:02:23.559] [info]  [ConfigurationServiceImpl] Current env: production.
[2025-11-08 13:02:23.577] [info]  [BackgroundController] App version: 1.288.1.28405.
[2025-11-08 13:02:23.579] [info]  [BackgroundController] OS: linux.
[2025-11-08 13:02:23.579] [info]  [BackgroundController] OS version: 6.17.7-arch1-1.
[2025-11-08 13:02:23.579] [info]  [BackgroundController] App startup args: /tmp/.mount_cursef8f2nOV/curseforge.
[2025-11-08 13:02:24.041] [info]  [BackgroundController] Electron App Ready. Continuing Initialization....
[2025-11-08 13:02:24.042] [info]  [ClientOverridesImpl] Fetching https://curseforge.overwolf.com/downloads/client-overrides-v2.json ....
[2025-11-08 13:02:24.312] [info]  [AppUpdateServiceImpl] Checking if app has an update which is available locally..
[2025-11-08 13:02:24.313] [info]  [AppUpdateServiceImpl] Checking for available application updates. Current app version is 1.288.1-28405.
[2025-11-08 13:02:24.313] [info]  Checking for update
[2025-11-08 13:02:24.314] [info]  Electron Updater - Checking for application update
[2025-11-08 13:02:24.315] [info]  Generated new staging user ID: 3d352e8e-5e40-58f8-aedd-82129eb88ddf
[2025-11-08 13:02:24.695] [info]  Update for version 1.288.1-28405 is not available (latest version: 1.288.1-28405, downgrade is disallowed).
[2025-11-08 13:02:24.695] [info]  Electron Updater - App update is not available. Latest Version: 1.288.1-28405. Release Date: 2025-10-26T14:05:48.182Z
[2025-11-08 13:02:24.696] [info]  [AppUpdateServiceImpl] No updates are available for the app..
[2025-11-08 13:02:25.208] [info]  [Renderer - Main Window] Initializing Sentry service [ [] ]
[2025-11-08 13:02:25.225] [info]  [Renderer - Main Window] [ReactErrorWatchDog] Starting watchdog with 10000 [ [] ]
[2025-11-08 13:02:25.234] [info]  [SessionStartedEventHandler] App session started.
[2025-11-08 13:02:25.247] [info]  [AutoUpdaterServiceImpl] Starting Auto Updater Service.
[2025-11-08 13:02:25.248] [info]  [AutoUpdaterServiceImpl] Auto updater is disabled by configuration.
[2025-11-08 13:02:25.248] [info]  [LoginService] Validating login status.
[2025-11-08 13:02:25.249] [info]  [SessionInfoRepositoryImpl] Loading login tokens from storage.
[2025-11-08 13:02:25.249] [info]  [SessionInfoRepositoryImpl] Missing mandatory tokens. Clearing storage.
[2025-11-08 13:02:25.249] [info]  [SessionInfoRepositoryImpl] Clearing tokens from storage.
[2025-11-08 13:02:25.253] [info]  [LoginService] No login tokens found..
[2025-11-08 13:02:25.253] [info]  [SessionInfoRepositoryImpl] Clearing tokens from storage.
[2025-11-08 13:02:25.255] [info]  [LoginService] Notifying logged out status.
[2025-11-08 13:02:25.255] [info]  [SessionInfoRepositoryImpl] Clearing tokens from storage.
[2025-11-08 13:02:25.258] [error] [LoggedOutEventHandler] Failed to update client session info. Error: Radium API is not ready
[2025-11-08 13:02:25.259] [info]  [GameAuthUsersChangedEventHandler] Minecraft Users info loaded.
[2025-11-08 13:02:25.259] [info]  [LoggedOutEventHandler] User is logged out.
[2025-11-08 13:02:25.260] [info]  [MarketingVideosServiceImpl] Fetching https://mrkt.forgecdn.net/app-vids/onboarding_videos.json ....
[2025-11-08 13:02:25.262] [info]  [AppUpdatePeriodicChecker] Running periodic app update check.
[2025-11-08 13:02:25.262] [info]  [AppUpdateServiceImpl] Checking for available application updates. Current app version is 1.288.1-28405.
[2025-11-08 13:02:25.262] [info]  Checking for update
[2025-11-08 13:02:25.262] [info]  Electron Updater - Checking for application update
[2025-11-08 13:02:25.297] [info]  Update for version 1.288.1-28405 is not available (latest version: 1.288.1-28405, downgrade is disallowed).
[2025-11-08 13:02:25.297] [info]  Electron Updater - App update is not available. Latest Version: 1.288.1-28405. Release Date: 2025-10-26T14:05:48.182Z
[2025-11-08 13:02:25.297] [info]  [AppUpdateServiceImpl] No updates are available for the app..
[2025-11-08 13:02:25.297] [info]  [AppUpdatePeriodicChecker] No app update. Scheduling the next update check in 900000 milliseconds.
[2025-11-08 13:02:25.451] [info]  [UptimeRobotApi] Executing GET request https://health.curseforge.com/app/monitorStatus.json.
[2025-11-08 13:02:25.462] [info]  [AnalyticsService] Executing GET request https://analyticsnew.overwolf.com/analytics/Counter?Name=cf_app_page_changed&MUID=6a0d68ee-5733-1928-71ec-49e8ba47404c&MUIDV2=6a0d68ee-5733-1928-71ec-49e8ba47404c&owver=37.7.0&Extra=%7B%22app_ver%22%3A%221.288.1.28405%22%2C%22os_ver%22%3A%22linux%22%2C%22app_type%22%3A%22Electron%22%2C%22currentAppPage%22%3A%22HomePage%22%7D.
[2025-11-08 13:02:25.705] [error] [SettingsService] Failed to get app content path: Error: Failed to get app content path.
[2025-11-08 13:02:25.712] [info]  [PluginCommunication] Connecting to Mods Agent.
[2025-11-08 13:02:25.713] [info]  [PluginProcessHost] Starting Mods Agent with ports range 58115-58135.
[2025-11-08 13:02:25.713] [info]  [PluginProcessHost] Launching Mods Agent process /tmp/.mount_cursef8f2nOV/resources/app.asar.unpacked/plugins/curse/linux/Curse.Agent.Host with args: --port=58115,--to-port=58135,--pid=60282,--appDataPath=/home/vinicius/.config/CurseForge,--api-key=206cea37-d5d0-4ea6-accc-7b0c2f2fde54,--clientId=Overwolf.
[2025-11-08 13:02:25.721] [info]  [UptimeRobotApi] Executed GET request https://health.curseforge.com/app/monitorStatus.json. Status code: 200.
[2025-11-08 13:02:25.722] [info]  [AnalyticsService] Executed GET request https://analyticsnew.overwolf.com/analytics/Counter?Name=cf_app_page_changed&MUID=6a0d68ee-5733-1928-71ec-49e8ba47404c&MUIDV2=6a0d68ee-5733-1928-71ec-49e8ba47404c&owver=37.7.0&Extra=%7B%22app_ver%22%3A%221.288.1.28405%22%2C%22os_ver%22%3A%22linux%22%2C%22app_type%22%3A%22Electron%22%2C%22currentAppPage%22%3A%22HomePage%22%7D. Status code: 200.
[2025-11-08 13:02:25.955] [info]  [PluginProcessHost] Agent stdout: Starting CurseForge Agent Host.
[2025-11-08 13:02:26.494] [info]  [PluginProcessHost] Agent stdout: Agent Data path is /home/vinicius/.config/CurseForge/agent.
[2025-11-08 13:02:26.494] [info]  [PluginProcessHost] Agent stdout: Agent Log path is /home/vinicius/.config/CurseForge/agent/logs.
[2025-11-08 13:02:27.845] [info]  [PluginProcessHost] Agent stdout: 11/08/2025 13:02:27 [Info] Server started at ws://127.0.0.1:58115/CurseForge (actual port 58115) .
[2025-11-08 13:02:27.846] [info]  [PluginProcessHost] Mods Agent started. pid: 60445, port: 58115.
[2025-11-08 13:02:27.846] [info]  [PluginWebSocket] Connecting to Mods Agent CurseForge on ports range 58115-58115.
[2025-11-08 13:02:27.855] [info]  [PluginProcessHost] Agent stdout: Mods Agent server started on port 58115.
[2025-11-08 13:02:27.911] [info]  [PluginWebSocket] Connected to mods agent.
[2025-11-08 13:02:27.912] [info]  [PluginWebSocket] Connected to Mods Agent on port 58115.
[2025-11-08 13:02:28.960] [info]  [GamesScanStartedEventHandler] Games scan started. Comprehensive: false.
[2025-11-08 13:02:29.019] [info]  [GamesScanCompletedEventHandler] Games scan completed. Comprehensive: false. Canceled: false.
[2025-11-08 13:02:29.034] [info]  [CoreServiceImpl] Mods agent was initialized successfully.
[2025-11-08 13:02:29.081] [info]  [AppConnectivityService] Reporting app connectivity.
[2025-11-08 13:02:29.082] [info]  [AnalyticsService] Executing POST request https://tracking.overwolf.com/tracking/InsertStats?Stats=true.
[2025-11-08 13:02:29.537] [info]  [Renderer - Main Window] Startup game was not found [ [] ]
[2025-11-08 13:02:30.911] [info]  [AnalyticsService] Executed POST request https://tracking.overwolf.com/tracking/InsertStats?Stats=true. Status code: 200.
[2025-11-08 13:02:30.912] [info]  [AnalyticsService] Sent a Grafana event to https://tracking.overwolf.com/tracking/InsertStats?Stats=true.
[2025-11-08 13:02:30.922] [info]  [AnalyticsService] Executing GET request https://analyticsnew.overwolf.com/analytics/Counter?Name=cf_app_session_info&MUID=6a0d68ee-5733-1928-71ec-49e8ba47404c&MUIDV2=6a0d68ee-5733-1928-71ec-49e8ba47404c&owver=37.7.0&Extra=%7B%22app_ver%22%3A%221.288.1.28405%22%2C%22os_ver%22%3A%22linux%22%2C%22app_type%22%3A%22Electron%22%2C%22isLoggedIn%22%3Afalse%2C%22isSyncEnabled%22%3Afalse%2C%22appLanguage%22%3A%22en%22%2C%22groupsCount%22%3A%7B%7D%2C%22isMojangLoggedIn%22%3Afalse%2C%22minecraftLauncherTypes%22%3A%5B%5D%7D.
[2025-11-08 13:02:31.033] [info]  [AnalyticsService] Executed GET request https://analyticsnew.overwolf.com/analytics/Counter?Name=cf_app_session_info&MUID=6a0d68ee-5733-1928-71ec-49e8ba47404c&MUIDV2=6a0d68ee-5733-1928-71ec-49e8ba47404c&owver=37.7.0&Extra=%7B%22app_ver%22%3A%221.288.1.28405%22%2C%22os_ver%22%3A%22linux%22%2C%22app_type%22%3A%22Electron%22%2C%22isLoggedIn%22%3Afalse%2C%22isSyncEnabled%22%3Afalse%2C%22appLanguage%22%3A%22en%22%2C%22groupsCount%22%3A%7B%7D%2C%22isMojangLoggedIn%22%3Afalse%2C%22minecraftLauncherTypes%22%3A%5B%5D%7D. Status code: 200.
[2025-11-08 13:02:31.033] [info]  [ElectronApplication] CRN Api is not available.
[2025-11-08 13:02:31.036] [info]  [AppLaunchService] No install params to launch and install project.
[2025-11-08 13:02:35.226] [info]  [Renderer - Main Window] [ReactErrorWatchDog] Starting watchdog with 1000 [ [] ]
[2025-11-08 13:02:39.078] [info]  [AnalyticsService] Executing GET request https://analyticsnew.overwolf.com/analytics/Counter?Name=cf_app_user_action&MUID=6a0d68ee-5733-1928-71ec-49e8ba47404c&MUIDV2=6a0d68ee-5733-1928-71ec-49e8ba47404c&owver=37.7.0&Extra=%7B%22app_ver%22%3A%221.288.1.28405%22%2C%22os_ver%22%3A%22linux%22%2C%22app_type%22%3A%22Electron%22%2C%22action%22%3A%22performUserLogin%22%7D.
[2025-11-08 13:02:39.214] [info]  [AnalyticsService] Executed GET request https://analyticsnew.overwolf.com/analytics/Counter?Name=cf_app_user_action&MUID=6a0d68ee-5733-1928-71ec-49e8ba47404c&MUIDV2=6a0d68ee-5733-1928-71ec-49e8ba47404c&owver=37.7.0&Extra=%7B%22app_ver%22%3A%221.288.1.28405%22%2C%22os_ver%22%3A%22linux%22%2C%22app_type%22%3A%22Electron%22%2C%22action%22%3A%22performUserLogin%22%7D. Status code: 200.
[2025-11-08 13:02:39.226] [error] [LoginService] Failed to register login scheme. This might create issues with the login process..
[2025-11-08 13:02:39.228] [info]  [ElectronPlatformServiceImpl] Opening external uri: https://curseforge.overwolf.com/auth/v3/login-start.html?**masked** ....
[2025-11-08 13:03:25.723] [info]  [UptimeRobotApi] Executing GET request https://health.curseforge.com/app/monitorStatus.json.
[2025-11-08 13:03:31.578] [info]  [UptimeRobotApi] Executed GET request https://health.curseforge.com/app/monitorStatus.json. Status code: 200.
[2025-11-08 13:04:14.544] [info]  [AnalyticsService] Executing GET request https://analyticsnew.overwolf.com/analytics/Counter?Name=cf_app_user_action&MUID=6a0d68ee-5733-1928-71ec-49e8ba47404c&MUIDV2=6a0d68ee-5733-1928-71ec-49e8ba47404c&owver=37.7.0&Extra=%7B%22app_ver%22%3A%221.288.1.28405%22%2C%22os_ver%22%3A%22linux%22%2C%22app_type%22%3A%22Electron%22%2C%22action%22%3A%22performUserLogin%22%7D.
[2025-11-08 13:04:31.580] [info]  [UptimeRobotApi] Executing GET request https://health.curseforge.com/app/monitorStatus.json.
[2025-11-08 13:04:31.878] [info]  [UptimeRobotApi] Executed GET request https://health.curseforge.com/app/monitorStatus.json. Status code: 200.
[2025-11-08 13:04:35.037] [info]  [AnalyticsService] Executed GET request https://analyticsnew.overwolf.com/analytics/Counter?Name=cf_app_user_action&MUID=6a0d68ee-5733-1928-71ec-49e8ba47404c&MUIDV2=6a0d68ee-5733-1928-71ec-49e8ba47404c&owver=37.7.0&Extra=%7B%22app_ver%22%3A%221.288.1.28405%22%2C%22os_ver%22%3A%22linux%22%2C%22app_type%22%3A%22Electron%22%2C%22action%22%3A%22performUserLogin%22%7D. Status code: 200.
[2025-11-08 13:04:35.049] [error] [LoginService] Failed to register login scheme. This might create issues with the login process..
[2025-11-08 13:04:35.049] [info]  [ElectronPlatformServiceImpl] Opening external uri: https://curseforge.overwolf.com/auth/v3/login-start.html?**masked** ....
[2025-11-08 13:05:31.879] [info]  [UptimeRobotApi] Executing GET request https://health.curseforge.com/app/monitorStatus.json.
[2025-11-08 13:05:32.170] [info]  [UptimeRobotApi] Executed GET request https://health.curseforge.com/app/monitorStatus.json. Status code: 200.
[2025-11-08 13:05:36.648] [info]  [SessionsService] session ended.
[2025-11-08 13:06:28.253] [info]  [BackgroundController] Request to shutdown from tray ....
[2025-11-08 13:06:28.254] [info]  [BackgroundController] Shutting down....
[2025-11-08 13:08:36.090] [info]  [EleriumCommunicationLayer] setCfCoreHost called with https://api.curseforge.com.
[2025-11-08 13:08:36.097] [info]  [ConfigurationServiceImpl] Current env: production.
[2025-11-08 13:08:36.115] [info]  [BackgroundController] App version: 1.288.1.28405.
[2025-11-08 13:08:36.117] [info]  [BackgroundController] OS: linux.
[2025-11-08 13:08:36.117] [info]  [BackgroundController] OS version: 6.17.7-arch1-1.
[2025-11-08 13:08:36.117] [info]  [BackgroundController] App startup args: /tmp/.mount_cursefnfXDCA/curseforge.
[2025-11-08 13:08:36.557] [info]  [BackgroundController] Electron App Ready. Continuing Initialization....
[2025-11-08 13:08:36.558] [info]  [ClientOverridesImpl] Fetching https://curseforge.overwolf.com/downloads/client-overrides-v2.json ....
[2025-11-08 13:08:36.943] [info]  [AppUpdateServiceImpl] Checking if app has an update which is available locally..
[2025-11-08 13:08:36.944] [info]  [AppUpdateServiceImpl] Checking for available application updates. Current app version is 1.288.1-28405.
[2025-11-08 13:08:36.944] [info]  Checking for update
[2025-11-08 13:08:36.945] [info]  Electron Updater - Checking for application update
[2025-11-08 13:08:37.313] [info]  Update for version 1.288.1-28405 is not available (latest version: 1.288.1-28405, downgrade is disallowed).
[2025-11-08 13:08:37.313] [info]  Electron Updater - App update is not available. Latest Version: 1.288.1-28405. Release Date: 2025-10-26T14:05:48.182Z
[2025-11-08 13:08:37.314] [info]  [AppUpdateServiceImpl] No updates are available for the app..
[2025-11-08 13:08:37.764] [info]  [Renderer - Main Window] Initializing Sentry service [ [] ]
[2025-11-08 13:08:37.780] [info]  [Renderer - Main Window] [ReactErrorWatchDog] Starting watchdog with 10000 [ [] ]
[2025-11-08 13:08:37.790] [info]  [SessionStartedEventHandler] App session started.
[2025-11-08 13:08:37.797] [info]  [AutoUpdaterServiceImpl] Starting Auto Updater Service.
[2025-11-08 13:08:37.798] [info]  [AutoUpdaterServiceImpl] Auto updater is disabled by configuration.
[2025-11-08 13:08:37.798] [info]  [LoginService] Validating login status.
[2025-11-08 13:08:37.798] [info]  [SessionInfoRepositoryImpl] Loading login tokens from storage.
[2025-11-08 13:08:37.798] [info]  [SessionInfoRepositoryImpl] Missing mandatory tokens. Clearing storage.
[2025-11-08 13:08:37.798] [info]  [SessionInfoRepositoryImpl] Clearing tokens from storage.
[2025-11-08 13:08:37.800] [info]  [LoginService] No login tokens found..
[2025-11-08 13:08:37.800] [info]  [SessionInfoRepositoryImpl] Clearing tokens from storage.
[2025-11-08 13:08:37.802] [info]  [LoginService] Notifying logged out status.
[2025-11-08 13:08:37.802] [info]  [SessionInfoRepositoryImpl] Clearing tokens from storage.
[2025-11-08 13:08:37.804] [error] [LoggedOutEventHandler] Failed to update client session info. Error: Radium API is not ready
[2025-11-08 13:08:37.805] [info]  [GameAuthUsersChangedEventHandler] Minecraft Users info loaded.
[2025-11-08 13:08:37.805] [info]  [LoggedOutEventHandler] User is logged out.
[2025-11-08 13:08:37.805] [info]  [MarketingVideosServiceImpl] Fetching https://mrkt.forgecdn.net/app-vids/onboarding_videos.json ....
[2025-11-08 13:08:37.807] [info]  [AppUpdatePeriodicChecker] Running periodic app update check.
[2025-11-08 13:08:37.807] [info]  [AppUpdateServiceImpl] Checking for available application updates. Current app version is 1.288.1-28405.
[2025-11-08 13:08:37.807] [info]  Checking for update
[2025-11-08 13:08:37.807] [info]  Electron Updater - Checking for application update
[2025-11-08 13:08:37.843] [info]  Update for version 1.288.1-28405 is not available (latest version: 1.288.1-28405, downgrade is disallowed).
[2025-11-08 13:08:37.843] [info]  Electron Updater - App update is not available. Latest Version: 1.288.1-28405. Release Date: 2025-10-26T14:05:48.182Z
[2025-11-08 13:08:37.843] [info]  [AppUpdateServiceImpl] No updates are available for the app..
[2025-11-08 13:08:37.843] [info]  [AppUpdatePeriodicChecker] No app update. Scheduling the next update check in 900000 milliseconds.
[2025-11-08 13:08:37.949] [info]  [PluginCommunication] Connecting to Mods Agent.
[2025-11-08 13:08:37.950] [info]  [PluginProcessHost] Starting Mods Agent with ports range 61316-61336.
[2025-11-08 13:08:37.950] [info]  [PluginProcessHost] Launching Mods Agent process /tmp/.mount_cursefnfXDCA/resources/app.asar.unpacked/plugins/curse/linux/Curse.Agent.Host with args: --port=61316,--to-port=61336,--pid=64516,--appDataPath=/home/vinicius/.config/CurseForge,--api-key=ba297aa7-3621-4e23-b6a9-eec77f016f65,--clientId=Overwolf.
[2025-11-08 13:08:37.959] [info]  [UptimeRobotApi] Executing GET request https://health.curseforge.com/app/monitorStatus.json.
[2025-11-08 13:08:37.969] [info]  [AnalyticsService] Executing GET request https://analyticsnew.overwolf.com/analytics/Counter?Name=cf_app_page_changed&MUID=6a0d68ee-5733-1928-71ec-49e8ba47404c&MUIDV2=6a0d68ee-5733-1928-71ec-49e8ba47404c&owver=37.7.0&Extra=%7B%22app_ver%22%3A%221.288.1.28405%22%2C%22os_ver%22%3A%22linux%22%2C%22app_type%22%3A%22Electron%22%2C%22currentAppPage%22%3A%22HomePage%22%7D.
[2025-11-08 13:08:38.084] [info]  [UptimeRobotApi] Executed GET request https://health.curseforge.com/app/monitorStatus.json. Status code: 200.
[2025-11-08 13:08:38.090] [info]  [AnalyticsService] Executed GET request https://analyticsnew.overwolf.com/analytics/Counter?Name=cf_app_page_changed&MUID=6a0d68ee-5733-1928-71ec-49e8ba47404c&MUIDV2=6a0d68ee-5733-1928-71ec-49e8ba47404c&owver=37.7.0&Extra=%7B%22app_ver%22%3A%221.288.1.28405%22%2C%22os_ver%22%3A%22linux%22%2C%22app_type%22%3A%22Electron%22%2C%22currentAppPage%22%3A%22HomePage%22%7D. Status code: 200.
[2025-11-08 13:08:38.219] [info]  [PluginProcessHost] Agent stdout: Starting CurseForge Agent Host.
[2025-11-08 13:08:38.539] [info]  [AnalyticsService] Executing GET request https://analyticsnew.overwolf.com/analytics/Counter?Name=cf_app_ads_promo_video_event&MUID=6a0d68ee-5733-1928-71ec-49e8ba47404c&MUIDV2=6a0d68ee-5733-1928-71ec-49e8ba47404c&owver=37.7.0&Extra=%7B%22app_ver%22%3A%221.288.1.28405%22%2C%22os_ver%22%3A%22linux%22%2C%22app_type%22%3A%22Electron%22%2C%22status%22%3A%22loading%22%2C%22url%22%3A%22https%3A%2F%2Fmrkt.forgecdn.net%2Fapp-vids%2Fonboard%2Fonboarding_1.webm%22%7D.
[2025-11-08 13:08:38.572] [info]  [AnalyticsService] Executed GET request https://analyticsnew.overwolf.com/analytics/Counter?Name=cf_app_ads_promo_video_event&MUID=6a0d68ee-5733-1928-71ec-49e8ba47404c&MUIDV2=6a0d68ee-5733-1928-71ec-49e8ba47404c&owver=37.7.0&Extra=%7B%22app_ver%22%3A%221.288.1.28405%22%2C%22os_ver%22%3A%22linux%22%2C%22app_type%22%3A%22Electron%22%2C%22status%22%3A%22loading%22%2C%22url%22%3A%22https%3A%2F%2Fmrkt.forgecdn.net%2Fapp-vids%2Fonboard%2Fonboarding_1.webm%22%7D. Status code: 200.
[2025-11-08 13:08:38.613] [info]  [PluginProcessHost] Agent stdout: Agent Data path is /home/vinicius/.config/CurseForge/agent.
[2025-11-08 13:08:38.613] [info]  [PluginProcessHost] Agent stdout: Agent Log path is /home/vinicius/.config/CurseForge/agent/logs.
[2025-11-08 13:08:38.731] [info]  [AnalyticsService] Executing GET request https://analyticsnew.overwolf.com/analytics/Counter?Name=cf_app_ads_promo_video_event&MUID=6a0d68ee-5733-1928-71ec-49e8ba47404c&MUIDV2=6a0d68ee-5733-1928-71ec-49e8ba47404c&owver=37.7.0&Extra=%7B%22app_ver%22%3A%221.288.1.28405%22%2C%22os_ver%22%3A%22linux%22%2C%22app_type%22%3A%22Electron%22%2C%22status%22%3A%22playing%22%2C%22url%22%3A%22https%3A%2F%2Fmrkt.forgecdn.net%2Fapp-vids%2Fonboard%2Fonboarding_1.webm%22%7D.
[2025-11-08 13:08:38.757] [info]  [AnalyticsService] Executed GET request https://analyticsnew.overwolf.com/analytics/Counter?Name=cf_app_ads_promo_video_event&MUID=6a0d68ee-5733-1928-71ec-49e8ba47404c&MUIDV2=6a0d68ee-5733-1928-71ec-49e8ba47404c&owver=37.7.0&Extra=%7B%22app_ver%22%3A%221.288.1.28405%22%2C%22os_ver%22%3A%22linux%22%2C%22app_type%22%3A%22Electron%22%2C%22status%22%3A%22playing%22%2C%22url%22%3A%22https%3A%2F%2Fmrkt.forgecdn.net%2Fapp-vids%2Fonboard%2Fonboarding_1.webm%22%7D. Status code: 200.
[2025-11-08 13:08:39.765] [info]  [PluginProcessHost] Agent stdout: 11/08/2025 13:08:39 [Info] Server started at ws://127.0.0.1:61316/CurseForge (actual port 61316) .
[2025-11-08 13:08:39.765] [info]  [PluginProcessHost] Mods Agent started. pid: 64626, port: 61316.
[2025-11-08 13:08:39.765] [info]  [PluginWebSocket] Connecting to Mods Agent CurseForge on ports range 61316-61316.
[2025-11-08 13:08:39.774] [info]  [PluginProcessHost] Agent stdout: Mods Agent server started on port 61316.
[2025-11-08 13:08:39.828] [info]  [PluginWebSocket] Connected to mods agent.
[2025-11-08 13:08:39.828] [info]  [PluginWebSocket] Connected to Mods Agent on port 61316.
[2025-11-08 13:08:40.952] [info]  [GamesScanStartedEventHandler] Games scan started. Comprehensive: false.
[2025-11-08 13:08:41.007] [info]  [GamesScanCompletedEventHandler] Games scan completed. Comprehensive: false. Canceled: false.
[2025-11-08 13:08:41.019] [info]  [CoreServiceImpl] Mods agent was initialized successfully.
[2025-11-08 13:08:41.067] [info]  [AnalyticsService] Executing GET request https://analyticsnew.overwolf.com/analytics/Counter?Name=cf_app_session_info&MUID=6a0d68ee-5733-1928-71ec-49e8ba47404c&MUIDV2=6a0d68ee-5733-1928-71ec-49e8ba47404c&owver=37.7.0&Extra=%7B%22app_ver%22%3A%221.288.1.28405%22%2C%22os_ver%22%3A%22linux%22%2C%22app_type%22%3A%22Electron%22%2C%22isLoggedIn%22%3Afalse%2C%22isSyncEnabled%22%3Afalse%2C%22appLanguage%22%3A%22en%22%2C%22groupsCount%22%3A%7B%7D%2C%22isMojangLoggedIn%22%3Afalse%2C%22minecraftLauncherTypes%22%3A%5B%5D%7D.
[2025-11-08 13:08:41.136] [info]  [AnalyticsService] Executed GET request https://analyticsnew.overwolf.com/analytics/Counter?Name=cf_app_session_info&MUID=6a0d68ee-5733-1928-71ec-49e8ba47404c&MUIDV2=6a0d68ee-5733-1928-71ec-49e8ba47404c&owver=37.7.0&Extra=%7B%22app_ver%22%3A%221.288.1.28405%22%2C%22os_ver%22%3A%22linux%22%2C%22app_type%22%3A%22Electron%22%2C%22isLoggedIn%22%3Afalse%2C%22isSyncEnabled%22%3Afalse%2C%22appLanguage%22%3A%22en%22%2C%22groupsCount%22%3A%7B%7D%2C%22isMojangLoggedIn%22%3Afalse%2C%22minecraftLauncherTypes%22%3A%5B%5D%7D. Status code: 200.
[2025-11-08 13:08:41.136] [info]  [ElectronApplication] CRN Api is not available.
[2025-11-08 13:08:41.522] [info]  [Renderer - Main Window] Startup game was not found [ [] ]
[2025-11-08 13:08:41.535] [info]  [ReleaseNotesApiImpl] Fetching /1.288.1.28405/release-notes/1 ....
[2025-11-08 13:08:47.781] [info]  [Renderer - Main Window] [ReactErrorWatchDog] Starting watchdog with 1000 [ [] ]
[2025-11-08 13:08:50.613] [info]  [AnalyticsService] Executing GET request https://analyticsnew.overwolf.com/analytics/Counter?Name=cf_app_release_notes_measurement&MUID=6a0d68ee-5733-1928-71ec-49e8ba47404c&MUIDV2=6a0d68ee-5733-1928-71ec-49e8ba47404c&owver=37.7.0&Extra=%7B%22app_ver%22%3A%221.288.1.28405%22%2C%22os_ver%22%3A%22linux%22%2C%22app_type%22%3A%22Electron%22%2C%22dismissalType%22%3A%22x_button%22%2C%22modalOpenDuration%22%3A0%2C%22scrolledToBottom%22%3Afalse%2C%22curseforgeWindowHeight%22%3A816%7D.
[2025-11-08 13:08:50.726] [info]  [AnalyticsService] Executed GET request https://analyticsnew.overwolf.com/analytics/Counter?Name=cf_app_release_notes_measurement&MUID=6a0d68ee-5733-1928-71ec-49e8ba47404c&MUIDV2=6a0d68ee-5733-1928-71ec-49e8ba47404c&owver=37.7.0&Extra=%7B%22app_ver%22%3A%221.288.1.28405%22%2C%22os_ver%22%3A%22linux%22%2C%22app_type%22%3A%22Electron%22%2C%22dismissalType%22%3A%22x_button%22%2C%22modalOpenDuration%22%3A0%2C%22scrolledToBottom%22%3Afalse%2C%22curseforgeWindowHeight%22%3A816%7D. Status code: 200.
[2025-11-08 13:08:58.246] [info]  [AnalyticsService] Executing GET request https://analyticsnew.overwolf.com/analytics/Counter?Name=cf_app_page_changed&MUID=6a0d68ee-5733-1928-71ec-49e8ba47404c&MUIDV2=6a0d68ee-5733-1928-71ec-49e8ba47404c&owver=37.7.0&Extra=%7B%22app_ver%22%3A%221.288.1.28405%22%2C%22os_ver%22%3A%22linux%22%2C%22app_type%22%3A%22Electron%22%2C%22currentAppPage%22%3A%22SettingsPage%22%7D.
[2025-11-08 13:09:02.801] [info]  [AnalyticsService] Executing GET request https://analyticsnew.overwolf.com/analytics/Counter?Name=cf_app_ads_promo_video_event&MUID=6a0d68ee-5733-1928-71ec-49e8ba47404c&MUIDV2=6a0d68ee-5733-1928-71ec-49e8ba47404c&owver=37.7.0&Extra=%7B%22app_ver%22%3A%221.288.1.28405%22%2C%22os_ver%22%3A%22linux%22%2C%22app_type%22%3A%22Electron%22%2C%22status%22%3A%22played%22%2C%22url%22%3A%22https%3A%2F%2Fmrkt.forgecdn.net%2Fapp-vids%2Fonboard%2Fonboarding_1.webm%22%7D.
[2025-11-08 13:09:02.815] [info]  [Renderer - Main Window] Starting Ads. Size: Container Id: curseforge_desktop_banner, Size: [{"width":400,"height":60}], Element ID: curseforge_desktop_banner [ [] ]
[2025-11-08 13:09:02.816] [info]  [Renderer - Main Window] Starting electron ads sdk [
  [
    {
      appId: 'pnhpggjfelbelmidfhnebbhfkabchccbheggegjc',
      muid: '6a0d68ee-5733-1928-71ec-49e8ba47404c',
      appVersion: '1.288.1.28405',
      userAgent: 'Mozilla/5.0 (X11; Linux x86_64) AppleWebKit/537.36 (KHTML, like Gecko) CurseForge/1.288.1-28405 Chrome/138.0.7204.251 Electron/37.7.0 Safari/537.36',
      size: [ { width: 400, height: 60 } ],
      containerId: 'curseforge_desktop_banner'
    }
  ]
]
[2025-11-08 13:09:02.825] [info]  [AnalyticsService] Executing GET request https://analyticsnew.overwolf.com/analytics/Counter?Name=cf_app_ads_library_initialized&MUID=6a0d68ee-5733-1928-71ec-49e8ba47404c&MUIDV2=6a0d68ee-5733-1928-71ec-49e8ba47404c&owver=37.7.0&Extra=%7B%22app_ver%22%3A%221.288.1.28405%22%2C%22os_ver%22%3A%22linux%22%2C%22app_type%22%3A%22Electron%22%7D.
[2025-11-08 13:09:02.822] [info]  [Renderer - Main Window] Starting Ads. Size: Container Id: curseforge_desktop_large, Size: [{"width":400,"height":600},{"width":1,"height":1}], Element ID: curseforge_desktop_large [ [] ]
[2025-11-08 13:09:02.822] [info]  [Renderer - Main Window] Starting electron ads sdk [
  [
    {
      appId: 'pnhpggjfelbelmidfhnebbhfkabchccbheggegjc',
      muid: '6a0d68ee-5733-1928-71ec-49e8ba47404c',
      appVersion: '1.288.1.28405',
      userAgent: 'Mozilla/5.0 (X11; Linux x86_64) AppleWebKit/537.36 (KHTML, like Gecko) CurseForge/1.288.1-28405 Chrome/138.0.7204.251 Electron/37.7.0 Safari/537.36',
      size: [ { width: 400, height: 600 }, { width: 1, height: 1 } ],
      containerId: 'curseforge_desktop_large'
    }
  ]
]
[2025-11-08 13:09:02.834] [info]  [AnalyticsService] Executing GET request https://analyticsnew.overwolf.com/analytics/Counter?Name=cf_app_ads_library_initialized&MUID=6a0d68ee-5733-1928-71ec-49e8ba47404c&MUIDV2=6a0d68ee-5733-1928-71ec-49e8ba47404c&owver=37.7.0&Extra=%7B%22app_ver%22%3A%221.288.1.28405%22%2C%22os_ver%22%3A%22linux%22%2C%22app_type%22%3A%22Electron%22%7D.
[2025-11-08 13:09:02.917] [info]  [AnalyticsService] Executed GET request https://analyticsnew.overwolf.com/analytics/Counter?Name=cf_app_ads_promo_video_event&MUID=6a0d68ee-5733-1928-71ec-49e8ba47404c&MUIDV2=6a0d68ee-5733-1928-71ec-49e8ba47404c&owver=37.7.0&Extra=%7B%22app_ver%22%3A%221.288.1.28405%22%2C%22os_ver%22%3A%22linux%22%2C%22app_type%22%3A%22Electron%22%2C%22status%22%3A%22played%22%2C%22url%22%3A%22https%3A%2F%2Fmrkt.forgecdn.net%2Fapp-vids%2Fonboard%2Fonboarding_1.webm%22%7D. Status code: 200.
[2025-11-08 13:09:02.953] [info]  [AnalyticsService] Executed GET request https://analyticsnew.overwolf.com/analytics/Counter?Name=cf_app_ads_library_initialized&MUID=6a0d68ee-5733-1928-71ec-49e8ba47404c&MUIDV2=6a0d68ee-5733-1928-71ec-49e8ba47404c&owver=37.7.0&Extra=%7B%22app_ver%22%3A%221.288.1.28405%22%2C%22os_ver%22%3A%22linux%22%2C%22app_type%22%3A%22Electron%22%7D. Status code: 200.
[2025-11-08 13:09:02.965] [info]  [AnalyticsService] Executed GET request https://analyticsnew.overwolf.com/analytics/Counter?Name=cf_app_ads_library_initialized&MUID=6a0d68ee-5733-1928-71ec-49e8ba47404c&MUIDV2=6a0d68ee-5733-1928-71ec-49e8ba47404c&owver=37.7.0&Extra=%7B%22app_ver%22%3A%221.288.1.28405%22%2C%22os_ver%22%3A%22linux%22%2C%22app_type%22%3A%22Electron%22%7D. Status code: 200.
[2025-11-08 13:09:03.940] [info]  [AnalyticsService] Executing GET request https://analyticsnew.overwolf.com/analytics/Counter?Name=cf_app_page_changed&MUID=6a0d68ee-5733-1928-71ec-49e8ba47404c&MUIDV2=6a0d68ee-5733-1928-71ec-49e8ba47404c&owver=37.7.0&Extra=%7B%22app_ver%22%3A%221.288.1.28405%22%2C%22os_ver%22%3A%22linux%22%2C%22app_type%22%3A%22Electron%22%2C%22currentAppPage%22%3A%22HomePage%22%7D.
[2025-11-08 13:09:04.011] [info]  [AnalyticsService] Executed GET request https://analyticsnew.overwolf.com/analytics/Counter?Name=cf_app_page_changed&MUID=6a0d68ee-5733-1928-71ec-49e8ba47404c&MUIDV2=6a0d68ee-5733-1928-71ec-49e8ba47404c&owver=37.7.0&Extra=%7B%22app_ver%22%3A%221.288.1.28405%22%2C%22os_ver%22%3A%22linux%22%2C%22app_type%22%3A%22Electron%22%2C%22currentAppPage%22%3A%22HomePage%22%7D. Status code: 200.
[2025-11-08 13:09:04.149] [info]  [AnalyticsService] Executed GET request https://analyticsnew.overwolf.com/analytics/Counter?Name=cf_app_page_changed&MUID=6a0d68ee-5733-1928-71ec-49e8ba47404c&MUIDV2=6a0d68ee-5733-1928-71ec-49e8ba47404c&owver=37.7.0&Extra=%7B%22app_ver%22%3A%221.288.1.28405%22%2C%22os_ver%22%3A%22linux%22%2C%22app_type%22%3A%22Electron%22%2C%22currentAppPage%22%3A%22SettingsPage%22%7D. Status code: 200.
[2025-11-08 13:09:11.906] [info]  [SessionsService] session ended.
[2025-11-08 13:09:11.906] [info]  [BackgroundController] Request to shutdown from tray ....
[2025-11-08 13:09:11.907] [info]  [BackgroundController] Shutting down....
[2025-11-08 13:09:11.907] [info]  [CoreServiceImpl] Performing shutdown cleanup actions.
[2025-11-08 13:09:11.907] [info]  [InstalledProjectsAppServiceImpl] Cleanup - committing deletion transactions.
[2025-11-08 13:09:11.908] [info]  [InstalledProjectsAppServiceImpl] Flushing 0 projects which are pending deletion.
[2025-11-08 13:09:11.908] [info]  [CoreServiceImpl] Shutdown cleanup actions complete.
[2025-11-08 13:09:11.908] [info]  [PluginCommunication] Shutting down the Mods Agent.
[2025-11-08 13:09:12.044] [info]  [BackgroundController] Destroying desktop window....
[2025-11-08 13:09:12.044] [info]  [AutoUpdaterServiceImpl] Stopping Auto Updater Service.
[2025-11-08 13:09:12.045] [info]  [BackgroundController] Shutdown complete. Exiting app....
[2025-11-08 13:10:11.569] [info]  [EleriumCommunicationLayer] setCfCoreHost called with https://api.curseforge.com.
[2025-11-08 13:10:11.576] [info]  [ConfigurationServiceImpl] Current env: production.
[2025-11-08 13:10:11.595] [info]  [BackgroundController] App version: 1.288.1.28405.
[2025-11-08 13:10:11.596] [info]  [BackgroundController] OS: linux.
[2025-11-08 13:10:11.596] [info]  [BackgroundController] OS version: 6.17.7-arch1-1.
[2025-11-08 13:10:11.597] [info]  [BackgroundController] App startup args: /tmp/.mount_cursefo23XIy/curseforge.
[2025-11-08 13:10:12.041] [info]  [BackgroundController] Electron App Ready. Continuing Initialization....
[2025-11-08 13:10:12.042] [info]  [ClientOverridesImpl] Fetching https://curseforge.overwolf.com/downloads/client-overrides-v2.json ....
[2025-11-08 13:10:12.296] [info]  [AppUpdateServiceImpl] Checking if app has an update which is available locally..
[2025-11-08 13:10:12.297] [info]  [AppUpdateServiceImpl] Checking for available application updates. Current app version is 1.288.1-28405.
[2025-11-08 13:10:12.297] [info]  Checking for update
[2025-11-08 13:10:12.297] [info]  Electron Updater - Checking for application update
[2025-11-08 13:10:12.581] [info]  Update for version 1.288.1-28405 is not available (latest version: 1.288.1-28405, downgrade is disallowed).
[2025-11-08 13:10:12.581] [info]  Electron Updater - App update is not available. Latest Version: 1.288.1-28405. Release Date: 2025-10-26T14:05:48.182Z
[2025-11-08 13:10:12.582] [info]  [AppUpdateServiceImpl] No updates are available for the app..
[2025-11-08 13:10:13.059] [info]  [Renderer - Main Window] Initializing Sentry service [ [] ]
[2025-11-08 13:10:13.074] [info]  [Renderer - Main Window] [ReactErrorWatchDog] Starting watchdog with 10000 [ [] ]
[2025-11-08 13:10:13.085] [info]  [SessionStartedEventHandler] App session started.
[2025-11-08 13:10:13.092] [info]  [AutoUpdaterServiceImpl] Starting Auto Updater Service.
[2025-11-08 13:10:13.093] [info]  [AutoUpdaterServiceImpl] Auto updater is disabled by configuration.
[2025-11-08 13:10:13.093] [info]  [LoginService] Validating login status.
[2025-11-08 13:10:13.093] [info]  [SessionInfoRepositoryImpl] Loading login tokens from storage.
[2025-11-08 13:10:13.094] [info]  [SessionInfoRepositoryImpl] Missing mandatory tokens. Clearing storage.
[2025-11-08 13:10:13.094] [info]  [SessionInfoRepositoryImpl] Clearing tokens from storage.
[2025-11-08 13:10:13.096] [info]  [LoginService] No login tokens found..
[2025-11-08 13:10:13.096] [info]  [SessionInfoRepositoryImpl] Clearing tokens from storage.
[2025-11-08 13:10:13.098] [info]  [LoginService] Notifying logged out status.
[2025-11-08 13:10:13.098] [info]  [SessionInfoRepositoryImpl] Clearing tokens from storage.
[2025-11-08 13:10:13.100] [error] [LoggedOutEventHandler] Failed to update client session info. Error: Radium API is not ready
[2025-11-08 13:10:13.100] [info]  [GameAuthUsersChangedEventHandler] Minecraft Users info loaded.
[2025-11-08 13:10:13.101] [info]  [LoggedOutEventHandler] User is logged out.
[2025-11-08 13:10:13.101] [info]  [MarketingVideosServiceImpl] Fetching https://mrkt.forgecdn.net/app-vids/onboarding_videos.json ....
[2025-11-08 13:10:13.103] [info]  [AppUpdatePeriodicChecker] Running periodic app update check.
[2025-11-08 13:10:13.103] [info]  [AppUpdateServiceImpl] Checking for available application updates. Current app version is 1.288.1-28405.
[2025-11-08 13:10:13.103] [info]  Checking for update
[2025-11-08 13:10:13.103] [info]  Electron Updater - Checking for application update
[2025-11-08 13:10:13.133] [info]  Update for version 1.288.1-28405 is not available (latest version: 1.288.1-28405, downgrade is disallowed).
[2025-11-08 13:10:13.134] [info]  Electron Updater - App update is not available. Latest Version: 1.288.1-28405. Release Date: 2025-10-26T14:05:48.182Z
[2025-11-08 13:10:13.134] [info]  [AppUpdateServiceImpl] No updates are available for the app..
[2025-11-08 13:10:13.134] [info]  [AppUpdatePeriodicChecker] No app update. Scheduling the next update check in 900000 milliseconds.
[2025-11-08 13:10:13.233] [info]  [PluginCommunication] Connecting to Mods Agent.
[2025-11-08 13:10:13.233] [info]  [PluginProcessHost] Starting Mods Agent with ports range 58259-58279.
[2025-11-08 13:10:13.234] [info]  [PluginProcessHost] Launching Mods Agent process /tmp/.mount_cursefo23XIy/resources/app.asar.unpacked/plugins/curse/linux/Curse.Agent.Host with args: --port=58259,--to-port=58279,--pid=65105,--appDataPath=/home/vinicius/.config/CurseForge,--api-key=10675551-ff53-461d-aa49-26d7e51a3fa2,--clientId=Overwolf.
[2025-11-08 13:10:13.250] [info]  [UptimeRobotApi] Executing GET request https://health.curseforge.com/app/monitorStatus.json.
[2025-11-08 13:10:13.261] [info]  [AnalyticsService] Executing GET request https://analyticsnew.overwolf.com/analytics/Counter?Name=cf_app_page_changed&MUID=6a0d68ee-5733-1928-71ec-49e8ba47404c&MUIDV2=6a0d68ee-5733-1928-71ec-49e8ba47404c&owver=37.7.0&Extra=%7B%22app_ver%22%3A%221.288.1.28405%22%2C%22os_ver%22%3A%22linux%22%2C%22app_type%22%3A%22Electron%22%2C%22currentAppPage%22%3A%22HomePage%22%7D.
[2025-11-08 13:10:13.356] [info]  [UptimeRobotApi] Executed GET request https://health.curseforge.com/app/monitorStatus.json. Status code: 200.
[2025-11-08 13:10:13.361] [info]  [AnalyticsService] Executed GET request https://analyticsnew.overwolf.com/analytics/Counter?Name=cf_app_page_changed&MUID=6a0d68ee-5733-1928-71ec-49e8ba47404c&MUIDV2=6a0d68ee-5733-1928-71ec-49e8ba47404c&owver=37.7.0&Extra=%7B%22app_ver%22%3A%221.288.1.28405%22%2C%22os_ver%22%3A%22linux%22%2C%22app_type%22%3A%22Electron%22%2C%22currentAppPage%22%3A%22HomePage%22%7D. Status code: 200.
[2025-11-08 13:10:13.500] [info]  [PluginProcessHost] Agent stdout: Starting CurseForge Agent Host.
[2025-11-08 13:10:13.805] [info]  [AnalyticsService] Executing GET request https://analyticsnew.overwolf.com/analytics/Counter?Name=cf_app_ads_promo_video_event&MUID=6a0d68ee-5733-1928-71ec-49e8ba47404c&MUIDV2=6a0d68ee-5733-1928-71ec-49e8ba47404c&owver=37.7.0&Extra=%7B%22app_ver%22%3A%221.288.1.28405%22%2C%22os_ver%22%3A%22linux%22%2C%22app_type%22%3A%22Electron%22%2C%22status%22%3A%22loading%22%2C%22url%22%3A%22https%3A%2F%2Fmrkt.forgecdn.net%2Fapp-vids%2Fonboard%2Fonboarding_2.webm%22%7D.
[2025-11-08 13:10:13.832] [info]  [AnalyticsService] Executed GET request https://analyticsnew.overwolf.com/analytics/Counter?Name=cf_app_ads_promo_video_event&MUID=6a0d68ee-5733-1928-71ec-49e8ba47404c&MUIDV2=6a0d68ee-5733-1928-71ec-49e8ba47404c&owver=37.7.0&Extra=%7B%22app_ver%22%3A%221.288.1.28405%22%2C%22os_ver%22%3A%22linux%22%2C%22app_type%22%3A%22Electron%22%2C%22status%22%3A%22loading%22%2C%22url%22%3A%22https%3A%2F%2Fmrkt.forgecdn.net%2Fapp-vids%2Fonboard%2Fonboarding_2.webm%22%7D. Status code: 200.
[2025-11-08 13:10:13.899] [info]  [PluginProcessHost] Agent stdout: Agent Data path is /home/vinicius/.config/CurseForge/agent.
[2025-11-08 13:10:13.900] [info]  [PluginProcessHost] Agent stdout: Agent Log path is /home/vinicius/.config/CurseForge/agent/logs.
[2025-11-08 13:10:13.972] [info]  [AnalyticsService] Executing GET request https://analyticsnew.overwolf.com/analytics/Counter?Name=cf_app_ads_promo_video_event&MUID=6a0d68ee-5733-1928-71ec-49e8ba47404c&MUIDV2=6a0d68ee-5733-1928-71ec-49e8ba47404c&owver=37.7.0&Extra=%7B%22app_ver%22%3A%221.288.1.28405%22%2C%22os_ver%22%3A%22linux%22%2C%22app_type%22%3A%22Electron%22%2C%22status%22%3A%22playing%22%2C%22url%22%3A%22https%3A%2F%2Fmrkt.forgecdn.net%2Fapp-vids%2Fonboard%2Fonboarding_2.webm%22%7D.
[2025-11-08 13:10:13.999] [info]  [AnalyticsService] Executed GET request https://analyticsnew.overwolf.com/analytics/Counter?Name=cf_app_ads_promo_video_event&MUID=6a0d68ee-5733-1928-71ec-49e8ba47404c&MUIDV2=6a0d68ee-5733-1928-71ec-49e8ba47404c&owver=37.7.0&Extra=%7B%22app_ver%22%3A%221.288.1.28405%22%2C%22os_ver%22%3A%22linux%22%2C%22app_type%22%3A%22Electron%22%2C%22status%22%3A%22playing%22%2C%22url%22%3A%22https%3A%2F%2Fmrkt.forgecdn.net%2Fapp-vids%2Fonboard%2Fonboarding_2.webm%22%7D. Status code: 200.
[2025-11-08 13:10:15.124] [info]  [PluginProcessHost] Agent stdout: 11/08/2025 13:10:15 [Info] Server started at ws://127.0.0.1:58259/CurseForge (actual port 58259) .
[2025-11-08 13:10:15.124] [info]  [PluginProcessHost] Mods Agent started. pid: 65215, port: 58259.
[2025-11-08 13:10:15.124] [info]  [PluginWebSocket] Connecting to Mods Agent CurseForge on ports range 58259-58259.
[2025-11-08 13:10:15.136] [info]  [PluginProcessHost] Agent stdout: Mods Agent server started on port 58259.
[2025-11-08 13:10:15.188] [info]  [PluginWebSocket] Connected to mods agent.
[2025-11-08 13:10:15.188] [info]  [PluginWebSocket] Connected to Mods Agent on port 58259.
[2025-11-08 13:10:21.491] [info]  [GamesScanStartedEventHandler] Games scan started. Comprehensive: false.
[2025-11-08 13:10:21.560] [info]  [GamesScanCompletedEventHandler] Games scan completed. Comprehensive: false. Canceled: false.
[2025-11-08 13:10:21.574] [info]  [CoreServiceImpl] Mods agent was initialized successfully.
[2025-11-08 13:10:21.624] [info]  [AnalyticsService] Executing GET request https://analyticsnew.overwolf.com/analytics/Counter?Name=cf_app_session_info&MUID=6a0d68ee-5733-1928-71ec-49e8ba47404c&MUIDV2=6a0d68ee-5733-1928-71ec-49e8ba47404c&owver=37.7.0&Extra=%7B%22app_ver%22%3A%221.288.1.28405%22%2C%22os_ver%22%3A%22linux%22%2C%22app_type%22%3A%22Electron%22%2C%22isLoggedIn%22%3Afalse%2C%22isSyncEnabled%22%3Afalse%2C%22appLanguage%22%3A%22en%22%2C%22groupsCount%22%3A%7B%7D%2C%22isMojangLoggedIn%22%3Afalse%2C%22minecraftLauncherTypes%22%3A%5B%5D%7D.
[2025-11-08 13:10:21.780] [info]  [AnalyticsService] Executed GET request https://analyticsnew.overwolf.com/analytics/Counter?Name=cf_app_session_info&MUID=6a0d68ee-5733-1928-71ec-49e8ba47404c&MUIDV2=6a0d68ee-5733-1928-71ec-49e8ba47404c&owver=37.7.0&Extra=%7B%22app_ver%22%3A%221.288.1.28405%22%2C%22os_ver%22%3A%22linux%22%2C%22app_type%22%3A%22Electron%22%2C%22isLoggedIn%22%3Afalse%2C%22isSyncEnabled%22%3Afalse%2C%22appLanguage%22%3A%22en%22%2C%22groupsCount%22%3A%7B%7D%2C%22isMojangLoggedIn%22%3Afalse%2C%22minecraftLauncherTypes%22%3A%5B%5D%7D. Status code: 200.
[2025-11-08 13:10:21.780] [info]  [ElectronApplication] CRN Api is not available.
[2025-11-08 13:10:22.077] [info]  [Renderer - Main Window] Startup game was not found [ [] ]
[2025-11-08 13:10:22.093] [info]  [ReleaseNotesApiImpl] Fetching /1.288.1.28405/release-notes/1 ....
[2025-11-08 13:10:23.077] [info]  [Renderer - Main Window] [ReactErrorWatchDog] Starting watchdog with 1000 [ [] ]
[2025-11-08 13:10:23.625] [info]  [SessionsService] session ended.
[2025-11-08 13:10:23.625] [info]  [BackgroundController] Request to shutdown from tray ....
[2025-11-08 13:10:23.625] [info]  [BackgroundController] Shutting down....
[2025-11-08 13:10:23.626] [info]  [CoreServiceImpl] Performing shutdown cleanup actions.
[2025-11-08 13:10:23.626] [info]  [InstalledProjectsAppServiceImpl] Cleanup - committing deletion transactions.
[2025-11-08 13:10:23.626] [info]  [InstalledProjectsAppServiceImpl] Flushing 0 projects which are pending deletion.
[2025-11-08 13:10:23.626] [info]  [CoreServiceImpl] Shutdown cleanup actions complete.
[2025-11-08 13:10:23.626] [info]  [PluginCommunication] Shutting down the Mods Agent.
[2025-11-08 13:10:23.775] [info]  [BackgroundController] Destroying desktop window....
[2025-11-08 13:10:23.775] [info]  [AutoUpdaterServiceImpl] Stopping Auto Updater Service.
[2025-11-08 13:10:23.775] [info]  [BackgroundController] Shutdown complete. Exiting app....
[2025-11-10 21:00:18.640] [info]  [EleriumCommunicationLayer] setCfCoreHost called with https://api.curseforge.com.
[2025-11-10 21:00:18.649] [info]  [ConfigurationServiceImpl] Current env: production.
[2025-11-10 21:00:18.673] [info]  [BackgroundController] App version: 1.288.1.28405.
[2025-11-10 21:00:18.675] [info]  [BackgroundController] OS: linux.
[2025-11-10 21:00:18.675] [info]  [BackgroundController] OS version: 6.17.7-arch1-1.
[2025-11-10 21:00:18.676] [info]  [BackgroundController] App startup args: /tmp/.mount_cursefIU3aT6/curseforge.
[2025-11-10 21:00:19.172] [info]  [BackgroundController] Electron App Ready. Continuing Initialization....
[2025-11-10 21:00:19.174] [info]  [ClientOverridesImpl] Fetching https://curseforge.overwolf.com/downloads/client-overrides-v2.json ....
[2025-11-10 21:00:19.680] [info]  [AppUpdateServiceImpl] Checking if app has an update which is available locally..
[2025-11-10 21:00:19.680] [info]  [AppUpdateServiceImpl] Checking for available application updates. Current app version is 1.288.1-28405.
[2025-11-10 21:00:19.681] [info]  Checking for update
[2025-11-10 21:00:19.681] [info]  Electron Updater - Checking for application update
[2025-11-10 21:00:19.867] [info]  Update for version 1.288.1-28405 is not available (latest version: 1.288.1-28405, downgrade is disallowed).
[2025-11-10 21:00:19.868] [info]  Electron Updater - App update is not available. Latest Version: 1.288.1-28405. Release Date: 2025-10-26T14:05:48.182Z
[2025-11-10 21:00:19.868] [info]  [AppUpdateServiceImpl] No updates are available for the app..
[2025-11-10 21:00:20.242] [info]  [Renderer - Main Window] Initializing Sentry service [ [] ]
[2025-11-10 21:00:20.260] [info]  [Renderer - Main Window] [ReactErrorWatchDog] Starting watchdog with 10000 [ [] ]
[2025-11-10 21:00:20.269] [info]  [SessionStartedEventHandler] App session started.
[2025-11-10 21:00:20.276] [info]  [AutoUpdaterServiceImpl] Starting Auto Updater Service.
[2025-11-10 21:00:20.276] [info]  [AutoUpdaterServiceImpl] Auto updater is disabled by configuration.
[2025-11-10 21:00:20.276] [info]  [LoginService] Validating login status.
[2025-11-10 21:00:20.277] [info]  [SessionInfoRepositoryImpl] Loading login tokens from storage.
[2025-11-10 21:00:20.277] [info]  [SessionInfoRepositoryImpl] Missing mandatory tokens. Clearing storage.
[2025-11-10 21:00:20.277] [info]  [SessionInfoRepositoryImpl] Clearing tokens from storage.
[2025-11-10 21:00:20.279] [info]  [LoginService] No login tokens found..
[2025-11-10 21:00:20.279] [info]  [SessionInfoRepositoryImpl] Clearing tokens from storage.
[2025-11-10 21:00:20.281] [info]  [LoginService] Notifying logged out status.
[2025-11-10 21:00:20.281] [info]  [SessionInfoRepositoryImpl] Clearing tokens from storage.
[2025-11-10 21:00:20.283] [error] [LoggedOutEventHandler] Failed to update client session info. Error: Radium API is not ready
[2025-11-10 21:00:20.284] [info]  [GameAuthUsersChangedEventHandler] Minecraft Users info loaded.
[2025-11-10 21:00:20.284] [info]  [LoggedOutEventHandler] User is logged out.
[2025-11-10 21:00:20.285] [info]  [MarketingVideosServiceImpl] Fetching https://mrkt.forgecdn.net/app-vids/onboarding_videos.json ....
[2025-11-10 21:00:20.287] [info]  [AppUpdatePeriodicChecker] Running periodic app update check.
[2025-11-10 21:00:20.287] [info]  [AppUpdateServiceImpl] Checking for available application updates. Current app version is 1.288.1-28405.
[2025-11-10 21:00:20.287] [info]  Checking for update
[2025-11-10 21:00:20.287] [info]  Electron Updater - Checking for application update
[2025-11-10 21:00:20.325] [info]  Update for version 1.288.1-28405 is not available (latest version: 1.288.1-28405, downgrade is disallowed).
[2025-11-10 21:00:20.325] [info]  Electron Updater - App update is not available. Latest Version: 1.288.1-28405. Release Date: 2025-10-26T14:05:48.182Z
[2025-11-10 21:00:20.325] [info]  [AppUpdateServiceImpl] No updates are available for the app..
[2025-11-10 21:00:20.325] [info]  [AppUpdatePeriodicChecker] No app update. Scheduling the next update check in 900000 milliseconds.
[2025-11-10 21:00:20.418] [info]  [UptimeRobotApi] Executing GET request https://health.curseforge.com/app/monitorStatus.json.
[2025-11-10 21:00:20.426] [info]  [PluginCommunication] Connecting to Mods Agent.
[2025-11-10 21:00:20.427] [info]  [PluginProcessHost] Starting Mods Agent with ports range 59142-59162.
[2025-11-10 21:00:20.427] [info]  [PluginProcessHost] Launching Mods Agent process /tmp/.mount_cursefIU3aT6/resources/app.asar.unpacked/plugins/curse/linux/Curse.Agent.Host with args: --port=59142,--to-port=59162,--pid=14850,--appDataPath=/home/vinicius/.config/CurseForge,--api-key=53a8ae8d-d689-49a0-baf8-6cc2cd070fc8,--clientId=Overwolf.
[2025-11-10 21:00:20.445] [info]  [AnalyticsService] Executing GET request https://analyticsnew.overwolf.com/analytics/Counter?Name=cf_app_page_changed&MUID=6a0d68ee-5733-1928-71ec-49e8ba47404c&MUIDV2=6a0d68ee-5733-1928-71ec-49e8ba47404c&owver=37.7.0&Extra=%7B%22app_ver%22%3A%221.288.1.28405%22%2C%22os_ver%22%3A%22linux%22%2C%22app_type%22%3A%22Electron%22%2C%22currentAppPage%22%3A%22HomePage%22%7D.
[2025-11-10 21:00:20.527] [info]  [UptimeRobotApi] Executed GET request https://health.curseforge.com/app/monitorStatus.json. Status code: 200.
[2025-11-10 21:00:20.565] [info]  [AnalyticsService] Executed GET request https://analyticsnew.overwolf.com/analytics/Counter?Name=cf_app_page_changed&MUID=6a0d68ee-5733-1928-71ec-49e8ba47404c&MUIDV2=6a0d68ee-5733-1928-71ec-49e8ba47404c&owver=37.7.0&Extra=%7B%22app_ver%22%3A%221.288.1.28405%22%2C%22os_ver%22%3A%22linux%22%2C%22app_type%22%3A%22Electron%22%2C%22currentAppPage%22%3A%22HomePage%22%7D. Status code: 200.
[2025-11-10 21:00:20.726] [info]  [PluginProcessHost] Agent stdout: Starting CurseForge Agent Host.
[2025-11-10 21:00:21.024] [info]  [Renderer - Main Window] Starting Ads. Size: Container Id: curseforge_desktop_banner, Size: [{"width":400,"height":60}], Element ID: curseforge_desktop_banner [ [] ]
[2025-11-10 21:00:21.024] [info]  [Renderer - Main Window] Starting electron ads sdk [
  [
    {
      appId: 'pnhpggjfelbelmidfhnebbhfkabchccbheggegjc',
      muid: '6a0d68ee-5733-1928-71ec-49e8ba47404c',
      appVersion: '1.288.1.28405',
      userAgent: 'Mozilla/5.0 (X11; Linux x86_64) AppleWebKit/537.36 (KHTML, like Gecko) CurseForge/1.288.1-28405 Chrome/138.0.7204.251 Electron/37.7.0 Safari/537.36',
      size: [ { width: 400, height: 60 } ],
      containerId: 'curseforge_desktop_banner'
    }
  ]
]
[2025-11-10 21:00:21.041] [info]  [AnalyticsService] Executing GET request https://analyticsnew.overwolf.com/analytics/Counter?Name=cf_app_ads_library_initialized&MUID=6a0d68ee-5733-1928-71ec-49e8ba47404c&MUIDV2=6a0d68ee-5733-1928-71ec-49e8ba47404c&owver=37.7.0&Extra=%7B%22app_ver%22%3A%221.288.1.28405%22%2C%22os_ver%22%3A%22linux%22%2C%22app_type%22%3A%22Electron%22%7D.
[2025-11-10 21:00:21.030] [info]  [Renderer - Main Window] Starting Ads. Size: Container Id: curseforge_desktop_large, Size: [{"width":400,"height":600},{"width":1,"height":1}], Element ID: curseforge_desktop_large [ [] ]
[2025-11-10 21:00:21.031] [info]  [Renderer - Main Window] Starting electron ads sdk [
  [
    {
      appId: 'pnhpggjfelbelmidfhnebbhfkabchccbheggegjc',
      muid: '6a0d68ee-5733-1928-71ec-49e8ba47404c',
      appVersion: '1.288.1.28405',
      userAgent: 'Mozilla/5.0 (X11; Linux x86_64) AppleWebKit/537.36 (KHTML, like Gecko) CurseForge/1.288.1-28405 Chrome/138.0.7204.251 Electron/37.7.0 Safari/537.36',
      size: [ { width: 400, height: 600 }, { width: 1, height: 1 } ],
      containerId: 'curseforge_desktop_large'
    }
  ]
]
[2025-11-10 21:00:21.049] [info]  [AnalyticsService] Executing GET request https://analyticsnew.overwolf.com/analytics/Counter?Name=cf_app_ads_library_initialized&MUID=6a0d68ee-5733-1928-71ec-49e8ba47404c&MUIDV2=6a0d68ee-5733-1928-71ec-49e8ba47404c&owver=37.7.0&Extra=%7B%22app_ver%22%3A%221.288.1.28405%22%2C%22os_ver%22%3A%22linux%22%2C%22app_type%22%3A%22Electron%22%7D.
[2025-11-10 21:00:21.067] [info]  [AnalyticsService] Executed GET request https://analyticsnew.overwolf.com/analytics/Counter?Name=cf_app_ads_library_initialized&MUID=6a0d68ee-5733-1928-71ec-49e8ba47404c&MUIDV2=6a0d68ee-5733-1928-71ec-49e8ba47404c&owver=37.7.0&Extra=%7B%22app_ver%22%3A%221.288.1.28405%22%2C%22os_ver%22%3A%22linux%22%2C%22app_type%22%3A%22Electron%22%7D. Status code: 200.
[2025-11-10 21:00:21.144] [info]  [AnalyticsService] Executed GET request https://analyticsnew.overwolf.com/analytics/Counter?Name=cf_app_ads_library_initialized&MUID=6a0d68ee-5733-1928-71ec-49e8ba47404c&MUIDV2=6a0d68ee-5733-1928-71ec-49e8ba47404c&owver=37.7.0&Extra=%7B%22app_ver%22%3A%221.288.1.28405%22%2C%22os_ver%22%3A%22linux%22%2C%22app_type%22%3A%22Electron%22%7D. Status code: 200.
[2025-11-10 21:00:21.217] [info]  [PluginProcessHost] Agent stdout: Agent Data path is /home/vinicius/.config/CurseForge/agent.
[2025-11-10 21:00:21.218] [info]  [PluginProcessHost] Agent stdout: Agent Log path is /home/vinicius/.config/CurseForge/agent/logs.
[2025-11-10 21:00:22.578] [info]  [PluginProcessHost] Agent stdout: 11/10/2025 21:00:22 [Info] Server started at ws://127.0.0.1:59142/CurseForge (actual port 59142) .
[2025-11-10 21:00:22.578] [info]  [PluginProcessHost] Mods Agent started. pid: 14966, port: 59142.
[2025-11-10 21:00:22.579] [info]  [PluginWebSocket] Connecting to Mods Agent CurseForge on ports range 59142-59142.
[2025-11-10 21:00:22.587] [info]  [PluginProcessHost] Agent stdout: Mods Agent server started on port 59142.
[2025-11-10 21:00:22.645] [info]  [PluginWebSocket] Connected to mods agent.
[2025-11-10 21:00:22.645] [info]  [PluginWebSocket] Connected to Mods Agent on port 59142.
[2025-11-10 21:00:23.716] [info]  [SessionsService] session ended.
[2025-11-10 21:00:23.716] [info]  [BackgroundController] Request to shutdown from tray ....
[2025-11-10 21:00:23.716] [info]  [BackgroundController] Shutting down....
[2025-11-10 21:00:23.717] [info]  [CoreServiceImpl] Performing shutdown cleanup actions.
[2025-11-10 21:00:23.717] [info]  [InstalledProjectsAppServiceImpl] Cleanup - committing deletion transactions.
[2025-11-10 21:00:23.717] [info]  [InstalledProjectsAppServiceImpl] Flushing 0 projects which are pending deletion.
[2025-11-10 21:00:23.717] [info]  [CoreServiceImpl] Shutdown cleanup actions complete.
[2025-11-10 21:00:23.717] [error] [CoreServiceImpl] Failed to shutdown RadiumApi. Error: Not ready!
[2025-11-10 21:00:23.718] [info]  [BackgroundController] Destroying desktop window....
[2025-11-10 21:00:23.718] [info]  [AutoUpdaterServiceImpl] Stopping Auto Updater Service.
[2025-11-10 21:00:23.718] [info]  [BackgroundController] Shutdown complete. Exiting app....
[2025-11-18 21:41:09.016] [info]  [EleriumCommunicationLayer] setCfCoreHost called with https://api.curseforge.com.
[2025-11-18 21:41:09.025] [info]  [ConfigurationServiceImpl] Current env: production.
[2025-11-18 21:41:09.046] [info]  [BackgroundController] App version: 1.288.1.28405.
[2025-11-18 21:41:09.048] [info]  [BackgroundController] OS: linux.
[2025-11-18 21:41:09.048] [info]  [BackgroundController] OS version: 6.17.8-arch1-1.
[2025-11-18 21:41:09.049] [info]  [BackgroundController] App startup args: /tmp/.mount_cursefYn1CO6/curseforge.
[2025-11-18 21:41:09.544] [info]  [BackgroundController] Electron App Ready. Continuing Initialization....
[2025-11-18 21:41:09.546] [info]  [ClientOverridesImpl] Fetching https://curseforge.overwolf.com/downloads/client-overrides-v2.json ....
[2025-11-18 21:41:09.869] [info]  [AppUpdateServiceImpl] Checking if app has an update which is available locally..
[2025-11-18 21:41:09.869] [info]  [AppUpdateServiceImpl] Checking for available application updates. Current app version is 1.288.1-28405.
[2025-11-18 21:41:09.869] [info]  Checking for update
[2025-11-18 21:41:09.870] [info]  Electron Updater - Checking for application update
[2025-11-18 21:41:10.146] [info]  Found version 1.290.0-28665 (url: CurseForge-1.290.0-28665.AppImage, CurseForge_1.290.0-28665_amd64.deb)
[2025-11-18 21:41:10.146] [info]  Electron Updater - App update is available. Version 1.290.0-28665. Release Date: 2025-11-10T10:35:34.470Z
[2025-11-18 21:41:10.146] [info]  Downloading update from CurseForge-1.290.0-28665.AppImage, CurseForge_1.290.0-28665_amd64.deb
[2025-11-18 21:41:10.147] [info]  [AppUpdateServiceImpl] Update for version 1.290.0-28665 is downloading. Waiting for download to complete..
[2025-11-18 21:41:10.620] [info]  File has 4577 changed blocks
[2025-11-18 21:41:10.651] [info]  Full: 132,839.44 KB, To download: 93,940.3 KB (71%)
[2025-11-18 21:41:15.148] [info]  [AppUpdateServiceImpl] Failed to check for updates: Operation timed out.
[2025-11-18 21:41:15.375] [info]  [Renderer - Main Window] Initializing Sentry service [ [] ]
[2025-11-18 21:41:15.394] [info]  [Renderer - Main Window] [ReactErrorWatchDog] Starting watchdog with 10000 [ [] ]
[2025-11-18 21:41:15.404] [info]  [SessionStartedEventHandler] App session started.
[2025-11-18 21:41:15.410] [info]  [AutoUpdaterServiceImpl] Starting Auto Updater Service.
[2025-11-18 21:41:15.411] [info]  [AutoUpdaterServiceImpl] Auto updater is disabled by configuration.
[2025-11-18 21:41:15.411] [info]  [LoginService] Validating login status.
[2025-11-18 21:41:15.411] [info]  [SessionInfoRepositoryImpl] Loading login tokens from storage.
[2025-11-18 21:41:15.411] [info]  [SessionInfoRepositoryImpl] Missing mandatory tokens. Clearing storage.
[2025-11-18 21:41:15.411] [info]  [SessionInfoRepositoryImpl] Clearing tokens from storage.
[2025-11-18 21:41:15.413] [info]  [LoginService] No login tokens found..
[2025-11-18 21:41:15.413] [info]  [SessionInfoRepositoryImpl] Clearing tokens from storage.
[2025-11-18 21:41:15.415] [info]  [LoginService] Notifying logged out status.
[2025-11-18 21:41:15.415] [info]  [SessionInfoRepositoryImpl] Clearing tokens from storage.
[2025-11-18 21:41:15.417] [error] [LoggedOutEventHandler] Failed to update client session info. Error: Radium API is not ready
[2025-11-18 21:41:15.418] [info]  [GameAuthUsersChangedEventHandler] Minecraft Users info loaded.
[2025-11-18 21:41:15.418] [info]  [LoggedOutEventHandler] User is logged out.
[2025-11-18 21:41:15.419] [info]  [MarketingVideosServiceImpl] Fetching https://mrkt.forgecdn.net/app-vids/onboarding_videos.json ....
[2025-11-18 21:41:15.421] [info]  [AppUpdatePeriodicChecker] Running periodic app update check.
[2025-11-18 21:41:15.421] [info]  [AppUpdateServiceImpl] Checking for available application updates. Current app version is 1.288.1-28405.
[2025-11-18 21:41:15.421] [info]  [AppUpdateServiceImpl] Update for version 1.290.0-28665 is downloading. Waiting for download to complete..
[2025-11-18 21:41:15.624] [info]  [UptimeRobotApi] Executing GET request https://health.curseforge.com/app/monitorStatus.json.
[2025-11-18 21:41:15.637] [info]  [AnalyticsService] Executing GET request https://analyticsnew.overwolf.com/analytics/Counter?Name=cf_app_page_changed&MUID=6a0d68ee-5733-1928-71ec-49e8ba47404c&MUIDV2=6a0d68ee-5733-1928-71ec-49e8ba47404c&owver=37.7.0&Extra=%7B%22app_ver%22%3A%221.288.1.28405%22%2C%22os_ver%22%3A%22linux%22%2C%22app_type%22%3A%22Electron%22%2C%22currentAppPage%22%3A%22HomePage%22%7D.
[2025-11-18 21:41:15.645] [info]  [PluginCommunication] Connecting to Mods Agent.
[2025-11-18 21:41:15.645] [info]  [PluginProcessHost] Starting Mods Agent with ports range 63308-63328.
[2025-11-18 21:41:15.645] [info]  [PluginProcessHost] Launching Mods Agent process /tmp/.mount_cursefYn1CO6/resources/app.asar.unpacked/plugins/curse/linux/Curse.Agent.Host with args: --port=63308,--to-port=63328,--pid=42114,--appDataPath=/home/vinicius/.config/CurseForge,--api-key=9b81440b-3652-4bc0-8c63-41f10ff115f2,--clientId=Overwolf.
[2025-11-18 21:41:15.835] [info]  [AnalyticsService] Executed GET request https://analyticsnew.overwolf.com/analytics/Counter?Name=cf_app_page_changed&MUID=6a0d68ee-5733-1928-71ec-49e8ba47404c&MUIDV2=6a0d68ee-5733-1928-71ec-49e8ba47404c&owver=37.7.0&Extra=%7B%22app_ver%22%3A%221.288.1.28405%22%2C%22os_ver%22%3A%22linux%22%2C%22app_type%22%3A%22Electron%22%2C%22currentAppPage%22%3A%22HomePage%22%7D. Status code: 200.
[2025-11-18 21:41:15.836] [info]  [UptimeRobotApi] Executed GET request https://health.curseforge.com/app/monitorStatus.json. Status code: 200.
[2025-11-18 21:41:15.920] [info]  [PluginProcessHost] Agent stdout: Starting CurseForge Agent Host.
[2025-11-18 21:41:16.235] [info]  [Renderer - Main Window] Starting Ads. Size: Container Id: curseforge_desktop_banner, Size: [{"width":400,"height":60}], Element ID: curseforge_desktop_banner [ [] ]
[2025-11-18 21:41:16.235] [info]  [Renderer - Main Window] Starting electron ads sdk [
  [
    {
      appId: 'pnhpggjfelbelmidfhnebbhfkabchccbheggegjc',
      muid: '6a0d68ee-5733-1928-71ec-49e8ba47404c',
      appVersion: '1.288.1.28405',
      userAgent: 'Mozilla/5.0 (X11; Linux x86_64) AppleWebKit/537.36 (KHTML, like Gecko) CurseForge/1.288.1-28405 Chrome/138.0.7204.251 Electron/37.7.0 Safari/537.36',
      size: [ { width: 400, height: 60 } ],
      containerId: 'curseforge_desktop_banner'
    }
  ]
]
[2025-11-18 21:41:16.245] [info]  [AnalyticsService] Executing GET request https://analyticsnew.overwolf.com/analytics/Counter?Name=cf_app_ads_library_initialized&MUID=6a0d68ee-5733-1928-71ec-49e8ba47404c&MUIDV2=6a0d68ee-5733-1928-71ec-49e8ba47404c&owver=37.7.0&Extra=%7B%22app_ver%22%3A%221.288.1.28405%22%2C%22os_ver%22%3A%22linux%22%2C%22app_type%22%3A%22Electron%22%7D.
[2025-11-18 21:41:16.240] [info]  [Renderer - Main Window] Starting Ads. Size: Container Id: curseforge_desktop_large, Size: [{"width":400,"height":600},{"width":1,"height":1}], Element ID: curseforge_desktop_large [ [] ]
[2025-11-18 21:41:16.240] [info]  [Renderer - Main Window] Starting electron ads sdk [
  [
    {
      appId: 'pnhpggjfelbelmidfhnebbhfkabchccbheggegjc',
      muid: '6a0d68ee-5733-1928-71ec-49e8ba47404c',
      appVersion: '1.288.1.28405',
      userAgent: 'Mozilla/5.0 (X11; Linux x86_64) AppleWebKit/537.36 (KHTML, like Gecko) CurseForge/1.288.1-28405 Chrome/138.0.7204.251 Electron/37.7.0 Safari/537.36',
      size: [ { width: 400, height: 600 }, { width: 1, height: 1 } ],
      containerId: 'curseforge_desktop_large'
    }
  ]
]
[2025-11-18 21:41:16.253] [info]  [AnalyticsService] Executing GET request https://analyticsnew.overwolf.com/analytics/Counter?Name=cf_app_ads_library_initialized&MUID=6a0d68ee-5733-1928-71ec-49e8ba47404c&MUIDV2=6a0d68ee-5733-1928-71ec-49e8ba47404c&owver=37.7.0&Extra=%7B%22app_ver%22%3A%221.288.1.28405%22%2C%22os_ver%22%3A%22linux%22%2C%22app_type%22%3A%22Electron%22%7D.
[2025-11-18 21:41:16.320] [info]  [AnalyticsService] Executed GET request https://analyticsnew.overwolf.com/analytics/Counter?Name=cf_app_ads_library_initialized&MUID=6a0d68ee-5733-1928-71ec-49e8ba47404c&MUIDV2=6a0d68ee-5733-1928-71ec-49e8ba47404c&owver=37.7.0&Extra=%7B%22app_ver%22%3A%221.288.1.28405%22%2C%22os_ver%22%3A%22linux%22%2C%22app_type%22%3A%22Electron%22%7D. Status code: 200.
[2025-11-18 21:41:16.345] [info]  [PluginProcessHost] Agent stdout: Agent Data path is /home/vinicius/.config/CurseForge/agent.
[2025-11-18 21:41:16.346] [info]  [PluginProcessHost] Agent stdout: Agent Log path is /home/vinicius/.config/CurseForge/agent/logs.
[2025-11-18 21:41:16.469] [info]  [AnalyticsService] Executed GET request https://analyticsnew.overwolf.com/analytics/Counter?Name=cf_app_ads_library_initialized&MUID=6a0d68ee-5733-1928-71ec-49e8ba47404c&MUIDV2=6a0d68ee-5733-1928-71ec-49e8ba47404c&owver=37.7.0&Extra=%7B%22app_ver%22%3A%221.288.1.28405%22%2C%22os_ver%22%3A%22linux%22%2C%22app_type%22%3A%22Electron%22%7D. Status code: 200.
[2025-11-18 21:41:17.620] [info]  [PluginProcessHost] Agent stdout: 11/18/2025 21:41:17 [Info] Server started at ws://127.0.0.1:63308/CurseForge (actual port 63308) .
[2025-11-18 21:41:17.621] [info]  [PluginProcessHost] Mods Agent started. pid: 42292, port: 63308.
[2025-11-18 21:41:17.621] [info]  [PluginWebSocket] Connecting to Mods Agent CurseForge on ports range 63308-63308.
[2025-11-18 21:41:17.631] [info]  [PluginProcessHost] Agent stdout: Mods Agent server started on port 63308.
[2025-11-18 21:41:17.686] [info]  [PluginWebSocket] Connected to mods agent.
[2025-11-18 21:41:17.686] [info]  [PluginWebSocket] Connected to Mods Agent on port 63308.
[2025-11-18 21:41:18.906] [info]  [GamesScanStartedEventHandler] Games scan started. Comprehensive: false.
[2025-11-18 21:41:19.007] [info]  [GamesScanCompletedEventHandler] Games scan completed. Comprehensive: false. Canceled: false.
[2025-11-18 21:41:19.029] [info]  [CoreServiceImpl] Mods agent was initialized successfully.
[2025-11-18 21:41:19.079] [info]  [AppConnectivityService] Reporting app connectivity.
[2025-11-18 21:41:19.079] [info]  [AnalyticsService] Executing POST request https://tracking.overwolf.com/tracking/InsertStats?Stats=true.
[2025-11-18 21:41:19.108] [info]  New version 1.290.0-28665 has been downloaded to /home/vinicius/.cache/curseforge-updater/pending/CurseForge-1.290.0-28665.AppImage
[2025-11-18 21:41:19.110] [info]  Electron Updater - App update downloaded. Version 1.290.0-28665. Release Date: 2025-11-10T10:35:34.470Z. Staging Percentage: undefined. Downloaded File: /home/vinicius/.cache/curseforge-updater/pending/CurseForge-1.290.0-28665.AppImage
[2025-11-18 21:41:19.114] [info]  [AppUpdatePeriodicChecker] Version available since: Tue Nov 18 2025 21:41:19 GMT-0300 (Horário Padrão de Brasília)..
[2025-11-18 21:41:19.114] [info]  [AppUpdatePeriodicChecker] Triggering show update notification event.
[2025-11-18 21:41:19.114] [info]  [Renderer - Main Window] Update available - showing button [ [] ]
[2025-11-18 21:41:19.535] [info]  [Renderer - Main Window] Startup game was not found [ [] ]
[2025-11-18 21:41:19.723] [info]  [ReleaseNotesApiImpl] Fetching /1.288.1.28405/release-notes/1 ....
[2025-11-18 21:41:19.726] [info]  [Renderer - Main Window] AutoUpdater - Update available - showing wand [ [] ]
[2025-11-18 21:41:19.831] [info]  [AnalyticsService] Executed POST request https://tracking.overwolf.com/tracking/InsertStats?Stats=true. Status code: 200.
[2025-11-18 21:41:19.832] [info]  [AnalyticsService] Sent a Grafana event to https://tracking.overwolf.com/tracking/InsertStats?Stats=true.
[2025-11-18 21:41:19.835] [info]  [AnalyticsService] Executing GET request https://analyticsnew.overwolf.com/analytics/Counter?Name=cf_app_session_info&MUID=6a0d68ee-5733-1928-71ec-49e8ba47404c&MUIDV2=6a0d68ee-5733-1928-71ec-49e8ba47404c&owver=37.7.0&Extra=%7B%22app_ver%22%3A%221.288.1.28405%22%2C%22os_ver%22%3A%22linux%22%2C%22app_type%22%3A%22Electron%22%2C%22isLoggedIn%22%3Afalse%2C%22isSyncEnabled%22%3Afalse%2C%22appLanguage%22%3A%22en%22%2C%22groupsCount%22%3A%7B%7D%2C%22isMojangLoggedIn%22%3Afalse%2C%22minecraftLauncherTypes%22%3A%5B%5D%7D.
[2025-11-18 21:41:19.861] [info]  [AnalyticsService] Executed GET request https://analyticsnew.overwolf.com/analytics/Counter?Name=cf_app_session_info&MUID=6a0d68ee-5733-1928-71ec-49e8ba47404c&MUIDV2=6a0d68ee-5733-1928-71ec-49e8ba47404c&owver=37.7.0&Extra=%7B%22app_ver%22%3A%221.288.1.28405%22%2C%22os_ver%22%3A%22linux%22%2C%22app_type%22%3A%22Electron%22%2C%22isLoggedIn%22%3Afalse%2C%22isSyncEnabled%22%3Afalse%2C%22appLanguage%22%3A%22en%22%2C%22groupsCount%22%3A%7B%7D%2C%22isMojangLoggedIn%22%3Afalse%2C%22minecraftLauncherTypes%22%3A%5B%5D%7D. Status code: 200.
[2025-11-18 21:41:19.862] [info]  [ElectronApplication] CRN Api is not available.
[2025-11-18 21:41:21.882] [info]  [AnalyticsService] Executing GET request https://analyticsnew.overwolf.com/analytics/Counter?Name=cf_app_user_action&MUID=6a0d68ee-5733-1928-71ec-49e8ba47404c&MUIDV2=6a0d68ee-5733-1928-71ec-49e8ba47404c&owver=37.7.0&Extra=%7B%22app_ver%22%3A%221.288.1.28405%22%2C%22os_ver%22%3A%22linux%22%2C%22app_type%22%3A%22Electron%22%2C%22action%22%3A%22update%22%2C%22currentAppPage%22%3A%22HomePage%22%2C%22value%22%3Anull%2C%22gameId%22%3A%22NaN%22%2C%22source%22%3A%22UpdateModal%22%7D.
[2025-11-18 21:41:21.882] [info]  [Renderer - Main Window] User requested to perform app update... [ [] ]
[2025-11-18 21:41:21.884] [info]  [AutoUpdaterServiceImpl] Performing application update.
[2025-11-18 21:41:21.884] [info]  [AppUpdatePeriodicChecker] Clearing last version seen timestamp.
[2025-11-18 21:41:21.889] [info]  [AppUpdateServiceImpl] Performing app update. IsSilent: true, RelaunchAfterUpdate: true.
[2025-11-18 21:41:21.889] [info]  Install on explicit quitAndInstall
[2025-11-18 21:41:21.889] [info]  Install: isSilent: true, isForceRunAfter: true
[2025-11-18 21:41:21.897] [info]  Executing: /home/vinicius/Applications/curseforge-latest-linux.AppImage with args: 
[2025-11-18 21:41:21.903] [info]  [BackgroundController] Request to shutdown from tray ....
[2025-11-18 21:41:21.903] [info]  [BackgroundController] Shutting down....
[2025-11-18 21:41:21.906] [info]  [SessionsService] session ended.
[2025-11-18 21:41:21.906] [info]  [CoreServiceImpl] Performing shutdown cleanup actions.
[2025-11-18 21:41:21.906] [info]  [InstalledProjectsAppServiceImpl] Cleanup - committing deletion transactions.
[2025-11-18 21:41:21.907] [info]  [InstalledProjectsAppServiceImpl] Flushing 0 projects which are pending deletion.
[2025-11-18 21:41:21.907] [info]  [CoreServiceImpl] Shutdown cleanup actions complete.
[2025-11-18 21:41:21.907] [info]  [PluginCommunication] Shutting down the Mods Agent.
[2025-11-18 21:41:21.910] [info]  [AnalyticsService] Executed GET request https://analyticsnew.overwolf.com/analytics/Counter?Name=cf_app_user_action&MUID=6a0d68ee-5733-1928-71ec-49e8ba47404c&MUIDV2=6a0d68ee-5733-1928-71ec-49e8ba47404c&owver=37.7.0&Extra=%7B%22app_ver%22%3A%221.288.1.28405%22%2C%22os_ver%22%3A%22linux%22%2C%22app_type%22%3A%22Electron%22%2C%22action%22%3A%22update%22%2C%22currentAppPage%22%3A%22HomePage%22%2C%22value%22%3Anull%2C%22gameId%22%3A%22NaN%22%2C%22source%22%3A%22UpdateModal%22%7D. Status code: 200.
[2025-11-18 21:41:22.064] [info]  [BackgroundController] Destroying desktop window....
[2025-11-18 21:41:22.068] [info]  [AutoUpdaterServiceImpl] Stopping Auto Updater Service.
[2025-11-18 21:41:22.069] [info]  [BackgroundController] Shutdown complete. Exiting app....
[2025-11-18 21:41:22.984] [info]  [EleriumCommunicationLayer] setCfCoreHost called with https://api.curseforge.com.
[2025-11-18 21:41:22.991] [info]  [ConfigurationServiceImpl] Current env: production.
[2025-11-18 21:41:23.010] [info]  [BackgroundController] App version: 1.290.0.28665.
[2025-11-18 21:41:23.011] [info]  [BackgroundController] OS: linux.
[2025-11-18 21:41:23.012] [info]  [BackgroundController] OS version: 6.17.8-arch1-1.
[2025-11-18 21:41:23.012] [info]  [BackgroundController] App startup args: /tmp/.mount_cursefb4wEH2/curseforge.
[2025-11-18 21:41:23.489] [info]  [BackgroundController] Electron App Ready. Continuing Initialization....
[2025-11-18 21:41:23.491] [info]  [ClientOverridesImpl] Fetching https://curseforge.overwolf.com/downloads/client-overrides-v2.json ....
[2025-11-18 21:41:23.718] [info]  [AppUpdateServiceImpl] Checking if app has an update which is available locally..
[2025-11-18 21:41:23.718] [info]  [AppUpdateServiceImpl] Checking for available application updates. Current app version is 1.290.0-28665.
[2025-11-18 21:41:23.719] [info]  Checking for update
[2025-11-18 21:41:23.719] [info]  Electron Updater - Checking for application update
[2025-11-18 21:41:24.039] [info]  Update for version 1.290.0-28665 is not available (latest version: 1.290.0-28665, downgrade is disallowed).
[2025-11-18 21:41:24.039] [info]  Electron Updater - App update is not available. Latest Version: 1.290.0-28665. Release Date: 2025-11-10T10:35:34.470Z
[2025-11-18 21:41:24.040] [info]  [AppUpdateServiceImpl] No updates are available for the app..
[2025-11-18 21:41:24.572] [info]  [Renderer - Main Window] Initializing Sentry service [ [] ]
[2025-11-18 21:41:24.589] [info]  [Renderer - Main Window] [ReactErrorWatchDog] Starting watchdog with 10000 [ [] ]
[2025-11-18 21:41:24.605] [info]  [SessionStartedEventHandler] App session started.
[2025-11-18 21:41:24.611] [info]  [AutoUpdaterServiceImpl] Starting Auto Updater Service.
[2025-11-18 21:41:24.611] [info]  [AutoUpdaterServiceImpl] Auto updater is disabled by configuration.
[2025-11-18 21:41:24.612] [info]  [LoginService] Validating login status.
[2025-11-18 21:41:24.612] [info]  [SessionInfoRepositoryImpl] Loading login tokens from storage.
[2025-11-18 21:41:24.612] [info]  [SessionInfoRepositoryImpl] Missing mandatory tokens. Clearing storage.
[2025-11-18 21:41:24.612] [info]  [SessionInfoRepositoryImpl] Clearing tokens from storage.
[2025-11-18 21:41:24.615] [info]  [LoginService] No login tokens found..
[2025-11-18 21:41:24.615] [info]  [SessionInfoRepositoryImpl] Clearing tokens from storage.
[2025-11-18 21:41:24.617] [info]  [LoginService] Notifying logged out status.
[2025-11-18 21:41:24.617] [info]  [SessionInfoRepositoryImpl] Clearing tokens from storage.
[2025-11-18 21:41:24.619] [error] [LoggedOutEventHandler] Failed to update client session info. Error: Radium API is not ready
[2025-11-18 21:41:24.620] [info]  [GameAuthUsersChangedEventHandler] Minecraft Users info loaded.
[2025-11-18 21:41:24.621] [info]  [LoggedOutEventHandler] User is logged out.
[2025-11-18 21:41:24.621] [info]  [MarketingVideosServiceImpl] Fetching https://mrkt.forgecdn.net/app-vids/onboarding_videos.json ....
[2025-11-18 21:41:24.623] [info]  [AppUpdatePeriodicChecker] Running periodic app update check.
[2025-11-18 21:41:24.623] [info]  [AppUpdateServiceImpl] Checking for available application updates. Current app version is 1.290.0-28665.
[2025-11-18 21:41:24.623] [info]  Checking for update
[2025-11-18 21:41:24.623] [info]  Electron Updater - Checking for application update
[2025-11-18 21:41:24.663] [info]  Update for version 1.290.0-28665 is not available (latest version: 1.290.0-28665, downgrade is disallowed).
[2025-11-18 21:41:24.663] [info]  Electron Updater - App update is not available. Latest Version: 1.290.0-28665. Release Date: 2025-11-10T10:35:34.470Z
[2025-11-18 21:41:24.664] [info]  [AppUpdateServiceImpl] No updates are available for the app..
[2025-11-18 21:41:24.664] [info]  [AppUpdatePeriodicChecker] No app update. Scheduling the next update check in 900000 milliseconds.
[2025-11-18 21:41:24.744] [info]  [PluginCommunication] Connecting to Mods Agent.
[2025-11-18 21:41:24.744] [info]  [PluginProcessHost] Starting Mods Agent with ports range 61385-61405.
[2025-11-18 21:41:24.745] [info]  [PluginProcessHost] Launching Mods Agent process /tmp/.mount_cursefb4wEH2/resources/app.asar.unpacked/plugins/curse/linux/Curse.Agent.Host with args: --port=61385,--to-port=61405,--pid=42389,--appDataPath=/home/vinicius/.config/CurseForge,--api-key=7091c972-0268-4dd6-beec-2aa603f53ee7,--clientId=Overwolf.
[2025-11-18 21:41:24.868] [info]  [UptimeRobotApi] Executing GET request https://health.curseforge.com/app/monitorStatus.json.
[2025-11-18 21:41:24.890] [info]  [AnalyticsService] Executing GET request https://analyticsnew.overwolf.com/analytics/Counter?Name=cf_app_page_changed&MUID=6a0d68ee-5733-1928-71ec-49e8ba47404c&MUIDV2=6a0d68ee-5733-1928-71ec-49e8ba47404c&owver=37.7.0&Extra=%7B%22app_ver%22%3A%221.290.0.28665%22%2C%22os_ver%22%3A%22linux%22%2C%22app_type%22%3A%22Electron%22%2C%22currentAppPage%22%3A%22HomePage%22%7D.
[2025-11-18 21:41:24.976] [info]  [UptimeRobotApi] Executed GET request https://health.curseforge.com/app/monitorStatus.json. Status code: 200.
[2025-11-18 21:41:24.990] [info]  [AnalyticsService] Executed GET request https://analyticsnew.overwolf.com/analytics/Counter?Name=cf_app_page_changed&MUID=6a0d68ee-5733-1928-71ec-49e8ba47404c&MUIDV2=6a0d68ee-5733-1928-71ec-49e8ba47404c&owver=37.7.0&Extra=%7B%22app_ver%22%3A%221.290.0.28665%22%2C%22os_ver%22%3A%22linux%22%2C%22app_type%22%3A%22Electron%22%2C%22currentAppPage%22%3A%22HomePage%22%7D. Status code: 200.
[2025-11-18 21:41:25.093] [info]  [PluginProcessHost] Agent stdout: Starting CurseForge Agent Host.
[2025-11-18 21:41:25.316] [info]  [Renderer - Main Window] Starting Ads. Size: Container Id: curseforge_desktop_banner, Size: [{"width":400,"height":60}], Element ID: curseforge_desktop_banner [ [] ]
[2025-11-18 21:41:25.316] [info]  [Renderer - Main Window] Starting electron ads sdk [
  [
    {
      appId: 'pnhpggjfelbelmidfhnebbhfkabchccbheggegjc',
      muid: '6a0d68ee-5733-1928-71ec-49e8ba47404c',
      appVersion: '1.290.0.28665',
      userAgent: 'Mozilla/5.0 (X11; Linux x86_64) AppleWebKit/537.36 (KHTML, like Gecko) CurseForge/1.290.0-28665 Chrome/138.0.7204.251 Electron/37.7.0 Safari/537.36',
      size: [ { width: 400, height: 60 } ],
      containerId: 'curseforge_desktop_banner'
    }
  ]
]
[2025-11-18 21:41:25.328] [info]  [AnalyticsService] Executing GET request https://analyticsnew.overwolf.com/analytics/Counter?Name=cf_app_ads_library_initialized&MUID=6a0d68ee-5733-1928-71ec-49e8ba47404c&MUIDV2=6a0d68ee-5733-1928-71ec-49e8ba47404c&owver=37.7.0&Extra=%7B%22app_ver%22%3A%221.290.0.28665%22%2C%22os_ver%22%3A%22linux%22%2C%22app_type%22%3A%22Electron%22%7D.
[2025-11-18 21:41:25.325] [info]  [Renderer - Main Window] Starting Ads. Size: Container Id: curseforge_desktop_large, Size: [{"width":400,"height":600},{"width":1,"height":1}], Element ID: curseforge_desktop_large [ [] ]
[2025-11-18 21:41:25.326] [info]  [Renderer - Main Window] Starting electron ads sdk [
  [
    {
      appId: 'pnhpggjfelbelmidfhnebbhfkabchccbheggegjc',
      muid: '6a0d68ee-5733-1928-71ec-49e8ba47404c',
      appVersion: '1.290.0.28665',
      userAgent: 'Mozilla/5.0 (X11; Linux x86_64) AppleWebKit/537.36 (KHTML, like Gecko) CurseForge/1.290.0-28665 Chrome/138.0.7204.251 Electron/37.7.0 Safari/537.36',
      size: [ { width: 400, height: 600 }, { width: 1, height: 1 } ],
      containerId: 'curseforge_desktop_large'
    }
  ]
]
[2025-11-18 21:41:25.337] [info]  [AnalyticsService] Executing GET request https://analyticsnew.overwolf.com/analytics/Counter?Name=cf_app_ads_library_initialized&MUID=6a0d68ee-5733-1928-71ec-49e8ba47404c&MUIDV2=6a0d68ee-5733-1928-71ec-49e8ba47404c&owver=37.7.0&Extra=%7B%22app_ver%22%3A%221.290.0.28665%22%2C%22os_ver%22%3A%22linux%22%2C%22app_type%22%3A%22Electron%22%7D.
[2025-11-18 21:41:25.359] [info]  [AnalyticsService] Executed GET request https://analyticsnew.overwolf.com/analytics/Counter?Name=cf_app_ads_library_initialized&MUID=6a0d68ee-5733-1928-71ec-49e8ba47404c&MUIDV2=6a0d68ee-5733-1928-71ec-49e8ba47404c&owver=37.7.0&Extra=%7B%22app_ver%22%3A%221.290.0.28665%22%2C%22os_ver%22%3A%22linux%22%2C%22app_type%22%3A%22Electron%22%7D. Status code: 200.
[2025-11-18 21:41:25.439] [info]  [AnalyticsService] Executed GET request https://analyticsnew.overwolf.com/analytics/Counter?Name=cf_app_ads_library_initialized&MUID=6a0d68ee-5733-1928-71ec-49e8ba47404c&MUIDV2=6a0d68ee-5733-1928-71ec-49e8ba47404c&owver=37.7.0&Extra=%7B%22app_ver%22%3A%221.290.0.28665%22%2C%22os_ver%22%3A%22linux%22%2C%22app_type%22%3A%22Electron%22%7D. Status code: 200.
[2025-11-18 21:41:25.606] [info]  [PluginProcessHost] Agent stdout: Agent Data path is /home/vinicius/.config/CurseForge/agent.
[2025-11-18 21:41:25.606] [info]  [PluginProcessHost] Agent stdout: Agent Log path is /home/vinicius/.config/CurseForge/agent/logs.
[2025-11-18 21:41:26.930] [info]  [PluginProcessHost] Agent stdout: 11/18/2025 21:41:26 [Info] Server started at ws://127.0.0.1:61385/CurseForge (actual port 61385) .
[2025-11-18 21:41:26.931] [info]  [PluginProcessHost] Mods Agent started. pid: 42507, port: 61385.
[2025-11-18 21:41:26.931] [info]  [PluginWebSocket] Connecting to Mods Agent CurseForge on ports range 61385-61385.
[2025-11-18 21:41:26.944] [info]  [PluginProcessHost] Agent stdout: Mods Agent server started on port 61385.
[2025-11-18 21:41:26.997] [info]  [PluginWebSocket] Connected to mods agent.
[2025-11-18 21:41:26.998] [info]  [PluginWebSocket] Connected to Mods Agent on port 61385.
[2025-11-18 21:41:28.189] [info]  [GamesScanStartedEventHandler] Games scan started. Comprehensive: false.
[2025-11-18 21:41:28.265] [info]  [GamesScanCompletedEventHandler] Games scan completed. Comprehensive: false. Canceled: false.
[2025-11-18 21:41:28.281] [info]  [CoreServiceImpl] Mods agent was initialized successfully.
[2025-11-18 21:41:28.329] [info]  [AppConnectivityService] Reporting app connectivity.
[2025-11-18 21:41:28.329] [info]  [AnalyticsService] Executing POST request https://tracking.overwolf.com/tracking/InsertStats?Stats=true.
[2025-11-18 21:41:28.784] [info]  [Renderer - Main Window] Startup game was not found [ [] ]
[2025-11-18 21:41:28.952] [info]  [ReleaseNotesApiImpl] Fetching /1.290.0.28665/release-notes/1 ....
[2025-11-18 21:41:29.528] [info]  [AnalyticsService] Executed POST request https://tracking.overwolf.com/tracking/InsertStats?Stats=true. Status code: 200.
[2025-11-18 21:41:29.528] [info]  [AnalyticsService] Sent a Grafana event to https://tracking.overwolf.com/tracking/InsertStats?Stats=true.
[2025-11-18 21:41:29.533] [info]  [AnalyticsService] Executing GET request https://analyticsnew.overwolf.com/analytics/Counter?Name=cf_app_session_info&MUID=6a0d68ee-5733-1928-71ec-49e8ba47404c&MUIDV2=6a0d68ee-5733-1928-71ec-49e8ba47404c&owver=37.7.0&Extra=%7B%22app_ver%22%3A%221.290.0.28665%22%2C%22os_ver%22%3A%22linux%22%2C%22app_type%22%3A%22Electron%22%2C%22isLoggedIn%22%3Afalse%2C%22isSyncEnabled%22%3Afalse%2C%22appLanguage%22%3A%22en%22%2C%22groupsCount%22%3A%7B%7D%2C%22isMojangLoggedIn%22%3Afalse%2C%22minecraftLauncherTypes%22%3A%5B%5D%7D.
[2025-11-18 21:41:29.607] [info]  [AnalyticsService] Executed GET request https://analyticsnew.overwolf.com/analytics/Counter?Name=cf_app_session_info&MUID=6a0d68ee-5733-1928-71ec-49e8ba47404c&MUIDV2=6a0d68ee-5733-1928-71ec-49e8ba47404c&owver=37.7.0&Extra=%7B%22app_ver%22%3A%221.290.0.28665%22%2C%22os_ver%22%3A%22linux%22%2C%22app_type%22%3A%22Electron%22%2C%22isLoggedIn%22%3Afalse%2C%22isSyncEnabled%22%3Afalse%2C%22appLanguage%22%3A%22en%22%2C%22groupsCount%22%3A%7B%7D%2C%22isMojangLoggedIn%22%3Afalse%2C%22minecraftLauncherTypes%22%3A%5B%5D%7D. Status code: 200.
[2025-11-18 21:41:29.608] [info]  [ElectronApplication] CRN Api is not available.
[2025-11-18 21:41:34.589] [info]  [Renderer - Main Window] [ReactErrorWatchDog] Starting watchdog with 1000 [ [] ]
[2025-11-18 21:42:10.513] [info]  [Renderer - Main Window] Getting game 432 category classes [ [] ]
[2025-11-18 21:42:10.515] [info]  [EleriumCommunicationLayer] Request - GET v1/categories - params: {"gameId":432,"classesOnly":true}.
[2025-11-18 21:42:10.513] [info]  [Renderer - Main Window] Getting game 432 categories [ [] ]
[2025-11-18 21:42:10.518] [info]  [EleriumCommunicationLayer] Request - GET v1/categories - params: {"gameId":432}.
[2025-11-18 21:42:10.520] [info]  [AnalyticsService] Executing GET request https://analyticsnew.overwolf.com/analytics/Counter?Name=cf_app_page_changed&MUID=6a0d68ee-5733-1928-71ec-49e8ba47404c&MUIDV2=6a0d68ee-5733-1928-71ec-49e8ba47404c&owver=37.7.0&Extra=%7B%22app_ver%22%3A%221.290.0.28665%22%2C%22os_ver%22%3A%22linux%22%2C%22app_type%22%3A%22Electron%22%2C%22currentAppPage%22%3A%22MyModpacksPage%22%7D.
[2025-11-18 21:42:10.522] [info]  [MeasurementAppServiceImpl] starting measurement game-dau.
[2025-11-18 21:42:10.661] [info]  [AnalyticsService] Executed GET request https://analyticsnew.overwolf.com/analytics/Counter?Name=cf_app_page_changed&MUID=6a0d68ee-5733-1928-71ec-49e8ba47404c&MUIDV2=6a0d68ee-5733-1928-71ec-49e8ba47404c&owver=37.7.0&Extra=%7B%22app_ver%22%3A%221.290.0.28665%22%2C%22os_ver%22%3A%22linux%22%2C%22app_type%22%3A%22Electron%22%2C%22currentAppPage%22%3A%22MyModpacksPage%22%7D. Status code: 200.
[2025-11-18 21:42:10.661] [info]  [Renderer - Main Window] Got 144 categories for game 432 [ [] ]
[2025-11-18 21:42:10.680] [info]  [MinecraftLoginAppServiceImpl] Get Microsoft Users Info.
[2025-11-18 21:42:10.668] [info]  [Renderer - Main Window] Getting game 432 install mod request from queue [ [] ]
[2025-11-18 21:42:10.683] [info]  [ModpacksAppServiceImpl] Getting game 432 installed modpacks.
[2025-11-18 21:42:10.685] [info]  [MinecraftLoginAppServiceImpl] Get Microsoft User Info.
[2025-11-18 21:42:10.683] [info]  [Renderer - Main Window] Game 432 has no pending install mod request [ [] ]
[2025-11-18 21:42:10.687] [warn]  [Renderer - Main Window] No last game instance guid to choose from [ [] ]
[2025-11-18 21:42:14.709] [info]  [MinecraftSettingsChangedEventHandler] Minecraft settings changed: {"minecraftRoot":"/home/vinicius/Documents/curseforge/minecraft","preferredRelease":0,"useDesktopResolution":false,"resolutionWidth":1024,"resolutionHeight":768,"launcherVisibility":0,"launcherType":0,"gameLaunchMethod":0,"javaVersionsPaths":{"java8":""},"maxMemoryAllocation":4096,"useRecommendedMemoryAllocation":true,"additionalJavaArguments":null,"profileBackups":0,"enableModpackDefaultSettings":false,"minecraftModpackDefaultOptions":{"autoJump":true,"fullscreen":false,"bobView":true,"invertMouse":false,"mouseSensitivity":100,"gamma":50,"renderDistance":12,"fov":70,"guiScale":0,"masterVolume":100,"musicVolume":100,"jukeboxVolume":100,"weatherVolume":100,"blockVolume":100,"hostileVolume":100,"neutralVolume":100,"playerVolume":100,"ambientVolume":100,"voiceVolume":100,"sneakKeyBind":"ShiftLeft","sprintKeyBind":"ControlLeft"},"gameDashboardDisplay":null,"showGameDashboard":false}.
[2025-11-18 21:42:14.715] [info]  [MinecraftInstallationServiceImpl] Changing location to: /home/vinicius/Documents/curseforge/minecraft.
[2025-11-18 21:42:16.479] [info]  [Renderer - Main Window] current game updated 432, updating game state [ [] ]
[2025-11-18 21:42:16.489] [info]  [Renderer - Main Window] Minecraft Launcher Install State Complete: {"isInstalled":true,"minecraftRoot":"/home/vinicius/Documents/curseforge/minecraft/Install","instanceRoot":"/home/vinicius/Documents/curseforge/minecraft/Instances","errorCode":"Success"} [ [] ]
[2025-11-18 21:42:16.489] [info]  [Renderer - Main Window] Minecraft Launcher Install State Complete: {"isInstalled":true,"minecraftRoot":"/home/vinicius/Documents/curseforge/minecraft/Install","instanceRoot":"/home/vinicius/Documents/curseforge/minecraft/Instances","errorCode":"Success"} [ [] ]
[2025-11-18 21:42:16.490] [info]  [Renderer - Main Window] Minecraft Launcher Install State Complete: {"isInstalled":true,"minecraftRoot":"/home/vinicius/Documents/curseforge/minecraft/Install","instanceRoot":"/home/vinicius/Documents/curseforge/minecraft/Instances","errorCode":"Success"} [ [] ]
[2025-11-18 21:42:20.530] [info]  [AnalyticsService] trackDailyUnique is unique: true.
[2025-11-18 21:42:20.530] [info]  [AnalyticsService] Executing GET request https://analyticsnew.overwolf.com/analytics/Counter?Name=cf_daily_active_user_per_game_v2&MUID=6a0d68ee-5733-1928-71ec-49e8ba47404c&MUIDV2=6a0d68ee-5733-1928-71ec-49e8ba47404c&owver=37.7.0&Extra=%7B%22app_ver%22%3A%221.290.0.28665%22%2C%22os_ver%22%3A%22linux%22%2C%22app_type%22%3A%22Electron%22%2C%22game_id%22%3A432%2C%22gameId%22%3A432%7D.
[2025-11-18 21:42:20.804] [info]  [AnalyticsService] Executed GET request https://analyticsnew.overwolf.com/analytics/Counter?Name=cf_daily_active_user_per_game_v2&MUID=6a0d68ee-5733-1928-71ec-49e8ba47404c&MUIDV2=6a0d68ee-5733-1928-71ec-49e8ba47404c&owver=37.7.0&Extra=%7B%22app_ver%22%3A%221.290.0.28665%22%2C%22os_ver%22%3A%22linux%22%2C%22app_type%22%3A%22Electron%22%2C%22game_id%22%3A432%2C%22gameId%22%3A432%7D. Status code: 200.
[2025-11-18 21:42:24.999] [info]  [UptimeRobotApi] Executing GET request https://health.curseforge.com/app/monitorStatus.json.
[2025-11-18 21:42:25.110] [info]  [UptimeRobotApi] Executed GET request https://health.curseforge.com/app/monitorStatus.json. Status code: 200.
[2025-11-18 21:43:25.111] [info]  [UptimeRobotApi] Executing GET request https://health.curseforge.com/app/monitorStatus.json.
[2025-11-18 21:43:25.445] [info]  [UptimeRobotApi] Executed GET request https://health.curseforge.com/app/monitorStatus.json. Status code: 200.
[2025-11-18 21:44:25.447] [info]  [UptimeRobotApi] Executing GET request https://health.curseforge.com/app/monitorStatus.json.
[2025-11-18 21:44:25.659] [info]  [UptimeRobotApi] Executed GET request https://health.curseforge.com/app/monitorStatus.json. Status code: 200.
[2025-11-18 21:45:25.662] [info]  [UptimeRobotApi] Executing GET request https://health.curseforge.com/app/monitorStatus.json.
[2025-11-18 21:45:25.907] [info]  [UptimeRobotApi] Executed GET request https://health.curseforge.com/app/monitorStatus.json. Status code: 200.
[2025-11-18 21:46:25.910] [info]  [UptimeRobotApi] Executing GET request https://health.curseforge.com/app/monitorStatus.json.
[2025-11-18 21:46:26.200] [info]  [UptimeRobotApi] Executed GET request https://health.curseforge.com/app/monitorStatus.json. Status code: 200.
[2025-11-18 21:47:26.203] [info]  [UptimeRobotApi] Executing GET request https://health.curseforge.com/app/monitorStatus.json.
[2025-11-18 21:47:26.527] [info]  [UptimeRobotApi] Executed GET request https://health.curseforge.com/app/monitorStatus.json. Status code: 200.
[2025-11-18 21:48:26.528] [info]  [UptimeRobotApi] Executing GET request https://health.curseforge.com/app/monitorStatus.json.
[2025-11-18 21:48:26.802] [info]  [UptimeRobotApi] Executed GET request https://health.curseforge.com/app/monitorStatus.json. Status code: 200.
[2025-11-18 21:49:26.803] [info]  [UptimeRobotApi] Executing GET request https://health.curseforge.com/app/monitorStatus.json.
[2025-11-18 21:49:27.072] [info]  [UptimeRobotApi] Executed GET request https://health.curseforge.com/app/monitorStatus.json. Status code: 200.
[2025-11-18 21:50:27.075] [info]  [UptimeRobotApi] Executing GET request https://health.curseforge.com/app/monitorStatus.json.
[2025-11-18 21:50:27.341] [info]  [UptimeRobotApi] Executed GET request https://health.curseforge.com/app/monitorStatus.json. Status code: 200.
[2025-11-18 21:56:24.724] [info]  [AppUpdatePeriodicChecker] Running periodic app update check.
[2025-11-18 21:56:24.724] [info]  [AppUpdateServiceImpl] Checking for available application updates. Current app version is 1.290.0-28665.
[2025-11-18 21:56:24.724] [info]  Checking for update
[2025-11-18 21:56:24.725] [info]  Electron Updater - Checking for application update
[2025-11-18 21:56:24.975] [info]  Update for version 1.290.0-28665 is not available (latest version: 1.290.0-28665, downgrade is disallowed).
[2025-11-18 21:56:24.975] [info]  Electron Updater - App update is not available. Latest Version: 1.290.0-28665. Release Date: 2025-11-10T10:35:34.470Z
[2025-11-18 21:56:24.975] [info]  [AppUpdateServiceImpl] No updates are available for the app..
[2025-11-18 21:56:24.976] [info]  [AppUpdatePeriodicChecker] No app update. Scheduling the next update check in 900000 milliseconds.
[2025-11-18 22:01:43.365] [info]  [UptimeRobotApi] Executing GET request https://health.curseforge.com/app/monitorStatus.json.
[2025-11-18 22:01:43.376] [info]  [MeasurementAppServiceImpl] starting measurement game-dau.
[2025-11-18 22:01:43.476] [info]  [UptimeRobotApi] Executed GET request https://health.curseforge.com/app/monitorStatus.json. Status code: 200.
[2025-11-18 22:01:53.378] [info]  [AnalyticsStorageManager] Already tracked cf_daily_active_user_per_game_v2_gameId.432 today.
[2025-11-18 22:01:53.378] [info]  [AnalyticsService] trackDailyUnique is unique: false.
[2025-11-18 22:02:38.222] [info]  [ModpacksAppServiceImpl] Import modpack from /home/vinicius/Downloads/drive-download-20251119T004244Z-1-001/Modpack.zip.
[2025-11-18 22:02:43.477] [info]  [UptimeRobotApi] Executing GET request https://health.curseforge.com/app/monitorStatus.json.
[2025-11-18 22:02:44.065] [error] [Radiuminator] Failed to import modpack /home/vinicius/Downloads/drive-download-20251119T004244Z-1-001/Modpack.zip. An exception was thrown while activating Curse.Games.Minecraft.InstallTasks.MinecraftInstanceImportInstallTask..
[2025-11-18 22:02:44.066] [error] [Renderer - Main Window] Error: Failed to import modpack [ [] ]
[2025-11-18 22:02:53.118] [info]  [ModpacksAppServiceImpl] Import modpack from /home/vinicius/Downloads/drive-download-20251119T004244Z-1-001/Modpack.zip.
[2025-11-18 22:02:58.438] [error] [Radiuminator] Failed to import modpack /home/vinicius/Downloads/drive-download-20251119T004244Z-1-001/Modpack.zip. An exception was thrown while activating Curse.Games.Minecraft.InstallTasks.MinecraftInstanceImportInstallTask..
[2025-11-18 22:02:58.439] [error] [Renderer - Main Window] Error: Failed to import modpack [ [] ]
[2025-11-18 22:03:42.416] [info]  [UptimeRobotApi] Executed GET request https://health.curseforge.com/app/monitorStatus.json. Status code: 200.
[2025-11-18 22:04:02.054] [info]  [EleriumCommunicationLayer] Request - GET v2/mods/app-highlights - params: {"gameId":432}.
[2025-11-18 22:04:02.065] [info]  [AnalyticsService] Executing GET request https://analyticsnew.overwolf.com/analytics/Counter?Name=cf_app_page_changed&MUID=6a0d68ee-5733-1928-71ec-49e8ba47404c&MUIDV2=6a0d68ee-5733-1928-71ec-49e8ba47404c&owver=37.7.0&Extra=%7B%22app_ver%22%3A%221.290.0.28665%22%2C%22os_ver%22%3A%22linux%22%2C%22app_type%22%3A%22Electron%22%2C%22currentAppPage%22%3A%22DiscoverPage%22%7D.
[2025-11-18 22:04:02.737] [info]  [AnalyticsService] Executed GET request https://analyticsnew.overwolf.com/analytics/Counter?Name=cf_app_page_changed&MUID=6a0d68ee-5733-1928-71ec-49e8ba47404c&MUIDV2=6a0d68ee-5733-1928-71ec-49e8ba47404c&owver=37.7.0&Extra=%7B%22app_ver%22%3A%221.290.0.28665%22%2C%22os_ver%22%3A%22linux%22%2C%22app_type%22%3A%22Electron%22%2C%22currentAppPage%22%3A%22DiscoverPage%22%7D. Status code: 200.
[2025-11-18 22:04:02.804] [info]  [AnalyticsService] Executing GET request https://analyticsnew.overwolf.com/analytics/Counter?Name=cf_app_page_changed&MUID=6a0d68ee-5733-1928-71ec-49e8ba47404c&MUIDV2=6a0d68ee-5733-1928-71ec-49e8ba47404c&owver=37.7.0&Extra=%7B%22app_ver%22%3A%221.290.0.28665%22%2C%22os_ver%22%3A%22linux%22%2C%22app_type%22%3A%22Electron%22%2C%22currentAppPage%22%3A%22MyModpacksPage%22%7D.
[2025-11-18 22:04:02.870] [info]  [AnalyticsService] Executed GET request https://analyticsnew.overwolf.com/analytics/Counter?Name=cf_app_page_changed&MUID=6a0d68ee-5733-1928-71ec-49e8ba47404c&MUIDV2=6a0d68ee-5733-1928-71ec-49e8ba47404c&owver=37.7.0&Extra=%7B%22app_ver%22%3A%221.290.0.28665%22%2C%22os_ver%22%3A%22linux%22%2C%22app_type%22%3A%22Electron%22%2C%22currentAppPage%22%3A%22MyModpacksPage%22%7D. Status code: 200.
[2025-11-18 22:04:03.757] [info]  [EleriumCommunicationLayer] Request - GET v1/minecraft/modloader?includeAll=true - params: None.
[2025-11-18 22:04:10.435] [info]  [ModpacksAppServiceImpl] Import modpack from /home/vinicius/Downloads/drive-download-20251119T004244Z-1-001/Modpack.zip.
[2025-11-18 22:04:18.214] [error] [Radiuminator] Failed to import modpack /home/vinicius/Downloads/drive-download-20251119T004244Z-1-001/Modpack.zip. An exception was thrown while activating Curse.Games.Minecraft.InstallTasks.MinecraftInstanceImportInstallTask..
[2025-11-18 22:04:18.215] [error] [Renderer - Main Window] Error: Failed to import modpack [ [] ]
[2025-11-18 22:04:42.417] [info]  [UptimeRobotApi] Executing GET request https://health.curseforge.com/app/monitorStatus.json.
[2025-11-18 22:04:42.991] [info]  [UptimeRobotApi] Executed GET request https://health.curseforge.com/app/monitorStatus.json. Status code: 200.
[2025-11-18 22:05:42.992] [info]  [UptimeRobotApi] Executing GET request https://health.curseforge.com/app/monitorStatus.json.
[2025-11-18 22:05:48.459] [info]  [UptimeRobotApi] Executed GET request https://health.curseforge.com/app/monitorStatus.json. Status code: 200.
[2025-11-18 22:06:48.459] [info]  [UptimeRobotApi] Executing GET request https://health.curseforge.com/app/monitorStatus.json.
[2025-11-18 22:06:49.082] [info]  [UptimeRobotApi] Executed GET request https://health.curseforge.com/app/monitorStatus.json. Status code: 200.
[2025-11-18 22:07:49.083] [info]  [UptimeRobotApi] Executing GET request https://health.curseforge.com/app/monitorStatus.json.
[2025-11-18 22:07:49.384] [info]  [UptimeRobotApi] Executed GET request https://health.curseforge.com/app/monitorStatus.json. Status code: 200.
[2025-11-18 22:08:00.007] [info]  [AnalyticsService] Executing GET request https://analyticsnew.overwolf.com/analytics/Counter?Name=cf_app_page_changed&MUID=6a0d68ee-5733-1928-71ec-49e8ba47404c&MUIDV2=6a0d68ee-5733-1928-71ec-49e8ba47404c&owver=37.7.0&Extra=%7B%22app_ver%22%3A%221.290.0.28665%22%2C%22os_ver%22%3A%22linux%22%2C%22app_type%22%3A%22Electron%22%2C%22currentAppPage%22%3A%22DiscoverPage%22%7D.
[2025-11-18 22:08:00.432] [info]  [AnalyticsService] Executed GET request https://analyticsnew.overwolf.com/analytics/Counter?Name=cf_app_page_changed&MUID=6a0d68ee-5733-1928-71ec-49e8ba47404c&MUIDV2=6a0d68ee-5733-1928-71ec-49e8ba47404c&owver=37.7.0&Extra=%7B%22app_ver%22%3A%221.290.0.28665%22%2C%22os_ver%22%3A%22linux%22%2C%22app_type%22%3A%22Electron%22%2C%22currentAppPage%22%3A%22DiscoverPage%22%7D. Status code: 200.
[2025-11-18 22:08:00.548] [info]  [ServerListApiServiceImpl] Executing GET request https://mcservers.forgecdn.net/servers/api/servers.
[2025-11-18 22:08:00.554] [info]  [AnalyticsService] Executing GET request https://analyticsnew.overwolf.com/analytics/Counter?Name=cf_app_page_changed&MUID=6a0d68ee-5733-1928-71ec-49e8ba47404c&MUIDV2=6a0d68ee-5733-1928-71ec-49e8ba47404c&owver=37.7.0&Extra=%7B%22app_ver%22%3A%221.290.0.28665%22%2C%22os_ver%22%3A%22linux%22%2C%22app_type%22%3A%22Electron%22%2C%22currentAppPage%22%3A%22ServerListPage%22%7D.
[2025-11-18 22:08:00.617] [info]  [AnalyticsService] Executed GET request https://analyticsnew.overwolf.com/analytics/Counter?Name=cf_app_page_changed&MUID=6a0d68ee-5733-1928-71ec-49e8ba47404c&MUIDV2=6a0d68ee-5733-1928-71ec-49e8ba47404c&owver=37.7.0&Extra=%7B%22app_ver%22%3A%221.290.0.28665%22%2C%22os_ver%22%3A%22linux%22%2C%22app_type%22%3A%22Electron%22%2C%22currentAppPage%22%3A%22ServerListPage%22%7D. Status code: 200.
[2025-11-18 22:08:00.860] [info]  [AnalyticsService] Executing GET request https://analyticsnew.overwolf.com/analytics/Counter?Name=cf_app_page_changed&MUID=6a0d68ee-5733-1928-71ec-49e8ba47404c&MUIDV2=6a0d68ee-5733-1928-71ec-49e8ba47404c&owver=37.7.0&Extra=%7B%22app_ver%22%3A%221.290.0.28665%22%2C%22os_ver%22%3A%22linux%22%2C%22app_type%22%3A%22Electron%22%2C%22currentAppPage%22%3A%22MyModpacksPage%22%7D.
[2025-11-18 22:08:00.928] [info]  [AnalyticsService] Executed GET request https://analyticsnew.overwolf.com/analytics/Counter?Name=cf_app_page_changed&MUID=6a0d68ee-5733-1928-71ec-49e8ba47404c&MUIDV2=6a0d68ee-5733-1928-71ec-49e8ba47404c&owver=37.7.0&Extra=%7B%22app_ver%22%3A%221.290.0.28665%22%2C%22os_ver%22%3A%22linux%22%2C%22app_type%22%3A%22Electron%22%2C%22currentAppPage%22%3A%22MyModpacksPage%22%7D. Status code: 200.
[2025-11-18 22:08:02.302] [info]  [DesktopWindow] Desktop window closed.
[2025-11-18 22:08:02.302] [info]  [SessionsService] session ended.
[2025-11-18 22:08:02.303] [info]  [BackgroundController] Request to shutdown from tray ....
[2025-11-18 22:08:02.303] [info]  [BackgroundController] Shutting down....
[2025-11-18 22:08:02.303] [info]  [BackgroundController] Destroying app windows....
[2025-11-18 22:08:02.303] [info]  [AutoUpdaterServiceImpl] Stopping Auto Updater Service.
[2025-11-18 22:08:02.304] [info]  [CoreServiceImpl] Performing shutdown cleanup actions.
[2025-11-18 22:08:02.304] [info]  [InstalledProjectsAppServiceImpl] Cleanup - committing deletion transactions.
[2025-11-18 22:08:02.304] [info]  [InstalledProjectsAppServiceImpl] Flushing 0 projects which are pending deletion.
[2025-11-18 22:08:02.304] [info]  [CoreServiceImpl] Shutdown cleanup actions complete.
[2025-11-18 22:08:02.305] [info]  [PluginCommunication] Shutting down the Mods Agent.
[2025-11-18 22:08:03.561] [info]  [BackgroundController] Shutdown complete. Exiting app....
[2025-11-18 22:08:09.374] [info]  [EleriumCommunicationLayer] setCfCoreHost called with https://api.curseforge.com.
[2025-11-18 22:08:09.382] [info]  [ConfigurationServiceImpl] Current env: production.
[2025-11-18 22:08:09.404] [info]  [BackgroundController] App version: 1.290.0.28665.
[2025-11-18 22:08:09.405] [info]  [BackgroundController] OS: linux.
[2025-11-18 22:08:09.405] [info]  [BackgroundController] OS version: 6.17.8-arch1-1.
[2025-11-18 22:08:09.408] [info]  [BackgroundController] App startup args: /tmp/.mount_cursefny4aQZ/curseforge.
[2025-11-18 22:08:09.989] [info]  [BackgroundController] Electron App Ready. Continuing Initialization....
[2025-11-18 22:08:09.990] [info]  [ClientOverridesImpl] Fetching https://curseforge.overwolf.com/downloads/client-overrides-v2.json ....
[2025-11-18 22:08:10.431] [info]  [AppUpdateServiceImpl] Checking if app has an update which is available locally..
[2025-11-18 22:08:10.432] [info]  [AppUpdateServiceImpl] Checking for available application updates. Current app version is 1.290.0-28665.
[2025-11-18 22:08:10.432] [info]  Checking for update
[2025-11-18 22:08:10.433] [info]  Electron Updater - Checking for application update
[2025-11-18 22:08:10.944] [info]  Update for version 1.290.0-28665 is not available (latest version: 1.290.0-28665, downgrade is disallowed).
[2025-11-18 22:08:10.944] [info]  Electron Updater - App update is not available. Latest Version: 1.290.0-28665. Release Date: 2025-11-10T10:35:34.470Z
[2025-11-18 22:08:10.945] [info]  [AppUpdateServiceImpl] No updates are available for the app..
[2025-11-18 22:08:11.655] [info]  [Renderer - Main Window] Initializing Sentry service [ [] ]
[2025-11-18 22:08:11.673] [info]  [Renderer - Main Window] [ReactErrorWatchDog] Starting watchdog with 10000 [ [] ]
[2025-11-18 22:08:11.685] [info]  [AutoUpdaterServiceImpl] Starting Auto Updater Service.
[2025-11-18 22:08:11.685] [info]  [AutoUpdaterServiceImpl] Auto updater is disabled by configuration.
[2025-11-18 22:08:11.686] [info]  [LoginService] Validating login status.
[2025-11-18 22:08:11.686] [info]  [SessionInfoRepositoryImpl] Loading login tokens from storage.
[2025-11-18 22:08:11.686] [info]  [SessionInfoRepositoryImpl] Missing mandatory tokens. Clearing storage.
[2025-11-18 22:08:11.686] [info]  [SessionInfoRepositoryImpl] Clearing tokens from storage.
[2025-11-18 22:08:11.712] [info]  [LoginService] No login tokens found..
[2025-11-18 22:08:11.712] [info]  [SessionInfoRepositoryImpl] Clearing tokens from storage.
[2025-11-18 22:08:11.714] [info]  [LoginService] Notifying logged out status.
[2025-11-18 22:08:11.715] [info]  [SessionInfoRepositoryImpl] Clearing tokens from storage.
[2025-11-18 22:08:11.717] [error] [LoggedOutEventHandler] Failed to update client session info. Error: Radium API is not ready
[2025-11-18 22:08:11.718] [info]  [GameAuthUsersChangedEventHandler] Minecraft Users info loaded.
[2025-11-18 22:08:11.718] [info]  [LoggedOutEventHandler] User is logged out.
[2025-11-18 22:08:11.719] [info]  [MarketingVideosServiceImpl] Fetching https://mrkt.forgecdn.net/app-vids/onboarding_videos.json ....
[2025-11-18 22:08:11.720] [info]  [AppUpdatePeriodicChecker] Running periodic app update check.
[2025-11-18 22:08:11.720] [info]  [AppUpdateServiceImpl] Checking for available application updates. Current app version is 1.290.0-28665.
[2025-11-18 22:08:11.721] [info]  Checking for update
[2025-11-18 22:08:11.721] [info]  Electron Updater - Checking for application update
[2025-11-18 22:08:11.774] [info]  Update for version 1.290.0-28665 is not available (latest version: 1.290.0-28665, downgrade is disallowed).
[2025-11-18 22:08:11.774] [info]  Electron Updater - App update is not available. Latest Version: 1.290.0-28665. Release Date: 2025-11-10T10:35:34.470Z
[2025-11-18 22:08:11.774] [info]  [AppUpdateServiceImpl] No updates are available for the app..
[2025-11-18 22:08:11.775] [info]  [AppUpdatePeriodicChecker] No app update. Scheduling the next update check in 900000 milliseconds.
[2025-11-18 22:08:11.903] [info]  [UptimeRobotApi] Executing GET request https://health.curseforge.com/app/monitorStatus.json.
[2025-11-18 22:08:11.917] [info]  [AnalyticsService] Executing GET request https://analyticsnew.overwolf.com/analytics/Counter?Name=cf_app_page_changed&MUID=6a0d68ee-5733-1928-71ec-49e8ba47404c&MUIDV2=6a0d68ee-5733-1928-71ec-49e8ba47404c&owver=37.7.0&Extra=%7B%22app_ver%22%3A%221.290.0.28665%22%2C%22os_ver%22%3A%22linux%22%2C%22app_type%22%3A%22Electron%22%2C%22currentAppPage%22%3A%22HomePage%22%7D.
[2025-11-18 22:08:12.071] [info]  [PluginCommunication] Connecting to Mods Agent.
[2025-11-18 22:08:12.071] [info]  [PluginProcessHost] Starting Mods Agent with ports range 58208-58228.
[2025-11-18 22:08:12.072] [info]  [PluginProcessHost] Launching Mods Agent process /tmp/.mount_cursefny4aQZ/resources/app.asar.unpacked/plugins/curse/linux/Curse.Agent.Host with args: --port=58208,--to-port=58228,--pid=54018,--appDataPath=/home/vinicius/.config/CurseForge,--api-key=f9f00bf0-66d3-458d-896e-573870b1f595,--clientId=Overwolf.
[2025-11-18 22:08:12.190] [info]  [AnalyticsService] Executed GET request https://analyticsnew.overwolf.com/analytics/Counter?Name=cf_app_page_changed&MUID=6a0d68ee-5733-1928-71ec-49e8ba47404c&MUIDV2=6a0d68ee-5733-1928-71ec-49e8ba47404c&owver=37.7.0&Extra=%7B%22app_ver%22%3A%221.290.0.28665%22%2C%22os_ver%22%3A%22linux%22%2C%22app_type%22%3A%22Electron%22%2C%22currentAppPage%22%3A%22HomePage%22%7D. Status code: 200.
[2025-11-18 22:08:12.235] [info]  [UptimeRobotApi] Executed GET request https://health.curseforge.com/app/monitorStatus.json. Status code: 200.
[2025-11-18 22:08:12.350] [info]  [PluginProcessHost] Agent stdout: Starting CurseForge Agent Host.
[2025-11-18 22:08:12.601] [info]  [Renderer - Main Window] Starting Ads. Size: Container Id: curseforge_desktop_banner, Size: [{"width":400,"height":60}], Element ID: curseforge_desktop_banner [ [] ]
[2025-11-18 22:08:12.602] [info]  [Renderer - Main Window] Starting electron ads sdk [
  [
    {
      appId: 'pnhpggjfelbelmidfhnebbhfkabchccbheggegjc',
      muid: '6a0d68ee-5733-1928-71ec-49e8ba47404c',
      appVersion: '1.290.0.28665',
      userAgent: 'Mozilla/5.0 (X11; Linux x86_64) AppleWebKit/537.36 (KHTML, like Gecko) CurseForge/1.290.0-28665 Chrome/138.0.7204.251 Electron/37.7.0 Safari/537.36',
      size: [ { width: 400, height: 60 } ],
      containerId: 'curseforge_desktop_banner'
    }
  ]
]
[2025-11-18 22:08:12.612] [info]  [AnalyticsService] Executing GET request https://analyticsnew.overwolf.com/analytics/Counter?Name=cf_app_ads_library_initialized&MUID=6a0d68ee-5733-1928-71ec-49e8ba47404c&MUIDV2=6a0d68ee-5733-1928-71ec-49e8ba47404c&owver=37.7.0&Extra=%7B%22app_ver%22%3A%221.290.0.28665%22%2C%22os_ver%22%3A%22linux%22%2C%22app_type%22%3A%22Electron%22%7D.
[2025-11-18 22:08:12.626] [info]  [Renderer - Main Window] Starting Ads. Size: Container Id: curseforge_desktop_large, Size: [{"width":400,"height":600},{"width":1,"height":1}], Element ID: curseforge_desktop_large [ [] ]
[2025-11-18 22:08:12.626] [info]  [Renderer - Main Window] Starting electron ads sdk [
  [
    {
      appId: 'pnhpggjfelbelmidfhnebbhfkabchccbheggegjc',
      muid: '6a0d68ee-5733-1928-71ec-49e8ba47404c',
      appVersion: '1.290.0.28665',
      userAgent: 'Mozilla/5.0 (X11; Linux x86_64) AppleWebKit/537.36 (KHTML, like Gecko) CurseForge/1.290.0-28665 Chrome/138.0.7204.251 Electron/37.7.0 Safari/537.36',
      size: [ { width: 400, height: 600 }, { width: 1, height: 1 } ],
      containerId: 'curseforge_desktop_large'
    }
  ]
]
[2025-11-18 22:08:12.635] [info]  [AnalyticsService] Executing GET request https://analyticsnew.overwolf.com/analytics/Counter?Name=cf_app_ads_library_initialized&MUID=6a0d68ee-5733-1928-71ec-49e8ba47404c&MUIDV2=6a0d68ee-5733-1928-71ec-49e8ba47404c&owver=37.7.0&Extra=%7B%22app_ver%22%3A%221.290.0.28665%22%2C%22os_ver%22%3A%22linux%22%2C%22app_type%22%3A%22Electron%22%7D.
[2025-11-18 22:08:12.638] [info]  [AnalyticsService] Executed GET request https://analyticsnew.overwolf.com/analytics/Counter?Name=cf_app_ads_library_initialized&MUID=6a0d68ee-5733-1928-71ec-49e8ba47404c&MUIDV2=6a0d68ee-5733-1928-71ec-49e8ba47404c&owver=37.7.0&Extra=%7B%22app_ver%22%3A%221.290.0.28665%22%2C%22os_ver%22%3A%22linux%22%2C%22app_type%22%3A%22Electron%22%7D. Status code: 200.
[2025-11-18 22:08:12.781] [info]  [PluginProcessHost] Agent stdout: Agent Data path is /home/vinicius/.config/CurseForge/agent.
[2025-11-18 22:08:12.782] [info]  [PluginProcessHost] Agent stdout: Agent Log path is /home/vinicius/.config/CurseForge/agent/logs.
[2025-11-18 22:08:12.913] [info]  [AnalyticsService] Executed GET request https://analyticsnew.overwolf.com/analytics/Counter?Name=cf_app_ads_library_initialized&MUID=6a0d68ee-5733-1928-71ec-49e8ba47404c&MUIDV2=6a0d68ee-5733-1928-71ec-49e8ba47404c&owver=37.7.0&Extra=%7B%22app_ver%22%3A%221.290.0.28665%22%2C%22os_ver%22%3A%22linux%22%2C%22app_type%22%3A%22Electron%22%7D. Status code: 200.
[2025-11-18 22:08:14.066] [info]  [PluginProcessHost] Agent stdout: 11/18/2025 22:08:14 [Info] Server started at ws://127.0.0.1:58208/CurseForge (actual port 58208) .
[2025-11-18 22:08:14.066] [info]  [PluginProcessHost] Mods Agent started. pid: 54178, port: 58208.
[2025-11-18 22:08:14.067] [info]  [PluginWebSocket] Connecting to Mods Agent CurseForge on ports range 58208-58208.
[2025-11-18 22:08:14.082] [info]  [PluginProcessHost] Agent stdout: Mods Agent server started on port 58208.
[2025-11-18 22:08:14.150] [info]  [PluginWebSocket] Connected to mods agent.
[2025-11-18 22:08:14.150] [info]  [PluginWebSocket] Connected to Mods Agent on port 58208.
[2025-11-18 22:08:15.569] [info]  [GamesScanStartedEventHandler] Games scan started. Comprehensive: false.
[2025-11-18 22:08:15.651] [info]  [GamesScanCompletedEventHandler] Games scan completed. Comprehensive: false. Canceled: false.
[2025-11-18 22:08:15.673] [info]  [CoreServiceImpl] Mods agent was initialized successfully.
[2025-11-18 22:08:15.729] [info]  [AnalyticsService] Executing GET request https://analyticsnew.overwolf.com/analytics/Counter?Name=cf_app_session_info&MUID=6a0d68ee-5733-1928-71ec-49e8ba47404c&MUIDV2=6a0d68ee-5733-1928-71ec-49e8ba47404c&owver=37.7.0&Extra=%7B%22app_ver%22%3A%221.290.0.28665%22%2C%22os_ver%22%3A%22linux%22%2C%22app_type%22%3A%22Electron%22%2C%22isLoggedIn%22%3Afalse%2C%22isSyncEnabled%22%3Afalse%2C%22appLanguage%22%3A%22en%22%2C%22groupsCount%22%3A%7B%7D%2C%22isMojangLoggedIn%22%3Afalse%2C%22minecraftLauncherTypes%22%3A%5B0%5D%7D.
[2025-11-18 22:08:15.808] [info]  [AnalyticsService] Executed GET request https://analyticsnew.overwolf.com/analytics/Counter?Name=cf_app_session_info&MUID=6a0d68ee-5733-1928-71ec-49e8ba47404c&MUIDV2=6a0d68ee-5733-1928-71ec-49e8ba47404c&owver=37.7.0&Extra=%7B%22app_ver%22%3A%221.290.0.28665%22%2C%22os_ver%22%3A%22linux%22%2C%22app_type%22%3A%22Electron%22%2C%22isLoggedIn%22%3Afalse%2C%22isSyncEnabled%22%3Afalse%2C%22appLanguage%22%3A%22en%22%2C%22groupsCount%22%3A%7B%7D%2C%22isMojangLoggedIn%22%3Afalse%2C%22minecraftLauncherTypes%22%3A%5B0%5D%7D. Status code: 200.
[2025-11-18 22:08:15.810] [info]  [ElectronApplication] CRN Api is not available.
[2025-11-18 22:08:16.178] [info]  [Renderer - Main Window] Redirecting to game 432 [ [] ]
[2025-11-18 22:08:16.346] [info]  [ReleaseNotesApiImpl] Fetching /1.290.0.28665/release-notes/1 ....
[2025-11-18 22:08:16.372] [info]  [Renderer - Main Window] Getting game 432 category classes [ [] ]
[2025-11-18 22:08:16.374] [info]  [EleriumCommunicationLayer] Request - GET v1/categories - params: {"gameId":432,"classesOnly":true}.
[2025-11-18 22:08:16.373] [info]  [Renderer - Main Window] Getting game 432 categories [ [] ]
[2025-11-18 22:08:16.403] [info]  [AnalyticsService] Executing GET request https://analyticsnew.overwolf.com/analytics/Counter?Name=cf_app_page_changed&MUID=6a0d68ee-5733-1928-71ec-49e8ba47404c&MUIDV2=6a0d68ee-5733-1928-71ec-49e8ba47404c&owver=37.7.0&Extra=%7B%22app_ver%22%3A%221.290.0.28665%22%2C%22os_ver%22%3A%22linux%22%2C%22app_type%22%3A%22Electron%22%2C%22currentAppPage%22%3A%22MyModpacksPage%22%7D.
[2025-11-18 22:08:16.404] [info]  [Renderer - Main Window] Got 144 categories for game 432 [ [] ]
[2025-11-18 22:08:16.407] [info]  [MeasurementAppServiceImpl] starting measurement game-dau.
[2025-11-18 22:08:16.452] [info]  [AnalyticsService] Executed GET request https://analyticsnew.overwolf.com/analytics/Counter?Name=cf_app_page_changed&MUID=6a0d68ee-5733-1928-71ec-49e8ba47404c&MUIDV2=6a0d68ee-5733-1928-71ec-49e8ba47404c&owver=37.7.0&Extra=%7B%22app_ver%22%3A%221.290.0.28665%22%2C%22os_ver%22%3A%22linux%22%2C%22app_type%22%3A%22Electron%22%2C%22currentAppPage%22%3A%22MyModpacksPage%22%7D. Status code: 200.
[2025-11-18 22:08:17.832] [info]  [MinecraftLoginAppServiceImpl] Get Microsoft Users Info.
[2025-11-18 22:08:17.823] [info]  [Renderer - Main Window] Getting game 432 install mod request from queue [ [] ]
[2025-11-18 22:08:17.833] [info]  [ModpacksAppServiceImpl] Getting game 432 installed modpacks.
[2025-11-18 22:08:17.834] [info]  [MinecraftLoginAppServiceImpl] Get Microsoft User Info.
[2025-11-18 22:08:17.833] [info]  [Renderer - Main Window] Game 432 has no pending install mod request [ [] ]
[2025-11-18 22:08:17.837] [warn]  [Renderer - Main Window] No last game instance guid to choose from [ [] ]
[2025-11-18 22:08:21.673] [info]  [Renderer - Main Window] [ReactErrorWatchDog] Starting watchdog with 1000 [ [] ]
[2025-11-18 22:08:26.410] [info]  [AnalyticsStorageManager] Already tracked cf_daily_active_user_per_game_v2_gameId.432 today.
[2025-11-18 22:08:26.410] [info]  [AnalyticsService] trackDailyUnique is unique: false.
[2025-11-18 22:08:30.415] [info]  [ModpacksAppServiceImpl] Import modpack from /home/vinicius/Downloads/drive-download-20251119T004244Z-1-001/Modpack.zip.
[2025-11-18 22:13:21.133] [info]  [EleriumCommunicationLayer] setCfCoreHost called with https://api.curseforge.com.
[2025-11-18 22:13:21.142] [info]  [ConfigurationServiceImpl] Current env: production.
[2025-11-18 22:13:21.164] [info]  [BackgroundController] App version: 1.290.0.28665.
[2025-11-18 22:13:21.166] [info]  [BackgroundController] OS: linux.
[2025-11-18 22:13:21.166] [info]  [BackgroundController] OS version: 6.17.8-arch1-1.
[2025-11-18 22:13:21.167] [info]  [BackgroundController] App startup args: /tmp/.mount_cursefzJOGUj/curseforge.
[2025-11-18 22:13:21.783] [info]  [BackgroundController] Electron App Ready. Continuing Initialization....
[2025-11-18 22:13:21.784] [info]  [ClientOverridesImpl] Fetching https://curseforge.overwolf.com/downloads/client-overrides-v2.json ....
[2025-11-18 22:13:22.148] [info]  [AppUpdateServiceImpl] Checking if app has an update which is available locally..
[2025-11-18 22:13:22.148] [info]  [AppUpdateServiceImpl] Checking for available application updates. Current app version is 1.290.0-28665.
[2025-11-18 22:13:22.149] [info]  Checking for update
[2025-11-18 22:13:22.149] [info]  Electron Updater - Checking for application update
[2025-11-18 22:13:22.477] [info]  Update for version 1.290.0-28665 is not available (latest version: 1.290.0-28665, downgrade is disallowed).
[2025-11-18 22:13:22.477] [info]  Electron Updater - App update is not available. Latest Version: 1.290.0-28665. Release Date: 2025-11-10T10:35:34.470Z
[2025-11-18 22:13:22.479] [info]  [AppUpdateServiceImpl] No updates are available for the app..
[2025-11-18 22:13:23.207] [info]  [Renderer - Main Window] Initializing Sentry service [ [] ]
[2025-11-18 22:13:23.227] [info]  [Renderer - Main Window] [ReactErrorWatchDog] Starting watchdog with 10000 [ [] ]
[2025-11-18 22:13:23.243] [info]  [AutoUpdaterServiceImpl] Starting Auto Updater Service.
[2025-11-18 22:13:23.243] [info]  [AutoUpdaterServiceImpl] Auto updater is disabled by configuration.
[2025-11-18 22:13:23.243] [info]  [LoginService] Validating login status.
[2025-11-18 22:13:23.243] [info]  [SessionInfoRepositoryImpl] Loading login tokens from storage.
[2025-11-18 22:13:23.244] [info]  [SessionInfoRepositoryImpl] Missing mandatory tokens. Clearing storage.
[2025-11-18 22:13:23.244] [info]  [SessionInfoRepositoryImpl] Clearing tokens from storage.
[2025-11-18 22:13:23.248] [info]  [LoginService] No login tokens found..
[2025-11-18 22:13:23.248] [info]  [SessionInfoRepositoryImpl] Clearing tokens from storage.
[2025-11-18 22:13:23.252] [info]  [LoginService] Notifying logged out status.
[2025-11-18 22:13:23.252] [info]  [SessionInfoRepositoryImpl] Clearing tokens from storage.
[2025-11-18 22:13:23.256] [error] [LoggedOutEventHandler] Failed to update client session info. Error: Radium API is not ready
[2025-11-18 22:13:23.257] [info]  [GameAuthUsersChangedEventHandler] Minecraft Users info loaded.
[2025-11-18 22:13:23.258] [info]  [LoggedOutEventHandler] User is logged out.
[2025-11-18 22:13:23.258] [info]  [MarketingVideosServiceImpl] Fetching https://mrkt.forgecdn.net/app-vids/onboarding_videos.json ....
[2025-11-18 22:13:23.261] [info]  [AppUpdatePeriodicChecker] Running periodic app update check.
[2025-11-18 22:13:23.261] [info]  [AppUpdateServiceImpl] Checking for available application updates. Current app version is 1.290.0-28665.
[2025-11-18 22:13:23.261] [info]  Checking for update
[2025-11-18 22:13:23.261] [info]  Electron Updater - Checking for application update
[2025-11-18 22:13:23.297] [info]  Update for version 1.290.0-28665 is not available (latest version: 1.290.0-28665, downgrade is disallowed).
[2025-11-18 22:13:23.298] [info]  Electron Updater - App update is not available. Latest Version: 1.290.0-28665. Release Date: 2025-11-10T10:35:34.470Z
[2025-11-18 22:13:23.298] [info]  [AppUpdateServiceImpl] No updates are available for the app..
[2025-11-18 22:13:23.298] [info]  [AppUpdatePeriodicChecker] No app update. Scheduling the next update check in 900000 milliseconds.
[2025-11-18 22:13:23.393] [info]  [PluginCommunication] Connecting to Mods Agent.
[2025-11-18 22:13:23.394] [info]  [PluginProcessHost] Starting Mods Agent with ports range 59646-59666.
[2025-11-18 22:13:23.394] [info]  [PluginProcessHost] Launching Mods Agent process /tmp/.mount_cursefzJOGUj/resources/app.asar.unpacked/plugins/curse/linux/Curse.Agent.Host with args: --port=59646,--to-port=59666,--pid=4134,--appDataPath=/home/vinicius/.config/CurseForge,--api-key=a08a283b-81c7-4a40-adc2-d24d3752dd12,--clientId=Overwolf.
[2025-11-18 22:13:23.555] [info]  [UptimeRobotApi] Executing GET request https://health.curseforge.com/app/monitorStatus.json.
[2025-11-18 22:13:23.574] [info]  [AnalyticsService] Executing GET request https://analyticsnew.overwolf.com/analytics/Counter?Name=cf_app_page_changed&MUID=6a0d68ee-5733-1928-71ec-49e8ba47404c&MUIDV2=6a0d68ee-5733-1928-71ec-49e8ba47404c&owver=37.7.0&Extra=%7B%22app_ver%22%3A%221.290.0.28665%22%2C%22os_ver%22%3A%22linux%22%2C%22app_type%22%3A%22Electron%22%2C%22currentAppPage%22%3A%22HomePage%22%7D.
[2025-11-18 22:13:23.667] [info]  [UptimeRobotApi] Executed GET request https://health.curseforge.com/app/monitorStatus.json. Status code: 200.
[2025-11-18 22:13:23.684] [info]  [AnalyticsService] Executed GET request https://analyticsnew.overwolf.com/analytics/Counter?Name=cf_app_page_changed&MUID=6a0d68ee-5733-1928-71ec-49e8ba47404c&MUIDV2=6a0d68ee-5733-1928-71ec-49e8ba47404c&owver=37.7.0&Extra=%7B%22app_ver%22%3A%221.290.0.28665%22%2C%22os_ver%22%3A%22linux%22%2C%22app_type%22%3A%22Electron%22%2C%22currentAppPage%22%3A%22HomePage%22%7D. Status code: 200.
[2025-11-18 22:13:23.841] [info]  [PluginProcessHost] Agent stdout: Starting CurseForge Agent Host.
[2025-11-18 22:13:23.973] [info]  [Renderer - Main Window] Starting Ads. Size: Container Id: curseforge_desktop_banner, Size: [{"width":400,"height":60}], Element ID: curseforge_desktop_banner [ [] ]
[2025-11-18 22:13:23.973] [info]  [Renderer - Main Window] Starting electron ads sdk [
  [
    {
      appId: 'pnhpggjfelbelmidfhnebbhfkabchccbheggegjc',
      muid: '6a0d68ee-5733-1928-71ec-49e8ba47404c',
      appVersion: '1.290.0.28665',
      userAgent: 'Mozilla/5.0 (X11; Linux x86_64) AppleWebKit/537.36 (KHTML, like Gecko) CurseForge/1.290.0-28665 Chrome/138.0.7204.251 Electron/37.7.0 Safari/537.36',
      size: [ { width: 400, height: 60 } ],
      containerId: 'curseforge_desktop_banner'
    }
  ]
]
[2025-11-18 22:13:23.997] [info]  [AnalyticsService] Executing GET request https://analyticsnew.overwolf.com/analytics/Counter?Name=cf_app_ads_library_initialized&MUID=6a0d68ee-5733-1928-71ec-49e8ba47404c&MUIDV2=6a0d68ee-5733-1928-71ec-49e8ba47404c&owver=37.7.0&Extra=%7B%22app_ver%22%3A%221.290.0.28665%22%2C%22os_ver%22%3A%22linux%22%2C%22app_type%22%3A%22Electron%22%7D.
[2025-11-18 22:13:24.000] [info]  [Renderer - Main Window] Starting Ads. Size: Container Id: curseforge_desktop_large, Size: [{"width":400,"height":600},{"width":1,"height":1}], Element ID: curseforge_desktop_large [ [] ]
[2025-11-18 22:13:24.000] [info]  [Renderer - Main Window] Starting electron ads sdk [
  [
    {
      appId: 'pnhpggjfelbelmidfhnebbhfkabchccbheggegjc',
      muid: '6a0d68ee-5733-1928-71ec-49e8ba47404c',
      appVersion: '1.290.0.28665',
      userAgent: 'Mozilla/5.0 (X11; Linux x86_64) AppleWebKit/537.36 (KHTML, like Gecko) CurseForge/1.290.0-28665 Chrome/138.0.7204.251 Electron/37.7.0 Safari/537.36',
      size: [ { width: 400, height: 600 }, { width: 1, height: 1 } ],
      containerId: 'curseforge_desktop_large'
    }
  ]
]
[2025-11-18 22:13:24.027] [info]  [AnalyticsService] Executing GET request https://analyticsnew.overwolf.com/analytics/Counter?Name=cf_app_ads_library_initialized&MUID=6a0d68ee-5733-1928-71ec-49e8ba47404c&MUIDV2=6a0d68ee-5733-1928-71ec-49e8ba47404c&owver=37.7.0&Extra=%7B%22app_ver%22%3A%221.290.0.28665%22%2C%22os_ver%22%3A%22linux%22%2C%22app_type%22%3A%22Electron%22%7D.
[2025-11-18 22:13:24.030] [info]  [AnalyticsService] Executed GET request https://analyticsnew.overwolf.com/analytics/Counter?Name=cf_app_ads_library_initialized&MUID=6a0d68ee-5733-1928-71ec-49e8ba47404c&MUIDV2=6a0d68ee-5733-1928-71ec-49e8ba47404c&owver=37.7.0&Extra=%7B%22app_ver%22%3A%221.290.0.28665%22%2C%22os_ver%22%3A%22linux%22%2C%22app_type%22%3A%22Electron%22%7D. Status code: 200.
[2025-11-18 22:13:24.120] [info]  [AnalyticsService] Executed GET request https://analyticsnew.overwolf.com/analytics/Counter?Name=cf_app_ads_library_initialized&MUID=6a0d68ee-5733-1928-71ec-49e8ba47404c&MUIDV2=6a0d68ee-5733-1928-71ec-49e8ba47404c&owver=37.7.0&Extra=%7B%22app_ver%22%3A%221.290.0.28665%22%2C%22os_ver%22%3A%22linux%22%2C%22app_type%22%3A%22Electron%22%7D. Status code: 200.
[2025-11-18 22:13:24.501] [info]  [PluginProcessHost] Agent stdout: Agent Data path is /home/vinicius/.config/CurseForge/agent.
[2025-11-18 22:13:24.501] [info]  [PluginProcessHost] Agent stdout: Agent Log path is /home/vinicius/.config/CurseForge/agent/logs.
[2025-11-18 22:13:26.190] [info]  [PluginProcessHost] Agent stdout: 11/18/2025 22:13:26 [Info] Server started at ws://127.0.0.1:59646/CurseForge (actual port 59646) .
[2025-11-18 22:13:26.191] [info]  [PluginProcessHost] Mods Agent started. pid: 4429, port: 59646.
[2025-11-18 22:13:26.192] [info]  [PluginWebSocket] Connecting to Mods Agent CurseForge on ports range 59646-59646.
[2025-11-18 22:13:26.208] [info]  [PluginProcessHost] Agent stdout: Mods Agent server started on port 59646.
[2025-11-18 22:13:26.315] [info]  [PluginWebSocket] Connected to mods agent.
[2025-11-18 22:13:26.316] [info]  [PluginWebSocket] Connected to Mods Agent on port 59646.
[2025-11-18 22:13:27.702] [info]  [GamesScanStartedEventHandler] Games scan started. Comprehensive: false.
[2025-11-18 22:13:27.804] [info]  [GamesScanCompletedEventHandler] Games scan completed. Comprehensive: false. Canceled: false.
[2025-11-18 22:13:27.830] [info]  [CoreServiceImpl] Mods agent was initialized successfully.
[2025-11-18 22:13:27.887] [info]  [AnalyticsService] Executing GET request https://analyticsnew.overwolf.com/analytics/Counter?Name=cf_app_session_info&MUID=6a0d68ee-5733-1928-71ec-49e8ba47404c&MUIDV2=6a0d68ee-5733-1928-71ec-49e8ba47404c&owver=37.7.0&Extra=%7B%22app_ver%22%3A%221.290.0.28665%22%2C%22os_ver%22%3A%22linux%22%2C%22app_type%22%3A%22Electron%22%2C%22isLoggedIn%22%3Afalse%2C%22isSyncEnabled%22%3Afalse%2C%22appLanguage%22%3A%22en%22%2C%22groupsCount%22%3A%7B%7D%2C%22isMojangLoggedIn%22%3Afalse%2C%22minecraftLauncherTypes%22%3A%5B0%5D%7D.
[2025-11-18 22:13:27.938] [info]  [AnalyticsService] Executed GET request https://analyticsnew.overwolf.com/analytics/Counter?Name=cf_app_session_info&MUID=6a0d68ee-5733-1928-71ec-49e8ba47404c&MUIDV2=6a0d68ee-5733-1928-71ec-49e8ba47404c&owver=37.7.0&Extra=%7B%22app_ver%22%3A%221.290.0.28665%22%2C%22os_ver%22%3A%22linux%22%2C%22app_type%22%3A%22Electron%22%2C%22isLoggedIn%22%3Afalse%2C%22isSyncEnabled%22%3Afalse%2C%22appLanguage%22%3A%22en%22%2C%22groupsCount%22%3A%7B%7D%2C%22isMojangLoggedIn%22%3Afalse%2C%22minecraftLauncherTypes%22%3A%5B0%5D%7D. Status code: 200.
[2025-11-18 22:13:27.940] [info]  [ElectronApplication] CRN Api is not available.
[2025-11-18 22:13:28.336] [info]  [Renderer - Main Window] Redirecting to game 432 [ [] ]
[2025-11-18 22:13:28.649] [info]  [ReleaseNotesApiImpl] Fetching /1.290.0.28665/release-notes/1 ....
[2025-11-18 22:13:28.688] [info]  [Renderer - Main Window] Getting game 432 category classes [ [] ]
[2025-11-18 22:13:28.695] [info]  [EleriumCommunicationLayer] Request - GET v1/categories - params: {"gameId":432,"classesOnly":true}.
[2025-11-18 22:13:28.689] [info]  [Renderer - Main Window] Getting game 432 categories [ [] ]
[2025-11-18 22:13:28.741] [info]  [AnalyticsService] Executing GET request https://analyticsnew.overwolf.com/analytics/Counter?Name=cf_app_page_changed&MUID=6a0d68ee-5733-1928-71ec-49e8ba47404c&MUIDV2=6a0d68ee-5733-1928-71ec-49e8ba47404c&owver=37.7.0&Extra=%7B%22app_ver%22%3A%221.290.0.28665%22%2C%22os_ver%22%3A%22linux%22%2C%22app_type%22%3A%22Electron%22%2C%22currentAppPage%22%3A%22MyModpacksPage%22%7D.
[2025-11-18 22:13:28.738] [info]  [Renderer - Main Window] Got 144 categories for game 432 [ [] ]
[2025-11-18 22:13:28.759] [info]  [MeasurementAppServiceImpl] starting measurement game-dau.
[2025-11-18 22:13:28.777] [info]  [AnalyticsService] Executed GET request https://analyticsnew.overwolf.com/analytics/Counter?Name=cf_app_page_changed&MUID=6a0d68ee-5733-1928-71ec-49e8ba47404c&MUIDV2=6a0d68ee-5733-1928-71ec-49e8ba47404c&owver=37.7.0&Extra=%7B%22app_ver%22%3A%221.290.0.28665%22%2C%22os_ver%22%3A%22linux%22%2C%22app_type%22%3A%22Electron%22%2C%22currentAppPage%22%3A%22MyModpacksPage%22%7D. Status code: 200.
[2025-11-18 22:13:28.952] [info]  [MinecraftLoginAppServiceImpl] Get Microsoft Users Info.
[2025-11-18 22:13:28.922] [info]  [Renderer - Main Window] Getting game 432 install mod request from queue [ [] ]
[2025-11-18 22:13:28.964] [info]  [ModpacksAppServiceImpl] Getting game 432 installed modpacks.
[2025-11-18 22:13:28.969] [info]  [MinecraftLoginAppServiceImpl] Get Microsoft User Info.
[2025-11-18 22:13:28.966] [info]  [Renderer - Main Window] Game 432 has no pending install mod request [ [] ]
[2025-11-18 22:13:28.980] [warn]  [Renderer - Main Window] No last game instance guid to choose from [ [] ]
[2025-11-18 22:13:33.228] [info]  [Renderer - Main Window] [ReactErrorWatchDog] Starting watchdog with 1000 [ [] ]
[2025-11-18 22:13:38.764] [info]  [AnalyticsStorageManager] Already tracked cf_daily_active_user_per_game_v2_gameId.432 today.
[2025-11-18 22:13:38.764] [info]  [AnalyticsService] trackDailyUnique is unique: false.
[2025-11-18 22:13:51.883] [info]  [ModpacksAppServiceImpl] Import modpack from /home/vinicius/Downloads/drive-download-20251119T004244Z-1-001/Modpack.zip.
[2025-11-18 22:13:57.609] [error] [Radiuminator] Failed to import modpack /home/vinicius/Downloads/drive-download-20251119T004244Z-1-001/Modpack.zip. An exception was thrown while activating Curse.Games.Minecraft.InstallTasks.MinecraftInstanceImportInstallTask..
[2025-11-18 22:13:57.610] [error] [Renderer - Main Window] Error: Failed to import modpack [ [] ]
[2025-11-18 22:14:05.790] [info]  [ModpacksAppServiceImpl] Import modpack from /home/vinicius/Downloads/drive-download-20251119T004244Z-1-001/Modpack.zip.
[2025-11-18 22:14:10.500] [error] [Radiuminator] Failed to import modpack /home/vinicius/Downloads/drive-download-20251119T004244Z-1-001/Modpack.zip. An exception was thrown while activating Curse.Games.Minecraft.InstallTasks.MinecraftInstanceImportInstallTask..
[2025-11-18 22:14:10.501] [error] [Renderer - Main Window] Error: Failed to import modpack [ [] ]
[2025-11-18 22:14:23.696] [info]  [UptimeRobotApi] Executing GET request https://health.curseforge.com/app/monitorStatus.json.
[2025-11-18 22:14:23.815] [info]  [UptimeRobotApi] Executed GET request https://health.curseforge.com/app/monitorStatus.json. Status code: 200.
[2025-11-18 22:15:00.591] [info]  [DesktopWindow] Desktop window closed.
[2025-11-18 22:15:00.591] [info]  [SessionsService] session ended.
[2025-11-18 22:15:00.591] [info]  [BackgroundController] Request to shutdown from tray ....
[2025-11-18 22:15:00.592] [info]  [BackgroundController] Shutting down....
[2025-11-18 22:15:00.592] [info]  [BackgroundController] Destroying app windows....
[2025-11-18 22:15:00.592] [info]  [AutoUpdaterServiceImpl] Stopping Auto Updater Service.
[2025-11-18 22:15:00.593] [info]  [CoreServiceImpl] Performing shutdown cleanup actions.
[2025-11-18 22:15:00.593] [info]  [InstalledProjectsAppServiceImpl] Cleanup - committing deletion transactions.
[2025-11-18 22:15:00.593] [info]  [InstalledProjectsAppServiceImpl] Flushing 0 projects which are pending deletion.
[2025-11-18 22:15:00.593] [info]  [CoreServiceImpl] Shutdown cleanup actions complete.
[2025-11-18 22:15:00.594] [info]  [PluginCommunication] Shutting down the Mods Agent.
[2025-11-18 22:15:01.824] [info]  [BackgroundController] Shutdown complete. Exiting app....
[2025-11-19 19:47:40.294] [info]  [EleriumCommunicationLayer] setCfCoreHost called with https://api.curseforge.com.
[2025-11-19 19:47:40.303] [info]  [ConfigurationServiceImpl] Current env: production.
[2025-11-19 19:47:40.321] [info]  [BackgroundController] App version: 1.290.0.28665.
[2025-11-19 19:47:40.323] [info]  [BackgroundController] OS: linux.
[2025-11-19 19:47:40.324] [info]  [BackgroundController] OS version: 6.17.8-arch1-1.
[2025-11-19 19:47:40.332] [info]  [BackgroundController] App startup args: /tmp/.mount_curseflqtWG4/curseforge.
[2025-11-19 19:47:40.819] [info]  [BackgroundController] Electron App Ready. Continuing Initialization....
[2025-11-19 19:47:40.823] [info]  [ClientOverridesImpl] Fetching https://curseforge.overwolf.com/downloads/client-overrides-v2.json ....
[2025-11-19 19:47:41.232] [info]  [AppUpdateServiceImpl] Checking if app has an update which is available locally..
[2025-11-19 19:47:41.233] [info]  [AppUpdateServiceImpl] Checking for available application updates. Current app version is 1.290.0-28665.
[2025-11-19 19:47:41.233] [info]  Checking for update
[2025-11-19 19:47:41.233] [info]  Electron Updater - Checking for application update
[2025-11-19 19:47:41.685] [info]  Found version 1.291.0-28875 (url: CurseForge-1.291.0-28875.AppImage, CurseForge_1.291.0-28875_amd64.deb)
[2025-11-19 19:47:41.685] [info]  Electron Updater - App update is available. Version 1.291.0-28875. Release Date: 2025-11-18T13:49:27.993Z
[2025-11-19 19:47:41.685] [info]  Downloading update from CurseForge-1.291.0-28875.AppImage, CurseForge_1.291.0-28875_amd64.deb
[2025-11-19 19:47:41.686] [info]  [AppUpdateServiceImpl] Update for version 1.291.0-28875 is downloading. Waiting for download to complete..
[2025-11-19 19:47:41.690] [info]  Cached update sha512 checksum doesn't match the latest available update. New update must be downloaded. Cached: Fp6AkoGhjKazdcT2d0IPKTCwIWXXd7zUP/BkJZ/nlZ8CMGOaCAXXIjPqu/K+3ETjvQiEd9cOismqXEpvTIfsqg==, expected: 7Q/Z3n3ou60NdVXbb6M2KuF6CQ8NssdlVyRPreowH7eOPjR7c/B1N1/K6DvvVX3VhEWG8jDf6VSeJMqR7ZlZUg==. Directory for cached update will be cleaned
[2025-11-19 19:47:41.911] [info]  File has 655 changed blocks
[2025-11-19 19:47:41.950] [info]  Full: 132,867.31 KB, To download: 13,844.39 KB (10%)
[2025-11-19 19:47:43.847] [info]  New version 1.291.0-28875 has been downloaded to /home/vinicius/.cache/curseforge-updater/pending/CurseForge-1.291.0-28875.AppImage
[2025-11-19 19:47:43.848] [info]  Electron Updater - App update downloaded. Version 1.291.0-28875. Release Date: 2025-11-18T13:49:27.993Z. Staging Percentage: undefined. Downloaded File: /home/vinicius/.cache/curseforge-updater/pending/CurseForge-1.291.0-28875.AppImage
[2025-11-19 19:47:43.854] [info]  [AppUpdateServiceImpl] Performing app update. IsSilent: false, RelaunchAfterUpdate: true.
[2025-11-19 19:47:43.854] [info]  Install on explicit quitAndInstall
[2025-11-19 19:47:43.854] [info]  Install: isSilent: false, isForceRunAfter: true
[2025-11-19 19:47:43.859] [info]  Executing: /home/vinicius/Applications/curseforge-latest-linux.AppImage with args: 
[2025-11-19 19:47:43.877] [info]  [BackgroundController] Request to shutdown from tray ....
[2025-11-19 19:47:43.877] [info]  [BackgroundController] Shutting down....
[2025-11-19 19:47:43.878] [info]  [BackgroundController] Destroying app windows....
[2025-11-19 19:47:43.879] [info]  [DesktopWindow] Desktop window closed.
[2025-11-19 19:47:43.885] [info]  [AutoUpdaterServiceImpl] Stopping Auto Updater Service.
[2025-11-19 19:47:43.885] [info]  [CoreServiceImpl] Performing shutdown cleanup actions.
[2025-11-19 19:47:43.886] [info]  [InstalledProjectsAppServiceImpl] Cleanup - committing deletion transactions.
[2025-11-19 19:47:43.886] [info]  [InstalledProjectsAppServiceImpl] Flushing 0 projects which are pending deletion.
[2025-11-19 19:47:43.886] [info]  [CoreServiceImpl] Shutdown cleanup actions complete.
[2025-11-19 19:47:43.887] [error] [CoreServiceImpl] Failed to shutdown RadiumApi. Error: Not ready!
[2025-11-19 19:47:43.887] [info]  [BackgroundController] Shutdown complete. Exiting app....
[2025-11-19 19:47:44.892] [info]  [EleriumCommunicationLayer] setCfCoreHost called with https://api.curseforge.com.
[2025-11-19 19:47:44.900] [info]  [ConfigurationServiceImpl] Current env: production.
[2025-11-19 19:47:44.921] [info]  [BackgroundController] App version: 1.291.0.28875.
[2025-11-19 19:47:44.922] [info]  [BackgroundController] OS: linux.
[2025-11-19 19:47:44.922] [info]  [BackgroundController] OS version: 6.17.8-arch1-1.
[2025-11-19 19:47:44.923] [info]  [BackgroundController] App startup args: /tmp/.mount_cursef2WqWMK/curseforge.
[2025-11-19 19:47:45.379] [info]  [BackgroundController] Electron App Ready. Continuing Initialization....
[2025-11-19 19:47:45.380] [info]  [ClientOverridesImpl] Fetching https://curseforge.overwolf.com/downloads/client-overrides-v2.json ....
[2025-11-19 19:47:45.604] [info]  [AppUpdateServiceImpl] Checking if app has an update which is available locally..
[2025-11-19 19:47:45.604] [info]  [AppUpdateServiceImpl] Checking for available application updates. Current app version is 1.291.0-28875.
[2025-11-19 19:47:45.605] [info]  Checking for update
[2025-11-19 19:47:45.605] [info]  Electron Updater - Checking for application update
[2025-11-19 19:47:45.899] [info]  Update for version 1.291.0-28875 is not available (latest version: 1.291.0-28875, downgrade is disallowed).
[2025-11-19 19:47:45.899] [info]  Electron Updater - App update is not available. Latest Version: 1.291.0-28875. Release Date: 2025-11-18T13:49:27.993Z
[2025-11-19 19:47:45.900] [info]  [AppUpdateServiceImpl] No updates are available for the app..
[2025-11-19 19:47:46.459] [info]  [Renderer - Main Window] Initializing Sentry service [ [] ]
[2025-11-19 19:47:46.478] [info]  [Renderer - Main Window] [ReactErrorWatchDog] Starting watchdog with 10000 [ [] ]
[2025-11-19 19:47:46.490] [info]  [AutoUpdaterServiceImpl] Starting Auto Updater Service.
[2025-11-19 19:47:46.491] [info]  [AutoUpdaterServiceImpl] Auto updater is disabled by configuration.
[2025-11-19 19:47:46.491] [info]  [LoginService] Validating login status.
[2025-11-19 19:47:46.491] [info]  [SessionInfoRepositoryImpl] Loading login tokens from storage.
[2025-11-19 19:47:46.491] [info]  [SessionInfoRepositoryImpl] Missing mandatory tokens. Clearing storage.
[2025-11-19 19:47:46.492] [info]  [SessionInfoRepositoryImpl] Clearing tokens from storage.
[2025-11-19 19:47:46.495] [info]  [LoginService] No login tokens found..
[2025-11-19 19:47:46.495] [info]  [SessionInfoRepositoryImpl] Clearing tokens from storage.
[2025-11-19 19:47:46.499] [info]  [LoginService] Notifying logged out status.
[2025-11-19 19:47:46.500] [info]  [SessionInfoRepositoryImpl] Clearing tokens from storage.
[2025-11-19 19:47:46.502] [error] [LoggedOutEventHandler] Failed to update client session info. Error: Radium API is not ready
[2025-11-19 19:47:46.503] [info]  [GameAuthUsersChangedEventHandler] Minecraft Users info loaded.
[2025-11-19 19:47:46.503] [info]  [LoggedOutEventHandler] User is logged out.
[2025-11-19 19:47:46.504] [info]  [MarketingVideosServiceImpl] Fetching https://mrkt.forgecdn.net/app-vids/onboarding_videos.json ....
[2025-11-19 19:47:46.505] [info]  [AppUpdatePeriodicChecker] Running periodic app update check.
[2025-11-19 19:47:46.505] [info]  [AppUpdateServiceImpl] Checking for available application updates. Current app version is 1.291.0-28875.
[2025-11-19 19:47:46.506] [info]  Checking for update
[2025-11-19 19:47:46.506] [info]  Electron Updater - Checking for application update
[2025-11-19 19:47:46.552] [info]  Update for version 1.291.0-28875 is not available (latest version: 1.291.0-28875, downgrade is disallowed).
[2025-11-19 19:47:46.553] [info]  Electron Updater - App update is not available. Latest Version: 1.291.0-28875. Release Date: 2025-11-18T13:49:27.993Z
[2025-11-19 19:47:46.553] [info]  [AppUpdateServiceImpl] No updates are available for the app..
[2025-11-19 19:47:46.553] [info]  [AppUpdatePeriodicChecker] No app update. Scheduling the next update check in 900000 milliseconds.
[2025-11-19 19:47:46.647] [info]  [PluginCommunication] Connecting to Mods Agent.
[2025-11-19 19:47:46.647] [info]  [PluginProcessHost] Starting Mods Agent with ports range 59549-59569.
[2025-11-19 19:47:46.647] [info]  [PluginProcessHost] Launching Mods Agent process /tmp/.mount_cursef2WqWMK/resources/app.asar.unpacked/plugins/curse/linux/Curse.Agent.Host with args: --port=59549,--to-port=59569,--pid=13689,--appDataPath=/home/vinicius/.config/CurseForge,--api-key=e1707f1d-4157-4068-978d-afbaf8738c74,--clientId=Overwolf.
[2025-11-19 19:47:46.667] [info]  [UptimeRobotApi] Executing GET request https://health.curseforge.com/app/monitorStatus.json.
[2025-11-19 19:47:46.687] [info]  [AnalyticsService] Executing GET request https://analyticsnew.overwolf.com/analytics/Counter?Name=cf_app_page_changed&MUID=6a0d68ee-5733-1928-71ec-49e8ba47404c&MUIDV2=6a0d68ee-5733-1928-71ec-49e8ba47404c&owver=37.7.0&Extra=%7B%22app_ver%22%3A%221.291.0.28875%22%2C%22os_ver%22%3A%22linux%22%2C%22app_type%22%3A%22Electron%22%2C%22currentAppPage%22%3A%22HomePage%22%7D.
[2025-11-19 19:47:46.778] [info]  [UptimeRobotApi] Executed GET request https://health.curseforge.com/app/monitorStatus.json. Status code: 200.
[2025-11-19 19:47:46.799] [info]  [AnalyticsService] Executed GET request https://analyticsnew.overwolf.com/analytics/Counter?Name=cf_app_page_changed&MUID=6a0d68ee-5733-1928-71ec-49e8ba47404c&MUIDV2=6a0d68ee-5733-1928-71ec-49e8ba47404c&owver=37.7.0&Extra=%7B%22app_ver%22%3A%221.291.0.28875%22%2C%22os_ver%22%3A%22linux%22%2C%22app_type%22%3A%22Electron%22%2C%22currentAppPage%22%3A%22HomePage%22%7D. Status code: 200.
[2025-11-19 19:47:46.928] [info]  [PluginProcessHost] Agent stdout: Starting CurseForge Agent Host.
[2025-11-19 19:47:47.229] [info]  [Renderer - Main Window] Starting Ads. Size: Container Id: curseforge_desktop_banner, Size: [{"width":400,"height":60}], Element ID: curseforge_desktop_banner [ [] ]
[2025-11-19 19:47:47.230] [info]  [Renderer - Main Window] Starting electron ads sdk [
  [
    {
      appId: 'pnhpggjfelbelmidfhnebbhfkabchccbheggegjc',
      muid: '6a0d68ee-5733-1928-71ec-49e8ba47404c',
      appVersion: '1.291.0.28875',
      userAgent: 'Mozilla/5.0 (X11; Linux x86_64) AppleWebKit/537.36 (KHTML, like Gecko) CurseForge/1.291.0-28875 Chrome/138.0.7204.251 Electron/37.7.0 Safari/537.36',
      size: [ { width: 400, height: 60 } ],
      containerId: 'curseforge_desktop_banner'
    }
  ]
]
[2025-11-19 19:47:47.240] [info]  [AnalyticsService] Executing GET request https://analyticsnew.overwolf.com/analytics/Counter?Name=cf_app_ads_library_initialized&MUID=6a0d68ee-5733-1928-71ec-49e8ba47404c&MUIDV2=6a0d68ee-5733-1928-71ec-49e8ba47404c&owver=37.7.0&Extra=%7B%22app_ver%22%3A%221.291.0.28875%22%2C%22os_ver%22%3A%22linux%22%2C%22app_type%22%3A%22Electron%22%7D.
[2025-11-19 19:47:47.245] [info]  [Renderer - Main Window] Starting Ads. Size: Container Id: curseforge_desktop_large, Size: [{"width":400,"height":600},{"width":1,"height":1}], Element ID: curseforge_desktop_large [ [] ]
[2025-11-19 19:47:47.245] [info]  [Renderer - Main Window] Starting electron ads sdk [
  [
    {
      appId: 'pnhpggjfelbelmidfhnebbhfkabchccbheggegjc',
      muid: '6a0d68ee-5733-1928-71ec-49e8ba47404c',
      appVersion: '1.291.0.28875',
      userAgent: 'Mozilla/5.0 (X11; Linux x86_64) AppleWebKit/537.36 (KHTML, like Gecko) CurseForge/1.291.0-28875 Chrome/138.0.7204.251 Electron/37.7.0 Safari/537.36',
      size: [ { width: 400, height: 600 }, { width: 1, height: 1 } ],
      containerId: 'curseforge_desktop_large'
    }
  ]
]
[2025-11-19 19:47:47.254] [info]  [AnalyticsService] Executing GET request https://analyticsnew.overwolf.com/analytics/Counter?Name=cf_app_ads_library_initialized&MUID=6a0d68ee-5733-1928-71ec-49e8ba47404c&MUIDV2=6a0d68ee-5733-1928-71ec-49e8ba47404c&owver=37.7.0&Extra=%7B%22app_ver%22%3A%221.291.0.28875%22%2C%22os_ver%22%3A%22linux%22%2C%22app_type%22%3A%22Electron%22%7D.
[2025-11-19 19:47:47.271] [info]  [AnalyticsService] Executed GET request https://analyticsnew.overwolf.com/analytics/Counter?Name=cf_app_ads_library_initialized&MUID=6a0d68ee-5733-1928-71ec-49e8ba47404c&MUIDV2=6a0d68ee-5733-1928-71ec-49e8ba47404c&owver=37.7.0&Extra=%7B%22app_ver%22%3A%221.291.0.28875%22%2C%22os_ver%22%3A%22linux%22%2C%22app_type%22%3A%22Electron%22%7D. Status code: 200.
[2025-11-19 19:47:47.357] [info]  [AnalyticsService] Executed GET request https://analyticsnew.overwolf.com/analytics/Counter?Name=cf_app_ads_library_initialized&MUID=6a0d68ee-5733-1928-71ec-49e8ba47404c&MUIDV2=6a0d68ee-5733-1928-71ec-49e8ba47404c&owver=37.7.0&Extra=%7B%22app_ver%22%3A%221.291.0.28875%22%2C%22os_ver%22%3A%22linux%22%2C%22app_type%22%3A%22Electron%22%7D. Status code: 200.
[2025-11-19 19:47:47.384] [info]  [PluginProcessHost] Agent stdout: Agent Data path is /home/vinicius/.config/CurseForge/agent.
[2025-11-19 19:47:47.384] [info]  [PluginProcessHost] Agent stdout: Agent Log path is /home/vinicius/.config/CurseForge/agent/logs.
[2025-11-19 19:47:48.669] [info]  [PluginProcessHost] Agent stdout: 11/19/2025 19:47:48 [Info] Server started at ws://127.0.0.1:59549/CurseForge (actual port 59549) .
[2025-11-19 19:47:48.669] [info]  [PluginProcessHost] Mods Agent started. pid: 13836, port: 59549.
[2025-11-19 19:47:48.669] [info]  [PluginWebSocket] Connecting to Mods Agent CurseForge on ports range 59549-59549.
[2025-11-19 19:47:48.686] [info]  [PluginProcessHost] Agent stdout: Mods Agent server started on port 59549.
[2025-11-19 19:47:48.762] [info]  [PluginWebSocket] Connected to mods agent.
[2025-11-19 19:47:48.763] [info]  [PluginWebSocket] Connected to Mods Agent on port 59549.
[2025-11-19 19:47:49.792] [info]  [GamesScanStartedEventHandler] Games scan started. Comprehensive: false.
[2025-11-19 19:47:49.872] [info]  [GamesScanCompletedEventHandler] Games scan completed. Comprehensive: false. Canceled: false.
[2025-11-19 19:47:49.898] [info]  [CoreServiceImpl] Mods agent was initialized successfully.
[2025-11-19 19:47:49.947] [info]  [AppConnectivityService] Reporting app connectivity.
[2025-11-19 19:47:49.948] [info]  [AnalyticsService] Executing POST request https://tracking.overwolf.com/tracking/InsertStats?Stats=true.
[2025-11-19 19:47:50.401] [info]  [Renderer - Main Window] Redirecting to game 432 [ [] ]
[2025-11-19 19:47:50.425] [info]  [ReleaseNotesApiImpl] Fetching /1.291.0.28875/release-notes/1 ....
[2025-11-19 19:47:50.585] [info]  [AnalyticsService] Executed POST request https://tracking.overwolf.com/tracking/InsertStats?Stats=true. Status code: 200.
[2025-11-19 19:47:50.586] [info]  [AnalyticsService] Sent a Grafana event to https://tracking.overwolf.com/tracking/InsertStats?Stats=true.
[2025-11-19 19:47:50.598] [info]  [AnalyticsService] Executing GET request https://analyticsnew.overwolf.com/analytics/Counter?Name=cf_app_session_info&MUID=6a0d68ee-5733-1928-71ec-49e8ba47404c&MUIDV2=6a0d68ee-5733-1928-71ec-49e8ba47404c&owver=37.7.0&Extra=%7B%22app_ver%22%3A%221.291.0.28875%22%2C%22os_ver%22%3A%22linux%22%2C%22app_type%22%3A%22Electron%22%2C%22isLoggedIn%22%3Afalse%2C%22isSyncEnabled%22%3Afalse%2C%22appLanguage%22%3A%22en%22%2C%22groupsCount%22%3A%7B%7D%2C%22isMojangLoggedIn%22%3Afalse%2C%22minecraftLauncherTypes%22%3A%5B0%5D%7D.
[2025-11-19 19:47:50.614] [info]  [Renderer - Main Window] Getting game 432 category classes [ [] ]
[2025-11-19 19:47:50.615] [info]  [EleriumCommunicationLayer] Request - GET v1/categories - params: {"gameId":432,"classesOnly":true}.
[2025-11-19 19:47:50.614] [info]  [Renderer - Main Window] Getting game 432 categories [ [] ]
[2025-11-19 19:47:50.635] [info]  [AnalyticsService] Executed GET request https://analyticsnew.overwolf.com/analytics/Counter?Name=cf_app_session_info&MUID=6a0d68ee-5733-1928-71ec-49e8ba47404c&MUIDV2=6a0d68ee-5733-1928-71ec-49e8ba47404c&owver=37.7.0&Extra=%7B%22app_ver%22%3A%221.291.0.28875%22%2C%22os_ver%22%3A%22linux%22%2C%22app_type%22%3A%22Electron%22%2C%22isLoggedIn%22%3Afalse%2C%22isSyncEnabled%22%3Afalse%2C%22appLanguage%22%3A%22en%22%2C%22groupsCount%22%3A%7B%7D%2C%22isMojangLoggedIn%22%3Afalse%2C%22minecraftLauncherTypes%22%3A%5B0%5D%7D. Status code: 200.
[2025-11-19 19:47:50.636] [info]  [ElectronApplication] CRN Api is not available.
[2025-11-19 19:47:50.637] [info]  [EleriumCommunicationLayer] Request - GET v1/categories - params: {"gameId":432}.
[2025-11-19 19:47:50.639] [info]  [AnalyticsService] Executing GET request https://analyticsnew.overwolf.com/analytics/Counter?Name=cf_app_page_changed&MUID=6a0d68ee-5733-1928-71ec-49e8ba47404c&MUIDV2=6a0d68ee-5733-1928-71ec-49e8ba47404c&owver=37.7.0&Extra=%7B%22app_ver%22%3A%221.291.0.28875%22%2C%22os_ver%22%3A%22linux%22%2C%22app_type%22%3A%22Electron%22%2C%22currentAppPage%22%3A%22MyModpacksPage%22%7D.
[2025-11-19 19:47:50.635] [info]  [Renderer - Main Window] Got 144 categories for game 432 [ [] ]
[2025-11-19 19:47:50.641] [info]  [MeasurementAppServiceImpl] starting measurement game-dau.
[2025-11-19 19:47:50.664] [info]  [AnalyticsService] Executed GET request https://analyticsnew.overwolf.com/analytics/Counter?Name=cf_app_page_changed&MUID=6a0d68ee-5733-1928-71ec-49e8ba47404c&MUIDV2=6a0d68ee-5733-1928-71ec-49e8ba47404c&owver=37.7.0&Extra=%7B%22app_ver%22%3A%221.291.0.28875%22%2C%22os_ver%22%3A%22linux%22%2C%22app_type%22%3A%22Electron%22%2C%22currentAppPage%22%3A%22MyModpacksPage%22%7D. Status code: 200.
[2025-11-19 19:47:50.772] [info]  [MinecraftLoginAppServiceImpl] Get Microsoft Users Info.
[2025-11-19 19:47:50.763] [info]  [Renderer - Main Window] Getting game 432 install mod request from queue [ [] ]
[2025-11-19 19:47:50.774] [info]  [ModpacksAppServiceImpl] Getting game 432 installed modpacks.
[2025-11-19 19:47:50.776] [info]  [MinecraftLoginAppServiceImpl] Get Microsoft User Info.
[2025-11-19 19:47:50.773] [info]  [Renderer - Main Window] Game 432 has no pending install mod request [ [] ]
[2025-11-19 19:47:50.778] [warn]  [Renderer - Main Window] No last game instance guid to choose from [ [] ]
[2025-11-19 19:47:56.478] [info]  [Renderer - Main Window] [ReactErrorWatchDog] Starting watchdog with 1000 [ [] ]
[2025-11-19 19:48:00.646] [info]  [AnalyticsService] trackDailyUnique is unique: true.
[2025-11-19 19:48:00.646] [info]  [AnalyticsService] Executing GET request https://analyticsnew.overwolf.com/analytics/Counter?Name=cf_daily_active_user_per_game_v2&MUID=6a0d68ee-5733-1928-71ec-49e8ba47404c&MUIDV2=6a0d68ee-5733-1928-71ec-49e8ba47404c&owver=37.7.0&Extra=%7B%22app_ver%22%3A%221.291.0.28875%22%2C%22os_ver%22%3A%22linux%22%2C%22app_type%22%3A%22Electron%22%2C%22game_id%22%3A432%2C%22gameId%22%3A432%7D.
[2025-11-19 19:48:00.737] [info]  [AnalyticsService] Executed GET request https://analyticsnew.overwolf.com/analytics/Counter?Name=cf_daily_active_user_per_game_v2&MUID=6a0d68ee-5733-1928-71ec-49e8ba47404c&MUIDV2=6a0d68ee-5733-1928-71ec-49e8ba47404c&owver=37.7.0&Extra=%7B%22app_ver%22%3A%221.291.0.28875%22%2C%22os_ver%22%3A%22linux%22%2C%22app_type%22%3A%22Electron%22%2C%22game_id%22%3A432%2C%22gameId%22%3A432%7D. Status code: 200.
[2025-11-19 19:48:00.866] [info]  [EleriumCommunicationLayer] Request - GET v1/games/432/versions - params: None.
[2025-11-19 19:48:00.973] [info]  [EleriumCommunicationLayer] Request - GET v1/minecraft/modloader?includeAll=true - params: None.
[2025-11-19 19:48:01.824] [info]  [Renderer - Main Window] Getting Minecraft 1.21.10 ModLoaders [ [] ]
[2025-11-19 19:48:08.456] [info]  [Renderer - Main Window] Getting Minecraft 1.21.1 ModLoaders [ [] ]
[2025-11-19 19:48:10.771] [info]  [Renderer - Main Window] Getting Minecraft 1.21.1 ModLoaders [ [] ]
[2025-11-19 19:48:46.782] [info]  [UptimeRobotApi] Executing GET request https://health.curseforge.com/app/monitorStatus.json.
[2025-11-19 19:48:46.890] [info]  [UptimeRobotApi] Executed GET request https://health.curseforge.com/app/monitorStatus.json. Status code: 200.
[2025-11-19 19:48:56.828] [info]  [ModpacksAppServiceImpl] Creating custom modpack instance: Skibidi craft. GameId: 432,  GameVersion: 1.21.1, Modloader version: neoforge-21.1.211.
[2025-11-19 19:48:56.830] [info]  [AnalyticsService] Executing GET request https://analyticsnew.overwolf.com/analytics/Counter?Name=cf_app_create_profile_requested&MUID=6a0d68ee-5733-1928-71ec-49e8ba47404c&MUIDV2=6a0d68ee-5733-1928-71ec-49e8ba47404c&owver=37.7.0&Extra=%7B%22app_ver%22%3A%221.291.0.28875%22%2C%22os_ver%22%3A%22linux%22%2C%22app_type%22%3A%22Electron%22%2C%22gameId%22%3A432%2C%22minecraftVersion%22%3A%221.21.1%22%2C%22modloaderType%22%3A6%2C%22modloaderVersion%22%3A%22neoforge-21.1.211%22%2C%22installSource%22%3A0%2C%22isModpackDefaultSettingsEnabled%22%3Afalse%2C%22modpackImageType%22%3A0%7D.
[2025-11-19 19:48:56.952] [info]  [AnalyticsService] Executed GET request https://analyticsnew.overwolf.com/analytics/Counter?Name=cf_app_create_profile_requested&MUID=6a0d68ee-5733-1928-71ec-49e8ba47404c&MUIDV2=6a0d68ee-5733-1928-71ec-49e8ba47404c&owver=37.7.0&Extra=%7B%22app_ver%22%3A%221.291.0.28875%22%2C%22os_ver%22%3A%22linux%22%2C%22app_type%22%3A%22Electron%22%2C%22gameId%22%3A432%2C%22minecraftVersion%22%3A%221.21.1%22%2C%22modloaderType%22%3A6%2C%22modloaderVersion%22%3A%22neoforge-21.1.211%22%2C%22installSource%22%3A0%2C%22isModpackDefaultSettingsEnabled%22%3Afalse%2C%22modpackImageType%22%3A0%7D. Status code: 200.
[2025-11-19 19:48:57.406] [info]  [ModpackDetectedEventHandler] Modpack 3a9852f5-bf54-4ecd-a0cd-65a21587c0c2 detected.
[2025-11-19 19:48:57.431] [info]  [AnalyticsService] Executing GET request https://analyticsnew.overwolf.com/analytics/Counter?Name=cf_app_modpack_installed&MUID=6a0d68ee-5733-1928-71ec-49e8ba47404c&MUIDV2=6a0d68ee-5733-1928-71ec-49e8ba47404c&owver=37.7.0&Extra=%7B%22app_ver%22%3A%221.291.0.28875%22%2C%22os_ver%22%3A%22linux%22%2C%22app_type%22%3A%22Electron%22%2C%22game_id%22%3A432%2C%22isCustom%22%3Atrue%7D.
[2025-11-19 19:48:57.463] [info]  [AnalyticsService] Executed GET request https://analyticsnew.overwolf.com/analytics/Counter?Name=cf_app_modpack_installed&MUID=6a0d68ee-5733-1928-71ec-49e8ba47404c&MUIDV2=6a0d68ee-5733-1928-71ec-49e8ba47404c&owver=37.7.0&Extra=%7B%22app_ver%22%3A%221.291.0.28875%22%2C%22os_ver%22%3A%22linux%22%2C%22app_type%22%3A%22Electron%22%2C%22game_id%22%3A432%2C%22isCustom%22%3Atrue%7D. Status code: 200.
[2025-11-19 19:48:57.471] [info]  [GameInstanceChangedEventHandler] Game instance changed: 3a9852f5-bf54-4ecd-a0cd-65a21587c0c2 - ["AddedToDatabase"].
[2025-11-19 19:48:57.488] [info]  [ModpacksAppServiceImpl] Getting game 432 installed modpacks.
[2025-11-19 19:48:57.525] [info]  [ModpacksAppServiceImpl] Getting installed modpack 3a9852f5-bf54-4ecd-a0cd-65a21587c0c2.
[2025-11-19 19:48:57.535] [info]  [AnalyticsService] Executing GET request https://analyticsnew.overwolf.com/analytics/Counter?Name=cf_app_page_changed&MUID=6a0d68ee-5733-1928-71ec-49e8ba47404c&MUIDV2=6a0d68ee-5733-1928-71ec-49e8ba47404c&owver=37.7.0&Extra=%7B%22app_ver%22%3A%221.291.0.28875%22%2C%22os_ver%22%3A%22linux%22%2C%22app_type%22%3A%22Electron%22%2C%22currentAppPage%22%3A%22InstalledProjectPage%22%7D.
[2025-11-19 19:48:57.560] [info]  [AnalyticsService] Executed GET request https://analyticsnew.overwolf.com/analytics/Counter?Name=cf_app_page_changed&MUID=6a0d68ee-5733-1928-71ec-49e8ba47404c&MUIDV2=6a0d68ee-5733-1928-71ec-49e8ba47404c&owver=37.7.0&Extra=%7B%22app_ver%22%3A%221.291.0.28875%22%2C%22os_ver%22%3A%22linux%22%2C%22app_type%22%3A%22Electron%22%2C%22currentAppPage%22%3A%22InstalledProjectPage%22%7D. Status code: 200.
[2025-11-19 19:49:46.892] [info]  [UptimeRobotApi] Executing GET request https://health.curseforge.com/app/monitorStatus.json.
[2025-11-19 19:49:47.368] [info]  [UptimeRobotApi] Executed GET request https://health.curseforge.com/app/monitorStatus.json. Status code: 200.
[2025-11-19 19:50:16.211] [info]  [GameInstanceChangedEventHandler] Game instance changed: 3a9852f5-bf54-4ecd-a0cd-65a21587c0c2 - ["Saved"].
[2025-11-19 19:50:16.212] [info]  [ModpackChangedEventHandler] Modpack 3a9852f5-bf54-4ecd-a0cd-65a21587c0c2 changed.
[2025-11-19 19:50:16.254] [info]  [GameInstanceChangedEventHandler] Game instance changed: 3a9852f5-bf54-4ecd-a0cd-65a21587c0c2 - ["Saved"].
[2025-11-19 19:50:16.255] [info]  [ModpackChangedEventHandler] Modpack 3a9852f5-bf54-4ecd-a0cd-65a21587c0c2 changed.
[2025-11-19 19:50:16.256] [info]  [MinecraftInstanceTaskCompletedEventHandler] Minecraft instance task completed.
[2025-11-19 19:50:45.102] [info]  [AnalyticsService] Executing GET request https://analyticsnew.overwolf.com/analytics/Counter?Name=cf_app_page_changed&MUID=6a0d68ee-5733-1928-71ec-49e8ba47404c&MUIDV2=6a0d68ee-5733-1928-71ec-49e8ba47404c&owver=37.7.0&Extra=%7B%22app_ver%22%3A%221.291.0.28875%22%2C%22os_ver%22%3A%22linux%22%2C%22app_type%22%3A%22Electron%22%2C%22currentAppPage%22%3A%22MyModpacksPage%22%7D.
[2025-11-19 19:50:45.232] [info]  [AnalyticsService] Executed GET request https://analyticsnew.overwolf.com/analytics/Counter?Name=cf_app_page_changed&MUID=6a0d68ee-5733-1928-71ec-49e8ba47404c&MUIDV2=6a0d68ee-5733-1928-71ec-49e8ba47404c&owver=37.7.0&Extra=%7B%22app_ver%22%3A%221.291.0.28875%22%2C%22os_ver%22%3A%22linux%22%2C%22app_type%22%3A%22Electron%22%2C%22currentAppPage%22%3A%22MyModpacksPage%22%7D. Status code: 200.
[2025-11-19 19:50:47.370] [info]  [UptimeRobotApi] Executing GET request https://health.curseforge.com/app/monitorStatus.json.
[2025-11-19 19:50:47.473] [info]  [UptimeRobotApi] Executed GET request https://health.curseforge.com/app/monitorStatus.json. Status code: 200.
[2025-11-19 19:50:55.842] [info]  [ModpacksAppServiceImpl] Import modpack from /home/vinicius/Downloads/drive-download-20251119T004244Z-1-001/Modpack.zip.
[2025-11-19 19:51:01.085] [error] [Radiuminator] Failed to import modpack /home/vinicius/Downloads/drive-download-20251119T004244Z-1-001/Modpack.zip. An exception was thrown while activating Curse.Games.Minecraft.InstallTasks.MinecraftInstanceImportInstallTask..
[2025-11-19 19:51:01.086] [error] [Renderer - Main Window] Error: Failed to import modpack [ [] ]
[2025-11-19 19:51:02.769] [info]  [Renderer - Main Window] Getting Minecraft 1.21.10 ModLoaders [ [] ]
[2025-11-19 19:51:05.529] [info]  [ModpacksAppServiceImpl] Getting installed modpack 3a9852f5-bf54-4ecd-a0cd-65a21587c0c2.
[2025-11-19 19:51:05.533] [info]  [AnalyticsService] Executing GET request https://analyticsnew.overwolf.com/analytics/Counter?Name=cf_app_page_changed&MUID=6a0d68ee-5733-1928-71ec-49e8ba47404c&MUIDV2=6a0d68ee-5733-1928-71ec-49e8ba47404c&owver=37.7.0&Extra=%7B%22app_ver%22%3A%221.291.0.28875%22%2C%22os_ver%22%3A%22linux%22%2C%22app_type%22%3A%22Electron%22%2C%22currentAppPage%22%3A%22InstalledProjectPage%22%7D.
[2025-11-19 19:51:05.644] [info]  [AnalyticsService] Executed GET request https://analyticsnew.overwolf.com/analytics/Counter?Name=cf_app_page_changed&MUID=6a0d68ee-5733-1928-71ec-49e8ba47404c&MUIDV2=6a0d68ee-5733-1928-71ec-49e8ba47404c&owver=37.7.0&Extra=%7B%22app_ver%22%3A%221.291.0.28875%22%2C%22os_ver%22%3A%22linux%22%2C%22app_type%22%3A%22Electron%22%2C%22currentAppPage%22%3A%22InstalledProjectPage%22%7D. Status code: 200.
[2025-11-19 19:51:12.846] [info]  [ModpacksAppServiceImpl] Getting installed modpack 3a9852f5-bf54-4ecd-a0cd-65a21587c0c2.
[2025-11-19 19:51:12.849] [info]  [AnalyticsService] Executing GET request https://analyticsnew.overwolf.com/analytics/Counter?Name=cf_app_page_changed&MUID=6a0d68ee-5733-1928-71ec-49e8ba47404c&MUIDV2=6a0d68ee-5733-1928-71ec-49e8ba47404c&owver=37.7.0&Extra=%7B%22app_ver%22%3A%221.291.0.28875%22%2C%22os_ver%22%3A%22linux%22%2C%22app_type%22%3A%22Electron%22%2C%22currentAppPage%22%3A%22AddMoreContentPage%22%7D.
[2025-11-19 19:51:12.928] [info]  [Renderer - Main Window] Searching mods. page: 1, column: 11, order: 2, category: undefined, sectionId: 6, gameVersion: 1.21.1, primaryAuthorId: undefined, text: null, slug: undefined [ [] ]
[2025-11-19 19:51:13.665] [info]  [EleriumCommunicationLayer] Request - GET v2/mods/search - params: classId=6&gameId=432&gameVersions=%5B%221.21.1%22%5D&pageSize=20&sortField=1&sortOrder=desc&index=0&modLoaderTypes=%5B6%5D&clientCompatible=false.
[2025-11-19 19:51:13.688] [info]  [AnalyticsService] Executed GET request https://analyticsnew.overwolf.com/analytics/Counter?Name=cf_app_page_changed&MUID=6a0d68ee-5733-1928-71ec-49e8ba47404c&MUIDV2=6a0d68ee-5733-1928-71ec-49e8ba47404c&owver=37.7.0&Extra=%7B%22app_ver%22%3A%221.291.0.28875%22%2C%22os_ver%22%3A%22linux%22%2C%22app_type%22%3A%22Electron%22%2C%22currentAppPage%22%3A%22AddMoreContentPage%22%7D. Status code: 200.
[2025-11-19 19:51:13.855] [info]  [ProjectAppServiceImpl] Got 20 search results for game 432. Page 1.
[2025-11-19 19:51:13.857] [info]  [EleriumCommunicationLayer] Request - GET v2/games/432/additional-client-featured-projects - params: None.
[2025-11-19 19:51:13.885] [info]  [Renderer - Main Window] Received 20 search results for game 432 [ [] ]
[2025-11-19 19:51:21.392] [info]  [ModpacksAppServiceImpl] Getting installed modpack 3a9852f5-bf54-4ecd-a0cd-65a21587c0c2.
[2025-11-19 19:51:21.399] [info]  [AnalyticsService] Executing GET request https://analyticsnew.overwolf.com/analytics/Counter?Name=cf_app_page_changed&MUID=6a0d68ee-5733-1928-71ec-49e8ba47404c&MUIDV2=6a0d68ee-5733-1928-71ec-49e8ba47404c&owver=37.7.0&Extra=%7B%22app_ver%22%3A%221.291.0.28875%22%2C%22os_ver%22%3A%22linux%22%2C%22app_type%22%3A%22Electron%22%2C%22currentAppPage%22%3A%22InstalledProjectPage%22%7D.
[2025-11-19 19:51:21.547] [info]  [AnalyticsService] Executed GET request https://analyticsnew.overwolf.com/analytics/Counter?Name=cf_app_page_changed&MUID=6a0d68ee-5733-1928-71ec-49e8ba47404c&MUIDV2=6a0d68ee-5733-1928-71ec-49e8ba47404c&owver=37.7.0&Extra=%7B%22app_ver%22%3A%221.291.0.28875%22%2C%22os_ver%22%3A%22linux%22%2C%22app_type%22%3A%22Electron%22%2C%22currentAppPage%22%3A%22InstalledProjectPage%22%7D. Status code: 200.
[2025-11-19 19:51:47.476] [info]  [UptimeRobotApi] Executing GET request https://health.curseforge.com/app/monitorStatus.json.
[2025-11-19 19:51:47.568] [info]  [UptimeRobotApi] Executed GET request https://health.curseforge.com/app/monitorStatus.json. Status code: 200.
[2025-11-19 19:51:58.994] [info]  [AnalyticsService] Executing GET request https://analyticsnew.overwolf.com/analytics/Counter?Name=cf_app_top_navigation&MUID=6a0d68ee-5733-1928-71ec-49e8ba47404c&MUIDV2=6a0d68ee-5733-1928-71ec-49e8ba47404c&owver=37.7.0&Extra=%7B%22app_ver%22%3A%221.291.0.28875%22%2C%22os_ver%22%3A%22linux%22%2C%22app_type%22%3A%22Electron%22%2C%22direction%22%3A%22back%22%2C%22currentAppPage%22%3A%22InstalledProjectPage%22%7D.
[2025-11-19 19:51:59.012] [info]  [AnalyticsService] Executing GET request https://analyticsnew.overwolf.com/analytics/Counter?Name=cf_app_page_changed&MUID=6a0d68ee-5733-1928-71ec-49e8ba47404c&MUIDV2=6a0d68ee-5733-1928-71ec-49e8ba47404c&owver=37.7.0&Extra=%7B%22app_ver%22%3A%221.291.0.28875%22%2C%22os_ver%22%3A%22linux%22%2C%22app_type%22%3A%22Electron%22%2C%22currentAppPage%22%3A%22MyModpacksPage%22%7D.
[2025-11-19 19:51:59.101] [info]  [AnalyticsService] Executed GET request https://analyticsnew.overwolf.com/analytics/Counter?Name=cf_app_top_navigation&MUID=6a0d68ee-5733-1928-71ec-49e8ba47404c&MUIDV2=6a0d68ee-5733-1928-71ec-49e8ba47404c&owver=37.7.0&Extra=%7B%22app_ver%22%3A%221.291.0.28875%22%2C%22os_ver%22%3A%22linux%22%2C%22app_type%22%3A%22Electron%22%2C%22direction%22%3A%22back%22%2C%22currentAppPage%22%3A%22InstalledProjectPage%22%7D. Status code: 200.
[2025-11-19 19:51:59.104] [info]  [AnalyticsService] Executed GET request https://analyticsnew.overwolf.com/analytics/Counter?Name=cf_app_page_changed&MUID=6a0d68ee-5733-1928-71ec-49e8ba47404c&MUIDV2=6a0d68ee-5733-1928-71ec-49e8ba47404c&owver=37.7.0&Extra=%7B%22app_ver%22%3A%221.291.0.28875%22%2C%22os_ver%22%3A%22linux%22%2C%22app_type%22%3A%22Electron%22%2C%22currentAppPage%22%3A%22MyModpacksPage%22%7D. Status code: 200.
[2025-11-19 19:52:47.570] [info]  [UptimeRobotApi] Executing GET request https://health.curseforge.com/app/monitorStatus.json.
[2025-11-19 19:52:47.667] [info]  [UptimeRobotApi] Executed GET request https://health.curseforge.com/app/monitorStatus.json. Status code: 200.
[2025-11-19 19:53:47.668] [info]  [UptimeRobotApi] Executing GET request https://health.curseforge.com/app/monitorStatus.json.
[2025-11-19 19:53:47.762] [info]  [UptimeRobotApi] Executed GET request https://health.curseforge.com/app/monitorStatus.json. Status code: 200.
[2025-11-19 19:54:47.763] [info]  [UptimeRobotApi] Executing GET request https://health.curseforge.com/app/monitorStatus.json.
[2025-11-19 19:54:47.853] [info]  [UptimeRobotApi] Executed GET request https://health.curseforge.com/app/monitorStatus.json. Status code: 200.
[2025-11-19 19:55:47.854] [info]  [UptimeRobotApi] Executing GET request https://health.curseforge.com/app/monitorStatus.json.
[2025-11-19 19:55:47.957] [info]  [UptimeRobotApi] Executed GET request https://health.curseforge.com/app/monitorStatus.json. Status code: 200.
[2025-11-19 19:56:47.958] [info]  [UptimeRobotApi] Executing GET request https://health.curseforge.com/app/monitorStatus.json.
[2025-11-19 19:56:48.178] [info]  [UptimeRobotApi] Executed GET request https://health.curseforge.com/app/monitorStatus.json. Status code: 200.
[2025-11-19 19:57:48.181] [info]  [UptimeRobotApi] Executing GET request https://health.curseforge.com/app/monitorStatus.json.
[2025-11-19 19:57:48.301] [info]  [UptimeRobotApi] Executed GET request https://health.curseforge.com/app/monitorStatus.json. Status code: 200.
[2025-11-19 19:58:48.301] [info]  [UptimeRobotApi] Executing GET request https://health.curseforge.com/app/monitorStatus.json.
[2025-11-19 19:58:48.401] [info]  [UptimeRobotApi] Executed GET request https://health.curseforge.com/app/monitorStatus.json. Status code: 200.
[2025-11-19 19:59:48.402] [info]  [UptimeRobotApi] Executing GET request https://health.curseforge.com/app/monitorStatus.json.
[2025-11-19 19:59:48.527] [info]  [UptimeRobotApi] Executed GET request https://health.curseforge.com/app/monitorStatus.json. Status code: 200.
[2025-11-19 20:00:48.528] [info]  [UptimeRobotApi] Executing GET request https://health.curseforge.com/app/monitorStatus.json.
[2025-11-19 20:00:48.631] [info]  [UptimeRobotApi] Executed GET request https://health.curseforge.com/app/monitorStatus.json. Status code: 200.
[2025-11-19 20:01:48.633] [info]  [UptimeRobotApi] Executing GET request https://health.curseforge.com/app/monitorStatus.json.
[2025-11-19 20:01:48.732] [info]  [UptimeRobotApi] Executed GET request https://health.curseforge.com/app/monitorStatus.json. Status code: 200.
[2025-11-19 20:02:46.556] [info]  [AppUpdatePeriodicChecker] Running periodic app update check.
[2025-11-19 20:02:46.557] [info]  [AppUpdateServiceImpl] Checking for available application updates. Current app version is 1.291.0-28875.
[2025-11-19 20:02:46.557] [info]  Checking for update
[2025-11-19 20:02:46.557] [info]  Electron Updater - Checking for application update
[2025-11-19 20:02:46.939] [info]  Update for version 1.291.0-28875 is not available (latest version: 1.291.0-28875, downgrade is disallowed).
[2025-11-19 20:02:46.939] [info]  Electron Updater - App update is not available. Latest Version: 1.291.0-28875. Release Date: 2025-11-18T13:49:27.993Z
[2025-11-19 20:02:46.939] [info]  [AppUpdateServiceImpl] No updates are available for the app..
[2025-11-19 20:02:46.939] [info]  [AppUpdatePeriodicChecker] No app update. Scheduling the next update check in 900000 milliseconds.
[2025-11-19 20:02:48.733] [info]  [UptimeRobotApi] Executing GET request https://health.curseforge.com/app/monitorStatus.json.
[2025-11-19 20:02:48.910] [info]  [UptimeRobotApi] Executed GET request https://health.curseforge.com/app/monitorStatus.json. Status code: 200.
[2025-11-19 20:03:48.911] [info]  [UptimeRobotApi] Executing GET request https://health.curseforge.com/app/monitorStatus.json.
[2025-11-19 20:03:49.014] [info]  [UptimeRobotApi] Executed GET request https://health.curseforge.com/app/monitorStatus.json. Status code: 200.
[2025-11-19 20:04:49.015] [info]  [UptimeRobotApi] Executing GET request https://health.curseforge.com/app/monitorStatus.json.
[2025-11-19 20:04:50.578] [info]  [UptimeRobotApi] Executed GET request https://health.curseforge.com/app/monitorStatus.json. Status code: 200.
[2025-11-19 20:05:50.579] [info]  [UptimeRobotApi] Executing GET request https://health.curseforge.com/app/monitorStatus.json.
[2025-11-19 20:05:50.981] [info]  [UptimeRobotApi] Executed GET request https://health.curseforge.com/app/monitorStatus.json. Status code: 200.
[2025-11-19 20:06:21.061] [info]  [ModpacksAppServiceImpl] Getting installed modpack 3a9852f5-bf54-4ecd-a0cd-65a21587c0c2.
[2025-11-19 20:06:21.064] [info]  [AnalyticsService] Executing GET request https://analyticsnew.overwolf.com/analytics/Counter?Name=cf_app_page_changed&MUID=6a0d68ee-5733-1928-71ec-49e8ba47404c&MUIDV2=6a0d68ee-5733-1928-71ec-49e8ba47404c&owver=37.7.0&Extra=%7B%22app_ver%22%3A%221.291.0.28875%22%2C%22os_ver%22%3A%22linux%22%2C%22app_type%22%3A%22Electron%22%2C%22currentAppPage%22%3A%22InstalledProjectPage%22%7D.
[2025-11-19 20:06:21.480] [info]  [AnalyticsService] Executed GET request https://analyticsnew.overwolf.com/analytics/Counter?Name=cf_app_page_changed&MUID=6a0d68ee-5733-1928-71ec-49e8ba47404c&MUIDV2=6a0d68ee-5733-1928-71ec-49e8ba47404c&owver=37.7.0&Extra=%7B%22app_ver%22%3A%221.291.0.28875%22%2C%22os_ver%22%3A%22linux%22%2C%22app_type%22%3A%22Electron%22%2C%22currentAppPage%22%3A%22InstalledProjectPage%22%7D. Status code: 200.
[2025-11-19 20:06:32.125] [info]  [EleriumCommunicationLayer] Request - GET v2/mods/app-highlights - params: {"gameId":432}.
[2025-11-19 20:06:32.128] [info]  [AnalyticsService] Executing GET request https://analyticsnew.overwolf.com/analytics/Counter?Name=cf_app_page_changed&MUID=6a0d68ee-5733-1928-71ec-49e8ba47404c&MUIDV2=6a0d68ee-5733-1928-71ec-49e8ba47404c&owver=37.7.0&Extra=%7B%22app_ver%22%3A%221.291.0.28875%22%2C%22os_ver%22%3A%22linux%22%2C%22app_type%22%3A%22Electron%22%2C%22currentAppPage%22%3A%22DiscoverPage%22%7D.
[2025-11-19 20:06:32.381] [info]  [AnalyticsService] Executed GET request https://analyticsnew.overwolf.com/analytics/Counter?Name=cf_app_page_changed&MUID=6a0d68ee-5733-1928-71ec-49e8ba47404c&MUIDV2=6a0d68ee-5733-1928-71ec-49e8ba47404c&owver=37.7.0&Extra=%7B%22app_ver%22%3A%221.291.0.28875%22%2C%22os_ver%22%3A%22linux%22%2C%22app_type%22%3A%22Electron%22%2C%22currentAppPage%22%3A%22DiscoverPage%22%7D. Status code: 200.
[2025-11-19 20:06:33.638] [info]  [AnalyticsService] Executing GET request https://analyticsnew.overwolf.com/analytics/Counter?Name=cf_app_top_navigation&MUID=6a0d68ee-5733-1928-71ec-49e8ba47404c&MUIDV2=6a0d68ee-5733-1928-71ec-49e8ba47404c&owver=37.7.0&Extra=%7B%22app_ver%22%3A%221.291.0.28875%22%2C%22os_ver%22%3A%22linux%22%2C%22app_type%22%3A%22Electron%22%2C%22direction%22%3A%22back%22%2C%22currentAppPage%22%3A%22DiscoverPage%22%7D.
[2025-11-19 20:06:33.654] [info]  [ModpacksAppServiceImpl] Getting installed modpack 3a9852f5-bf54-4ecd-a0cd-65a21587c0c2.
[2025-11-19 20:06:33.661] [info]  [AnalyticsService] Executing GET request https://analyticsnew.overwolf.com/analytics/Counter?Name=cf_app_page_changed&MUID=6a0d68ee-5733-1928-71ec-49e8ba47404c&MUIDV2=6a0d68ee-5733-1928-71ec-49e8ba47404c&owver=37.7.0&Extra=%7B%22app_ver%22%3A%221.291.0.28875%22%2C%22os_ver%22%3A%22linux%22%2C%22app_type%22%3A%22Electron%22%2C%22currentAppPage%22%3A%22InstalledProjectPage%22%7D.
[2025-11-19 20:06:33.730] [info]  [AnalyticsService] Executed GET request https://analyticsnew.overwolf.com/analytics/Counter?Name=cf_app_top_navigation&MUID=6a0d68ee-5733-1928-71ec-49e8ba47404c&MUIDV2=6a0d68ee-5733-1928-71ec-49e8ba47404c&owver=37.7.0&Extra=%7B%22app_ver%22%3A%221.291.0.28875%22%2C%22os_ver%22%3A%22linux%22%2C%22app_type%22%3A%22Electron%22%2C%22direction%22%3A%22back%22%2C%22currentAppPage%22%3A%22DiscoverPage%22%7D. Status code: 200.
[2025-11-19 20:06:34.262] [info]  [AnalyticsService] Executing GET request https://analyticsnew.overwolf.com/analytics/Counter?Name=cf_app_top_navigation&MUID=6a0d68ee-5733-1928-71ec-49e8ba47404c&MUIDV2=6a0d68ee-5733-1928-71ec-49e8ba47404c&owver=37.7.0&Extra=%7B%22app_ver%22%3A%221.291.0.28875%22%2C%22os_ver%22%3A%22linux%22%2C%22app_type%22%3A%22Electron%22%2C%22direction%22%3A%22back%22%2C%22currentAppPage%22%3A%22InstalledProjectPage%22%7D.
[2025-11-19 20:06:34.277] [info]  [AnalyticsService] Executing GET request https://analyticsnew.overwolf.com/analytics/Counter?Name=cf_app_page_changed&MUID=6a0d68ee-5733-1928-71ec-49e8ba47404c&MUIDV2=6a0d68ee-5733-1928-71ec-49e8ba47404c&owver=37.7.0&Extra=%7B%22app_ver%22%3A%221.291.0.28875%22%2C%22os_ver%22%3A%22linux%22%2C%22app_type%22%3A%22Electron%22%2C%22currentAppPage%22%3A%22MyModpacksPage%22%7D.
[2025-11-19 20:06:34.370] [info]  [AnalyticsService] Executed GET request https://analyticsnew.overwolf.com/analytics/Counter?Name=cf_app_top_navigation&MUID=6a0d68ee-5733-1928-71ec-49e8ba47404c&MUIDV2=6a0d68ee-5733-1928-71ec-49e8ba47404c&owver=37.7.0&Extra=%7B%22app_ver%22%3A%221.291.0.28875%22%2C%22os_ver%22%3A%22linux%22%2C%22app_type%22%3A%22Electron%22%2C%22direction%22%3A%22back%22%2C%22currentAppPage%22%3A%22InstalledProjectPage%22%7D. Status code: 200.
[2025-11-19 20:06:34.742] [info]  [AnalyticsService] Executed GET request https://analyticsnew.overwolf.com/analytics/Counter?Name=cf_app_page_changed&MUID=6a0d68ee-5733-1928-71ec-49e8ba47404c&MUIDV2=6a0d68ee-5733-1928-71ec-49e8ba47404c&owver=37.7.0&Extra=%7B%22app_ver%22%3A%221.291.0.28875%22%2C%22os_ver%22%3A%22linux%22%2C%22app_type%22%3A%22Electron%22%2C%22currentAppPage%22%3A%22MyModpacksPage%22%7D. Status code: 200.
[2025-11-19 20:06:35.143] [info]  [AnalyticsService] Executed GET request https://analyticsnew.overwolf.com/analytics/Counter?Name=cf_app_page_changed&MUID=6a0d68ee-5733-1928-71ec-49e8ba47404c&MUIDV2=6a0d68ee-5733-1928-71ec-49e8ba47404c&owver=37.7.0&Extra=%7B%22app_ver%22%3A%221.291.0.28875%22%2C%22os_ver%22%3A%22linux%22%2C%22app_type%22%3A%22Electron%22%2C%22currentAppPage%22%3A%22InstalledProjectPage%22%7D. Status code: 200.
[2025-11-19 20:06:39.426] [info]  [ModpacksAppServiceImpl] Import modpack from /home/vinicius/Downloads/drive-download-20251119T004244Z-1-001/Modpack.zip.
[2025-11-19 20:06:44.009] [error] [Radiuminator] Failed to import modpack /home/vinicius/Downloads/drive-download-20251119T004244Z-1-001/Modpack.zip. An exception was thrown while activating Curse.Games.Minecraft.InstallTasks.MinecraftInstanceImportInstallTask..
[2025-11-19 20:06:44.010] [error] [Renderer - Main Window] Error: Failed to import modpack [ [] ]
[2025-11-19 20:06:50.981] [info]  [UptimeRobotApi] Executing GET request https://health.curseforge.com/app/monitorStatus.json.
[2025-11-19 20:06:51.208] [info]  [UptimeRobotApi] Executed GET request https://health.curseforge.com/app/monitorStatus.json. Status code: 200.
[2025-11-19 20:07:50.580] [info]  [ModpacksAppServiceImpl] Getting installed modpack 3a9852f5-bf54-4ecd-a0cd-65a21587c0c2.
[2025-11-19 20:07:50.583] [info]  [AnalyticsService] Executing GET request https://analyticsnew.overwolf.com/analytics/Counter?Name=cf_app_page_changed&MUID=6a0d68ee-5733-1928-71ec-49e8ba47404c&MUIDV2=6a0d68ee-5733-1928-71ec-49e8ba47404c&owver=37.7.0&Extra=%7B%22app_ver%22%3A%221.291.0.28875%22%2C%22os_ver%22%3A%22linux%22%2C%22app_type%22%3A%22Electron%22%2C%22currentAppPage%22%3A%22InstalledProjectPage%22%7D.
[2025-11-19 20:07:50.889] [info]  [AnalyticsService] Executed GET request https://analyticsnew.overwolf.com/analytics/Counter?Name=cf_app_page_changed&MUID=6a0d68ee-5733-1928-71ec-49e8ba47404c&MUIDV2=6a0d68ee-5733-1928-71ec-49e8ba47404c&owver=37.7.0&Extra=%7B%22app_ver%22%3A%221.291.0.28875%22%2C%22os_ver%22%3A%22linux%22%2C%22app_type%22%3A%22Electron%22%2C%22currentAppPage%22%3A%22InstalledProjectPage%22%7D. Status code: 200.
[2025-11-19 20:07:51.209] [info]  [UptimeRobotApi] Executing GET request https://health.curseforge.com/app/monitorStatus.json.
[2025-11-19 20:07:51.539] [info]  [UptimeRobotApi] Executed GET request https://health.curseforge.com/app/monitorStatus.json. Status code: 200.
[2025-11-19 20:08:18.201] [error] [Renderer - Main Window] Error: Error invoking remote method 'PlatformAppService.openFileLocation': reply was never sent [ [] ]
[2025-11-19 20:08:27.039] [error] [Renderer - Main Window] Error: Error invoking remote method 'PlatformAppService.openFileLocation': reply was never sent [ [] ]
[2025-11-19 20:08:51.540] [info]  [UptimeRobotApi] Executing GET request https://health.curseforge.com/app/monitorStatus.json.
[2025-11-19 20:08:51.629] [info]  [UptimeRobotApi] Executed GET request https://health.curseforge.com/app/monitorStatus.json. Status code: 200.
[2025-11-19 20:08:53.682] [info]  [ProjectInstanceChangedEventHandler] Project instance 623908 - ChoiceTheorem's Overhauled Village changed.
[2025-11-19 20:08:53.692] [info]  [ProjectInstanceChangedEventHandler] Project instance 1086241 - AE2: Crafting Tree changed.
[2025-11-19 20:08:53.693] [info]  [ProjectInstanceChangedEventHandler] Project instance 475117 - FastSuite changed.
[2025-11-19 20:08:53.693] [info]  [ProjectInstanceChangedEventHandler] Project instance 282837 - Additional Enchanted Miner changed.
[2025-11-19 20:08:53.693] [info]  [ProjectInstanceChangedEventHandler] Project instance 272335 - Cucumber Library changed.
[2025-11-19 20:08:53.693] [info]  [ProjectInstanceChangedEventHandler] Project instance 313970 - Apotheosis changed.
[2025-11-19 20:08:53.694] [info]  [ProjectInstanceChangedEventHandler] Project instance 394535 - Trash Cans changed.
[2025-11-19 20:08:53.694] [info]  [ProjectInstanceChangedEventHandler] Project instance 618298 - Sophisticated Core changed.
[2025-11-19 20:08:53.694] [info]  [ProjectInstanceChangedEventHandler] Project instance 404468 - FTB Teams (Forge) changed.
[2025-11-19 20:08:53.694] [info]  [ProjectInstanceChangedEventHandler] Project instance 276951 - Comforts changed.
[2025-11-19 20:08:53.694] [info]  [ProjectInstanceChangedEventHandler] Project instance 1345066 - Dyson Cube Project changed.
[2025-11-19 20:08:53.694] [info]  [ProjectInstanceChangedEventHandler] Project instance 416089 - Simple Voice Chat changed.
[2025-11-19 20:08:53.695] [info]  [ProjectInstanceChangedEventHandler] Project instance 552758 - Modern Dynamics changed.
[2025-11-19 20:08:53.695] [info]  [ProjectInstanceChangedEventHandler] Project instance 936015 - Lithostitched changed.
[2025-11-19 20:08:53.695] [info]  [ProjectInstanceChangedEventHandler] Project instance 1002348 - Just Dire Things changed.
[2025-11-19 20:08:53.695] [info]  [ProjectInstanceChangedEventHandler] Project instance 1156551 - ExperienceLib changed.
[2025-11-19 20:08:53.704] [info]  [ProjectInstanceChangedEventHandler] Project instance 856996 - Cristel Lib changed.
[2025-11-19 20:08:53.705] [info]  [ProjectInstanceChangedEventHandler] Project instance 267602 - ConnectedTexturesMod changed.
[2025-11-19 20:08:53.705] [info]  [ProjectInstanceChangedEventHandler] Project instance 514045 - AllTheCompressed changed.
[2025-11-19 20:08:53.705] [info]  [ProjectInstanceChangedEventHandler] Project instance 962544 - Oh The Trees You'll Grow changed.
[2025-11-19 20:08:53.705] [info]  [ProjectInstanceChangedEventHandler] Project instance 1101111 - Iron's Gems 'n Jewelry changed.
[2025-11-19 20:08:53.705] [info]  [ProjectInstanceChangedEventHandler] Project instance 1214396 - Camol changed.
[2025-11-19 20:08:53.705] [info]  [ProjectInstanceChangedEventHandler] Project instance 238086 - KubeJS changed.
[2025-11-19 20:08:53.706] [info]  [ProjectInstanceChangedEventHandler] Project instance 858542 - Searchables changed.
[2025-11-19 20:08:53.706] [info]  [ProjectInstanceChangedEventHandler] Project instance 1070751 - Oh The Biomes We've Gone changed.
[2025-11-19 20:08:53.706] [info]  [ProjectInstanceChangedEventHandler] Project instance 1086142 - More Industrial Foregoing Addons (MIFA) changed.
[2025-11-19 20:08:53.706] [info]  [ProjectInstanceChangedEventHandler] Project instance 943925 - FTB Filter System changed.
[2025-11-19 20:08:53.706] [info]  [ProjectInstanceChangedEventHandler] Project instance 889915 - FTB XMod Compat changed.
[2025-11-19 20:08:53.706] [info]  [ProjectInstanceChangedEventHandler] Project instance 250832 - OpenBlocks Elevator changed.
[2025-11-19 20:08:53.707] [info]  [ProjectInstanceChangedEventHandler] Project instance 362479 - The Bumblezone (NeoForge/Forge) changed.
[2025-11-19 20:08:53.716] [info]  [ProjectInstanceChangedEventHandler] Project instance 385587 - Complementary Shaders - Unbound changed.
[2025-11-19 20:08:53.717] [info]  [ProjectInstanceChangedEventHandler] Project instance 281849 - PneumaticCraft: Repressurized changed.
[2025-11-19 20:08:53.717] [info]  [ProjectInstanceChangedEventHandler] Project instance 324717 - Jade 🔍 changed.
[2025-11-19 20:08:53.717] [info]  [ProjectInstanceChangedEventHandler] Project instance 633483 - Powah! (Rearchitected) changed.
[2025-11-19 20:08:53.717] [info]  [ProjectInstanceChangedEventHandler] Project instance 1070541 - Repeatable Trial Vaults changed.
[2025-11-19 20:08:53.717] [info]  [ProjectInstanceChangedEventHandler] Project instance 1140741 - NeoAuth changed.
[2025-11-19 20:08:53.717] [info]  [ProjectInstanceChangedEventHandler] Project instance 968432 - MonoLib changed.
[2025-11-19 20:08:53.718] [info]  [ProjectInstanceChangedEventHandler] Project instance 1326856 - Quests Lang Splitter changed.
[2025-11-19 20:08:53.718] [info]  [ProjectInstanceChangedEventHandler] Project instance 386134 - FTB Ultimine (Forge) changed.
[2025-11-19 20:08:53.718] [info]  [ProjectInstanceChangedEventHandler] Project instance 398521 - Farmer's Delight changed.
[2025-11-19 20:08:53.718] [info]  [ProjectInstanceChangedEventHandler] Project instance 429235 - FerriteCore ((Neo)Forge) changed.
[2025-11-19 20:08:53.718] [info]  [ProjectInstanceChangedEventHandler] Project instance 268566 - Mekanism Generators changed.
[2025-11-19 20:08:53.718] [info]  [ProjectInstanceChangedEventHandler] Project instance 309927 - Curios API (Forge/NeoForge) changed.
[2025-11-19 20:08:53.718] [info]  [ProjectInstanceChangedEventHandler] Project instance 411045 - Get It Together, Drops! changed.
[2025-11-19 20:08:53.719] [info]  [ProjectInstanceChangedEventHandler] Project instance 297039 - Silent Gear changed.
[2025-11-19 20:08:53.719] [info]  [ProjectInstanceChangedEventHandler] Project instance 1156098 - Construction Sticks changed.
[2025-11-19 20:08:53.721] [info]  [ProjectInstanceChangedEventHandler] Project instance 1074338 - AE2 JEI Integration changed.
[2025-11-19 20:08:53.721] [info]  [ProjectInstanceChangedEventHandler] Project instance 383129 - Connected Glass changed.
[2025-11-19 20:08:53.721] [info]  [ProjectInstanceChangedEventHandler] Project instance 247007 - Common Capabilities changed.
[2025-11-19 20:08:53.731] [info]  [ProjectInstanceChangedEventHandler] Project instance 478559 - Measurements changed.
[2025-11-19 20:08:53.731] [info]  [ProjectInstanceChangedEventHandler] Project instance 261251 - Bad Wither No Cookie - Reloaded changed.
[2025-11-19 20:08:53.731] [info]  [ProjectInstanceChangedEventHandler] Project instance 551763 - Chisel Reborn [Forge/Fabric/NeoForge] changed.
[2025-11-19 20:08:53.731] [info]  [ProjectInstanceChangedEventHandler] Project instance 255902 - Wither Skeleton Tweaks changed.
[2025-11-19 20:08:53.732] [info]  [ProjectInstanceChangedEventHandler] Project instance 961856 - AE2 Network Analyser changed.
[2025-11-19 20:08:53.732] [info]  [ProjectInstanceChangedEventHandler] Project instance 661293 - SmartBrainLib (Forge/Fabric/Quilt) changed.
[2025-11-19 20:08:53.732] [info]  [ProjectInstanceChangedEventHandler] Project instance 250294 - Modular Routers changed.
[2025-11-19 20:08:53.732] [info]  [ProjectInstanceChangedEventHandler] Project instance 1061812 - Ars Controle changed.
[2025-11-19 20:08:53.732] [info]  [ProjectInstanceChangedEventHandler] Project instance 929559 - Utilitarian changed.
[2025-11-19 20:08:53.733] [info]  [ProjectInstanceChangedEventHandler] Project instance 1208896 - Cryonic Config changed.
[2025-11-19 20:08:53.733] [info]  [ProjectInstanceChangedEventHandler] Project instance 1096161 - Ars Technica changed.
[2025-11-19 20:08:53.733] [info]  [ProjectInstanceChangedEventHandler] Project instance 889785 - Integrated Scripting changed.
[2025-11-19 20:08:53.734] [info]  [ProjectInstanceChangedEventHandler] Project instance 233105 - McJtyLib changed.
[2025-11-19 20:08:53.734] [info]  [ProjectInstanceChangedEventHandler] Project instance 1091339 - AllTheLeaks (Memory Leak Fix) changed.
[2025-11-19 20:08:53.734] [info]  [ProjectInstanceChangedEventHandler] Project instance 272515 - Better Advancements changed.
[2025-11-19 20:08:53.735] [info]  [ProjectInstanceChangedEventHandler] Project instance 892005 - ExtendedAE changed.
[2025-11-19 20:08:53.735] [info]  [ProjectInstanceChangedEventHandler] Project instance 1121832 - Rainbows! changed.
[2025-11-19 20:08:53.746] [info]  [ProjectInstanceChangedEventHandler] Project instance 1103259 - FTB JEI Extras changed.
[2025-11-19 20:08:53.746] [info]  [ProjectInstanceChangedEventHandler] Project instance 277616 - Spice of Life: Carrot Edition changed.
[2025-11-19 20:08:53.747] [info]  [ProjectInstanceChangedEventHandler] Project instance 306626 - Nature's Aura changed.
[2025-11-19 20:08:53.747] [info]  [ProjectInstanceChangedEventHandler] Project instance 439890 - Create Crafts & Additions changed.
[2025-11-19 20:08:53.747] [info]  [ProjectInstanceChangedEventHandler] Project instance 892382 - MES - Moog's End Structures changed.
[2025-11-19 20:08:53.747] [info]  [ProjectInstanceChangedEventHandler] Project instance 556861 - Functional Storage changed.
[2025-11-19 20:08:53.747] [info]  [ProjectInstanceChangedEventHandler] Project instance 1030830 - Oritech changed.
[2025-11-19 20:08:53.748] [info]  [ProjectInstanceChangedEventHandler] Project instance 246640 - Mystical Agriculture changed.
[2025-11-19 20:08:53.748] [info]  [ProjectInstanceChangedEventHandler] Project instance 898746 - Just Enough Mekanism Multiblocks changed.
[2025-11-19 20:08:53.748] [info]  [ProjectInstanceChangedEventHandler] Project instance 320926 - Scalable Cat's Force changed.
[2025-11-19 20:08:53.748] [info]  [ProjectInstanceChangedEventHandler] Project instance 289412 - FTB Quests (Forge) changed.
[2025-11-19 20:08:53.748] [info]  [ProjectInstanceChangedEventHandler] Project instance 271740 - Toast Control changed.
[2025-11-19 20:08:53.748] [info]  [ProjectInstanceChangedEventHandler] Project instance 900364 - TownTalk changed.
[2025-11-19 20:08:53.749] [info]  [ProjectInstanceChangedEventHandler] Project instance 242998 - Silent Lib (silentlib) changed.
[2025-11-19 20:08:53.749] [info]  [ProjectInstanceChangedEventHandler] Project instance 499980 - Moonlight Lib changed.
[2025-11-19 20:08:53.749] [info]  [ProjectInstanceChangedEventHandler] Project instance 235577 - TrashSlot changed.
[2025-11-19 20:08:53.757] [info]  [ProjectInstanceChangedEventHandler] Project instance 228404 - Actually Additions changed.
[2025-11-19 20:08:53.757] [info]  [ProjectInstanceChangedEventHandler] Project instance 622112 - MEGA Cells changed.
[2025-11-19 20:08:53.757] [info]  [ProjectInstanceChangedEventHandler] Project instance 1108467 - Cobblegen Galore changed.
[2025-11-19 20:08:53.757] [info]  [ProjectInstanceChangedEventHandler] Project instance 445274 - Relics changed.
[2025-11-19 20:08:53.757] [info]  [ProjectInstanceChangedEventHandler] Project instance 854213 - Colorful Hearts changed.
[2025-11-19 20:08:53.757] [info]  [ProjectInstanceChangedEventHandler] Project instance 653790 - XyCraft: Override changed.
[2025-11-19 20:08:53.758] [info]  [ProjectInstanceChangedEventHandler] Project instance 1007288 - Monocle changed.
[2025-11-19 20:08:53.758] [info]  [ProjectInstanceChangedEventHandler] Project instance 899386 - Just Enough Breeding (JEBr) changed.
[2025-11-19 20:08:53.758] [info]  [ProjectInstanceChangedEventHandler] Project instance 282947 - Baubley Heart Canisters changed.
[2025-11-19 20:08:53.758] [info]  [ProjectInstanceChangedEventHandler] Project instance 64760 - Security Craft changed.
[2025-11-19 20:08:53.758] [info]  [ProjectInstanceChangedEventHandler] Project instance 606989 - Underground Villages changed.
[2025-11-19 20:08:53.758] [info]  [ProjectInstanceChangedEventHandler] Project instance 361579 - spark changed.
[2025-11-19 20:08:53.758] [info]  [ProjectInstanceChangedEventHandler] Project instance 322506 - BSL Shaders changed.
[2025-11-19 20:08:53.758] [info]  [ProjectInstanceChangedEventHandler] Project instance 231382 - Brandon's Core changed.
[2025-11-19 20:08:53.758] [info]  [ProjectInstanceChangedEventHandler] Project instance 377897 - Productive Bees changed.
[2025-11-19 20:08:53.759] [info]  [ProjectInstanceChangedEventHandler] Project instance 237307 - Cosmetic Armor Reworked changed.
[2025-11-19 20:08:53.759] [info]  [ProjectInstanceChangedEventHandler] Project instance 965012 - Applied Flux changed.
[2025-11-19 20:08:53.761] [info]  [ProjectInstanceChangedEventHandler] Project instance 1010827 - Uranus changed.
[2025-11-19 20:08:53.761] [info]  [ProjectInstanceChangedEventHandler] Project instance 559313 - AEInfinityBooster changed.
[2025-11-19 20:08:53.768] [info]  [ProjectInstanceChangedEventHandler] Project instance 283644 - Placebo changed.
[2025-11-19 20:08:53.768] [info]  [ProjectInstanceChangedEventHandler] Project instance 1023517 - Not Enough Glyphs changed.
[2025-11-19 20:08:53.768] [info]  [ProjectInstanceChangedEventHandler] Project instance 1275257 - Mekanism:More Machine changed.
[2025-11-19 20:08:53.768] [info]  [ProjectInstanceChangedEventHandler] Project instance 405593 - ATO - All the Ores changed.
[2025-11-19 20:08:53.768] [info]  [ProjectInstanceChangedEventHandler] Project instance 558000 - Omega Config changed.
[2025-11-19 20:08:53.768] [info]  [ProjectInstanceChangedEventHandler] Project instance 395620 - Item Collectors changed.
[2025-11-19 20:08:53.769] [info]  [ProjectInstanceChangedEventHandler] Project instance 746215 - StarbuncleMania changed.
[2025-11-19 20:08:53.769] [info]  [ProjectInstanceChangedEventHandler] Project instance 1100379 - Relics: Artifacts Compat changed.
[2025-11-19 20:08:53.769] [info]  [ProjectInstanceChangedEventHandler] Project instance 907843 - Ars Ocultas changed.
[2025-11-19 20:08:53.769] [info]  [ProjectInstanceChangedEventHandler] Project instance 237664 - Iron Furnaces changed.
[2025-11-19 20:08:53.769] [info]  [ProjectInstanceChangedEventHandler] Project instance 388172 - GeckoLib changed.
[2025-11-19 20:08:53.769] [info]  [ProjectInstanceChangedEventHandler] Project instance 901491 - Railcraft Reborn changed.
[2025-11-19 20:08:53.769] [info]  [ProjectInstanceChangedEventHandler] Project instance 1001266 - Hardened Armadillos changed.
[2025-11-19 20:08:53.769] [info]  [ProjectInstanceChangedEventHandler] Project instance 361276 - Lootr (Forge & NeoForge) changed.
[2025-11-19 20:08:53.769] [info]  [ProjectInstanceChangedEventHandler] Project instance 561885 - Just Zoom changed.
[2025-11-19 20:08:53.769] [info]  [ProjectInstanceChangedEventHandler] Project instance 254268 - Torchmaster changed.
[2025-11-19 20:08:53.776] [info]  [ProjectInstanceChangedEventHandler] Project instance 1184406 - Transfer Labels changed.
[2025-11-19 20:08:53.777] [info]  [ProjectInstanceChangedEventHandler] Project instance 326041 - RFTools Base changed.
[2025-11-19 20:08:53.777] [info]  [ProjectInstanceChangedEventHandler] Project instance 287357 - Integrated Crafting changed.
[2025-11-19 20:08:53.777] [info]  [ProjectInstanceChangedEventHandler] Project instance 659090 - Fuel Goes Here changed.
[2025-11-19 20:08:53.777] [info]  [ProjectInstanceChangedEventHandler] Project instance 284497 - Iron Jetpacks changed.
[2025-11-19 20:08:53.777] [info]  [ProjectInstanceChangedEventHandler] Project instance 391382 - More Overlays Updated changed.
[2025-11-19 20:08:53.777] [info]  [ProjectInstanceChangedEventHandler] Project instance 64578 - Ender IO changed.
[2025-11-19 20:08:53.777] [info]  [ProjectInstanceChangedEventHandler] Project instance 367706 - FancyMenu changed.
[2025-11-19 20:08:53.777] [info]  [ProjectInstanceChangedEventHandler] Project instance 266515 - Industrial Foregoing changed.
[2025-11-19 20:08:53.777] [info]  [ProjectInstanceChangedEventHandler] Project instance 1001614 - Lionfish API changed.
[2025-11-19 20:08:53.778] [info]  [ProjectInstanceChangedEventHandler] Project instance 290209 - RFTools Power changed.
[2025-11-19 20:08:53.778] [info]  [ProjectInstanceChangedEventHandler] Project instance 699872 - Accelerated Decay changed.
[2025-11-19 20:08:53.778] [info]  [ProjectInstanceChangedEventHandler] Project instance 342466 - RFTools Utility changed.
[2025-11-19 20:08:53.778] [info]  [ProjectInstanceChangedEventHandler] Project instance 410811 - FTB Essentials (Forge & Fabric) changed.
[2025-11-19 20:08:53.778] [info]  [ProjectInstanceChangedEventHandler] Project instance 532610 - oωo (owo-lib) changed.
[2025-11-19 20:08:53.778] [info]  [ProjectInstanceChangedEventHandler] Project instance 1158094 - Deimos Lib changed.
[2025-11-19 20:08:53.778] [info]  [ProjectInstanceChangedEventHandler] Project instance 231951 - Immersive Engineering changed.
[2025-11-19 20:08:53.785] [info]  [ProjectInstanceChangedEventHandler] Project instance 364466 - Allthemodium changed.
[2025-11-19 20:08:53.786] [info]  [ProjectInstanceChangedEventHandler] Project instance 368293 - Repurposed Structures (Neoforge/Forge) changed.
[2025-11-19 20:08:53.786] [info]  [ProjectInstanceChangedEventHandler] Project instance 1206582 - Oracle Index changed.
[2025-11-19 20:08:53.786] [info]  [ProjectInstanceChangedEventHandler] Project instance 898963 - Apothic Attributes changed.
[2025-11-19 20:08:53.786] [info]  [ProjectInstanceChangedEventHandler] Project instance 1099143 - KeybindsPurger changed.
[2025-11-19 20:08:53.786] [info]  [ProjectInstanceChangedEventHandler] Project instance 371813 - Crash Utilities changed.
[2025-11-19 20:08:53.786] [info]  [ProjectInstanceChangedEventHandler] Project instance 347706 - RFTools Builder changed.
[2025-11-19 20:08:53.786] [info]  [ProjectInstanceChangedEventHandler] Project instance 232758 - Cyclops Core changed.
[2025-11-19 20:08:53.786] [info]  [ProjectInstanceChangedEventHandler] Project instance 314905 - FTB Ranks (Forge) changed.
[2025-11-19 20:08:53.786] [info]  [ProjectInstanceChangedEventHandler] Project instance 890755 - Just Enough Archaeology changed.
[2025-11-19 20:08:53.787] [info]  [ProjectInstanceChangedEventHandler] Project instance 576589 - PolyLib changed.
[2025-11-19 20:08:53.787] [info]  [ProjectInstanceChangedEventHandler] Project instance 518211 - Pylons changed.
[2025-11-19 20:08:53.787] [info]  [ProjectInstanceChangedEventHandler] Project instance 454372 - SuperMartijn642's Core Lib changed.
[2025-11-19 20:08:53.787] [info]  [ProjectInstanceChangedEventHandler] Project instance 280441 - Mystical Customization changed.
[2025-11-19 20:08:53.787] [info]  [ProjectInstanceChangedEventHandler] Project instance 459929 - Applied Energistics 2 Wireless Terminals changed.
[2025-11-19 20:08:53.787] [info]  [ProjectInstanceChangedEventHandler] Project instance 1083840 - Modular Machinery Reborn changed.
[2025-11-19 20:08:53.787] [info]  [ProjectInstanceChangedEventHandler] Project instance 74610 - EvilCraft changed.
[2025-11-19 20:08:53.789] [info]  [ProjectInstanceChangedEventHandler] Project instance 295780 - Roots Classic changed.
[2025-11-19 20:08:53.789] [info]  [ProjectInstanceChangedEventHandler] Project instance 220311 - Silent's Gems changed.
[2025-11-19 20:08:53.795] [info]  [ProjectInstanceChangedEventHandler] Project instance 32274 - JourneyMap changed.
[2025-11-19 20:08:53.795] [info]  [ProjectInstanceChangedEventHandler] Project instance 256717 - Clumps changed.
[2025-11-19 20:08:53.795] [info]  [ProjectInstanceChangedEventHandler] Project instance 1094032 - All The Arcanist Gear changed.
[2025-11-19 20:08:53.795] [info]  [ProjectInstanceChangedEventHandler] Project instance 405388 - Modern Industrialization changed.
[2025-11-19 20:08:53.795] [info]  [ProjectInstanceChangedEventHandler] Project instance 686911 - ImmediatelyFast changed.
[2025-11-19 20:08:53.795] [info]  [ProjectInstanceChangedEventHandler] Project instance 250277 - Extreme Reactors changed.
[2025-11-19 20:08:53.795] [info]  [ProjectInstanceChangedEventHandler] Project instance 551894 - Better Compatibility Checker changed.
[2025-11-19 20:08:53.796] [info]  [ProjectInstanceChangedEventHandler] Project instance 963206 - Theurgy KubeJS changed.
[2025-11-19 20:08:53.796] [info]  [ProjectInstanceChangedEventHandler] Project instance 361026 - Occultism changed.
[2025-11-19 20:08:53.796] [info]  [ProjectInstanceChangedEventHandler] Project instance 438332 - SuperMartijn642's Config Lib changed.
[2025-11-19 20:08:53.796] [info]  [ProjectInstanceChangedEventHandler] Project instance 653791 - XyCraft: Machines changed.
[2025-11-19 20:08:53.796] [info]  [ProjectInstanceChangedEventHandler] Project instance 1132269 - Modular Machinery Reborn Ars Nouveau changed.
[2025-11-19 20:08:53.796] [info]  [ProjectInstanceChangedEventHandler] Project instance 969602 - Nolijium changed.
[2025-11-19 20:08:53.796] [info]  [ProjectInstanceChangedEventHandler] Project instance 241319 - Reliquary Reincarnations changed.
[2025-11-19 20:08:53.796] [info]  [ProjectInstanceChangedEventHandler] Project instance 552574 - Hostile Neural Networks changed.
[2025-11-19 20:08:53.802] [info]  [ProjectInstanceChangedEventHandler] Project instance 431203 - MakeUp - Ultra Fast | Shaders changed.
[2025-11-19 20:08:53.802] [info]  [ProjectInstanceChangedEventHandler] Project instance 583228 - Simple Backups changed.
[2025-11-19 20:08:53.802] [info]  [ProjectInstanceChangedEventHandler] Project instance 1148201 - Mekanistic Routers changed.
[2025-11-19 20:08:53.802] [info]  [ProjectInstanceChangedEventHandler] Project instance 551586 - L_Ender 's Cataclysm changed.
[2025-11-19 20:08:53.802] [info]  [ProjectInstanceChangedEventHandler] Project instance 526901 - Memory Settings[Neo/Forge/Fabric] changed.
[2025-11-19 20:08:53.802] [info]  [ProjectInstanceChangedEventHandler] Project instance 854949 - Fusion (Connected Textures) changed.
[2025-11-19 20:08:53.802] [info]  [ProjectInstanceChangedEventHandler] Project instance 254241 - Mob Grinding Utils changed.
[2025-11-19 20:08:53.803] [info]  [ProjectInstanceChangedEventHandler] Project instance 1199188 - Silent Gear Metalworks changed.
[2025-11-19 20:08:53.803] [info]  [ProjectInstanceChangedEventHandler] Project instance 635427 - Yeetus Experimentus changed.
[2025-11-19 20:08:53.803] [info]  [ProjectInstanceChangedEventHandler] Project instance 233071 - Crafting Tweaks changed.
[2025-11-19 20:08:53.803] [info]  [ProjectInstanceChangedEventHandler] Project instance 268560 - Mekanism changed.
[2025-11-19 20:08:53.803] [info]  [ProjectInstanceChangedEventHandler] Project instance 1080592 - Eternal Starlight changed.
[2025-11-19 20:08:53.803] [info]  [ProjectInstanceChangedEventHandler] Project instance 945149 - Glassential Renewed changed.
[2025-11-19 20:08:53.803] [info]  [ProjectInstanceChangedEventHandler] Project instance 243707 - Corail Tombstone changed.
[2025-11-19 20:08:53.803] [info]  [ProjectInstanceChangedEventHandler] Project instance 1063926 - Apothic Enchanting changed.
[2025-11-19 20:08:53.803] [info]  [ProjectInstanceChangedEventHandler] Project instance 251389 - Integrated Tunnels changed.
[2025-11-19 20:08:53.809] [info]  [ProjectInstanceChangedEventHandler] Project instance 714059 - Resourceful Config changed.
[2025-11-19 20:08:53.809] [info]  [ProjectInstanceChangedEventHandler] Project instance 656346 - Load My F***ing Tags changed.
[2025-11-19 20:08:53.809] [info]  [ProjectInstanceChangedEventHandler] Project instance 227639 - The Twilight Forest changed.
[2025-11-19 20:08:53.809] [info]  [ProjectInstanceChangedEventHandler] Project instance 306770 - Patchouli changed.
[2025-11-19 20:08:53.809] [info]  [ProjectInstanceChangedEventHandler] Project instance 280510 - AttributeFix changed.
[2025-11-19 20:08:53.809] [info]  [ProjectInstanceChangedEventHandler] Project instance 1131856 - Modular Machinery Reborn Mekanism changed.
[2025-11-19 20:08:53.809] [info]  [ProjectInstanceChangedEventHandler] Project instance 367734 - Pocket Storage changed.
[2025-11-19 20:08:53.810] [info]  [ProjectInstanceChangedEventHandler] Project instance 538392 - Modonomicon changed.
[2025-11-19 20:08:53.810] [info]  [ProjectInstanceChangedEventHandler] Project instance 927064 - All the Wizard Gear changed.
[2025-11-19 20:08:53.810] [info]  [ProjectInstanceChangedEventHandler] Project instance 260912 - XNet changed.
[2025-11-19 20:08:53.810] [info]  [ProjectInstanceChangedEventHandler] Project instance 1005676 - Create: Aquatic Ambitions changed.
[2025-11-19 20:08:53.810] [info]  [ProjectInstanceChangedEventHandler] Project instance 268567 - Mekanism Tools changed.
[2025-11-19 20:08:53.810] [info]  [ProjectInstanceChangedEventHandler] Project instance 575698 - Ars Creo changed.
[2025-11-19 20:08:53.810] [info]  [ProjectInstanceChangedEventHandler] Project instance 298187 - Building Gadgets changed.
[2025-11-19 20:08:53.810] [info]  [ProjectInstanceChangedEventHandler] Project instance 551524 - CreeperHost Presents Steve's Carts changed.
[2025-11-19 20:08:53.810] [info]  [ProjectInstanceChangedEventHandler] Project instance 353928 - Botany Pots changed.
[2025-11-19 20:08:53.812] [info]  [ProjectInstanceChangedEventHandler] Project instance 387638 - More Red changed.
[2025-11-19 20:08:53.812] [info]  [ProjectInstanceChangedEventHandler] Project instance 250398 - Controlling changed.
[2025-11-19 20:08:53.817] [info]  [ProjectInstanceChangedEventHandler] Project instance 561470 - Ars Elemental changed.
[2025-11-19 20:08:53.817] [info]  [ProjectInstanceChangedEventHandler] Project instance 676136 - Model Gap Fix changed.
[2025-11-19 20:08:53.817] [info]  [ProjectInstanceChangedEventHandler] Project instance 653789 - XyCraft: World changed.
[2025-11-19 20:08:53.817] [info]  [ProjectInstanceChangedEventHandler] Project instance 282001 - CC: Tweaked changed.
[2025-11-19 20:08:53.817] [info]  [ProjectInstanceChangedEventHandler] Project instance 909375 - WITS (What Is This Structure?) changed.
[2025-11-19 20:08:53.817] [info]  [ProjectInstanceChangedEventHandler] Project instance 491794 - Explorer's Compass changed.
[2025-11-19 20:08:53.817] [info]  [ProjectInstanceChangedEventHandler] Project instance 256247 - Mystical Agradditions changed.
[2025-11-19 20:08:53.818] [info]  [ProjectInstanceChangedEventHandler] Project instance 394140 - Simple Magnets changed.
[2025-11-19 20:08:53.818] [info]  [ProjectInstanceChangedEventHandler] Project instance 309858 - Forbidden and Arcanus changed.
[2025-11-19 20:08:53.818] [info]  [ProjectInstanceChangedEventHandler] Project instance 1005914 - Fzzy Config changed.
[2025-11-19 20:08:53.818] [info]  [ProjectInstanceChangedEventHandler] Project instance 379849 - The Undergarden changed.
[2025-11-19 20:08:53.818] [info]  [ProjectInstanceChangedEventHandler] Project instance 416935 - Valhelsia Core changed.
[2025-11-19 20:08:53.818] [info]  [ProjectInstanceChangedEventHandler] Project instance 224218 - Compact Machines changed.
[2025-11-19 20:08:53.818] [info]  [ProjectInstanceChangedEventHandler] Project instance 225738 - MmmMmmMmmMmm (Target Dummy) changed.
[2025-11-19 20:08:53.818] [info]  [ProjectInstanceChangedEventHandler] Project instance 244256 - Reap Mod changed.
[2025-11-19 20:08:53.823] [info]  [ProjectInstanceChangedEventHandler] Project instance 419699 - Architectury API changed.
[2025-11-19 20:08:53.823] [info]  [ProjectInstanceChangedEventHandler] Project instance 659110 - Regions Unexplored (forge/fabric) changed.
[2025-11-19 20:08:53.823] [info]  [ProjectInstanceChangedEventHandler] Project instance 940057 - TerraBlender (NeoForge) changed.
[2025-11-19 20:08:53.823] [info]  [ProjectInstanceChangedEventHandler] Project instance 855414 - Iron's Spells 'n Spellbooks changed.
[2025-11-19 20:08:53.823] [info]  [ProjectInstanceChangedEventHandler] Project instance 570073 - Resourceful Lib changed.
[2025-11-19 20:08:53.824] [info]  [ProjectInstanceChangedEventHandler] Project instance 431430 - FlickerFix changed.
[2025-11-19 20:08:53.824] [info]  [ProjectInstanceChangedEventHandler] Project instance 688768 - Create: Enchantment Industry changed.
[2025-11-19 20:08:53.824] [info]  [ProjectInstanceChangedEventHandler] Project instance 350006 - RFTools Storage changed.
[2025-11-19 20:08:53.824] [info]  [ProjectInstanceChangedEventHandler] Project instance 1216624 - Create: Dragons Plus changed.
[2025-11-19 20:08:53.824] [info]  [ProjectInstanceChangedEventHandler] Project instance 60089 - Mouse Tweaks changed.
[2025-11-19 20:08:53.824] [info]  [ProjectInstanceChangedEventHandler] Project instance 388800 - Polymorph (Fabric/Forge/Quilt) changed.
[2025-11-19 20:08:53.824] [info]  [ProjectInstanceChangedEventHandler] Project instance 223565 - Draconic Evolution changed.
[2025-11-19 20:08:53.824] [info]  [ProjectInstanceChangedEventHandler] Project instance 328085 - Create changed.
[2025-11-19 20:08:53.824] [info]  [ProjectInstanceChangedEventHandler] Project instance 1040076 - IceAndFire Community Edition changed.
[2025-11-19 20:08:53.825] [info]  [ProjectInstanceChangedEventHandler] Project instance 619320 - Sophisticated Storage changed.
[2025-11-19 20:08:53.830] [info]  [ProjectInstanceChangedEventHandler] Project instance 252848 - Nature's Compass changed.
[2025-11-19 20:08:53.831] [info]  [ProjectInstanceChangedEventHandler] Project instance 404465 - FTB Library (Forge) changed.
[2025-11-19 20:08:53.831] [info]  [ProjectInstanceChangedEventHandler] Project instance 223794 - Applied Energistics 2 changed.
[2025-11-19 20:08:53.831] [info]  [ProjectInstanceChangedEventHandler] Project instance 364120 - All The Tweaks changed.
[2025-11-19 20:08:53.831] [info]  [ProjectInstanceChangedEventHandler] Project instance 688367 - ME Requester changed.
[2025-11-19 20:08:53.831] [info]  [ProjectInstanceChangedEventHandler] Project instance 622888 - Ponder for KubeJS changed.
[2025-11-19 20:08:53.831] [info]  [ProjectInstanceChangedEventHandler] Project instance 1154099 - Crash Assistant changed.
[2025-11-19 20:08:53.831] [info]  [ProjectInstanceChangedEventHandler] Project instance 248787 - AppleSkin changed.
[2025-11-19 20:08:53.831] [info]  [ProjectInstanceChangedEventHandler] Project instance 430906 - Cat Jammies changed.
[2025-11-19 20:08:53.831] [info]  [ProjectInstanceChangedEventHandler] Project instance 522992 - BlockUI changed.
[2025-11-19 20:08:53.831] [info]  [ProjectInstanceChangedEventHandler] Project instance 636540 - Structory changed.
[2025-11-19 20:08:53.831] [info]  [ProjectInstanceChangedEventHandler] Project instance 426386 - Shrink. changed.
[2025-11-19 20:08:53.832] [info]  [ProjectInstanceChangedEventHandler] Project instance 400514 - Easy Villagers changed.
[2025-11-19 20:08:53.832] [info]  [ProjectInstanceChangedEventHandler] Project instance 1133580 - Smithing Template Viewer for JEI/EMI changed.
[2025-11-19 20:08:53.832] [info]  [ProjectInstanceChangedEventHandler] Project instance 351264 - Kotlin for Forge changed.
[2025-11-19 20:08:53.832] [info]  [ProjectInstanceChangedEventHandler] Project instance 356801 - Potions Master changed.
[2025-11-19 20:08:53.832] [info]  [ProjectInstanceChangedEventHandler] Project instance 451682 - No Villager Death Messages changed.
[2025-11-19 20:08:53.833] [info]  [ProjectInstanceChangedEventHandler] Project instance 633823 - Almost Unified changed.
[2025-11-19 20:08:53.833] [info]  [ProjectInstanceChangedEventHandler] Project instance 938643 - Melody changed.
[2025-11-19 20:08:53.839] [info]  [ProjectInstanceChangedEventHandler] Project instance 1153666 - Ars Elemancy changed.
[2025-11-19 20:08:53.839] [info]  [ProjectInstanceChangedEventHandler] Project instance 694231 - Xtones Reworked changed.
[2025-11-19 20:08:53.839] [info]  [ProjectInstanceChangedEventHandler] Project instance 895919 - Time in a bottle [FORGE\NEOFORGE\FABRIC] changed.
[2025-11-19 20:08:53.839] [info]  [ProjectInstanceChangedEventHandler] Project instance 1254143 - Colorwheel changed.
[2025-11-19 20:08:53.839] [info]  [ProjectInstanceChangedEventHandler] Project instance 667299 - YetAnotherConfigLib changed.
[2025-11-19 20:08:53.839] [info]  [ProjectInstanceChangedEventHandler] Project instance 1067672 - Tesseract API (NeoForge) changed.
[2025-11-19 20:08:53.839] [info]  [ProjectInstanceChangedEventHandler] Project instance 306935 - Super Factory Manager ( SFM ) changed.
[2025-11-19 20:08:53.839] [info]  [ProjectInstanceChangedEventHandler] Project instance 638508 - EdivadLib changed.
[2025-11-19 20:08:53.839] [info]  [ProjectInstanceChangedEventHandler] Project instance 430636 - Theurgy changed.
[2025-11-19 20:08:53.840] [info]  [ProjectInstanceChangedEventHandler] Project instance 245755 - Waystones changed.
[2025-11-19 20:08:53.840] [info]  [ProjectInstanceChangedEventHandler] Project instance 1089065 - Industrialization Overdrive changed.
[2025-11-19 20:08:53.840] [info]  [ProjectInstanceChangedEventHandler] Project instance 983390 - Simple Weather changed.
[2025-11-19 20:08:53.840] [info]  [ProjectInstanceChangedEventHandler] Project instance 233019 - AI Improvements changed.
[2025-11-19 20:08:53.840] [info]  [ProjectInstanceChangedEventHandler] Project instance 401955 - Ars Nouveau changed.
[2025-11-19 20:08:53.840] [info]  [ProjectInstanceChangedEventHandler] Project instance 1173950 - GuideME changed.
[2025-11-19 20:08:53.840] [info]  [ProjectInstanceChangedEventHandler] Project instance 531761 - Balm changed.
[2025-11-19 20:08:53.840] [info]  [ProjectInstanceChangedEventHandler] Project instance 1172594 - KeyBind Bundles changed.
[2025-11-19 20:08:53.845] [info]  [ProjectInstanceChangedEventHandler] Project instance 301034 - Entangled changed.
[2025-11-19 20:08:53.846] [info]  [ProjectInstanceChangedEventHandler] Project instance 228525 - Bookshelf changed.
[2025-11-19 20:08:53.846] [info]  [ProjectInstanceChangedEventHandler] Project instance 363363 - Extreme sound muffler - (Neo)Forge changed.
[2025-11-19 20:08:53.846] [info]  [ProjectInstanceChangedEventHandler] Project instance 351748 - Mining Gadgets changed.
[2025-11-19 20:08:53.846] [info]  [ProjectInstanceChangedEventHandler] Project instance 354339 - Open Loader changed.
[2025-11-19 20:08:53.846] [info]  [ProjectInstanceChangedEventHandler] Project instance 1068418 - Extended Industrialization changed.
[2025-11-19 20:08:53.846] [info]  [ProjectInstanceChangedEventHandler] Project instance 242818 - CodeChicken Lib 1.8.+ changed.
[2025-11-19 20:08:53.846] [info]  [ProjectInstanceChangedEventHandler] Project instance 250419 - Enchantment Descriptions changed.
[2025-11-19 20:08:53.846] [info]  [ProjectInstanceChangedEventHandler] Project instance 915115 - Formations (Structure Library) changed.
[2025-11-19 20:08:53.846] [info]  [ProjectInstanceChangedEventHandler] Project instance 908741 - Embeddium changed.
[2025-11-19 20:08:53.846] [info]  [ProjectInstanceChangedEventHandler] Project instance 1023259 - Prickle changed.
[2025-11-19 20:08:53.846] [info]  [ProjectInstanceChangedEventHandler] Project instance 282805 - Restrictions changed.
[2025-11-19 20:08:53.846] [info]  [ProjectInstanceChangedEventHandler] Project instance 410295 - Konkrete changed.
[2025-11-19 20:08:53.846] [info]  [ProjectInstanceChangedEventHandler] Project instance 653786 - XyCraft changed.
[2025-11-19 20:08:53.846] [info]  [ProjectInstanceChangedEventHandler] Project instance 295910 - Integrated Terminals changed.
[2025-11-19 20:08:53.852] [info]  [ProjectInstanceChangedEventHandler] Project instance 867286 - More Red x CC:Tweaked Compat changed.
[2025-11-19 20:08:53.852] [info]  [ProjectInstanceChangedEventHandler] Project instance 941096 - Polymorphic Energistics changed.
[2025-11-19 20:08:53.852] [info]  [ProjectInstanceChangedEventHandler] Project instance 238222 - Just Enough Items (JEI) changed.
[2025-11-19 20:08:53.852] [info]  [ProjectInstanceChangedEventHandler] Project instance 626839 - LaserIO changed.
[2025-11-19 20:08:53.853] [info]  [ProjectInstanceChangedEventHandler] Project instance 1072905 - Jupiter changed.
[2025-11-19 20:08:53.853] [info]  [ProjectInstanceChangedEventHandler] Project instance 358700 - More Dragon Eggs changed.
[2025-11-19 20:08:53.853] [info]  [ProjectInstanceChangedEventHandler] Project instance 248020 - Flux Networks changed.
[2025-11-19 20:08:53.853] [info]  [ProjectInstanceChangedEventHandler] Project instance 574300 - Applied Mekanistics changed.
[2025-11-19 20:08:53.853] [info]  [ProjectInstanceChangedEventHandler] Project instance 287342 - Titanium changed.
[2025-11-19 20:08:53.853] [info]  [ProjectInstanceChangedEventHandler] Project instance 314906 - FTB Chunks (Forge) changed.
[2025-11-19 20:08:53.853] [info]  [ProjectInstanceChangedEventHandler] Project instance 1285475 - Colorwheel Patcher changed.
[2025-11-19 20:08:53.853] [info]  [ProjectInstanceChangedEventHandler] Project instance 693313 - CorgiLib changed.
[2025-11-19 20:08:53.853] [info]  [ProjectInstanceChangedEventHandler] Project instance 957920 - Glodium changed.
[2025-11-19 20:08:53.853] [info]  [ProjectInstanceChangedEventHandler] Project instance 326652 - Cupboard changed.
[2025-11-19 20:08:53.853] [info]  [ProjectInstanceChangedEventHandler] Project instance 976858 - Inventory Tweaks - ReFoxed changed.
[2025-11-19 20:08:53.853] [info]  [ProjectInstanceChangedEventHandler] Project instance 1143614 - Soulplied Energistics changed.
[2025-11-19 20:08:53.854] [info]  [ProjectInstanceChangedEventHandler] Project instance 974408 - Ars Additions changed.
[2025-11-19 20:08:53.861] [info]  [ProjectInstanceChangedEventHandler] Project instance 261924 - Farming for Blockheads changed.
[2025-11-19 20:08:53.861] [info]  [ProjectInstanceChangedEventHandler] Project instance 1306367 - KubeJS Tweaks changed.
[2025-11-19 20:08:53.861] [info]  [ProjectInstanceChangedEventHandler] Project instance 927874 - Tree Tap changed.
[2025-11-19 20:08:53.861] [info]  [ProjectInstanceChangedEventHandler] Project instance 691049 - Generator Galore changed.
[2025-11-19 20:08:53.861] [info]  [ProjectInstanceChangedEventHandler] Project instance 353882 - DimStorage changed.
[2025-11-19 20:08:53.861] [info]  [ProjectInstanceChangedEventHandler] Project instance 470193 - Connectivity changed.
[2025-11-19 20:08:53.861] [info]  [ProjectInstanceChangedEventHandler] Project instance 443900 - Pipez changed.
[2025-11-19 20:08:53.861] [info]  [ProjectInstanceChangedEventHandler] Project instance 417802 - Gateways to Eternity changed.
[2025-11-19 20:08:53.861] [info]  [ProjectInstanceChangedEventHandler] Project instance 1329843 - KubeJS Draconic Evolution changed.
[2025-11-19 20:08:53.861] [info]  [ProjectInstanceChangedEventHandler] Project instance 1165932 - Luminax changed.
[2025-11-19 20:08:53.862] [info]  [ProjectInstanceChangedEventHandler] Project instance 915324 - Formations Overworld changed.
[2025-11-19 20:08:53.862] [info]  [ProjectInstanceChangedEventHandler] Project instance 411357 - Botany Trees changed.
[2025-11-19 20:08:53.862] [info]  [ProjectInstanceChangedEventHandler] Project instance 1165429 - Ars Unification changed.
[2025-11-19 20:08:53.862] [info]  [ProjectInstanceChangedEventHandler] Project instance 867074 - Productive Trees changed.
[2025-11-19 20:08:53.862] [info]  [ProjectInstanceChangedEventHandler] Project instance 247921 - ZeroCore 2 changed.
[2025-11-19 20:08:53.862] [info]  [ProjectInstanceChangedEventHandler] Project instance 308989 - Caelus API changed.
[2025-11-19 20:08:53.862] [info]  [ProjectInstanceChangedEventHandler] Project instance 992377 - Immersive Energistics changed.
[2025-11-19 20:08:53.868] [info]  [ProjectInstanceChangedEventHandler] Project instance 1119874 - Mekanism Covers changed.
[2025-11-19 20:08:53.868] [info]  [ProjectInstanceChangedEventHandler] Project instance 638111 - Prism [Neo/Forge] changed.
[2025-11-19 20:08:53.868] [info]  [ProjectInstanceChangedEventHandler] Project instance 982512 - AE2 Import Export Card changed.
[2025-11-19 20:08:53.868] [info]  [ProjectInstanceChangedEventHandler] Project instance 904394 - Industrial Foregoing Souls changed.
[2025-11-19 20:08:53.868] [info]  [ProjectInstanceChangedEventHandler] Project instance 257356 - In Control! changed.
[2025-11-19 20:08:53.868] [info]  [ProjectInstanceChangedEventHandler] Project instance 455508 - Iris Shaders changed.
[2025-11-19 20:08:53.869] [info]  [ProjectInstanceChangedEventHandler] Project instance 1213351 - Expanded AE changed.
[2025-11-19 20:08:53.869] [info]  [ProjectInstanceChangedEventHandler] Project instance 634062 - No Chat Reports changed.
[2025-11-19 20:08:53.869] [info]  [ProjectInstanceChangedEventHandler] Project instance 783522 - Structory: Towers changed.
[2025-11-19 20:08:53.869] [info]  [ProjectInstanceChangedEventHandler] Project instance 841890 - Athena changed.
[2025-11-19 20:08:53.869] [info]  [ProjectInstanceChangedEventHandler] Project instance 918840 - Formations Nether changed.
[2025-11-19 20:08:53.869] [info]  [ProjectInstanceChangedEventHandler] Project instance 790626 - ModernFix changed.
[2025-11-19 20:08:53.869] [info]  [ProjectInstanceChangedEventHandler] Project instance 299540 - FastFurnace changed.
[2025-11-19 20:08:53.869] [info]  [ProjectInstanceChangedEventHandler] Project instance 60028 - Aquaculture 2 changed.
[2025-11-19 20:08:53.869] [info]  [ProjectInstanceChangedEventHandler] Project instance 916747 - OctoLib changed.
[2025-11-19 20:08:53.875] [info]  [ProjectInstanceChangedEventHandler] Project instance 1084104 - AdvancedAE changed.
[2025-11-19 20:08:53.875] [info]  [ProjectInstanceChangedEventHandler] Project instance 640001 - Factory Blocks [Forge/Fabric/NeoForge] changed.
[2025-11-19 20:08:53.875] [info]  [ProjectInstanceChangedEventHandler] Project instance 456956 - Chipped changed.
[2025-11-19 20:08:53.875] [info]  [ProjectInstanceChangedEventHandler] Project instance 549225 - Framework changed.
[2025-11-19 20:08:53.875] [info]  [ProjectInstanceChangedEventHandler] Project instance 905641 - Ars Énergistique changed.
[2025-11-19 20:08:53.875] [info]  [ProjectInstanceChangedEventHandler] Project instance 656136 - Gravitational Modulating Additional Unit changed.
[2025-11-19 20:08:53.876] [info]  [ProjectInstanceChangedEventHandler] Project instance 417645 - Just Enough Professions (JEP) changed.
[2025-11-19 20:08:53.876] [info]  [ProjectInstanceChangedEventHandler] Project instance 422301 - Sophisticated Backpacks changed.
[2025-11-19 20:08:53.876] [info]  [ProjectInstanceChangedEventHandler] Project instance 1184570 - Productive Metalworks changed.
[2025-11-19 20:08:53.876] [info]  [ProjectInstanceChangedEventHandler] Project instance 627557 - Complementary Shaders - Reimagined changed.
[2025-11-19 20:08:53.876] [info]  [ProjectInstanceChangedEventHandler] Project instance 658587 - playerAnimator changed.
[2025-11-19 20:08:53.876] [info]  [ProjectInstanceChangedEventHandler] Project instance 968456 - Cobweb changed.
[2025-11-19 20:08:53.876] [info]  [ProjectInstanceChangedEventHandler] Project instance 520110 - Iceberg [Neo/Forge] changed.
[2025-11-19 20:08:53.876] [info]  [ProjectInstanceChangedEventHandler] Project instance 314002 - Overloaded Armor Bar changed.
[2025-11-19 20:08:53.876] [info]  [ProjectInstanceChangedEventHandler] Project instance 574123 - Dark Mode Everywhere changed.
[2025-11-19 20:08:53.882] [info]  [ProjectInstanceChangedEventHandler] Project instance 509575 - Observable changed.
[2025-11-19 20:08:53.882] [info]  [ProjectInstanceChangedEventHandler] Project instance 431725 - Advanced Peripherals changed.
[2025-11-19 20:08:53.882] [info]  [ProjectInstanceChangedEventHandler] Project instance 659011 - Deeper and Darker changed.
[2025-11-19 20:08:53.882] [info]  [ProjectInstanceChangedEventHandler] Project instance 525693 - Occultism KubeJS changed.
[2025-11-19 20:08:53.882] [info]  [ProjectInstanceChangedEventHandler] Project instance 231484 - Cooking for Blockheads changed.
[2025-11-19 20:08:53.882] [info]  [ProjectInstanceChangedEventHandler] Project instance 570354 - Nullscape changed.
[2025-11-19 20:08:53.882] [info]  [ProjectInstanceChangedEventHandler] Project instance 510656 - Wireless Chargers changed.
[2025-11-19 20:08:53.883] [info]  [ProjectInstanceChangedEventHandler] Project instance 626761 - Towns and Towers changed.
[2025-11-19 20:08:53.883] [info]  [ProjectInstanceChangedEventHandler] Project instance 986583 - Apothic Spawners changed.
[2025-11-19 20:08:53.883] [info]  [ProjectInstanceChangedEventHandler] Project instance 1145462 - Atlas API changed.
[2025-11-19 20:08:53.883] [info]  [ProjectInstanceChangedEventHandler] Project instance 1111501 - I'm Fast changed.
[2025-11-19 20:08:53.883] [info]  [ProjectInstanceChangedEventHandler] Project instance 312353 - Artifacts changed.
[2025-11-19 20:08:53.883] [info]  [ProjectInstanceChangedEventHandler] Project instance 241160 - NetherPortalFix changed.
[2025-11-19 20:08:53.883] [info]  [ProjectInstanceChangedEventHandler] Project instance 416294 - Rhino changed.
[2025-11-19 20:08:53.883] [info]  [ProjectInstanceChangedEventHandler] Project instance 348521 - Cloth Config API (Fabric/Forge/NeoForge) changed.
[2025-11-19 20:08:53.885] [info]  [ProjectInstanceChangedEventHandler] Project instance 300331 - Simply Light changed.
[2025-11-19 20:08:53.885] [info]  [ProjectInstanceChangedEventHandler] Project instance 288885 - FastWorkbench changed.
[2025-11-19 20:08:53.885] [info]  [ProjectInstanceChangedEventHandler] Project instance 236307 - Integrated Dynamics changed.
[2025-11-19 20:08:55.037] [info]  [GameInstanceChangedEventHandler] Game instance changed: 0dd96237-26c2-4f20-8352-1386b0e1e987 - ["Saved"].
[2025-11-19 20:08:55.037] [info]  [ModpackChangedEventHandler] Modpack 0dd96237-26c2-4f20-8352-1386b0e1e987 changed.
[2025-11-19 20:08:55.038] [info]  [GameInstanceChangedEventHandler] Game instance changed: 0dd96237-26c2-4f20-8352-1386b0e1e987 - ["AddedToDatabase"].
[2025-11-19 20:08:55.039] [error] [ModpackInstanceRepository] Failed to get modpack: 0dd96237-26c2-4f20-8352-1386b0e1e987. Error: Modpack 0dd96237-26c2-4f20-8352-1386b0e1e987 not found
[2025-11-19 20:08:55.039] [error] [ModpackChangedEventHandler] Failed to update changed modpack 0dd96237-26c2-4f20-8352-1386b0e1e987. Error: Modpack 0dd96237-26c2-4f20-8352-1386b0e1e987 not found
[2025-11-19 20:09:00.628] [info]  [GameInstanceChangedEventHandler] Game instance changed: 3a9852f5-bf54-4ecd-a0cd-65a21587c0c2 - ["ScanningChanged"].
[2025-11-19 20:09:00.628] [info]  [GameInstanceScanStartedEventHandler] Scan started for game 432 - Skibidi craft - 3a9852f5-bf54-4ecd-a0cd-65a21587c0c2.
[2025-11-19 20:09:00.630] [info]  [Renderer - Main Window] Instance 3a9852f5-bf54-4ecd-a0cd-65a21587c0c2 scan started - updating state [ [] ]
[2025-11-19 20:09:03.738] [info]  [ProjectInstanceChangedEventHandler] Project instance 561470 - Ars Elemental changed.
[2025-11-19 20:09:03.739] [info]  [ProjectInstalledEventHandler] Project 561470 - Ars Elemental installed to Skibidi craft instance.
[2025-11-19 20:09:03.740] [info]  [ProjectInstalledEventHandler] Project 353928 - Botany Pots installed to Skibidi craft instance.
[2025-11-19 20:09:03.740] [info]  [ProjectInstalledEventHandler] Project 905641 - Ars Énergistique installed to Skibidi craft instance.
[2025-11-19 20:09:03.740] [info]  [ProjectInstalledEventHandler] Project 312353 - Artifacts installed to Skibidi craft instance.
[2025-11-19 20:09:03.743] [info]  [ProjectInstanceChangedEventHandler] Project instance 353928 - Botany Pots changed.
[2025-11-19 20:09:03.743] [info]  [ProjectInstanceChangedEventHandler] Project instance 905641 - Ars Énergistique changed.
[2025-11-19 20:09:03.743] [info]  [ProjectInstanceChangedEventHandler] Project instance 312353 - Artifacts changed.
[2025-11-19 20:09:03.743] [info]  [ProjectInstanceChangedEventHandler] Project instance 1145462 - Atlas API changed.
[2025-11-19 20:09:03.744] [info]  [ProjectInstalledEventHandler] Project 1145462 - Atlas API installed to Skibidi craft instance.
[2025-11-19 20:09:03.745] [info]  [ProjectInstalledEventHandler] Project 514045 - AllTheCompressed installed to Skibidi craft instance.
[2025-11-19 20:09:03.745] [info]  [ProjectInstalledEventHandler] Project 1094032 - All The Arcanist Gear installed to Skibidi craft instance.
[2025-11-19 20:09:03.745] [info]  [ProjectInstalledEventHandler] Project 313970 - Apotheosis installed to Skibidi craft instance.
[2025-11-19 20:09:03.748] [info]  [ProjectInstanceChangedEventHandler] Project instance 514045 - AllTheCompressed changed.
[2025-11-19 20:09:03.748] [info]  [ProjectInstanceChangedEventHandler] Project instance 1094032 - All The Arcanist Gear changed.
[2025-11-19 20:09:03.748] [info]  [ProjectInstanceChangedEventHandler] Project instance 313970 - Apotheosis changed.
[2025-11-19 20:09:03.748] [info]  [ProjectInstanceChangedEventHandler] Project instance 364466 - Allthemodium changed.
[2025-11-19 20:09:03.749] [info]  [ProjectInstalledEventHandler] Project 364466 - Allthemodium installed to Skibidi craft instance.
[2025-11-19 20:09:03.749] [info]  [ProjectInstalledEventHandler] Project 1096161 - Ars Technica installed to Skibidi craft instance.
[2025-11-19 20:09:03.749] [info]  [ProjectInstalledEventHandler] Project 974408 - Ars Additions installed to Skibidi craft instance.
[2025-11-19 20:09:03.750] [info]  [ProjectInstalledEventHandler] Project 551894 - Better Compatibility Checker installed to Skibidi craft instance.
[2025-11-19 20:09:03.753] [info]  [ProjectInstanceChangedEventHandler] Project instance 1096161 - Ars Technica changed.
[2025-11-19 20:09:03.753] [info]  [ProjectInstanceChangedEventHandler] Project instance 974408 - Ars Additions changed.
[2025-11-19 20:09:03.753] [info]  [ProjectInstanceChangedEventHandler] Project instance 551894 - Better Compatibility Checker changed.
[2025-11-19 20:09:03.753] [info]  [ProjectInstanceChangedEventHandler] Project instance 282001 - CC: Tweaked changed.
[2025-11-19 20:09:03.754] [info]  [ProjectInstalledEventHandler] Project 282001 - CC: Tweaked installed to Skibidi craft instance.
[2025-11-19 20:09:03.755] [info]  [ProjectInstanceChangedEventHandler] Project instance 1153666 - Ars Elemancy changed.
[2025-11-19 20:09:03.756] [info]  [ProjectInstalledEventHandler] Project 1153666 - Ars Elemancy installed to Skibidi craft instance.
[2025-11-19 20:09:04.339] [info]  [ProjectInstalledEventHandler] Project 60028 - Aquaculture 2 installed to Skibidi craft instance.
[2025-11-19 20:09:04.339] [info]  [ProjectInstalledEventHandler] Project 1165429 - Ars Unification installed to Skibidi craft instance.
[2025-11-19 20:09:04.341] [info]  [ProjectInstanceChangedEventHandler] Project instance 60028 - Aquaculture 2 changed.
[2025-11-19 20:09:04.342] [info]  [ProjectInstanceChangedEventHandler] Project instance 1165429 - Ars Unification changed.
[2025-11-19 20:09:04.846] [info]  [ProjectInstalledEventHandler] Project 968456 - Cobweb installed to Skibidi craft instance.
[2025-11-19 20:09:04.848] [info]  [ProjectInstanceChangedEventHandler] Project instance 968456 - Cobweb changed.
[2025-11-19 20:09:04.848] [info]  [ProjectInstanceChangedEventHandler] Project instance 968456 - Cobweb changed.
[2025-11-19 20:09:10.515] [info]  [ProjectInstanceChangedEventHandler] Project instance 841890 - Athena changed.
[2025-11-19 20:09:10.516] [info]  [ProjectInstalledEventHandler] Project 841890 - Athena installed to Skibidi craft instance.
[2025-11-19 20:09:10.516] [info]  [ProjectInstalledEventHandler] Project 364120 - All The Tweaks installed to Skibidi craft instance.
[2025-11-19 20:09:10.516] [info]  [ProjectInstalledEventHandler] Project 228404 - Actually Additions installed to Skibidi craft instance.
[2025-11-19 20:09:10.517] [info]  [ProjectInstalledEventHandler] Project 1108467 - Cobblegen Galore installed to Skibidi craft instance.
[2025-11-19 20:09:10.522] [info]  [ProjectInstanceChangedEventHandler] Project instance 841890 - Athena changed.
[2025-11-19 20:09:10.522] [info]  [ProjectInstanceChangedEventHandler] Project instance 364120 - All The Tweaks changed.
[2025-11-19 20:09:10.522] [info]  [ProjectInstanceChangedEventHandler] Project instance 228404 - Actually Additions changed.
[2025-11-19 20:09:10.523] [info]  [ProjectInstanceChangedEventHandler] Project instance 1108467 - Cobblegen Galore changed.
[2025-11-19 20:09:11.036] [info]  [ProjectInstalledEventHandler] Project 248787 - AppleSkin installed to Skibidi craft instance.
[2025-11-19 20:09:11.039] [info]  [ProjectInstanceChangedEventHandler] Project instance 248787 - AppleSkin changed.
[2025-11-19 20:09:11.039] [info]  [ProjectInstanceChangedEventHandler] Project instance 248787 - AppleSkin changed.
[2025-11-19 20:09:11.340] [info]  [ProjectInstalledEventHandler] Project 308989 - Caelus API installed to Skibidi craft instance.
[2025-11-19 20:09:11.340] [info]  [ProjectInstalledEventHandler] Project 574300 - Applied Mekanistics installed to Skibidi craft instance.
[2025-11-19 20:09:11.344] [info]  [ProjectInstanceChangedEventHandler] Project instance 308989 - Caelus API changed.
[2025-11-19 20:09:11.344] [info]  [ProjectInstanceChangedEventHandler] Project instance 574300 - Applied Mekanistics changed.
[2025-11-19 20:09:11.345] [info]  [ProjectInstanceChangedEventHandler] Project instance 1061812 - Ars Controle changed.
[2025-11-19 20:09:11.346] [info]  [ProjectInstalledEventHandler] Project 1061812 - Ars Controle installed to Skibidi craft instance.
[2025-11-19 20:09:11.346] [info]  [ProjectInstalledEventHandler] Project 699872 - Accelerated Decay installed to Skibidi craft instance.
[2025-11-19 20:09:11.347] [info]  [ProjectInstalledEventHandler] Project 1214396 - Camol installed to Skibidi craft instance.
[2025-11-19 20:09:11.347] [info]  [ProjectInstalledEventHandler] Project 231382 - Brandon's Core installed to Skibidi craft instance.
[2025-11-19 20:09:11.347] [info]  [ProjectInstalledEventHandler] Project 261251 - Bad Wither No Cookie - Reloaded installed to Skibidi craft instance.
[2025-11-19 20:09:11.355] [info]  [ProjectInstanceChangedEventHandler] Project instance 699872 - Accelerated Decay changed.
[2025-11-19 20:09:11.356] [info]  [ProjectInstanceChangedEventHandler] Project instance 1214396 - Camol changed.
[2025-11-19 20:09:11.356] [info]  [ProjectInstanceChangedEventHandler] Project instance 231382 - Brandon's Core changed.
[2025-11-19 20:09:11.356] [info]  [ProjectInstanceChangedEventHandler] Project instance 261251 - Bad Wither No Cookie - Reloaded changed.
[2025-11-19 20:09:11.356] [info]  [ProjectInstanceChangedEventHandler] Project instance 223794 - Applied Energistics 2 changed.
[2025-11-19 20:09:11.358] [info]  [ProjectInstalledEventHandler] Project 223794 - Applied Energistics 2 installed to Skibidi craft instance.
[2025-11-19 20:09:11.358] [info]  [ProjectInstalledEventHandler] Project 431725 - Advanced Peripherals installed to Skibidi craft instance.
[2025-11-19 20:09:11.359] [info]  [ProjectInstalledEventHandler] Project 1074338 - AE2 JEI Integration installed to Skibidi craft instance.
[2025-11-19 20:09:11.362] [info]  [ProjectInstanceChangedEventHandler] Project instance 431725 - Advanced Peripherals changed.
[2025-11-19 20:09:11.363] [info]  [ProjectInstanceChangedEventHandler] Project instance 1074338 - AE2 JEI Integration changed.
[2025-11-19 20:09:11.685] [info]  [ProjectInstalledEventHandler] Project 233019 - AI Improvements installed to Skibidi craft instance.
[2025-11-19 20:09:11.685] [info]  [ProjectInstalledEventHandler] Project 280510 - AttributeFix installed to Skibidi craft instance.
[2025-11-19 20:09:11.685] [info]  [ProjectInstalledEventHandler] Project 1063926 - Apothic Enchanting installed to Skibidi craft instance.
[2025-11-19 20:09:11.688] [info]  [ProjectInstanceChangedEventHandler] Project instance 233019 - AI Improvements changed.
[2025-11-19 20:09:11.688] [info]  [ProjectInstanceChangedEventHandler] Project instance 280510 - AttributeFix changed.
[2025-11-19 20:09:11.688] [info]  [ProjectInstanceChangedEventHandler] Project instance 1063926 - Apothic Enchanting changed.
[2025-11-19 20:09:12.137] [info]  [ProjectInstalledEventHandler] Project 348521 - Cloth Config API (Fabric/Forge/NeoForge) installed to Skibidi craft instance.
[2025-11-19 20:09:12.137] [info]  [ProjectInstalledEventHandler] Project 965012 - Applied Flux installed to Skibidi craft instance.
[2025-11-19 20:09:12.138] [info]  [ProjectInstalledEventHandler] Project 405593 - ATO - All the Ores installed to Skibidi craft instance.
[2025-11-19 20:09:12.138] [info]  [ProjectInstalledEventHandler] Project 898963 - Apothic Attributes installed to Skibidi craft instance.
[2025-11-19 20:09:12.144] [info]  [ProjectInstanceChangedEventHandler] Project instance 348521 - Cloth Config API (Fabric/Forge/NeoForge) changed.
[2025-11-19 20:09:12.145] [info]  [ProjectInstanceChangedEventHandler] Project instance 965012 - Applied Flux changed.
[2025-11-19 20:09:12.145] [info]  [ProjectInstanceChangedEventHandler] Project instance 405593 - ATO - All the Ores changed.
[2025-11-19 20:09:12.145] [info]  [ProjectInstanceChangedEventHandler] Project instance 898963 - Apothic Attributes changed.
[2025-11-19 20:09:12.629] [info]  [ProjectInstanceChangedEventHandler] Project instance 282837 - Additional Enchanted Miner changed.
[2025-11-19 20:09:12.645] [info]  [ProjectInstalledEventHandler] Project 282837 - Additional Enchanted Miner installed to Skibidi craft instance.
[2025-11-19 20:09:12.645] [info]  [ProjectInstalledEventHandler] Project 242818 - CodeChicken Lib 1.8.+ installed to Skibidi craft instance.
[2025-11-19 20:09:12.647] [info]  [ProjectInstanceChangedEventHandler] Project instance 242818 - CodeChicken Lib 1.8.+ changed.
[2025-11-19 20:09:13.068] [info]  [ProjectInstalledEventHandler] Project 272515 - Better Advancements installed to Skibidi craft instance.
[2025-11-19 20:09:13.068] [info]  [ProjectInstalledEventHandler] Project 982512 - AE2 Import Export Card installed to Skibidi craft instance.
[2025-11-19 20:09:13.068] [info]  [ProjectInstalledEventHandler] Project 522992 - BlockUI installed to Skibidi craft instance.
[2025-11-19 20:09:13.072] [info]  [ProjectInstanceChangedEventHandler] Project instance 272515 - Better Advancements changed.
[2025-11-19 20:09:13.072] [info]  [ProjectInstanceChangedEventHandler] Project instance 982512 - AE2 Import Export Card changed.
[2025-11-19 20:09:13.072] [info]  [ProjectInstanceChangedEventHandler] Project instance 522992 - BlockUI changed.
[2025-11-19 20:09:13.292] [info]  [ProjectInstalledEventHandler] Project 282947 - Baubley Heart Canisters installed to Skibidi craft instance.
[2025-11-19 20:09:13.293] [info]  [ProjectInstalledEventHandler] Project 401955 - Ars Nouveau installed to Skibidi craft instance.
[2025-11-19 20:09:13.293] [info]  [ProjectInstalledEventHandler] Project 1086241 - AE2: Crafting Tree installed to Skibidi craft instance.
[2025-11-19 20:09:13.293] [info]  [ProjectInstalledEventHandler] Project 459929 - Applied Energistics 2 Wireless Terminals installed to Skibidi craft instance.
[2025-11-19 20:09:13.293] [info]  [ProjectInstalledEventHandler] Project 430906 - Cat Jammies installed to Skibidi craft instance.
[2025-11-19 20:09:13.301] [info]  [ProjectInstanceChangedEventHandler] Project instance 282947 - Baubley Heart Canisters changed.
[2025-11-19 20:09:13.302] [info]  [ProjectInstanceChangedEventHandler] Project instance 401955 - Ars Nouveau changed.
[2025-11-19 20:09:13.302] [info]  [ProjectInstanceChangedEventHandler] Project instance 1086241 - AE2: Crafting Tree changed.
[2025-11-19 20:09:13.302] [info]  [ProjectInstanceChangedEventHandler] Project instance 459929 - Applied Energistics 2 Wireless Terminals changed.
[2025-11-19 20:09:13.302] [info]  [ProjectInstanceChangedEventHandler] Project instance 430906 - Cat Jammies changed.
[2025-11-19 20:09:13.510] [info]  [ProjectInstalledEventHandler] Project 256717 - Clumps installed to Skibidi craft instance.
[2025-11-19 20:09:13.514] [info]  [ProjectInstanceChangedEventHandler] Project instance 256717 - Clumps changed.
[2025-11-19 20:09:13.525] [info]  [ProjectInstalledEventHandler] Project 228525 - Bookshelf installed to Skibidi craft instance.
[2025-11-19 20:09:13.525] [info]  [ProjectInstalledEventHandler] Project 986583 - Apothic Spawners installed to Skibidi craft instance.
[2025-11-19 20:09:13.528] [info]  [ProjectInstanceChangedEventHandler] Project instance 228525 - Bookshelf changed.
[2025-11-19 20:09:13.528] [info]  [ProjectInstanceChangedEventHandler] Project instance 986583 - Apothic Spawners changed.
[2025-11-19 20:09:13.735] [info]  [ProjectInstalledEventHandler] Project 419699 - Architectury API installed to Skibidi craft instance.
[2025-11-19 20:09:13.736] [info]  [ProjectInstanceChangedEventHandler] Project instance 419699 - Architectury API changed.
[2025-11-19 20:09:13.960] [info]  [ProjectInstalledEventHandler] Project 551763 - Chisel Reborn [Forge/Fabric/NeoForge] installed to Skibidi craft instance.
[2025-11-19 20:09:13.960] [info]  [ProjectInstalledEventHandler] Project 1091339 - AllTheLeaks (Memory Leak Fix) installed to Skibidi craft instance.
[2025-11-19 20:09:13.961] [info]  [ProjectInstalledEventHandler] Project 1084104 - AdvancedAE installed to Skibidi craft instance.
[2025-11-19 20:09:13.961] [info]  [ProjectInstalledEventHandler] Project 559313 - AEInfinityBooster installed to Skibidi craft instance.
[2025-11-19 20:09:13.961] [info]  [ProjectInstalledEventHandler] Project 961856 - AE2 Network Analyser installed to Skibidi craft instance.
[2025-11-19 20:09:13.975] [info]  [ProjectInstanceChangedEventHandler] Project instance 551763 - Chisel Reborn [Forge/Fabric/NeoForge] changed.
[2025-11-19 20:09:13.975] [info]  [ProjectInstanceChangedEventHandler] Project instance 1091339 - AllTheLeaks (Memory Leak Fix) changed.
[2025-11-19 20:09:13.975] [info]  [ProjectInstanceChangedEventHandler] Project instance 1084104 - AdvancedAE changed.
[2025-11-19 20:09:13.979] [info]  [ProjectInstanceChangedEventHandler] Project instance 559313 - AEInfinityBooster changed.
[2025-11-19 20:09:13.979] [info]  [ProjectInstanceChangedEventHandler] Project instance 961856 - AE2 Network Analyser changed.
[2025-11-19 20:09:14.059] [info]  [ProjectInstanceChangedEventHandler] Project instance 531761 - Balm changed.
[2025-11-19 20:09:14.094] [info]  [ProjectInstalledEventHandler] Project 531761 - Balm installed to Skibidi craft instance.
[2025-11-19 20:09:14.095] [info]  [ProjectInstalledEventHandler] Project 854213 - Colorful Hearts installed to Skibidi craft instance.
[2025-11-19 20:09:14.095] [info]  [ProjectInstalledEventHandler] Project 411357 - Botany Trees installed to Skibidi craft instance.
[2025-11-19 20:09:14.095] [info]  [ProjectInstalledEventHandler] Project 907843 - Ars Ocultas installed to Skibidi craft instance.
[2025-11-19 20:09:14.095] [info]  [ProjectInstalledEventHandler] Project 298187 - Building Gadgets installed to Skibidi craft instance.
[2025-11-19 20:09:14.096] [info]  [ProjectInstalledEventHandler] Project 633823 - Almost Unified installed to Skibidi craft instance.
[2025-11-19 20:09:14.102] [info]  [ProjectInstanceChangedEventHandler] Project instance 854213 - Colorful Hearts changed.
[2025-11-19 20:09:14.102] [info]  [ProjectInstanceChangedEventHandler] Project instance 411357 - Botany Trees changed.
[2025-11-19 20:09:14.103] [info]  [ProjectInstanceChangedEventHandler] Project instance 907843 - Ars Ocultas changed.
[2025-11-19 20:09:14.103] [info]  [ProjectInstanceChangedEventHandler] Project instance 298187 - Building Gadgets changed.
[2025-11-19 20:09:14.103] [info]  [ProjectInstanceChangedEventHandler] Project instance 633823 - Almost Unified changed.
[2025-11-19 20:09:14.278] [info]  [ProjectInstalledEventHandler] Project 456956 - Chipped installed to Skibidi craft instance.
[2025-11-19 20:09:14.278] [info]  [ProjectInstalledEventHandler] Project 927064 - All the Wizard Gear installed to Skibidi craft instance.
[2025-11-19 20:09:14.278] [info]  [ProjectInstalledEventHandler] Project 575698 - Ars Creo installed to Skibidi craft instance.
[2025-11-19 20:09:14.282] [info]  [ProjectInstanceChangedEventHandler] Project instance 456956 - Chipped changed.
[2025-11-19 20:09:14.282] [info]  [ProjectInstanceChangedEventHandler] Project instance 927064 - All the Wizard Gear changed.
[2025-11-19 20:09:14.291] [info]  [ProjectInstanceChangedEventHandler] Project instance 575698 - Ars Creo changed.
[2025-11-19 20:09:14.587] [info]  [ProjectInstanceChangedEventHandler] Project instance 322506 - BSL Shaders changed.
[2025-11-19 20:09:14.587] [info]  [ProjectInstalledEventHandler] Project 322506 - BSL Shaders installed to Skibidi craft instance.
[2025-11-19 20:09:14.589] [info]  [ProjectInstanceChangedEventHandler] Project instance 431203 - MakeUp - Ultra Fast | Shaders changed.
[2025-11-19 20:09:14.590] [info]  [ProjectInstalledEventHandler] Project 431203 - MakeUp - Ultra Fast | Shaders installed to Skibidi craft instance.
[2025-11-19 20:09:14.591] [info]  [ProjectInstanceChangedEventHandler] Project instance 385587 - Complementary Shaders - Unbound changed.
[2025-11-19 20:09:14.592] [info]  [ProjectInstalledEventHandler] Project 385587 - Complementary Shaders - Unbound installed to Skibidi craft instance.
[2025-11-19 20:09:14.593] [info]  [ProjectInstalledEventHandler] Project 627557 - Complementary Shaders - Reimagined installed to Skibidi craft instance.
[2025-11-19 20:09:14.593] [info]  [ProjectInstanceChangedEventHandler] Project instance 627557 - Complementary Shaders - Reimagined changed.
[2025-11-19 20:09:14.756] [info]  [ProjectInstanceChangedEventHandler] Project instance 854213 - Colorful Hearts changed.
[2025-11-19 20:09:14.758] [info]  [ProjectInstanceChangedEventHandler] Project instance 551894 - Better Compatibility Checker changed.
[2025-11-19 20:09:14.758] [info]  [ProjectInstanceChangedEventHandler] Project instance 1153666 - Ars Elemancy changed.
[2025-11-19 20:09:14.763] [info]  [ProjectInstanceChangedEventHandler] Project instance 431203 - MakeUp - Ultra Fast | Shaders changed.
[2025-11-19 20:09:14.763] [info]  [ProjectInstanceChangedEventHandler] Project instance 308989 - Caelus API changed.
[2025-11-19 20:09:14.763] [info]  [ProjectInstanceChangedEventHandler] Project instance 522992 - BlockUI changed.
[2025-11-19 20:09:14.763] [info]  [ProjectInstanceChangedEventHandler] Project instance 1061812 - Ars Controle changed.
[2025-11-19 20:09:14.763] [info]  [ProjectInstanceChangedEventHandler] Project instance 353928 - Botany Pots changed.
[2025-11-19 20:09:14.763] [info]  [ProjectInstanceChangedEventHandler] Project instance 965012 - Applied Flux changed.
[2025-11-19 20:09:14.769] [info]  [ProjectInstanceChangedEventHandler] Project instance 1108467 - Cobblegen Galore changed.
[2025-11-19 20:09:14.769] [info]  [ProjectInstanceChangedEventHandler] Project instance 312353 - Artifacts changed.
[2025-11-19 20:09:14.769] [info]  [ProjectInstanceChangedEventHandler] Project instance 961856 - AE2 Network Analyser changed.
[2025-11-19 20:09:14.770] [info]  [ProjectInstanceChangedEventHandler] Project instance 456956 - Chipped changed.
[2025-11-19 20:09:14.770] [info]  [ProjectInstanceChangedEventHandler] Project instance 982512 - AE2 Import Export Card changed.
[2025-11-19 20:09:14.770] [info]  [ProjectInstanceChangedEventHandler] Project instance 242818 - CodeChicken Lib 1.8.+ changed.
[2025-11-19 20:09:14.770] [info]  [ProjectInstanceChangedEventHandler] Project instance 223794 - Applied Energistics 2 changed.
[2025-11-19 20:09:14.770] [info]  [ProjectInstanceChangedEventHandler] Project instance 1214396 - Camol changed.
[2025-11-19 20:09:14.770] [info]  [ProjectInstanceChangedEventHandler] Project instance 627557 - Complementary Shaders - Reimagined changed.
[2025-11-19 20:09:14.770] [info]  [ProjectInstanceChangedEventHandler] Project instance 364466 - Allthemodium changed.
[2025-11-19 20:09:14.770] [info]  [ProjectInstanceChangedEventHandler] Project instance 1086241 - AE2: Crafting Tree changed.
[2025-11-19 20:09:14.770] [info]  [ProjectInstanceChangedEventHandler] Project instance 1094032 - All The Arcanist Gear changed.
[2025-11-19 20:09:14.770] [info]  [ProjectInstanceChangedEventHandler] Project instance 1145462 - Atlas API changed.
[2025-11-19 20:09:14.770] [info]  [ProjectInstanceChangedEventHandler] Project instance 1063926 - Apothic Enchanting changed.
[2025-11-19 20:09:14.770] [info]  [ProjectInstanceChangedEventHandler] Project instance 248787 - AppleSkin changed.
[2025-11-19 20:09:14.776] [info]  [ProjectInstanceChangedEventHandler] Project instance 905641 - Ars Énergistique changed.
[2025-11-19 20:09:14.776] [info]  [ProjectInstanceChangedEventHandler] Project instance 841890 - Athena changed.
[2025-11-19 20:09:14.776] [info]  [ProjectInstanceChangedEventHandler] Project instance 1091339 - AllTheLeaks (Memory Leak Fix) changed.
[2025-11-19 20:09:14.777] [info]  [ProjectInstanceChangedEventHandler] Project instance 431725 - Advanced Peripherals changed.
[2025-11-19 20:09:14.777] [info]  [ProjectInstanceChangedEventHandler] Project instance 531761 - Balm changed.
[2025-11-19 20:09:14.777] [info]  [ProjectInstanceChangedEventHandler] Project instance 1084104 - AdvancedAE changed.
[2025-11-19 20:09:14.777] [info]  [ProjectInstanceChangedEventHandler] Project instance 561470 - Ars Elemental changed.
[2025-11-19 20:09:14.777] [info]  [ProjectInstanceChangedEventHandler] Project instance 633823 - Almost Unified changed.
[2025-11-19 20:09:14.777] [info]  [ProjectInstanceChangedEventHandler] Project instance 385587 - Complementary Shaders - Unbound changed.
[2025-11-19 20:09:14.777] [info]  [ProjectInstanceChangedEventHandler] Project instance 907843 - Ars Ocultas changed.
[2025-11-19 20:09:14.777] [info]  [ProjectInstanceChangedEventHandler] Project instance 401955 - Ars Nouveau changed.
[2025-11-19 20:09:14.778] [info]  [ProjectInstanceChangedEventHandler] Project instance 898963 - Apothic Attributes changed.
[2025-11-19 20:09:14.778] [info]  [ProjectInstanceChangedEventHandler] Project instance 405593 - ATO - All the Ores changed.
[2025-11-19 20:09:14.778] [info]  [ProjectInstanceChangedEventHandler] Project instance 699872 - Accelerated Decay changed.
[2025-11-19 20:09:14.778] [info]  [ProjectInstanceChangedEventHandler] Project instance 272515 - Better Advancements changed.
[2025-11-19 20:09:14.784] [info]  [ProjectInstanceChangedEventHandler] Project instance 419699 - Architectury API changed.
[2025-11-19 20:09:14.784] [info]  [ProjectInstanceChangedEventHandler] Project instance 411357 - Botany Trees changed.
[2025-11-19 20:09:14.784] [info]  [ProjectInstanceChangedEventHandler] Project instance 228404 - Actually Additions changed.
[2025-11-19 20:09:14.784] [info]  [ProjectInstanceChangedEventHandler] Project instance 233019 - AI Improvements changed.
[2025-11-19 20:09:14.784] [info]  [ProjectInstanceChangedEventHandler] Project instance 348521 - Cloth Config API (Fabric/Forge/NeoForge) changed.
[2025-11-19 20:09:14.784] [info]  [ProjectInstanceChangedEventHandler] Project instance 986583 - Apothic Spawners changed.
[2025-11-19 20:09:14.784] [info]  [ProjectInstanceChangedEventHandler] Project instance 559313 - AEInfinityBooster changed.
[2025-11-19 20:09:14.784] [info]  [ProjectInstanceChangedEventHandler] Project instance 459929 - Applied Energistics 2 Wireless Terminals changed.
[2025-11-19 20:09:14.784] [info]  [ProjectInstanceChangedEventHandler] Project instance 261251 - Bad Wither No Cookie - Reloaded changed.
[2025-11-19 20:09:14.784] [info]  [ProjectInstanceChangedEventHandler] Project instance 575698 - Ars Creo changed.
[2025-11-19 20:09:14.784] [info]  [ProjectInstanceChangedEventHandler] Project instance 282947 - Baubley Heart Canisters changed.
[2025-11-19 20:09:14.785] [info]  [ProjectInstanceChangedEventHandler] Project instance 313970 - Apotheosis changed.
[2025-11-19 20:09:14.785] [info]  [ProjectInstanceChangedEventHandler] Project instance 430906 - Cat Jammies changed.
[2025-11-19 20:09:14.785] [info]  [ProjectInstanceChangedEventHandler] Project instance 514045 - AllTheCompressed changed.
[2025-11-19 20:09:14.785] [info]  [ProjectInstanceChangedEventHandler] Project instance 574300 - Applied Mekanistics changed.
[2025-11-19 20:09:14.785] [info]  [ProjectInstanceChangedEventHandler] Project instance 1074338 - AE2 JEI Integration changed.
[2025-11-19 20:09:14.785] [info]  [ProjectInstanceChangedEventHandler] Project instance 968456 - Cobweb changed.
[2025-11-19 20:09:14.789] [info]  [ProjectInstanceChangedEventHandler] Project instance 280510 - AttributeFix changed.
[2025-11-19 20:09:14.790] [info]  [ProjectInstanceChangedEventHandler] Project instance 927064 - All the Wizard Gear changed.
[2025-11-19 20:09:14.790] [info]  [ProjectInstanceChangedEventHandler] Project instance 551763 - Chisel Reborn [Forge/Fabric/NeoForge] changed.
[2025-11-19 20:09:14.790] [info]  [ProjectInstanceChangedEventHandler] Project instance 60028 - Aquaculture 2 changed.
[2025-11-19 20:09:14.790] [info]  [ProjectInstanceChangedEventHandler] Project instance 1096161 - Ars Technica changed.
[2025-11-19 20:09:14.790] [info]  [ProjectInstanceChangedEventHandler] Project instance 282837 - Additional Enchanted Miner changed.
[2025-11-19 20:09:14.790] [info]  [ProjectInstanceChangedEventHandler] Project instance 1165429 - Ars Unification changed.
[2025-11-19 20:09:14.790] [info]  [ProjectInstanceChangedEventHandler] Project instance 228525 - Bookshelf changed.
[2025-11-19 20:09:14.790] [info]  [ProjectInstanceChangedEventHandler] Project instance 256717 - Clumps changed.
[2025-11-19 20:09:14.790] [info]  [ProjectInstanceChangedEventHandler] Project instance 322506 - BSL Shaders changed.
[2025-11-19 20:09:14.791] [info]  [ProjectInstanceChangedEventHandler] Project instance 974408 - Ars Additions changed.
[2025-11-19 20:09:14.794] [info]  [ProjectInstanceChangedEventHandler] Project instance 231382 - Brandon's Core changed.
[2025-11-19 20:09:14.794] [info]  [ProjectInstanceChangedEventHandler] Project instance 298187 - Building Gadgets changed.
[2025-11-19 20:09:14.794] [info]  [ProjectInstanceChangedEventHandler] Project instance 364120 - All The Tweaks changed.
[2025-11-19 20:09:14.794] [info]  [ProjectInstanceChangedEventHandler] Project instance 282001 - CC: Tweaked changed.
[2025-11-19 20:09:14.944] [info]  [ModpackChangedEventHandler] Modpack 3a9852f5-bf54-4ecd-a0cd-65a21587c0c2 changed.
[2025-11-19 20:09:14.945] [info]  [GameInstanceChangedEventHandler] Game instance changed: 3a9852f5-bf54-4ecd-a0cd-65a21587c0c2 - ["Saved"].
[2025-11-19 20:09:14.985] [info]  [GameInstanceChangedEventHandler] Game instance changed: 3a9852f5-bf54-4ecd-a0cd-65a21587c0c2 - ["ScanningChanged"].
[2025-11-19 20:09:14.986] [info]  [GameInstanceChangedEventHandler] Game instance changed: 3a9852f5-bf54-4ecd-a0cd-65a21587c0c2 - ["ScanningChanged"].
[2025-11-19 20:09:14.986] [info]  [GameInstanceScanStartedEventHandler] Scan started for game 432 - Skibidi craft - 3a9852f5-bf54-4ecd-a0cd-65a21587c0c2.
[2025-11-19 20:09:14.987] [info]  [GameInstanceScanCompletedEventHandler] Scan complete for game 432 - Skibidi craft - 3a9852f5-bf54-4ecd-a0cd-65a21587c0c2.
[2025-11-19 20:09:15.000] [info]  [Renderer - Main Window] Instance 3a9852f5-bf54-4ecd-a0cd-65a21587c0c2 scan started - updating state [ [] ]
[2025-11-19 20:09:15.001] [info]  [Renderer - Main Window] Instance 3a9852f5-bf54-4ecd-a0cd-65a21587c0c2 scan complete - updating state [ [] ]
[2025-11-19 20:09:33.800] [info]  [ProjectInstanceChangedEventHandler] Project instance 656136 - Gravitational Modulating Additional Unit changed.
[2025-11-19 20:09:33.800] [info]  [ProjectInstalledEventHandler] Project 656136 - Gravitational Modulating Additional Unit installed to Skibidi craft instance.
[2025-11-19 20:09:33.801] [info]  [ProjectInstalledEventHandler] Project 237664 - Iron Furnaces installed to Skibidi craft instance.
[2025-11-19 20:09:33.802] [info]  [ProjectInstanceChangedEventHandler] Project instance 237664 - Iron Furnaces changed.
[2025-11-19 20:09:34.468] [info]  [ProjectInstanceChangedEventHandler] Project instance 368293 - Repurposed Structures (Neoforge/Forge) changed.
[2025-11-19 20:09:34.469] [info]  [ProjectInstalledEventHandler] Project 368293 - Repurposed Structures (Neoforge/Forge) installed to Skibidi craft instance.
[2025-11-19 20:09:35.471] [info]  [ProjectInstanceChangedEventHandler] Project instance 1154099 - Crash Assistant changed.
[2025-11-19 20:09:35.472] [info]  [ProjectInstalledEventHandler] Project 1154099 - Crash Assistant installed to Skibidi craft instance.
[2025-11-19 20:09:35.473] [info]  [ProjectInstalledEventHandler] Project 1119874 - Mekanism Covers installed to Skibidi craft instance.
[2025-11-19 20:09:35.473] [info]  [ProjectInstalledEventHandler] Project 351748 - Mining Gadgets installed to Skibidi craft instance.
[2025-11-19 20:09:35.475] [info]  [ProjectInstanceChangedEventHandler] Project instance 1119874 - Mekanism Covers changed.
[2025-11-19 20:09:35.475] [info]  [ProjectInstanceChangedEventHandler] Project instance 351748 - Mining Gadgets changed.
[2025-11-19 20:09:35.708] [info]  [ProjectInstalledEventHandler] Project 422301 - Sophisticated Backpacks installed to Skibidi craft instance.
[2025-11-19 20:09:35.710] [info]  [ProjectInstanceChangedEventHandler] Project instance 422301 - Sophisticated Backpacks changed.
[2025-11-19 20:09:35.710] [info]  [ProjectInstanceChangedEventHandler] Project instance 220311 - Silent's Gems changed.
[2025-11-19 20:09:35.748] [info]  [ProjectInstalledEventHandler] Project 220311 - Silent's Gems installed to Skibidi craft instance.
[2025-11-19 20:09:35.749] [info]  [ProjectInstalledEventHandler] Project 354339 - Open Loader installed to Skibidi craft instance.
[2025-11-19 20:09:35.749] [info]  [ProjectInstalledEventHandler] Project 1080592 - Eternal Starlight installed to Skibidi craft instance.
[2025-11-19 20:09:35.749] [info]  [ProjectInstalledEventHandler] Project 900364 - TownTalk installed to Skibidi craft instance.
[2025-11-19 20:09:35.749] [info]  [ProjectInstalledEventHandler] Project 287342 - Titanium installed to Skibidi craft instance.
[2025-11-19 20:09:35.749] [info]  [ProjectInstalledEventHandler] Project 430636 - Theurgy installed to Skibidi craft instance.
[2025-11-19 20:09:35.753] [info]  [ProjectInstanceChangedEventHandler] Project instance 354339 - Open Loader changed.
[2025-11-19 20:09:35.754] [info]  [ProjectInstanceChangedEventHandler] Project instance 1080592 - Eternal Starlight changed.
[2025-11-19 20:09:35.754] [info]  [ProjectInstanceChangedEventHandler] Project instance 900364 - TownTalk changed.
[2025-11-19 20:09:35.754] [info]  [ProjectInstanceChangedEventHandler] Project instance 287342 - Titanium changed.
[2025-11-19 20:09:35.754] [info]  [ProjectInstanceChangedEventHandler] Project instance 430636 - Theurgy changed.
[2025-11-19 20:09:35.938] [info]  [ProjectInstalledEventHandler] Project 326652 - Cupboard installed to Skibidi craft instance.
[2025-11-19 20:09:35.939] [info]  [ProjectInstanceChangedEventHandler] Project instance 326652 - Cupboard changed.
[2025-11-19 20:09:36.062] [info]  [ProjectInstanceChangedEventHandler] Project instance 367706 - FancyMenu changed.
[2025-11-19 20:09:36.063] [info]  [ProjectInstalledEventHandler] Project 367706 - FancyMenu installed to Skibidi craft instance.
[2025-11-19 20:09:36.560] [info]  [ProjectInstalledEventHandler] Project 301034 - Entangled installed to Skibidi craft instance.
[2025-11-19 20:09:36.562] [info]  [ProjectInstanceChangedEventHandler] Project instance 301034 - Entangled changed.
[2025-11-19 20:09:36.563] [info]  [ProjectInstalledEventHandler] Project 636540 - Structory installed to Skibidi craft instance.
[2025-11-19 20:09:36.563] [info]  [ProjectInstalledEventHandler] Project 653790 - XyCraft: Override installed to Skibidi craft instance.
[2025-11-19 20:09:36.563] [info]  [ProjectInstalledEventHandler] Project 688768 - Create: Enchantment Industry installed to Skibidi craft instance.
[2025-11-19 20:09:36.563] [info]  [ProjectInstalledEventHandler] Project 250277 - Extreme Reactors installed to Skibidi craft instance.
[2025-11-19 20:09:36.563] [info]  [ProjectInstalledEventHandler] Project 1199188 - Silent Gear Metalworks installed to Skibidi craft instance.
[2025-11-19 20:09:36.568] [info]  [ProjectInstanceChangedEventHandler] Project instance 636540 - Structory changed.
[2025-11-19 20:09:36.568] [info]  [ProjectInstanceChangedEventHandler] Project instance 653790 - XyCraft: Override changed.
[2025-11-19 20:09:36.568] [info]  [ProjectInstanceChangedEventHandler] Project instance 688768 - Create: Enchantment Industry changed.
[2025-11-19 20:09:36.569] [info]  [ProjectInstanceChangedEventHandler] Project instance 250277 - Extreme Reactors changed.
[2025-11-19 20:09:36.569] [info]  [ProjectInstanceChangedEventHandler] Project instance 1199188 - Silent Gear Metalworks changed.
[2025-11-19 20:09:36.569] [info]  [ProjectInstanceChangedEventHandler] Project instance 238086 - KubeJS changed.
[2025-11-19 20:09:36.570] [info]  [ProjectInstalledEventHandler] Project 238086 - KubeJS installed to Skibidi craft instance.
[2025-11-19 20:09:36.852] [info]  [ProjectInstalledEventHandler] Project 574123 - Dark Mode Everywhere installed to Skibidi craft instance.
[2025-11-19 20:09:36.852] [info]  [ProjectInstalledEventHandler] Project 941096 - Polymorphic Energistics installed to Skibidi craft instance.
[2025-11-19 20:09:36.855] [info]  [ProjectInstanceChangedEventHandler] Project instance 574123 - Dark Mode Everywhere changed.
[2025-11-19 20:09:36.855] [info]  [ProjectInstanceChangedEventHandler] Project instance 941096 - Polymorphic Energistics changed.
[2025-11-19 20:09:37.178] [info]  [ProjectInstalledEventHandler] Project 287357 - Integrated Crafting installed to Skibidi craft instance.
[2025-11-19 20:09:37.179] [info]  [ProjectInstanceChangedEventHandler] Project instance 287357 - Integrated Crafting changed.
[2025-11-19 20:09:37.180] [info]  [ProjectInstalledEventHandler] Project 251389 - Integrated Tunnels installed to Skibidi craft instance.
[2025-11-19 20:09:37.181] [info]  [ProjectInstanceChangedEventHandler] Project instance 251389 - Integrated Tunnels changed.
[2025-11-19 20:09:37.642] [info]  [ProjectInstalledEventHandler] Project 361276 - Lootr (Forge & NeoForge) installed to Skibidi craft instance.
[2025-11-19 20:09:37.643] [info]  [ProjectInstanceChangedEventHandler] Project instance 361276 - Lootr (Forge & NeoForge) changed.
[2025-11-19 20:09:37.683] [info]  [ProjectInstalledEventHandler] Project 347706 - RFTools Builder installed to Skibidi craft instance.
[2025-11-19 20:09:37.683] [info]  [ProjectInstalledEventHandler] Project 268567 - Mekanism Tools installed to Skibidi craft instance.
[2025-11-19 20:09:37.683] [info]  [ProjectInstalledEventHandler] Project 284497 - Iron Jetpacks installed to Skibidi craft instance.
[2025-11-19 20:09:37.686] [info]  [ProjectInstanceChangedEventHandler] Project instance 347706 - RFTools Builder changed.
[2025-11-19 20:09:37.686] [info]  [ProjectInstanceChangedEventHandler] Project instance 268567 - Mekanism Tools changed.
[2025-11-19 20:09:37.686] [info]  [ProjectInstanceChangedEventHandler] Project instance 284497 - Iron Jetpacks changed.
[2025-11-19 20:09:37.870] [info]  [ProjectInstalledEventHandler] Project 676136 - Model Gap Fix installed to Skibidi craft instance.
[2025-11-19 20:09:37.870] [info]  [ProjectInstalledEventHandler] Project 232758 - Cyclops Core installed to Skibidi craft instance.
[2025-11-19 20:09:37.872] [info]  [ProjectInstanceChangedEventHandler] Project instance 676136 - Model Gap Fix changed.
[2025-11-19 20:09:37.872] [info]  [ProjectInstanceChangedEventHandler] Project instance 232758 - Cyclops Core changed.
[2025-11-19 20:09:37.886] [info]  [ProjectInstalledEventHandler] Project 306770 - Patchouli installed to Skibidi craft instance.
[2025-11-19 20:09:37.886] [info]  [ProjectInstalledEventHandler] Project 290209 - RFTools Power installed to Skibidi craft instance.
[2025-11-19 20:09:37.887] [info]  [ProjectInstalledEventHandler] Project 223565 - Draconic Evolution installed to Skibidi craft instance.
[2025-11-19 20:09:37.889] [info]  [ProjectInstanceChangedEventHandler] Project instance 306770 - Patchouli changed.
[2025-11-19 20:09:37.889] [info]  [ProjectInstanceChangedEventHandler] Project instance 290209 - RFTools Power changed.
[2025-11-19 20:09:37.889] [info]  [ProjectInstanceChangedEventHandler] Project instance 223565 - Draconic Evolution changed.
[2025-11-19 20:09:38.087] [info]  [ProjectInstalledEventHandler] Project 417645 - Just Enough Professions (JEP) installed to Skibidi craft instance.
[2025-11-19 20:09:38.089] [info]  [ProjectInstanceChangedEventHandler] Project instance 417645 - Just Enough Professions (JEP) changed.
[2025-11-19 20:09:38.090] [info]  [ProjectInstanceChangedEventHandler] Project instance 1002348 - Just Dire Things changed.
[2025-11-19 20:09:38.127] [info]  [ProjectInstalledEventHandler] Project 1002348 - Just Dire Things installed to Skibidi craft instance.
[2025-11-19 20:09:38.128] [info]  [ProjectInstalledEventHandler] Project 915324 - Formations Overworld installed to Skibidi craft instance.
[2025-11-19 20:09:38.128] [info]  [ProjectInstalledEventHandler] Project 350006 - RFTools Storage installed to Skibidi craft instance.
[2025-11-19 20:09:38.128] [info]  [ProjectInstalledEventHandler] Project 257356 - In Control! installed to Skibidi craft instance.
[2025-11-19 20:09:38.128] [info]  [ProjectInstalledEventHandler] Project 1208896 - Cryonic Config installed to Skibidi craft instance.
[2025-11-19 20:09:38.132] [info]  [ProjectInstanceChangedEventHandler] Project instance 915324 - Formations Overworld changed.
[2025-11-19 20:09:38.132] [info]  [ProjectInstanceChangedEventHandler] Project instance 350006 - RFTools Storage changed.
[2025-11-19 20:09:38.132] [info]  [ProjectInstanceChangedEventHandler] Project instance 257356 - In Control! changed.
[2025-11-19 20:09:38.132] [info]  [ProjectInstanceChangedEventHandler] Project instance 1208896 - Cryonic Config changed.
[2025-11-19 20:09:38.311] [info]  [ProjectInstalledEventHandler] Project 410295 - Konkrete installed to Skibidi craft instance.
[2025-11-19 20:09:38.311] [info]  [ProjectInstalledEventHandler] Project 867074 - Productive Trees installed to Skibidi craft instance.
[2025-11-19 20:09:38.315] [info]  [ProjectInstanceChangedEventHandler] Project instance 410295 - Konkrete changed.
[2025-11-19 20:09:38.315] [info]  [ProjectInstanceChangedEventHandler] Project instance 867074 - Productive Trees changed.
[2025-11-19 20:09:38.319] [info]  [ProjectInstalledEventHandler] Project 1030830 - Oritech installed to Skibidi craft instance.
[2025-11-19 20:09:38.320] [info]  [ProjectInstanceChangedEventHandler] Project instance 1030830 - Oritech changed.
[2025-11-19 20:09:38.523] [info]  [ProjectInstalledEventHandler] Project 1111501 - I'm Fast installed to Skibidi craft instance.
[2025-11-19 20:09:38.525] [info]  [ProjectInstanceChangedEventHandler] Project instance 1111501 - I'm Fast changed.
[2025-11-19 20:09:38.525] [info]  [ProjectInstanceChangedEventHandler] Project instance 1143614 - Soulplied Energistics changed.
[2025-11-19 20:09:38.563] [info]  [ProjectInstalledEventHandler] Project 1143614 - Soulplied Energistics installed to Skibidi craft instance.
[2025-11-19 20:09:38.564] [info]  [ProjectInstalledEventHandler] Project 1326856 - Quests Lang Splitter installed to Skibidi craft instance.
[2025-11-19 20:09:38.564] [info]  [ProjectInstalledEventHandler] Project 633483 - Powah! (Rearchitected) installed to Skibidi craft instance.
[2025-11-19 20:09:38.567] [info]  [ProjectInstanceChangedEventHandler] Project instance 1326856 - Quests Lang Splitter changed.
[2025-11-19 20:09:38.567] [info]  [ProjectInstanceChangedEventHandler] Project instance 633483 - Powah! (Rearchitected) changed.
[2025-11-19 20:09:38.746] [info]  [ProjectInstalledEventHandler] Project 983390 - Simple Weather installed to Skibidi craft instance.
[2025-11-19 20:09:38.746] [info]  [ProjectInstalledEventHandler] Project 328085 - Create installed to Skibidi craft instance.
[2025-11-19 20:09:38.748] [info]  [ProjectInstanceChangedEventHandler] Project instance 983390 - Simple Weather changed.
[2025-11-19 20:09:38.748] [info]  [ProjectInstanceChangedEventHandler] Project instance 328085 - Create changed.
[2025-11-19 20:09:38.767] [info]  [ProjectInstalledEventHandler] Project 1083840 - Modular Machinery Reborn installed to Skibidi craft instance.
[2025-11-19 20:09:38.767] [info]  [ProjectInstalledEventHandler] Project 556861 - Functional Storage installed to Skibidi craft instance.
[2025-11-19 20:09:38.767] [info]  [ProjectInstalledEventHandler] Project 558000 - Omega Config installed to Skibidi craft instance.
[2025-11-19 20:09:38.767] [info]  [ProjectInstalledEventHandler] Project 281849 - PneumaticCraft: Repressurized installed to Skibidi craft instance.
[2025-11-19 20:09:38.770] [info]  [ProjectInstanceChangedEventHandler] Project instance 1083840 - Modular Machinery Reborn changed.
[2025-11-19 20:09:38.770] [info]  [ProjectInstanceChangedEventHandler] Project instance 556861 - Functional Storage changed.
[2025-11-19 20:09:38.770] [info]  [ProjectInstanceChangedEventHandler] Project instance 558000 - Omega Config changed.
[2025-11-19 20:09:38.771] [info]  [ProjectInstanceChangedEventHandler] Project instance 281849 - PneumaticCraft: Repressurized changed.
[2025-11-19 20:09:38.977] [info]  [ProjectInstalledEventHandler] Project 626761 - Towns and Towers installed to Skibidi craft instance.
[2025-11-19 20:09:38.979] [info]  [ProjectInstanceChangedEventHandler] Project instance 626761 - Towns and Towers changed.
[2025-11-19 20:09:39.248] [info]  [ProjectInstanceChangedEventHandler] Project instance 320926 - Scalable Cat's Force changed.
[2025-11-19 20:09:39.249] [info]  [ProjectInstalledEventHandler] Project 320926 - Scalable Cat's Force installed to Skibidi craft instance.
[2025-11-19 20:09:39.249] [info]  [ProjectInstalledEventHandler] Project 416294 - Rhino installed to Skibidi craft instance.
[2025-11-19 20:09:39.249] [info]  [ProjectInstalledEventHandler] Project 969602 - Nolijium installed to Skibidi craft instance.
[2025-11-19 20:09:39.251] [info]  [ProjectInstanceChangedEventHandler] Project instance 416294 - Rhino changed.
[2025-11-19 20:09:39.252] [info]  [ProjectInstanceChangedEventHandler] Project instance 969602 - Nolijium changed.
[2025-11-19 20:09:39.275] [info]  [ProjectInstalledEventHandler] Project 300331 - Simply Light installed to Skibidi craft instance.
[2025-11-19 20:09:39.275] [info]  [ProjectInstalledEventHandler] Project 1329843 - KubeJS Draconic Evolution installed to Skibidi craft instance.
[2025-11-19 20:09:39.275] [info]  [ProjectInstalledEventHandler] Project 499980 - Moonlight Lib installed to Skibidi craft instance.
[2025-11-19 20:09:39.275] [info]  [ProjectInstalledEventHandler] Project 1070541 - Repeatable Trial Vaults installed to Skibidi craft instance.
[2025-11-19 20:09:39.275] [info]  [ProjectInstalledEventHandler] Project 439890 - Create Crafts & Additions installed to Skibidi craft instance.
[2025-11-19 20:09:39.276] [info]  [ProjectInstalledEventHandler] Project 367734 - Pocket Storage installed to Skibidi craft instance.
[2025-11-19 20:09:39.281] [info]  [ProjectInstanceChangedEventHandler] Project instance 300331 - Simply Light changed.
[2025-11-19 20:09:39.281] [info]  [ProjectInstanceChangedEventHandler] Project instance 1329843 - KubeJS Draconic Evolution changed.
[2025-11-19 20:09:39.281] [info]  [ProjectInstanceChangedEventHandler] Project instance 499980 - Moonlight Lib changed.
[2025-11-19 20:09:39.281] [info]  [ProjectInstanceChangedEventHandler] Project instance 1070541 - Repeatable Trial Vaults changed.
[2025-11-19 20:09:39.281] [info]  [ProjectInstanceChangedEventHandler] Project instance 439890 - Create Crafts & Additions changed.
[2025-11-19 20:09:39.281] [info]  [ProjectInstanceChangedEventHandler] Project instance 367734 - Pocket Storage changed.
[2025-11-19 20:09:39.521] [info]  [ProjectInstalledEventHandler] Project 858542 - Searchables installed to Skibidi craft instance.
[2025-11-19 20:09:39.521] [info]  [ProjectInstalledEventHandler] Project 288885 - FastWorkbench installed to Skibidi craft instance.
[2025-11-19 20:09:39.522] [info]  [ProjectInstalledEventHandler] Project 283644 - Placebo installed to Skibidi craft instance.
[2025-11-19 20:09:39.527] [info]  [ProjectInstanceChangedEventHandler] Project instance 858542 - Searchables changed.
[2025-11-19 20:09:39.527] [info]  [ProjectInstanceChangedEventHandler] Project instance 288885 - FastWorkbench changed.
[2025-11-19 20:09:39.527] [info]  [ProjectInstanceChangedEventHandler] Project instance 283644 - Placebo changed.
[2025-11-19 20:09:39.703] [info]  [ProjectInstalledEventHandler] Project 892382 - MES - Moog's End Structures installed to Skibidi craft instance.
[2025-11-19 20:09:39.704] [info]  [ProjectInstanceChangedEventHandler] Project instance 892382 - MES - Moog's End Structures changed.
[2025-11-19 20:09:39.743] [info]  [ProjectInstalledEventHandler] Project 622112 - MEGA Cells installed to Skibidi craft instance.
[2025-11-19 20:09:39.744] [info]  [ProjectInstalledEventHandler] Project 867286 - More Red x CC:Tweaked Compat installed to Skibidi craft instance.
[2025-11-19 20:09:39.745] [info]  [ProjectInstanceChangedEventHandler] Project instance 622112 - MEGA Cells changed.
[2025-11-19 20:09:39.745] [info]  [ProjectInstanceChangedEventHandler] Project instance 867286 - More Red x CC:Tweaked Compat changed.
[2025-11-19 20:09:39.925] [info]  [ProjectInstalledEventHandler] Project 509575 - Observable installed to Skibidi craft instance.
[2025-11-19 20:09:39.925] [info]  [ProjectInstalledEventHandler] Project 889915 - FTB XMod Compat installed to Skibidi craft instance.
[2025-11-19 20:09:39.927] [info]  [ProjectInstanceChangedEventHandler] Project instance 509575 - Observable changed.
[2025-11-19 20:09:39.927] [info]  [ProjectInstanceChangedEventHandler] Project instance 889915 - FTB XMod Compat changed.
[2025-11-19 20:09:40.038] [info]  [ProjectInstalledEventHandler] Project 238222 - Just Enough Items (JEI) installed to Skibidi craft instance.
[2025-11-19 20:09:40.040] [info]  [ProjectInstanceChangedEventHandler] Project instance 238222 - Just Enough Items (JEI) changed.
[2025-11-19 20:09:40.079] [info]  [ProjectInstalledEventHandler] Project 889785 - Integrated Scripting installed to Skibidi craft instance.
[2025-11-19 20:09:40.081] [info]  [ProjectInstanceChangedEventHandler] Project instance 889785 - Integrated Scripting changed.
[2025-11-19 20:09:40.271] [info]  [ProjectInstalledEventHandler] Project 570073 - Resourceful Lib installed to Skibidi craft instance.
[2025-11-19 20:09:40.272] [info]  [ProjectInstanceChangedEventHandler] Project instance 570073 - Resourceful Lib changed.
[2025-11-19 20:09:40.505] [info]  [ProjectInstanceChangedEventHandler] Project instance 233071 - Crafting Tweaks changed.
[2025-11-19 20:09:40.505] [info]  [ProjectInstalledEventHandler] Project 233071 - Crafting Tweaks installed to Skibidi craft instance.
[2025-11-19 20:09:40.722] [info]  [ProjectInstanceChangedEventHandler] Project instance 394140 - Simple Magnets changed.
[2025-11-19 20:09:40.722] [info]  [ProjectInstalledEventHandler] Project 394140 - Simple Magnets installed to Skibidi craft instance.
[2025-11-19 20:09:40.942] [info]  [ProjectInstanceChangedEventHandler] Project instance 236307 - Integrated Dynamics changed.
[2025-11-19 20:09:40.942] [info]  [ProjectInstalledEventHandler] Project 236307 - Integrated Dynamics installed to Skibidi craft instance.
[2025-11-19 20:09:41.172] [info]  [ProjectInstalledEventHandler] Project 395620 - Item Collectors installed to Skibidi craft instance.
[2025-11-19 20:09:41.173] [info]  [ProjectInstanceChangedEventHandler] Project instance 395620 - Item Collectors changed.
[2025-11-19 20:09:41.398] [info]  [ProjectInstalledEventHandler] Project 909375 - WITS (What Is This Structure?) installed to Skibidi craft instance.
[2025-11-19 20:09:41.398] [info]  [ProjectInstanceChangedEventHandler] Project instance 909375 - WITS (What Is This Structure?) changed.
[2025-11-19 20:09:41.399] [info]  [ProjectInstalledEventHandler] Project 254241 - Mob Grinding Utils installed to Skibidi craft instance.
[2025-11-19 20:09:41.400] [info]  [ProjectInstanceChangedEventHandler] Project instance 254241 - Mob Grinding Utils changed.
[2025-11-19 20:09:41.617] [info]  [ProjectInstalledEventHandler] Project 224218 - Compact Machines installed to Skibidi craft instance.
[2025-11-19 20:09:41.618] [info]  [ProjectInstalledEventHandler] Project 261924 - Farming for Blockheads installed to Skibidi craft instance.
[2025-11-19 20:09:41.619] [info]  [ProjectInstanceChangedEventHandler] Project instance 224218 - Compact Machines changed.
[2025-11-19 20:09:41.619] [info]  [ProjectInstanceChangedEventHandler] Project instance 261924 - Farming for Blockheads changed.
[2025-11-19 20:09:41.837] [info]  [ProjectInstalledEventHandler] Project 429235 - FerriteCore ((Neo)Forge) installed to Skibidi craft instance.
[2025-11-19 20:09:41.838] [info]  [ProjectInstanceChangedEventHandler] Project instance 429235 - FerriteCore ((Neo)Forge) changed.
[2025-11-19 20:09:42.061] [info]  [ProjectInstalledEventHandler] Project 363363 - Extreme sound muffler - (Neo)Forge installed to Skibidi craft instance.
[2025-11-19 20:09:42.062] [info]  [ProjectInstalledEventHandler] Project 929559 - Utilitarian installed to Skibidi craft instance.
[2025-11-19 20:09:42.064] [info]  [ProjectInstanceChangedEventHandler] Project instance 363363 - Extreme sound muffler - (Neo)Forge changed.
[2025-11-19 20:09:42.065] [info]  [ProjectInstanceChangedEventHandler] Project instance 929559 - Utilitarian changed.
[2025-11-19 20:09:42.305] [info]  [ProjectInstalledEventHandler] Project 411045 - Get It Together, Drops! installed to Skibidi craft instance.
[2025-11-19 20:09:42.306] [info]  [ProjectInstanceChangedEventHandler] Project instance 411045 - Get It Together, Drops! changed.
[2025-11-19 20:09:42.345] [info]  [ProjectInstalledEventHandler] Project 1010827 - Uranus installed to Skibidi craft instance.
[2025-11-19 20:09:42.346] [info]  [ProjectInstalledEventHandler] Project 306626 - Nature's Aura installed to Skibidi craft instance.
[2025-11-19 20:09:42.346] [info]  [ProjectInstalledEventHandler] Project 1103259 - FTB JEI Extras installed to Skibidi craft instance.
[2025-11-19 20:09:42.346] [info]  [ProjectInstalledEventHandler] Project 306935 - Super Factory Manager ( SFM ) installed to Skibidi craft instance.
[2025-11-19 20:09:42.346] [info]  [ProjectInstalledEventHandler] Project 1148201 - Mekanistic Routers installed to Skibidi craft instance.
[2025-11-19 20:09:42.349] [info]  [ProjectInstanceChangedEventHandler] Project instance 1010827 - Uranus changed.
[2025-11-19 20:09:42.349] [info]  [ProjectInstanceChangedEventHandler] Project instance 306626 - Nature's Aura changed.
[2025-11-19 20:09:42.350] [info]  [ProjectInstanceChangedEventHandler] Project instance 1103259 - FTB JEI Extras changed.
[2025-11-19 20:09:42.350] [info]  [ProjectInstanceChangedEventHandler] Project instance 306935 - Super Factory Manager ( SFM ) changed.
[2025-11-19 20:09:42.350] [info]  [ProjectInstanceChangedEventHandler] Project instance 1148201 - Mekanistic Routers changed.
[2025-11-19 20:09:43.570] [info]  [ProjectInstalledEventHandler] Project 250398 - Controlling installed to Skibidi craft instance.
[2025-11-19 20:09:43.570] [info]  [ProjectInstalledEventHandler] Project 1156551 - ExperienceLib installed to Skibidi craft instance.
[2025-11-19 20:09:43.572] [info]  [ProjectInstanceChangedEventHandler] Project instance 250398 - Controlling changed.
[2025-11-19 20:09:43.572] [info]  [ProjectInstanceChangedEventHandler] Project instance 1156551 - ExperienceLib changed.
[2025-11-19 20:09:51.630] [info]  [UptimeRobotApi] Executing GET request https://health.curseforge.com/app/monitorStatus.json.
[2025-11-19 20:09:57.493] [info]  [UptimeRobotApi] Executed GET request https://health.curseforge.com/app/monitorStatus.json. Status code: 200.
[2025-11-19 20:10:15.791] [info]  [ProjectInstalledEventHandler] Project 583228 - Simple Backups installed to Skibidi craft instance.
[2025-11-19 20:10:15.791] [info]  [ProjectInstalledEventHandler] Project 268566 - Mekanism Generators installed to Skibidi craft instance.
[2025-11-19 20:10:15.792] [info]  [ProjectInstanceChangedEventHandler] Project instance 583228 - Simple Backups changed.
[2025-11-19 20:10:15.793] [info]  [ProjectInstanceChangedEventHandler] Project instance 268566 - Mekanism Generators changed.
[2025-11-19 20:10:16.500] [info]  [ProjectInstalledEventHandler] Project 640001 - Factory Blocks [Forge/Fabric/NeoForge] installed to Skibidi craft instance.
[2025-11-19 20:10:16.501] [info]  [ProjectInstanceChangedEventHandler] Project instance 640001 - Factory Blocks [Forge/Fabric/NeoForge] changed.
[2025-11-19 20:10:17.122] [info]  [ProjectInstalledEventHandler] Project 237307 - Cosmetic Armor Reworked installed to Skibidi craft instance.
[2025-11-19 20:10:17.123] [info]  [ProjectInstanceChangedEventHandler] Project instance 237307 - Cosmetic Armor Reworked changed.
[2025-11-19 20:10:17.124] [info]  [ProjectInstalledEventHandler] Project 1285475 - Colorwheel Patcher installed to Skibidi craft instance.
[2025-11-19 20:10:17.124] [info]  [ProjectInstalledEventHandler] Project 475117 - FastSuite installed to Skibidi craft instance.
[2025-11-19 20:10:17.124] [info]  [ProjectInstalledEventHandler] Project 231951 - Immersive Engineering installed to Skibidi craft instance.
[2025-11-19 20:10:17.127] [info]  [ProjectInstanceChangedEventHandler] Project instance 1285475 - Colorwheel Patcher changed.
[2025-11-19 20:10:17.128] [info]  [ProjectInstanceChangedEventHandler] Project instance 475117 - FastSuite changed.
[2025-11-19 20:10:17.128] [info]  [ProjectInstanceChangedEventHandler] Project instance 231951 - Immersive Engineering changed.
[2025-11-19 20:10:17.128] [info]  [ProjectInstanceChangedEventHandler] Project instance 1068418 - Extended Industrialization changed.
[2025-11-19 20:10:17.140] [info]  [ProjectInstalledEventHandler] Project 1068418 - Extended Industrialization installed to Skibidi craft instance.
[2025-11-19 20:10:18.243] [info]  [ProjectInstalledEventHandler] Project 561885 - Just Zoom installed to Skibidi craft instance.
[2025-11-19 20:10:18.243] [info]  [ProjectInstalledEventHandler] Project 391382 - More Overlays Updated installed to Skibidi craft instance.
[2025-11-19 20:10:18.245] [info]  [ProjectInstanceChangedEventHandler] Project instance 561885 - Just Zoom changed.
[2025-11-19 20:10:18.245] [info]  [ProjectInstanceChangedEventHandler] Project instance 391382 - More Overlays Updated changed.
[2025-11-19 20:10:18.825] [info]  [ProjectInstalledEventHandler] Project 901491 - Railcraft Reborn installed to Skibidi craft instance.
[2025-11-19 20:10:18.827] [info]  [ProjectInstanceChangedEventHandler] Project instance 901491 - Railcraft Reborn changed.
[2025-11-19 20:10:18.865] [info]  [ProjectInstalledEventHandler] Project 962544 - Oh The Trees You'll Grow installed to Skibidi craft instance.
[2025-11-19 20:10:18.867] [info]  [ProjectInstanceChangedEventHandler] Project instance 962544 - Oh The Trees You'll Grow changed.
[2025-11-19 20:10:31.109] [info]  [ProjectInstalledEventHandler] Project 250832 - OpenBlocks Elevator installed to Skibidi craft instance.
[2025-11-19 20:10:31.110] [info]  [ProjectInstanceChangedEventHandler] Project instance 250832 - OpenBlocks Elevator changed.
[2025-11-19 20:10:31.465] [info]  [ProjectInstalledEventHandler] Project 242998 - Silent Lib (silentlib) installed to Skibidi craft instance.
[2025-11-19 20:10:31.466] [info]  [ProjectInstanceChangedEventHandler] Project instance 242998 - Silent Lib (silentlib) changed.
[2025-11-19 20:10:31.466] [info]  [ProjectInstalledEventHandler] Project 326041 - RFTools Base installed to Skibidi craft instance.
[2025-11-19 20:10:31.466] [info]  [ProjectInstalledEventHandler] Project 635427 - Yeetus Experimentus installed to Skibidi craft instance.
[2025-11-19 20:10:31.468] [info]  [ProjectInstanceChangedEventHandler] Project instance 326041 - RFTools Base changed.
[2025-11-19 20:10:31.468] [info]  [ProjectInstanceChangedEventHandler] Project instance 635427 - Yeetus Experimentus changed.
[2025-11-19 20:10:32.160] [info]  [ProjectInstalledEventHandler] Project 854949 - Fusion (Connected Textures) installed to Skibidi craft instance.
[2025-11-19 20:10:32.161] [info]  [ProjectInstanceChangedEventHandler] Project instance 854949 - Fusion (Connected Textures) changed.
[2025-11-19 20:10:32.739] [info]  [ProjectInstalledEventHandler] Project 1158094 - Deimos Lib installed to Skibidi craft instance.
[2025-11-19 20:10:32.740] [info]  [ProjectInstanceChangedEventHandler] Project instance 1158094 - Deimos Lib changed.
[2025-11-19 20:10:32.741] [info]  [ProjectInstalledEventHandler] Project 247007 - Common Capabilities installed to Skibidi craft instance.
[2025-11-19 20:10:32.741] [info]  [ProjectInstalledEventHandler] Project 659011 - Deeper and Darker installed to Skibidi craft instance.
[2025-11-19 20:10:32.742] [info]  [ProjectInstanceChangedEventHandler] Project instance 247007 - Common Capabilities changed.
[2025-11-19 20:10:32.742] [info]  [ProjectInstanceChangedEventHandler] Project instance 659011 - Deeper and Darker changed.
[2025-11-19 20:10:34.310] [info]  [ProjectInstalledEventHandler] Project 510656 - Wireless Chargers installed to Skibidi craft instance.
[2025-11-19 20:10:34.311] [info]  [ProjectInstalledEventHandler] Project 1005676 - Create: Aquatic Ambitions installed to Skibidi craft instance.
[2025-11-19 20:10:34.312] [info]  [ProjectInstanceChangedEventHandler] Project instance 510656 - Wireless Chargers changed.
[2025-11-19 20:10:34.313] [info]  [ProjectInstanceChangedEventHandler] Project instance 1005676 - Create: Aquatic Ambitions changed.
[2025-11-19 20:10:34.331] [info]  [ProjectInstalledEventHandler] Project 898746 - Just Enough Mekanism Multiblocks installed to Skibidi craft instance.
[2025-11-19 20:10:34.332] [info]  [ProjectInstanceChangedEventHandler] Project instance 898746 - Just Enough Mekanism Multiblocks changed.
[2025-11-19 20:10:35.413] [info]  [ProjectInstalledEventHandler] Project 74610 - EvilCraft installed to Skibidi craft instance.
[2025-11-19 20:10:35.414] [info]  [ProjectInstanceChangedEventHandler] Project instance 74610 - EvilCraft changed.
[2025-11-19 20:10:35.414] [info]  [ProjectInstanceChangedEventHandler] Project instance 1001266 - Hardened Armadillos changed.
[2025-11-19 20:10:35.453] [info]  [ProjectInstalledEventHandler] Project 1001266 - Hardened Armadillos installed to Skibidi craft instance.
[2025-11-19 20:10:35.454] [info]  [ProjectInstalledEventHandler] Project 356801 - Potions Master installed to Skibidi craft instance.
[2025-11-19 20:10:35.454] [info]  [ProjectInstalledEventHandler] Project 963206 - Theurgy KubeJS installed to Skibidi craft instance.
[2025-11-19 20:10:35.454] [info]  [ProjectInstalledEventHandler] Project 266515 - Industrial Foregoing installed to Skibidi craft instance.
[2025-11-19 20:10:35.457] [info]  [ProjectInstanceChangedEventHandler] Project instance 356801 - Potions Master changed.
[2025-11-19 20:10:35.457] [info]  [ProjectInstanceChangedEventHandler] Project instance 963206 - Theurgy KubeJS changed.
[2025-11-19 20:10:35.457] [info]  [ProjectInstanceChangedEventHandler] Project instance 266515 - Industrial Foregoing changed.
[2025-11-19 20:10:36.992] [info]  [ProjectInstalledEventHandler] Project 443900 - Pipez installed to Skibidi craft instance.
[2025-11-19 20:10:36.992] [info]  [ProjectInstalledEventHandler] Project 1121832 - Rainbows! installed to Skibidi craft instance.
[2025-11-19 20:10:36.995] [info]  [ProjectInstanceChangedEventHandler] Project instance 443900 - Pipez changed.
[2025-11-19 20:10:36.995] [info]  [ProjectInstanceChangedEventHandler] Project instance 1121832 - Rainbows! changed.
[2025-11-19 20:10:39.253] [info]  [ProjectInstalledEventHandler] Project 936015 - Lithostitched installed to Skibidi craft instance.
[2025-11-19 20:10:39.254] [info]  [ProjectInstanceChangedEventHandler] Project instance 936015 - Lithostitched changed.
[2025-11-19 20:10:39.257] [info]  [ProjectInstalledEventHandler] Project 289412 - FTB Quests (NeoForge) installed to Skibidi craft instance.
[2025-11-19 20:10:39.257] [info]  [ProjectInstalledEventHandler] Project 691049 - Generator Galore installed to Skibidi craft instance.
[2025-11-19 20:10:39.257] [info]  [ProjectInstalledEventHandler] Project 659110 - Regions Unexplored (forge/fabric) installed to Skibidi craft instance.
[2025-11-19 20:10:39.257] [info]  [ProjectInstalledEventHandler] Project 246640 - Mystical Agriculture installed to Skibidi craft instance.
[2025-11-19 20:10:39.258] [info]  [ProjectInstalledEventHandler] Project 892005 - ExtendedAE installed to Skibidi craft instance.
[2025-11-19 20:10:39.258] [info]  [ProjectInstalledEventHandler] Project 783522 - Structory: Towers installed to Skibidi craft instance.
[2025-11-19 20:10:39.262] [info]  [ProjectInstanceChangedEventHandler] Project instance 289412 - FTB Quests (NeoForge) changed.
[2025-11-19 20:10:39.262] [info]  [ProjectInstanceChangedEventHandler] Project instance 691049 - Generator Galore changed.
[2025-11-19 20:10:39.262] [info]  [ProjectInstanceChangedEventHandler] Project instance 659110 - Regions Unexplored (forge/fabric) changed.
[2025-11-19 20:10:39.262] [info]  [ProjectInstanceChangedEventHandler] Project instance 246640 - Mystical Agriculture changed.
[2025-11-19 20:10:39.262] [info]  [ProjectInstanceChangedEventHandler] Project instance 892005 - ExtendedAE changed.
[2025-11-19 20:10:39.262] [info]  [ProjectInstanceChangedEventHandler] Project instance 783522 - Structory: Towers changed.
[2025-11-19 20:10:39.264] [info]  [ProjectInstanceChangedEventHandler] Project instance 405388 - Modern Industrialization changed.
[2025-11-19 20:10:39.297] [info]  [ProjectInstalledEventHandler] Project 405388 - Modern Industrialization installed to Skibidi craft instance.
[2025-11-19 20:10:39.298] [info]  [ProjectInstalledEventHandler] Project 1213351 - Expanded AE installed to Skibidi craft instance.
[2025-11-19 20:10:39.298] [info]  [ProjectInstalledEventHandler] Project 248020 - Flux Networks installed to Skibidi craft instance.
[2025-11-19 20:10:39.298] [info]  [ProjectInstalledEventHandler] Project 379849 - The Undergarden installed to Skibidi craft instance.
[2025-11-19 20:10:39.300] [info]  [ProjectInstanceChangedEventHandler] Project instance 1213351 - Expanded AE changed.
[2025-11-19 20:10:39.300] [info]  [ProjectInstanceChangedEventHandler] Project instance 248020 - Flux Networks changed.
[2025-11-19 20:10:39.300] [info]  [ProjectInstanceChangedEventHandler] Project instance 379849 - The Undergarden changed.
[2025-11-19 20:10:47.239] [info]  [ProjectInstalledEventHandler] Project 1070751 - Oh The Biomes We've Gone installed to Skibidi craft instance.
[2025-11-19 20:10:47.240] [info]  [ProjectInstanceChangedEventHandler] Project instance 1070751 - Oh The Biomes We've Gone changed.
[2025-11-19 20:10:47.941] [info]  [ProjectInstanceChangedEventHandler] Project instance 252848 - Nature's Compass changed.
[2025-11-19 20:10:47.942] [info]  [ProjectInstalledEventHandler] Project 252848 - Nature's Compass installed to Skibidi craft instance.
[2025-11-19 20:10:48.627] [info]  [ProjectInstalledEventHandler] Project 243707 - Corail Tombstone installed to Skibidi craft instance.
[2025-11-19 20:10:48.627] [info]  [ProjectInstanceChangedEventHandler] Project instance 243707 - Corail Tombstone changed.
[2025-11-19 20:10:49.429] [info]  [ProjectInstanceChangedEventHandler] Project instance 32274 - JourneyMap changed.
[2025-11-19 20:10:49.429] [info]  [ProjectInstalledEventHandler] Project 32274 - JourneyMap installed to Skibidi craft instance.
[2025-11-19 20:10:49.429] [info]  [ProjectInstalledEventHandler] Project 250294 - Modular Routers installed to Skibidi craft instance.
[2025-11-19 20:10:49.430] [info]  [ProjectInstalledEventHandler] Project 1132269 - Modular Machinery Reborn Ars Nouveau installed to Skibidi craft instance.
[2025-11-19 20:10:49.431] [info]  [ProjectInstanceChangedEventHandler] Project instance 250294 - Modular Routers changed.
[2025-11-19 20:10:49.432] [info]  [ProjectInstanceChangedEventHandler] Project instance 1132269 - Modular Machinery Reborn Ars Nouveau changed.
[2025-11-19 20:10:49.448] [info]  [ProjectInstalledEventHandler] Project 622888 - Ponder for KubeJS installed to Skibidi craft instance.
[2025-11-19 20:10:49.610] [info]  [ProjectInstalledEventHandler] Project 271740 - Toast Control installed to Skibidi craft instance.
[2025-11-19 20:10:49.610] [info]  [ProjectInstalledEventHandler] Project 890755 - Just Enough Archaeology installed to Skibidi craft instance.
[2025-11-19 20:10:49.612] [info]  [ProjectInstanceChangedEventHandler] Project instance 622888 - Ponder for KubeJS changed.
[2025-11-19 20:10:49.612] [info]  [ProjectInstanceChangedEventHandler] Project instance 271740 - Toast Control changed.
[2025-11-19 20:10:49.613] [info]  [ProjectInstanceChangedEventHandler] Project instance 890755 - Just Enough Archaeology changed.
[2025-11-19 20:10:57.494] [info]  [UptimeRobotApi] Executing GET request https://health.curseforge.com/app/monitorStatus.json.
[2025-11-19 20:11:00.204] [info]  [ProjectInstalledEventHandler] Project 638508 - EdivadLib installed to Skibidi craft instance.
[2025-11-19 20:11:00.204] [info]  [ProjectInstalledEventHandler] Project 653786 - XyCraft installed to Skibidi craft instance.
[2025-11-19 20:11:00.206] [info]  [ProjectInstanceChangedEventHandler] Project instance 638508 - EdivadLib changed.
[2025-11-19 20:11:00.206] [info]  [ProjectInstanceChangedEventHandler] Project instance 653786 - XyCraft changed.
[2025-11-19 20:11:01.131] [info]  [ProjectInstalledEventHandler] Project 658587 - playerAnimator installed to Skibidi craft instance.
[2025-11-19 20:11:01.132] [info]  [ProjectInstanceChangedEventHandler] Project instance 658587 - playerAnimator changed.
[2025-11-19 20:11:02.978] [info]  [UptimeRobotApi] Executed GET request https://health.curseforge.com/app/monitorStatus.json. Status code: 200.
[2025-11-19 20:11:08.014] [info]  [ProjectInstalledEventHandler] Project 309927 - Curios API (Forge/NeoForge) installed to Skibidi craft instance.
[2025-11-19 20:11:08.015] [info]  [ProjectInstanceChangedEventHandler] Project instance 309927 - Curios API (Forge/NeoForge) changed.
[2025-11-19 20:11:08.016] [info]  [ProjectInstalledEventHandler] Project 746215 - StarbuncleMania installed to Skibidi craft instance.
[2025-11-19 20:11:08.016] [info]  [ProjectInstanceChangedEventHandler] Project instance 746215 - StarbuncleMania changed.
[2025-11-19 20:11:08.579] [info]  [ProjectInstalledEventHandler] Project 618298 - Sophisticated Core installed to Skibidi craft instance.
[2025-11-19 20:11:08.580] [info]  [ProjectInstalledEventHandler] Project 417802 - Gateways to Eternity installed to Skibidi craft instance.
[2025-11-19 20:11:08.581] [info]  [ProjectInstanceChangedEventHandler] Project instance 618298 - Sophisticated Core changed.
[2025-11-19 20:11:08.581] [info]  [ProjectInstanceChangedEventHandler] Project instance 417802 - Gateways to Eternity changed.
[2025-11-19 20:11:08.604] [info]  [ProjectInstalledEventHandler] Project 856996 - Cristel Lib installed to Skibidi craft instance.
[2025-11-19 20:11:08.604] [info]  [ProjectInstalledEventHandler] Project 904394 - Industrial Foregoing Souls installed to Skibidi craft instance.
[2025-11-19 20:11:08.606] [info]  [ProjectInstanceChangedEventHandler] Project instance 856996 - Cristel Lib changed.
[2025-11-19 20:11:08.606] [info]  [ProjectInstanceChangedEventHandler] Project instance 904394 - Industrial Foregoing Souls changed.
[2025-11-19 20:11:09.157] [info]  [ProjectInstalledEventHandler] Project 353882 - DimStorage installed to Skibidi craft instance.
[2025-11-19 20:11:09.159] [info]  [ProjectInstanceChangedEventHandler] Project instance 353882 - DimStorage changed.
[2025-11-19 20:11:09.827] [info]  [ProjectInstalledEventHandler] Project 244256 - Reap Mod installed to Skibidi craft instance.
[2025-11-19 20:11:09.828] [info]  [ProjectInstanceChangedEventHandler] Project instance 244256 - Reap Mod changed.
[2025-11-19 20:11:09.829] [info]  [ProjectInstalledEventHandler] Project 1023517 - Not Enough Glyphs installed to Skibidi craft instance.
[2025-11-19 20:11:09.829] [info]  [ProjectInstanceChangedEventHandler] Project instance 1023517 - Not Enough Glyphs changed.
[2025-11-19 20:11:10.406] [info]  [ProjectInstalledEventHandler] Project 387638 - More Red installed to Skibidi craft instance.
[2025-11-19 20:11:10.407] [info]  [ProjectInstalledEventHandler] Project 1345066 - Dyson Cube Project installed to Skibidi craft instance.
[2025-11-19 20:11:10.408] [info]  [ProjectInstanceChangedEventHandler] Project instance 387638 - More Red changed.
[2025-11-19 20:11:10.408] [info]  [ProjectInstanceChangedEventHandler] Project instance 1345066 - Dyson Cube Project changed.
[2025-11-19 20:11:10.561] [info]  [ProjectInstalledEventHandler] Project 245755 - Waystones installed to Skibidi craft instance.
[2025-11-19 20:11:10.562] [info]  [ProjectInstanceChangedEventHandler] Project instance 245755 - Waystones changed.
[2025-11-19 20:11:10.811] [info]  [ProjectInstalledEventHandler] Project 250419 - Enchantment Descriptions installed to Skibidi craft instance.
[2025-11-19 20:11:10.812] [info]  [ProjectInstanceChangedEventHandler] Project instance 250419 - Enchantment Descriptions changed.
[2025-11-19 20:11:11.219] [info]  [ProjectInstalledEventHandler] Project 634062 - No Chat Reports installed to Skibidi craft instance.
[2025-11-19 20:11:11.221] [info]  [ProjectInstanceChangedEventHandler] Project instance 634062 - No Chat Reports changed.
[2025-11-19 20:11:11.221] [info]  [ProjectInstanceChangedEventHandler] Project instance 358700 - More Dragon Eggs changed.
[2025-11-19 20:11:11.259] [info]  [ProjectInstalledEventHandler] Project 358700 - More Dragon Eggs installed to Skibidi craft instance.
[2025-11-19 20:11:11.260] [info]  [ProjectInstalledEventHandler] Project 790626 - ModernFix installed to Skibidi craft instance.
[2025-11-19 20:11:11.262] [info]  [ProjectInstanceChangedEventHandler] Project instance 790626 - ModernFix changed.
[2025-11-19 20:11:11.641] [info]  [ProjectInstalledEventHandler] Project 1005914 - Fzzy Config installed to Skibidi craft instance.
[2025-11-19 20:11:11.642] [info]  [ProjectInstalledEventHandler] Project 653791 - XyCraft: Machines installed to Skibidi craft instance.
[2025-11-19 20:11:11.644] [info]  [ProjectInstanceChangedEventHandler] Project instance 1005914 - Fzzy Config changed.
[2025-11-19 20:11:11.644] [info]  [ProjectInstanceChangedEventHandler] Project instance 653791 - XyCraft: Machines changed.
[2025-11-19 20:11:12.215] [info]  [ProjectInstalledEventHandler] Project 235577 - TrashSlot installed to Skibidi craft instance.
[2025-11-19 20:11:12.215] [info]  [ProjectInstalledEventHandler] Project 256247 - Mystical Agradditions installed to Skibidi craft instance.
[2025-11-19 20:11:12.217] [info]  [ProjectInstanceChangedEventHandler] Project instance 235577 - TrashSlot changed.
[2025-11-19 20:11:12.217] [info]  [ProjectInstanceChangedEventHandler] Project instance 256247 - Mystical Agradditions changed.
[2025-11-19 20:11:12.748] [info]  [ProjectInstalledEventHandler] Project 470193 - Connectivity installed to Skibidi craft instance.
[2025-11-19 20:11:12.749] [info]  [ProjectInstalledEventHandler] Project 225738 - MmmMmmMmmMmm (Target Dummy) installed to Skibidi craft instance.
[2025-11-19 20:11:12.751] [info]  [ProjectInstanceChangedEventHandler] Project instance 470193 - Connectivity changed.
[2025-11-19 20:11:12.751] [info]  [ProjectInstanceChangedEventHandler] Project instance 470193 - Connectivity changed.
[2025-11-19 20:11:12.751] [info]  [ProjectInstanceChangedEventHandler] Project instance 225738 - MmmMmmMmmMmm (Target Dummy) changed.
[2025-11-19 20:11:12.768] [info]  [ProjectInstalledEventHandler] Project 398521 - Farmer's Delight installed to Skibidi craft instance.
[2025-11-19 20:11:12.768] [info]  [ProjectInstalledEventHandler] Project 404465 - FTB Library (Forge) installed to Skibidi craft instance.
[2025-11-19 20:11:12.768] [info]  [ProjectInstalledEventHandler] Project 626839 - LaserIO installed to Skibidi craft instance.
[2025-11-19 20:11:12.770] [info]  [ProjectInstanceChangedEventHandler] Project instance 398521 - Farmer's Delight changed.
[2025-11-19 20:11:12.770] [info]  [ProjectInstanceChangedEventHandler] Project instance 404465 - FTB Library (Forge) changed.
[2025-11-19 20:11:12.770] [info]  [ProjectInstanceChangedEventHandler] Project instance 626839 - LaserIO changed.
[2025-11-19 20:11:13.316] [info]  [ProjectInstalledEventHandler] Project 693313 - CorgiLib installed to Skibidi craft instance.
[2025-11-19 20:11:13.318] [info]  [ProjectInstanceChangedEventHandler] Project instance 693313 - CorgiLib changed.
[2025-11-19 20:11:13.563] [info]  [ProjectInstalledEventHandler] Project 277616 - Spice of Life: Carrot Edition installed to Skibidi craft instance.
[2025-11-19 20:11:13.564] [info]  [ProjectInstanceChangedEventHandler] Project instance 277616 - Spice of Life: Carrot Edition changed.
[2025-11-19 20:11:13.565] [info]  [ProjectInstalledEventHandler] Project 272335 - Cucumber Library installed to Skibidi craft instance.
[2025-11-19 20:11:13.566] [info]  [ProjectInstanceChangedEventHandler] Project instance 272335 - Cucumber Library changed.
[2025-11-19 20:11:14.058] [info]  [ProjectInstanceChangedEventHandler] Project instance 478559 - Measurements changed.
[2025-11-19 20:11:14.098] [info]  [ProjectInstalledEventHandler] Project 478559 - Measurements installed to Skibidi craft instance.
[2025-11-19 20:11:14.711] [info]  [ProjectInstanceChangedEventHandler] Project instance 694231 - Xtones Reworked changed.
[2025-11-19 20:11:14.712] [info]  [ProjectInstalledEventHandler] Project 694231 - Xtones Reworked installed to Skibidi craft instance.
[2025-11-19 20:11:14.712] [info]  [ProjectInstalledEventHandler] Project 943925 - FTB Filter System installed to Skibidi craft instance.
[2025-11-19 20:11:14.713] [info]  [ProjectInstanceChangedEventHandler] Project instance 943925 - FTB Filter System changed.
[2025-11-19 20:11:15.368] [info]  [ProjectInstanceChangedEventHandler] Project instance 491794 - Explorer's Compass changed.
[2025-11-19 20:11:15.368] [info]  [ProjectInstalledEventHandler] Project 491794 - Explorer's Compass installed to Skibidi craft instance.
[2025-11-19 20:11:15.899] [info]  [ProjectInstalledEventHandler] Project 899386 - Just Enough Breeding (JEBr) installed to Skibidi craft instance.
[2025-11-19 20:11:15.900] [info]  [ProjectInstanceChangedEventHandler] Project instance 899386 - Just Enough Breeding (JEBr) changed.
[2025-11-19 20:11:16.396] [info]  [ProjectInstanceChangedEventHandler] Project instance 416935 - Valhelsia Core changed.
[2025-11-19 20:11:16.396] [info]  [ProjectInstalledEventHandler] Project 416935 - Valhelsia Core installed to Skibidi craft instance.
[2025-11-19 20:11:16.977] [info]  [ProjectInstanceChangedEventHandler] Project instance 916747 - OctoLib changed.
[2025-11-19 20:11:16.977] [info]  [ProjectInstalledEventHandler] Project 916747 - OctoLib installed to Skibidi craft instance.
[2025-11-19 20:11:16.977] [info]  [ProjectInstalledEventHandler] Project 552758 - Modern Dynamics installed to Skibidi craft instance.
[2025-11-19 20:11:16.978] [info]  [ProjectInstanceChangedEventHandler] Project instance 552758 - Modern Dynamics changed.
[2025-11-19 20:11:18.409] [info]  [ProjectInstalledEventHandler] Project 254268 - Torchmaster installed to Skibidi craft instance.
[2025-11-19 20:11:18.409] [info]  [ProjectInstalledEventHandler] Project 445274 - Relics installed to Skibidi craft instance.
[2025-11-19 20:11:18.411] [info]  [ProjectInstanceChangedEventHandler] Project instance 254268 - Torchmaster changed.
[2025-11-19 20:11:18.411] [info]  [ProjectInstanceChangedEventHandler] Project instance 445274 - Relics changed.
[2025-11-19 20:11:18.428] [info]  [ProjectInstalledEventHandler] Project 1184406 - Transfer Labels installed to Skibidi craft instance.
[2025-11-19 20:11:18.428] [info]  [ProjectInstalledEventHandler] Project 386134 - FTB Ultimine (Forge) installed to Skibidi craft instance.
[2025-11-19 20:11:18.428] [info]  [ProjectInstalledEventHandler] Project 371813 - Crash Utilities installed to Skibidi craft instance.
[2025-11-19 20:11:18.428] [info]  [ProjectInstalledEventHandler] Project 525693 - Occultism KubeJS installed to Skibidi craft instance.
[2025-11-19 20:11:18.431] [info]  [ProjectInstanceChangedEventHandler] Project instance 1184406 - Transfer Labels changed.
[2025-11-19 20:11:18.431] [info]  [ProjectInstanceChangedEventHandler] Project instance 386134 - FTB Ultimine (Forge) changed.
[2025-11-19 20:11:18.431] [info]  [ProjectInstanceChangedEventHandler] Project instance 371813 - Crash Utilities changed.
[2025-11-19 20:11:18.431] [info]  [ProjectInstanceChangedEventHandler] Project instance 525693 - Occultism KubeJS changed.
[2025-11-19 20:11:18.902] [info]  [ProjectInstalledEventHandler] Project 388172 - GeckoLib installed to Skibidi craft instance.
[2025-11-19 20:11:18.904] [info]  [ProjectInstanceChangedEventHandler] Project instance 388172 - GeckoLib changed.
[2025-11-19 20:11:19.370] [info]  [ProjectInstanceChangedEventHandler] Project instance 454372 - SuperMartijn642's Core Lib changed.
[2025-11-19 20:11:19.371] [info]  [ProjectInstalledEventHandler] Project 454372 - SuperMartijn642's Core Lib installed to Skibidi craft instance.
[2025-11-19 20:11:19.909] [info]  [ProjectInstalledEventHandler] Project 410811 - FTB Essentials (Forge & Fabric) installed to Skibidi craft instance.
[2025-11-19 20:11:19.909] [info]  [ProjectInstanceChangedEventHandler] Project instance 410811 - FTB Essentials (Forge & Fabric) changed.
[2025-11-19 20:11:20.540] [info]  [ProjectInstalledEventHandler] Project 915115 - Formations (Structure Library) installed to Skibidi craft instance.
[2025-11-19 20:11:20.540] [info]  [ProjectInstalledEventHandler] Project 688367 - ME Requester installed to Skibidi craft instance.
[2025-11-19 20:11:20.542] [info]  [ProjectInstanceChangedEventHandler] Project instance 915115 - Formations (Structure Library) changed.
[2025-11-19 20:11:20.542] [info]  [ProjectInstanceChangedEventHandler] Project instance 688367 - ME Requester changed.
[2025-11-19 20:11:21.048] [info]  [ProjectInstalledEventHandler] Project 1023259 - Prickle installed to Skibidi craft instance.
[2025-11-19 20:11:21.049] [info]  [ProjectInstanceChangedEventHandler] Project instance 1023259 - Prickle changed.
[2025-11-19 20:11:21.050] [info]  [ProjectInstalledEventHandler] Project 1099143 - KeybindsPurger installed to Skibidi craft instance.
[2025-11-19 20:11:21.051] [info]  [ProjectInstanceChangedEventHandler] Project instance 1099143 - KeybindsPurger changed.
[2025-11-19 20:11:21.051] [info]  [ProjectInstanceChangedEventHandler] Project instance 526901 - Memory Settings[Neo/Forge/Fabric] changed.
[2025-11-19 20:11:21.069] [info]  [ProjectInstalledEventHandler] Project 526901 - Memory Settings[Neo/Forge/Fabric] installed to Skibidi craft instance.
[2025-11-19 20:11:21.070] [info]  [ProjectInstalledEventHandler] Project 659090 - Fuel Goes Here installed to Skibidi craft instance.
[2025-11-19 20:11:21.070] [info]  [ProjectInstalledEventHandler] Project 976858 - Inventory Tweaks - ReFoxed installed to Skibidi craft instance.
[2025-11-19 20:11:21.070] [info]  [ProjectInstalledEventHandler] Project 268560 - Mekanism installed to Skibidi craft instance.
[2025-11-19 20:11:21.070] [info]  [ProjectInstalledEventHandler] Project 314002 - Overloaded Armor Bar installed to Skibidi craft instance.
[2025-11-19 20:11:21.070] [info]  [ProjectInstalledEventHandler] Project 1140741 - NeoAuth installed to Skibidi craft instance.
[2025-11-19 20:11:21.074] [info]  [ProjectInstanceChangedEventHandler] Project instance 659090 - Fuel Goes Here changed.
[2025-11-19 20:11:21.074] [info]  [ProjectInstanceChangedEventHandler] Project instance 976858 - Inventory Tweaks - ReFoxed changed.
[2025-11-19 20:11:21.074] [info]  [ProjectInstanceChangedEventHandler] Project instance 268560 - Mekanism changed.
[2025-11-19 20:11:21.074] [info]  [ProjectInstanceChangedEventHandler] Project instance 314002 - Overloaded Armor Bar changed.
[2025-11-19 20:11:21.074] [info]  [ProjectInstanceChangedEventHandler] Project instance 1140741 - NeoAuth changed.
[2025-11-19 20:11:21.706] [info]  [ProjectInstalledEventHandler] Project 383129 - Connected Glass installed to Skibidi craft instance.
[2025-11-19 20:11:21.707] [info]  [ProjectInstanceChangedEventHandler] Project instance 383129 - Connected Glass changed.
[2025-11-19 20:11:22.196] [info]  [ProjectInstalledEventHandler] Project 551524 - CreeperHost Presents Steve's Carts installed to Skibidi craft instance.
[2025-11-19 20:11:22.197] [info]  [ProjectInstanceChangedEventHandler] Project instance 551524 - CreeperHost Presents Steve's Carts changed.
[2025-11-19 20:11:22.198] [info]  [ProjectInstalledEventHandler] Project 1101111 - Iron's Gems 'n Jewelry installed to Skibidi craft instance.
[2025-11-19 20:11:22.199] [info]  [ProjectInstanceChangedEventHandler] Project instance 1101111 - Iron's Gems 'n Jewelry changed.
[2025-11-19 20:11:22.713] [info]  [ProjectInstalledEventHandler] Project 276951 - Comforts installed to Skibidi craft instance.
[2025-11-19 20:11:22.715] [info]  [ProjectInstanceChangedEventHandler] Project instance 276951 - Comforts changed.
[2025-11-19 20:11:22.753] [info]  [ProjectInstalledEventHandler] Project 918840 - Formations Nether installed to Skibidi craft instance.
[2025-11-19 20:11:22.754] [info]  [ProjectInstalledEventHandler] Project 404468 - FTB Teams (NeoForge) installed to Skibidi craft instance.
[2025-11-19 20:11:22.754] [info]  [ProjectInstalledEventHandler] Project 551586 - L_Ender 's Cataclysm installed to Skibidi craft instance.
[2025-11-19 20:11:22.754] [info]  [ProjectInstalledEventHandler] Project 377897 - Productive Bees installed to Skibidi craft instance.
[2025-11-19 20:11:22.757] [info]  [ProjectInstanceChangedEventHandler] Project instance 918840 - Formations Nether changed.
[2025-11-19 20:11:22.757] [info]  [ProjectInstanceChangedEventHandler] Project instance 404468 - FTB Teams (NeoForge) changed.
[2025-11-19 20:11:22.757] [info]  [ProjectInstanceChangedEventHandler] Project instance 551586 - L_Ender 's Cataclysm changed.
[2025-11-19 20:11:22.757] [info]  [ProjectInstanceChangedEventHandler] Project instance 377897 - Productive Bees changed.
[2025-11-19 20:11:28.777] [info]  [ProjectInstalledEventHandler] Project 400514 - Easy Villagers installed to Skibidi craft instance.
[2025-11-19 20:11:28.777] [info]  [ProjectInstalledEventHandler] Project 855414 - Iron's Spells 'n Spellbooks installed to Skibidi craft instance.
[2025-11-19 20:11:28.779] [info]  [ProjectInstanceChangedEventHandler] Project instance 400514 - Easy Villagers changed.
[2025-11-19 20:11:28.779] [info]  [ProjectInstanceChangedEventHandler] Project instance 855414 - Iron's Spells 'n Spellbooks changed.
[2025-11-19 20:11:29.316] [info]  [ProjectInstalledEventHandler] Project 295910 - Integrated Terminals installed to Skibidi craft instance.
[2025-11-19 20:11:29.317] [info]  [ProjectInstanceChangedEventHandler] Project instance 295910 - Integrated Terminals changed.
[2025-11-19 20:11:29.318] [info]  [ProjectInstalledEventHandler] Project 1275257 - Mekanism:More Machine installed to Skibidi craft instance.
[2025-11-19 20:11:29.318] [info]  [ProjectInstalledEventHandler] Project 282805 - Restrictions installed to Skibidi craft instance.
[2025-11-19 20:11:29.319] [info]  [ProjectInstalledEventHandler] Project 895919 - Time in a bottle [FORGE\NEOFORGE\FABRIC] installed to Skibidi craft instance.
[2025-11-19 20:11:29.319] [info]  [ProjectInstalledEventHandler] Project 1172594 - KeyBind Bundles installed to Skibidi craft instance.
[2025-11-19 20:11:29.319] [info]  [ProjectInstalledEventHandler] Project 1133580 - Smithing Template Viewer for JEI/EMI installed to Skibidi craft instance.
[2025-11-19 20:11:29.325] [info]  [ProjectInstanceChangedEventHandler] Project instance 1275257 - Mekanism:More Machine changed.
[2025-11-19 20:11:29.325] [info]  [ProjectInstanceChangedEventHandler] Project instance 282805 - Restrictions changed.
[2025-11-19 20:11:29.325] [info]  [ProjectInstanceChangedEventHandler] Project instance 895919 - Time in a bottle [FORGE\NEOFORGE\FABRIC] changed.
[2025-11-19 20:11:29.325] [info]  [ProjectInstanceChangedEventHandler] Project instance 1172594 - KeyBind Bundles changed.
[2025-11-19 20:11:29.325] [info]  [ProjectInstanceChangedEventHandler] Project instance 1133580 - Smithing Template Viewer for JEI/EMI changed.
[2025-11-19 20:11:29.326] [info]  [ProjectInstanceChangedEventHandler] Project instance 653789 - XyCraft: World changed.
[2025-11-19 20:11:29.344] [info]  [ProjectInstalledEventHandler] Project 653789 - XyCraft: World installed to Skibidi craft instance.
[2025-11-19 20:11:29.911] [info]  [ProjectInstalledEventHandler] Project 1173950 - GuideME installed to Skibidi craft instance.
[2025-11-19 20:11:29.912] [info]  [ProjectInstalledEventHandler] Project 227639 - The Twilight Forest installed to Skibidi craft instance.
[2025-11-19 20:11:29.915] [info]  [ProjectInstanceChangedEventHandler] Project instance 1173950 - GuideME changed.
[2025-11-19 20:11:29.915] [info]  [ProjectInstanceChangedEventHandler] Project instance 227639 - The Twilight Forest changed.
[2025-11-19 20:11:30.409] [info]  [ProjectInstalledEventHandler] Project 351264 - Kotlin for Forge installed to Skibidi craft instance.
[2025-11-19 20:11:30.411] [info]  [ProjectInstanceChangedEventHandler] Project instance 351264 - Kotlin for Forge changed.
[2025-11-19 20:11:30.986] [info]  [ProjectInstanceChangedEventHandler] Project instance 538392 - Modonomicon changed.
[2025-11-19 20:11:30.987] [info]  [ProjectInstalledEventHandler] Project 538392 - Modonomicon installed to Skibidi craft instance.
[2025-11-19 20:11:30.988] [info]  [ProjectInstanceChangedEventHandler] Project instance 538392 - Modonomicon changed.
[2025-11-19 20:11:31.514] [info]  [ProjectInstalledEventHandler] Project 714059 - Resourceful Config installed to Skibidi craft instance.
[2025-11-19 20:11:31.515] [info]  [ProjectInstalledEventHandler] Project 451682 - No Villager Death Messages installed to Skibidi craft instance.
[2025-11-19 20:11:31.516] [info]  [ProjectInstanceChangedEventHandler] Project instance 714059 - Resourceful Config changed.
[2025-11-19 20:11:31.516] [info]  [ProjectInstanceChangedEventHandler] Project instance 451682 - No Villager Death Messages changed.
[2025-11-19 20:11:31.534] [info]  [ProjectInstalledEventHandler] Project 342466 - RFTools Utility installed to Skibidi craft instance.
[2025-11-19 20:11:31.535] [info]  [ProjectInstanceChangedEventHandler] Project instance 342466 - RFTools Utility changed.
[2025-11-19 20:11:32.542] [info]  [ProjectInstalledEventHandler] Project 1156098 - Construction Sticks installed to Skibidi craft instance.
[2025-11-19 20:11:32.543] [info]  [ProjectInstanceChangedEventHandler] Project instance 1156098 - Construction Sticks changed.
[2025-11-19 20:11:33.147] [info]  [ProjectInstalledEventHandler] Project 324717 - Jade 🔍 installed to Skibidi craft instance.
[2025-11-19 20:11:33.148] [info]  [ProjectInstanceChangedEventHandler] Project instance 324717 - Jade 🔍 changed.
[2025-11-19 20:11:33.149] [info]  [ProjectInstalledEventHandler] Project 309858 - Forbidden and Arcanus installed to Skibidi craft instance.
[2025-11-19 20:11:33.149] [info]  [ProjectInstalledEventHandler] Project 1131856 - Modular Machinery Reborn Mekanism installed to Skibidi craft instance.
[2025-11-19 20:11:33.150] [info]  [ProjectInstalledEventHandler] Project 1165932 - Luminax installed to Skibidi craft instance.
[2025-11-19 20:11:33.152] [info]  [ProjectInstanceChangedEventHandler] Project instance 309858 - Forbidden and Arcanus changed.
[2025-11-19 20:11:33.153] [info]  [ProjectInstanceChangedEventHandler] Project instance 1131856 - Modular Machinery Reborn Mekanism changed.
[2025-11-19 20:11:33.153] [info]  [ProjectInstanceChangedEventHandler] Project instance 1165932 - Luminax changed.
[2025-11-19 20:11:33.169] [info]  [ProjectInstalledEventHandler] Project 1001614 - Lionfish API installed to Skibidi craft instance.
[2025-11-19 20:11:33.169] [info]  [ProjectInstalledEventHandler] Project 1184570 - Productive Metalworks installed to Skibidi craft instance.
[2025-11-19 20:11:33.169] [info]  [ProjectInstalledEventHandler] Project 280441 - Mystical Customization installed to Skibidi craft instance.
[2025-11-19 20:11:33.171] [info]  [ProjectInstanceChangedEventHandler] Project instance 1001614 - Lionfish API changed.
[2025-11-19 20:11:33.172] [info]  [ProjectInstanceChangedEventHandler] Project instance 1184570 - Productive Metalworks changed.
[2025-11-19 20:11:33.172] [info]  [ProjectInstanceChangedEventHandler] Project instance 280441 - Mystical Customization changed.
[2025-11-19 20:11:33.569] [info]  [ProjectInstalledEventHandler] Project 606989 - Underground Villages installed to Skibidi craft instance.
[2025-11-19 20:11:33.571] [info]  [ProjectInstanceChangedEventHandler] Project instance 606989 - Underground Villages changed.
[2025-11-19 20:11:33.609] [info]  [ProjectInstalledEventHandler] Project 957920 - Glodium installed to Skibidi craft instance.
[2025-11-19 20:11:33.611] [info]  [ProjectInstanceChangedEventHandler] Project instance 957920 - Glodium changed.
[2025-11-19 20:11:33.981] [info]  [ProjectInstalledEventHandler] Project 455508 - Iris Shaders installed to Skibidi craft instance.
[2025-11-19 20:11:33.982] [info]  [ProjectInstanceChangedEventHandler] Project instance 455508 - Iris Shaders changed.
[2025-11-19 20:11:34.813] [info]  [ProjectInstanceChangedEventHandler] Project instance 416089 - Simple Voice Chat changed.
[2025-11-19 20:11:34.814] [info]  [ProjectInstalledEventHandler] Project 416089 - Simple Voice Chat installed to Skibidi craft instance.
[2025-11-19 20:11:34.814] [info]  [ProjectInstalledEventHandler] Project 520110 - Iceberg [Neo/Forge] installed to Skibidi craft instance.
[2025-11-19 20:11:34.815] [info]  [ProjectInstanceChangedEventHandler] Project instance 520110 - Iceberg [Neo/Forge] changed.
[2025-11-19 20:11:35.306] [info]  [ProjectInstanceChangedEventHandler] Project instance 576589 - PolyLib changed.
[2025-11-19 20:11:35.306] [info]  [ProjectInstalledEventHandler] Project 576589 - PolyLib installed to Skibidi craft instance.
[2025-11-19 20:11:36.077] [info]  [ProjectInstalledEventHandler] Project 1072905 - Jupiter installed to Skibidi craft instance.
[2025-11-19 20:11:36.079] [info]  [ProjectInstanceChangedEventHandler] Project instance 1072905 - Jupiter changed.
[2025-11-19 20:11:41.867] [info]  [ProjectInstalledEventHandler] Project 231484 - Cooking for Blockheads installed to Skibidi craft instance.
[2025-11-19 20:11:41.868] [info]  [ProjectInstanceChangedEventHandler] Project instance 231484 - Cooking for Blockheads changed.
[2025-11-19 20:11:41.869] [info]  [ProjectInstalledEventHandler] Project 388800 - Polymorph (Fabric/Forge/Quilt) installed to Skibidi craft instance.
[2025-11-19 20:11:41.869] [info]  [ProjectInstalledEventHandler] Project 992377 - Immersive Energistics installed to Skibidi craft instance.
[2025-11-19 20:11:41.871] [info]  [ProjectInstanceChangedEventHandler] Project instance 388800 - Polymorph (Fabric/Forge/Quilt) changed.
[2025-11-19 20:11:41.871] [info]  [ProjectInstanceChangedEventHandler] Project instance 992377 - Immersive Energistics changed.
[2025-11-19 20:11:43.628] [info]  [ProjectInstalledEventHandler] Project 394535 - Trash Cans installed to Skibidi craft instance.
[2025-11-19 20:11:43.630] [info]  [ProjectInstanceChangedEventHandler] Project instance 394535 - Trash Cans changed.
[2025-11-19 20:11:43.638] [error] [Renderer - Main Window] Error: Error invoking remote method 'PlatformAppService.openFileLocation': reply was never sent [ [] ]
[2025-11-19 20:11:43.668] [info]  [ProjectInstalledEventHandler] Project 518211 - Pylons installed to Skibidi craft instance.
[2025-11-19 20:11:43.669] [info]  [ProjectInstalledEventHandler] Project 1040076 - IceAndFire Community Edition installed to Skibidi craft instance.
[2025-11-19 20:11:43.669] [info]  [ProjectInstalledEventHandler] Project 295780 - Roots Classic installed to Skibidi craft instance.
[2025-11-19 20:11:43.669] [info]  [ProjectInstalledEventHandler] Project 552574 - Hostile Neural Networks installed to Skibidi craft instance.
[2025-11-19 20:11:43.669] [info]  [ProjectInstalledEventHandler] Project 1100379 - Relics: Artifacts Compat installed to Skibidi craft instance.
[2025-11-19 20:11:43.675] [info]  [ProjectInstanceChangedEventHandler] Project instance 518211 - Pylons changed.
[2025-11-19 20:11:43.675] [info]  [ProjectInstanceChangedEventHandler] Project instance 1040076 - IceAndFire Community Edition changed.
[2025-11-19 20:11:43.675] [info]  [ProjectInstanceChangedEventHandler] Project instance 295780 - Roots Classic changed.
[2025-11-19 20:11:43.675] [info]  [ProjectInstanceChangedEventHandler] Project instance 552574 - Hostile Neural Networks changed.
[2025-11-19 20:11:43.675] [info]  [ProjectInstanceChangedEventHandler] Project instance 1100379 - Relics: Artifacts Compat changed.
[2025-11-19 20:11:44.241] [info]  [ProjectInstalledEventHandler] Project 361579 - spark installed to Skibidi craft instance.
[2025-11-19 20:11:44.241] [info]  [ProjectInstalledEventHandler] Project 1067672 - Tesseract API (NeoForge) installed to Skibidi craft instance.
[2025-11-19 20:11:44.243] [info]  [ProjectInstanceChangedEventHandler] Project instance 361579 - spark changed.
[2025-11-19 20:11:44.243] [info]  [ProjectInstanceChangedEventHandler] Project instance 1067672 - Tesseract API (NeoForge) changed.
[2025-11-19 20:11:44.261] [info]  [ProjectInstalledEventHandler] Project 656346 - Load My F***ing Tags installed to Skibidi craft instance.
[2025-11-19 20:11:44.261] [info]  [ProjectInstalledEventHandler] Project 314906 - FTB Chunks (NeoForge) installed to Skibidi craft instance.
[2025-11-19 20:11:44.263] [info]  [ProjectInstanceChangedEventHandler] Project instance 656346 - Load My F***ing Tags changed.
[2025-11-19 20:11:44.263] [info]  [ProjectInstanceChangedEventHandler] Project instance 314906 - FTB Chunks (NeoForge) changed.
[2025-11-19 20:11:44.785] [info]  [ProjectInstalledEventHandler] Project 686911 - ImmediatelyFast installed to Skibidi craft instance.
[2025-11-19 20:11:44.786] [info]  [ProjectInstanceChangedEventHandler] Project instance 686911 - ImmediatelyFast changed.
[2025-11-19 20:11:45.082] [info]  [ProjectInstalledEventHandler] Project 438332 - SuperMartijn642's Config Lib installed to Skibidi craft instance.
[2025-11-19 20:11:45.083] [info]  [ProjectInstanceChangedEventHandler] Project instance 438332 - SuperMartijn642's Config Lib changed.
[2025-11-19 20:11:45.083] [info]  [ProjectInstalledEventHandler] Project 1089065 - Industrialization Overdrive installed to Skibidi craft instance.
[2025-11-19 20:11:45.084] [info]  [ProjectInstalledEventHandler] Project 1086142 - More Industrial Foregoing Addons (MIFA) installed to Skibidi craft instance.
[2025-11-19 20:11:45.086] [info]  [ProjectInstanceChangedEventHandler] Project instance 1089065 - Industrialization Overdrive changed.
[2025-11-19 20:11:45.086] [info]  [ProjectInstanceChangedEventHandler] Project instance 1086142 - More Industrial Foregoing Addons (MIFA) changed.
[2025-11-19 20:11:45.101] [info]  [ProjectInstalledEventHandler] Project 570354 - Nullscape installed to Skibidi craft instance.
[2025-11-19 20:11:45.103] [info]  [ProjectInstanceChangedEventHandler] Project instance 570354 - Nullscape changed.
[2025-11-19 20:11:45.466] [info]  [ProjectInstalledEventHandler] Project 241319 - Reliquary Reincarnations installed to Skibidi craft instance.
[2025-11-19 20:11:45.467] [info]  [ProjectInstanceChangedEventHandler] Project instance 241319 - Reliquary Reincarnations changed.
[2025-11-19 20:11:46.010] [info]  [ProjectInstanceChangedEventHandler] Project instance 661293 - SmartBrainLib (Forge/Fabric/Quilt) changed.
[2025-11-19 20:11:46.011] [info]  [ProjectInstalledEventHandler] Project 661293 - SmartBrainLib (Forge/Fabric/Quilt) installed to Skibidi craft instance.
[2025-11-19 20:11:46.011] [info]  [ProjectInstalledEventHandler] Project 260912 - XNet installed to Skibidi craft instance.
[2025-11-19 20:11:46.012] [info]  [ProjectInstanceChangedEventHandler] Project instance 260912 - XNet changed.
[2025-11-19 20:11:46.932] [info]  [ProjectInstalledEventHandler] Project 64760 - Security Craft installed to Skibidi craft instance.
[2025-11-19 20:11:46.933] [info]  [ProjectInstanceChangedEventHandler] Project instance 64760 - Security Craft changed.
[2025-11-19 20:11:47.332] [info]  [ProjectInstalledEventHandler] Project 532610 - oωo (owo-lib) installed to Skibidi craft instance.
[2025-11-19 20:11:47.333] [info]  [ProjectInstanceChangedEventHandler] Project instance 532610 - oωo (owo-lib) changed.
[2025-11-19 20:11:47.334] [info]  [ProjectInstalledEventHandler] Project 299540 - FastFurnace installed to Skibidi craft instance.
[2025-11-19 20:11:47.334] [info]  [ProjectInstalledEventHandler] Project 619320 - Sophisticated Storage installed to Skibidi craft instance.
[2025-11-19 20:11:47.335] [info]  [ProjectInstanceChangedEventHandler] Project instance 299540 - FastFurnace changed.
[2025-11-19 20:11:47.335] [info]  [ProjectInstanceChangedEventHandler] Project instance 619320 - Sophisticated Storage changed.
[2025-11-19 20:11:47.838] [info]  [ProjectInstalledEventHandler] Project 938643 - Melody installed to Skibidi craft instance.
[2025-11-19 20:11:47.839] [info]  [ProjectInstalledEventHandler] Project 1007288 - Monocle installed to Skibidi craft instance.
[2025-11-19 20:11:47.840] [info]  [ProjectInstanceChangedEventHandler] Project instance 938643 - Melody changed.
[2025-11-19 20:11:47.840] [info]  [ProjectInstanceChangedEventHandler] Project instance 1007288 - Monocle changed.
[2025-11-19 20:11:47.854] [info]  [ProjectInstalledEventHandler] Project 255902 - Wither Skeleton Tweaks installed to Skibidi craft instance.
[2025-11-19 20:11:47.854] [info]  [ProjectInstalledEventHandler] Project 1206582 - Oracle Index installed to Skibidi craft instance.
[2025-11-19 20:11:47.854] [info]  [ProjectInstalledEventHandler] Project 623908 - ChoiceTheorem's Overhauled Village installed to Skibidi craft instance.
[2025-11-19 20:11:47.855] [info]  [ProjectInstalledEventHandler] Project 431430 - FlickerFix installed to Skibidi craft instance.
[2025-11-19 20:11:47.857] [info]  [ProjectInstanceChangedEventHandler] Project instance 255902 - Wither Skeleton Tweaks changed.
[2025-11-19 20:11:47.857] [info]  [ProjectInstanceChangedEventHandler] Project instance 1206582 - Oracle Index changed.
[2025-11-19 20:11:47.858] [info]  [ProjectInstanceChangedEventHandler] Project instance 623908 - ChoiceTheorem's Overhauled Village changed.
[2025-11-19 20:11:47.858] [info]  [ProjectInstanceChangedEventHandler] Project instance 431430 - FlickerFix changed.
[2025-11-19 20:11:48.194] [info]  [ProjectInstalledEventHandler] Project 549225 - Framework installed to Skibidi craft instance.
[2025-11-19 20:11:48.195] [info]  [ProjectInstanceChangedEventHandler] Project instance 549225 - Framework changed.
[2025-11-19 20:11:48.456] [info]  [ProjectInstalledEventHandler] Project 60089 - Mouse Tweaks installed to Skibidi craft instance.
[2025-11-19 20:11:48.457] [info]  [ProjectInstanceChangedEventHandler] Project instance 60089 - Mouse Tweaks changed.
[2025-11-19 20:11:48.457] [info]  [ProjectInstalledEventHandler] Project 247921 - ZeroCore 2 installed to Skibidi craft instance.
[2025-11-19 20:11:48.458] [info]  [ProjectInstanceChangedEventHandler] Project instance 247921 - ZeroCore 2 changed.
[2025-11-19 20:11:48.739] [info]  [ProjectInstalledEventHandler] Project 241160 - NetherPortalFix installed to Skibidi craft instance.
[2025-11-19 20:11:48.740] [info]  [ProjectInstanceChangedEventHandler] Project instance 241160 - NetherPortalFix changed.
[2025-11-19 20:11:48.740] [info]  [ProjectInstanceChangedEventHandler] Project instance 314905 - FTB Ranks (NeoForge) changed.
[2025-11-19 20:11:48.779] [info]  [ProjectInstalledEventHandler] Project 314905 - FTB Ranks (NeoForge) installed to Skibidi craft instance.
[2025-11-19 20:11:48.780] [info]  [ProjectInstalledEventHandler] Project 267602 - ConnectedTexturesMod installed to Skibidi craft instance.
[2025-11-19 20:11:48.780] [info]  [ProjectInstalledEventHandler] Project 362479 - The Bumblezone (NeoForge/Forge) installed to Skibidi craft instance.
[2025-11-19 20:11:48.782] [info]  [ProjectInstanceChangedEventHandler] Project instance 267602 - ConnectedTexturesMod changed.
[2025-11-19 20:11:48.782] [info]  [ProjectInstanceChangedEventHandler] Project instance 362479 - The Bumblezone (NeoForge/Forge) changed.
[2025-11-19 20:11:49.131] [info]  [ProjectInstalledEventHandler] Project 940057 - TerraBlender (NeoForge) installed to Skibidi craft instance.
[2025-11-19 20:11:49.132] [info]  [ProjectInstanceChangedEventHandler] Project instance 940057 - TerraBlender (NeoForge) changed.
[2025-11-19 20:11:49.635] [info]  [ProjectInstalledEventHandler] Project 968432 - MonoLib installed to Skibidi craft instance.
[2025-11-19 20:11:49.636] [info]  [ProjectInstanceChangedEventHandler] Project instance 968432 - MonoLib changed.
[2025-11-19 20:11:49.636] [info]  [ProjectInstalledEventHandler] Project 1216624 - Create: Dragons Plus installed to Skibidi craft instance.
[2025-11-19 20:11:49.636] [info]  [ProjectInstalledEventHandler] Project 1254143 - Colorwheel installed to Skibidi craft instance.
[2025-11-19 20:11:49.638] [info]  [ProjectInstanceChangedEventHandler] Project instance 1216624 - Create: Dragons Plus changed.
[2025-11-19 20:11:49.638] [info]  [ProjectInstanceChangedEventHandler] Project instance 1254143 - Colorwheel changed.
[2025-11-19 20:11:49.638] [info]  [ProjectInstanceChangedEventHandler] Project instance 297039 - Silent Gear changed.
[2025-11-19 20:11:49.652] [info]  [ProjectInstalledEventHandler] Project 297039 - Silent Gear installed to Skibidi craft instance.
[2025-11-19 20:11:49.653] [info]  [ProjectInstalledEventHandler] Project 927874 - Tree Tap installed to Skibidi craft instance.
[2025-11-19 20:11:49.653] [info]  [ProjectInstalledEventHandler] Project 638111 - Prism [Neo/Forge] installed to Skibidi craft instance.
[2025-11-19 20:11:49.653] [info]  [ProjectInstalledEventHandler] Project 945149 - Glassential Renewed installed to Skibidi craft instance.
[2025-11-19 20:11:49.653] [info]  [ProjectInstalledEventHandler] Project 361026 - Occultism installed to Skibidi craft instance.
[2025-11-19 20:11:49.653] [info]  [ProjectInstalledEventHandler] Project 908741 - Embeddium installed to Skibidi craft instance.
[2025-11-19 20:11:49.657] [info]  [ProjectInstanceChangedEventHandler] Project instance 927874 - Tree Tap changed.
[2025-11-19 20:11:49.657] [info]  [ProjectInstanceChangedEventHandler] Project instance 638111 - Prism [Neo/Forge] changed.
[2025-11-19 20:11:49.657] [info]  [ProjectInstanceChangedEventHandler] Project instance 945149 - Glassential Renewed changed.
[2025-11-19 20:11:49.657] [info]  [ProjectInstanceChangedEventHandler] Project instance 361026 - Occultism changed.
[2025-11-19 20:11:49.657] [info]  [ProjectInstanceChangedEventHandler] Project instance 908741 - Embeddium changed.
[2025-11-19 20:11:50.005] [info]  [ProjectInstalledEventHandler] Project 426386 - Shrink. installed to Skibidi craft instance.
[2025-11-19 20:11:50.008] [info]  [ProjectInstanceChangedEventHandler] Project instance 426386 - Shrink. changed.
[2025-11-19 20:11:50.008] [info]  [ProjectInstanceChangedEventHandler] Project instance 426386 - Shrink. changed.
[2025-11-19 20:11:50.008] [info]  [ProjectInstanceChangedEventHandler] Project instance 1306367 - KubeJS Tweaks changed.
[2025-11-19 20:11:50.016] [info]  [ProjectInstalledEventHandler] Project 1306367 - KubeJS Tweaks installed to Skibidi craft instance.
[2025-11-19 20:11:50.018] [info]  [ProjectInstanceChangedEventHandler] Project instance 1306367 - KubeJS Tweaks changed.
[2025-11-19 20:11:51.249] [info]  [ProjectInstanceChangedEventHandler] Project instance 361026 - Occultism changed.
[2025-11-19 20:11:51.254] [info]  [ProjectInstanceChangedEventHandler] Project instance 324717 - Jade 🔍 changed.
[2025-11-19 20:11:51.254] [info]  [ProjectInstanceChangedEventHandler] Project instance 241319 - Reliquary Reincarnations changed.
[2025-11-19 20:11:51.254] [info]  [ProjectInstanceChangedEventHandler] Project instance 287342 - Titanium changed.
[2025-11-19 20:11:51.254] [info]  [ProjectInstanceChangedEventHandler] Project instance 386134 - FTB Ultimine (Forge) changed.
[2025-11-19 20:11:51.254] [info]  [ProjectInstanceChangedEventHandler] Project instance 1133580 - Smithing Template Viewer for JEI/EMI changed.
[2025-11-19 20:11:51.255] [info]  [ProjectInstanceChangedEventHandler] Project instance 431725 - Advanced Peripherals changed.
[2025-11-19 20:11:51.255] [info]  [ProjectInstanceChangedEventHandler] Project instance 238086 - KubeJS changed.
[2025-11-19 20:11:51.255] [info]  [ProjectInstanceChangedEventHandler] Project instance 228525 - Bookshelf changed.
[2025-11-19 20:11:51.255] [info]  [ProjectInstanceChangedEventHandler] Project instance 417645 - Just Enough Professions (JEP) changed.
[2025-11-19 20:11:51.255] [info]  [ProjectInstanceChangedEventHandler] Project instance 287357 - Integrated Crafting changed.
[2025-11-19 20:11:51.255] [info]  [ProjectInstanceChangedEventHandler] Project instance 491794 - Explorer's Compass changed.
[2025-11-19 20:11:51.260] [info]  [ProjectInstanceChangedEventHandler] Project instance 445274 - Relics changed.
[2025-11-19 20:11:51.261] [info]  [ProjectInstanceChangedEventHandler] Project instance 659011 - Deeper and Darker changed.
[2025-11-19 20:11:51.261] [info]  [ProjectInstanceChangedEventHandler] Project instance 233071 - Crafting Tweaks changed.
[2025-11-19 20:11:51.261] [info]  [ProjectInstanceChangedEventHandler] Project instance 1345066 - Dyson Cube Project changed.
[2025-11-19 20:11:51.261] [info]  [ProjectInstanceChangedEventHandler] Project instance 326041 - RFTools Base changed.
[2025-11-19 20:11:51.261] [info]  [ProjectInstanceChangedEventHandler] Project instance 276951 - Comforts changed.
[2025-11-19 20:11:51.261] [info]  [ProjectInstanceChangedEventHandler] Project instance 247007 - Common Capabilities changed.
[2025-11-19 20:11:51.261] [info]  [ProjectInstanceChangedEventHandler] Project instance 499980 - Moonlight Lib changed.
[2025-11-19 20:11:51.261] [info]  [ProjectInstanceChangedEventHandler] Project instance 941096 - Polymorphic Energistics changed.
[2025-11-19 20:11:51.261] [info]  [ProjectInstanceChangedEventHandler] Project instance 1208896 - Cryonic Config changed.
[2025-11-19 20:11:51.261] [info]  [ProjectInstanceChangedEventHandler] Project instance 1091339 - AllTheLeaks (Memory Leak Fix) changed.
[2025-11-19 20:11:51.261] [info]  [ProjectInstanceChangedEventHandler] Project instance 364466 - Allthemodium changed.
[2025-11-19 20:11:51.261] [info]  [ProjectInstanceChangedEventHandler] Project instance 272335 - Cucumber Library changed.
[2025-11-19 20:11:51.262] [info]  [ProjectInstanceChangedEventHandler] Project instance 1061812 - Ars Controle changed.
[2025-11-19 20:11:51.262] [info]  [ProjectInstanceChangedEventHandler] Project instance 235577 - TrashSlot changed.
[2025-11-19 20:11:51.268] [info]  [ProjectInstanceChangedEventHandler] Project instance 526901 - Memory Settings[Neo/Forge/Fabric] changed.
[2025-11-19 20:11:51.268] [info]  [ProjectInstanceChangedEventHandler] Project instance 429235 - FerriteCore ((Neo)Forge) changed.
[2025-11-19 20:11:51.268] [info]  [ProjectInstanceChangedEventHandler] Project instance 404465 - FTB Library (Forge) changed.
[2025-11-19 20:11:51.268] [info]  [ProjectInstanceChangedEventHandler] Project instance 394535 - Trash Cans changed.
[2025-11-19 20:11:51.268] [info]  [ProjectInstanceChangedEventHandler] Project instance 606989 - Underground Villages changed.
[2025-11-19 20:11:51.268] [info]  [ProjectInstanceChangedEventHandler] Project instance 252848 - Nature's Compass changed.
[2025-11-19 20:11:51.268] [info]  [ProjectInstanceChangedEventHandler] Project instance 658587 - playerAnimator changed.
[2025-11-19 20:11:51.268] [info]  [ProjectInstanceChangedEventHandler] Project instance 277616 - Spice of Life: Carrot Edition changed.
[2025-11-19 20:11:51.268] [info]  [ProjectInstanceChangedEventHandler] Project instance 223794 - Applied Energistics 2 changed.
[2025-11-19 20:11:51.268] [info]  [ProjectInstanceChangedEventHandler] Project instance 439890 - Create Crafts & Additions changed.
[2025-11-19 20:11:51.268] [info]  [ProjectInstanceChangedEventHandler] Project instance 297039 - Silent Gear changed.
[2025-11-19 20:11:51.268] [info]  [ProjectInstanceChangedEventHandler] Project instance 938643 - Melody changed.
[2025-11-19 20:11:51.268] [info]  [ProjectInstanceChangedEventHandler] Project instance 1023517 - Not Enough Glyphs changed.
[2025-11-19 20:11:51.269] [info]  [ProjectInstanceChangedEventHandler] Project instance 694231 - Xtones Reworked changed.
[2025-11-19 20:11:51.269] [info]  [ProjectInstanceChangedEventHandler] Project instance 1148201 - Mekanistic Routers changed.
[2025-11-19 20:11:51.269] [info]  [ProjectInstanceChangedEventHandler] Project instance 350006 - RFTools Storage changed.
[2025-11-19 20:11:51.275] [info]  [ProjectInstanceChangedEventHandler] Project instance 1132269 - Modular Machinery Reborn Ars Nouveau changed.
[2025-11-19 20:11:51.275] [info]  [ProjectInstanceChangedEventHandler] Project instance 1094032 - All The Arcanist Gear changed.
[2025-11-19 20:11:51.275] [info]  [ProjectInstanceChangedEventHandler] Project instance 242998 - Silent Lib (silentlib) changed.
[2025-11-19 20:11:51.275] [info]  [ProjectInstanceChangedEventHandler] Project instance 638111 - Prism [Neo/Forge] changed.
[2025-11-19 20:11:51.275] [info]  [ProjectInstanceChangedEventHandler] Project instance 1001266 - Hardened Armadillos changed.
[2025-11-19 20:11:51.275] [info]  [ProjectInstanceChangedEventHandler] Project instance 257356 - In Control! changed.
[2025-11-19 20:11:51.275] [info]  [ProjectInstanceChangedEventHandler] Project instance 1156551 - ExperienceLib changed.
[2025-11-19 20:11:51.275] [info]  [ProjectInstanceChangedEventHandler] Project instance 1329843 - KubeJS Draconic Evolution changed.
[2025-11-19 20:11:51.275] [info]  [ProjectInstanceChangedEventHandler] Project instance 261251 - Bad Wither No Cookie - Reloaded changed.
[2025-11-19 20:11:51.275] [info]  [ProjectInstanceChangedEventHandler] Project instance 676136 - Model Gap Fix changed.
[2025-11-19 20:11:51.275] [info]  [ProjectInstanceChangedEventHandler] Project instance 268566 - Mekanism Generators changed.
[2025-11-19 20:11:51.276] [info]  [ProjectInstanceChangedEventHandler] Project instance 271740 - Toast Control changed.
[2025-11-19 20:11:51.276] [info]  [ProjectInstanceChangedEventHandler] Project instance 320926 - Scalable Cat's Force changed.
[2025-11-19 20:11:51.276] [info]  [ProjectInstanceChangedEventHandler] Project instance 1083840 - Modular Machinery Reborn changed.
[2025-11-19 20:11:51.276] [info]  [ProjectInstanceChangedEventHandler] Project instance 898963 - Apothic Attributes changed.
[2025-11-19 20:11:51.276] [info]  [ProjectInstanceChangedEventHandler] Project instance 531761 - Balm changed.
[2025-11-19 20:11:51.276] [info]  [ProjectInstanceChangedEventHandler] Project instance 898746 - Just Enough Mekanism Multiblocks changed.
[2025-11-19 20:11:51.282] [info]  [ProjectInstanceChangedEventHandler] Project instance 250398 - Controlling changed.
[2025-11-19 20:11:51.282] [info]  [ProjectInstanceChangedEventHandler] Project instance 410295 - Konkrete changed.
[2025-11-19 20:11:51.282] [info]  [ProjectInstanceChangedEventHandler] Project instance 927874 - Tree Tap changed.
[2025-11-19 20:11:51.282] [info]  [ProjectInstanceChangedEventHandler] Project instance 561885 - Just Zoom changed.
[2025-11-19 20:11:51.282] [info]  [ProjectInstanceChangedEventHandler] Project instance 892382 - MES - Moog's End Structures changed.
[2025-11-19 20:11:51.282] [info]  [ProjectInstanceChangedEventHandler] Project instance 854949 - Fusion (Connected Textures) changed.
[2025-11-19 20:11:51.283] [info]  [ProjectInstanceChangedEventHandler] Project instance 915115 - Formations (Structure Library) changed.
[2025-11-19 20:11:51.283] [info]  [ProjectInstanceChangedEventHandler] Project instance 961856 - AE2 Network Analyser changed.
[2025-11-19 20:11:51.283] [info]  [ProjectInstanceChangedEventHandler] Project instance 783522 - Structory: Towers changed.
[2025-11-19 20:11:51.283] [info]  [ProjectInstanceChangedEventHandler] Project instance 60028 - Aquaculture 2 changed.
[2025-11-19 20:11:51.283] [info]  [ProjectInstanceChangedEventHandler] Project instance 354339 - Open Loader changed.
[2025-11-19 20:11:51.283] [info]  [ProjectInstanceChangedEventHandler] Project instance 438332 - SuperMartijn642's Config Lib changed.
[2025-11-19 20:11:51.283] [info]  [ProjectInstanceChangedEventHandler] Project instance 426386 - Shrink. changed.
[2025-11-19 20:11:51.283] [info]  [ProjectInstanceChangedEventHandler] Project instance 227639 - The Twilight Forest changed.
[2025-11-19 20:11:51.283] [info]  [ProjectInstanceChangedEventHandler] Project instance 574300 - Applied Mekanistics changed.
[2025-11-19 20:11:51.283] [info]  [ProjectInstanceChangedEventHandler] Project instance 246640 - Mystical Agriculture changed.
[2025-11-19 20:11:51.288] [info]  [ProjectInstanceChangedEventHandler] Project instance 411357 - Botany Trees changed.
[2025-11-19 20:11:51.289] [info]  [ProjectInstanceChangedEventHandler] Project instance 899386 - Just Enough Breeding (JEBr) changed.
[2025-11-19 20:11:51.289] [info]  [ProjectInstanceChangedEventHandler] Project instance 1214396 - Camol changed.
[2025-11-19 20:11:51.289] [info]  [ProjectInstanceChangedEventHandler] Project instance 908741 - Embeddium changed.
[2025-11-19 20:11:51.289] [info]  [ProjectInstanceChangedEventHandler] Project instance 619320 - Sophisticated Storage changed.
[2025-11-19 20:11:51.289] [info]  [ProjectInstanceChangedEventHandler] Project instance 238222 - Just Enough Items (JEI) changed.
[2025-11-19 20:11:51.289] [info]  [ProjectInstanceChangedEventHandler] Project instance 841890 - Athena changed.
[2025-11-19 20:11:51.289] [info]  [ProjectInstanceChangedEventHandler] Project instance 248787 - AppleSkin changed.
[2025-11-19 20:11:51.289] [info]  [ProjectInstanceChangedEventHandler] Project instance 459929 - Applied Energistics 2 Wireless Terminals changed.
[2025-11-19 20:11:51.289] [info]  [ProjectInstanceChangedEventHandler] Project instance 551763 - Chisel Reborn [Forge/Fabric/NeoForge] changed.
[2025-11-19 20:11:51.289] [info]  [ProjectInstanceChangedEventHandler] Project instance 244256 - Reap Mod changed.
[2025-11-19 20:11:51.289] [info]  [ProjectInstanceChangedEventHandler] Project instance 1326856 - Quests Lang Splitter changed.
[2025-11-19 20:11:51.289] [info]  [ProjectInstanceChangedEventHandler] Project instance 422301 - Sophisticated Backpacks changed.
[2025-11-19 20:11:51.289] [info]  [ProjectInstanceChangedEventHandler] Project instance 1306367 - KubeJS Tweaks changed.
[2025-11-19 20:11:51.290] [info]  [ProjectInstanceChangedEventHandler] Project instance 266515 - Industrial Foregoing changed.
[2025-11-19 20:11:51.290] [info]  [ProjectInstanceChangedEventHandler] Project instance 371813 - Crash Utilities changed.
[2025-11-19 20:11:51.295] [info]  [ProjectInstanceChangedEventHandler] Project instance 1070541 - Repeatable Trial Vaults changed.
[2025-11-19 20:11:51.295] [info]  [ProjectInstanceChangedEventHandler] Project instance 314906 - FTB Chunks (NeoForge) changed.
[2025-11-19 20:11:51.295] [info]  [ProjectInstanceChangedEventHandler] Project instance 342466 - RFTools Utility changed.
[2025-11-19 20:11:51.296] [info]  [ProjectInstanceChangedEventHandler] Project instance 74610 - EvilCraft changed.
[2025-11-19 20:11:51.296] [info]  [ProjectInstanceChangedEventHandler] Project instance 986583 - Apothic Spawners changed.
[2025-11-19 20:11:51.296] [info]  [ProjectInstanceChangedEventHandler] Project instance 256247 - Mystical Agradditions changed.
[2025-11-19 20:11:51.296] [info]  [ProjectInstanceChangedEventHandler] Project instance 401955 - Ars Nouveau changed.
[2025-11-19 20:11:51.296] [info]  [ProjectInstanceChangedEventHandler] Project instance 915324 - Formations Overworld changed.
[2025-11-19 20:11:51.296] [info]  [ProjectInstanceChangedEventHandler] Project instance 391382 - More Overlays Updated changed.
[2025-11-19 20:11:51.296] [info]  [ProjectInstanceChangedEventHandler] Project instance 367734 - Pocket Storage changed.
[2025-11-19 20:11:51.296] [info]  [ProjectInstanceChangedEventHandler] Project instance 243707 - Corail Tombstone changed.
[2025-11-19 20:11:51.296] [info]  [ProjectInstanceChangedEventHandler] Project instance 32274 - JourneyMap changed.
[2025-11-19 20:11:51.296] [info]  [ProjectInstanceChangedEventHandler] Project instance 510656 - Wireless Chargers changed.
[2025-11-19 20:11:51.296] [info]  [ProjectInstanceChangedEventHandler] Project instance 1101111 - Iron's Gems 'n Jewelry changed.
[2025-11-19 20:11:51.296] [info]  [ProjectInstanceChangedEventHandler] Project instance 1023259 - Prickle changed.
[2025-11-19 20:11:51.296] [info]  [ProjectInstanceChangedEventHandler] Project instance 254268 - Torchmaster changed.
[2025-11-19 20:11:51.299] [info]  [ProjectInstanceChangedEventHandler] Project instance 385587 - Complementary Shaders - Unbound changed.
[2025-11-19 20:11:51.299] [info]  [ProjectInstanceChangedEventHandler] Project instance 290209 - RFTools Power changed.
[2025-11-19 20:11:51.299] [info]  [ProjectInstanceChangedEventHandler] Project instance 231951 - Immersive Engineering changed.
[2025-11-19 20:11:51.299] [info]  [ProjectInstanceChangedEventHandler] Project instance 855414 - Iron's Spells 'n Spellbooks changed.
[2025-11-19 20:11:51.299] [info]  [ProjectInstanceChangedEventHandler] Project instance 430906 - Cat Jammies changed.
[2025-11-19 20:11:51.299] [info]  [ProjectInstanceChangedEventHandler] Project instance 1156098 - Construction Sticks changed.
[2025-11-19 20:11:51.305] [info]  [ProjectInstanceChangedEventHandler] Project instance 231484 - Cooking for Blockheads changed.
[2025-11-19 20:11:51.305] [info]  [ProjectInstanceChangedEventHandler] Project instance 549225 - Framework changed.
[2025-11-19 20:11:51.305] [info]  [ProjectInstanceChangedEventHandler] Project instance 895919 - Time in a bottle [FORGE\NEOFORGE\FABRIC] changed.
[2025-11-19 20:11:51.305] [info]  [ProjectInstanceChangedEventHandler] Project instance 659090 - Fuel Goes Here changed.
[2025-11-19 20:11:51.305] [info]  [ProjectInstanceChangedEventHandler] Project instance 272515 - Better Advancements changed.
[2025-11-19 20:11:51.305] [info]  [ProjectInstanceChangedEventHandler] Project instance 983390 - Simple Weather changed.
[2025-11-19 20:11:51.305] [info]  [ProjectInstanceChangedEventHandler] Project instance 377897 - Productive Bees changed.
[2025-11-19 20:11:51.306] [info]  [ProjectInstanceChangedEventHandler] Project instance 364120 - All The Tweaks changed.
[2025-11-19 20:11:51.306] [info]  [ProjectInstanceChangedEventHandler] Project instance 314002 - Overloaded Armor Bar changed.
[2025-11-19 20:11:51.306] [info]  [ProjectInstanceChangedEventHandler] Project instance 1213351 - Expanded AE changed.
[2025-11-19 20:11:51.306] [info]  [ProjectInstanceChangedEventHandler] Project instance 288885 - FastWorkbench changed.
[2025-11-19 20:11:51.306] [info]  [ProjectInstanceChangedEventHandler] Project instance 236307 - Integrated Dynamics changed.
[2025-11-19 20:11:51.306] [info]  [ProjectInstanceChangedEventHandler] Project instance 242818 - CodeChicken Lib 1.8.+ changed.
[2025-11-19 20:11:51.306] [info]  [ProjectInstanceChangedEventHandler] Project instance 353882 - DimStorage changed.
[2025-11-19 20:11:51.306] [info]  [ProjectInstanceChangedEventHandler] Project instance 867286 - More Red x CC:Tweaked Compat changed.
[2025-11-19 20:11:51.306] [info]  [ProjectInstanceChangedEventHandler] Project instance 1007288 - Monocle changed.
[2025-11-19 20:11:51.306] [info]  [ProjectInstanceChangedEventHandler] Project instance 224218 - Compact Machines changed.
[2025-11-19 20:11:51.312] [info]  [ProjectInstanceChangedEventHandler] Project instance 419699 - Architectury API changed.
[2025-11-19 20:11:51.312] [info]  [ProjectInstanceChangedEventHandler] Project instance 558000 - Omega Config changed.
[2025-11-19 20:11:51.312] [info]  [ProjectInstanceChangedEventHandler] Project instance 367706 - FancyMenu changed.
[2025-11-19 20:11:51.312] [info]  [ProjectInstanceChangedEventHandler] Project instance 976858 - Inventory Tweaks - ReFoxed changed.
[2025-11-19 20:11:51.312] [info]  [ProjectInstanceChangedEventHandler] Project instance 561470 - Ars Elemental changed.
[2025-11-19 20:11:51.312] [info]  [ProjectInstanceChangedEventHandler] Project instance 233019 - AI Improvements changed.
[2025-11-19 20:11:51.312] [info]  [ProjectInstanceChangedEventHandler] Project instance 388172 - GeckoLib changed.
[2025-11-19 20:11:51.312] [info]  [ProjectInstanceChangedEventHandler] Project instance 237307 - Cosmetic Armor Reworked changed.
[2025-11-19 20:11:51.312] [info]  [ProjectInstanceChangedEventHandler] Project instance 250294 - Modular Routers changed.
[2025-11-19 20:11:51.312] [info]  [ProjectInstanceChangedEventHandler] Project instance 1172594 - KeyBind Bundles changed.
[2025-11-19 20:11:51.312] [info]  [ProjectInstanceChangedEventHandler] Project instance 905641 - Ars Énergistique changed.
[2025-11-19 20:11:51.313] [info]  [ProjectInstanceChangedEventHandler] Project instance 306770 - Patchouli changed.
[2025-11-19 20:11:51.313] [info]  [ProjectInstanceChangedEventHandler] Project instance 1119874 - Mekanism Covers changed.
[2025-11-19 20:11:51.313] [info]  [ProjectInstanceChangedEventHandler] Project instance 282001 - CC: Tweaked changed.
[2025-11-19 20:11:51.313] [info]  [ProjectInstanceChangedEventHandler] Project instance 656136 - Gravitational Modulating Additional Unit changed.
[2025-11-19 20:11:51.313] [info]  [ProjectInstanceChangedEventHandler] Project instance 358700 - More Dragon Eggs changed.
[2025-11-19 20:11:51.318] [info]  [ProjectInstanceChangedEventHandler] Project instance 858542 - Searchables changed.
[2025-11-19 20:11:51.319] [info]  [ProjectInstanceChangedEventHandler] Project instance 653790 - XyCraft: Override changed.
[2025-11-19 20:11:51.319] [info]  [ProjectInstanceChangedEventHandler] Project instance 653791 - XyCraft: Machines changed.
[2025-11-19 20:11:51.319] [info]  [ProjectInstanceChangedEventHandler] Project instance 900364 - TownTalk changed.
[2025-11-19 20:11:51.319] [info]  [ProjectInstanceChangedEventHandler] Project instance 237664 - Iron Furnaces changed.
[2025-11-19 20:11:51.319] [info]  [ProjectInstanceChangedEventHandler] Project instance 633823 - Almost Unified changed.
[2025-11-19 20:11:51.319] [info]  [ProjectInstanceChangedEventHandler] Project instance 306626 - Nature's Aura changed.
[2025-11-19 20:11:51.319] [info]  [ProjectInstanceChangedEventHandler] Project instance 1005914 - Fzzy Config changed.
[2025-11-19 20:11:51.319] [info]  [ProjectInstanceChangedEventHandler] Project instance 400514 - Easy Villagers changed.
[2025-11-19 20:11:51.319] [info]  [ProjectInstanceChangedEventHandler] Project instance 1216624 - Create: Dragons Plus changed.
[2025-11-19 20:11:51.319] [info]  [ProjectInstanceChangedEventHandler] Project instance 1099143 - KeybindsPurger changed.
[2025-11-19 20:11:51.319] [info]  [ProjectInstanceChangedEventHandler] Project instance 300331 - Simply Light changed.
[2025-11-19 20:11:51.319] [info]  [ProjectInstanceChangedEventHandler] Project instance 351748 - Mining Gadgets changed.
[2025-11-19 20:11:51.319] [info]  [ProjectInstanceChangedEventHandler] Project instance 454372 - SuperMartijn642's Core Lib changed.
[2025-11-19 20:11:51.319] [info]  [ProjectInstanceChangedEventHandler] Project instance 410811 - FTB Essentials (Forge & Fabric) changed.
[2025-11-19 20:11:51.322] [info]  [ProjectInstanceChangedEventHandler] Project instance 431203 - MakeUp - Ultra Fast | Shaders changed.
[2025-11-19 20:11:51.323] [info]  [ProjectInstanceChangedEventHandler] Project instance 627557 - Complementary Shaders - Reimagined changed.
[2025-11-19 20:11:51.323] [info]  [ProjectInstanceChangedEventHandler] Project instance 1086142 - More Industrial Foregoing Addons (MIFA) changed.
[2025-11-19 20:11:51.323] [info]  [ProjectInstanceChangedEventHandler] Project instance 520110 - Iceberg [Neo/Forge] changed.
[2025-11-19 20:11:51.323] [info]  [ProjectInstanceChangedEventHandler] Project instance 281849 - PneumaticCraft: Repressurized changed.
[2025-11-19 20:11:51.323] [info]  [ProjectInstanceChangedEventHandler] Project instance 405593 - ATO - All the Ores changed.
[2025-11-19 20:11:51.331] [info]  [ProjectInstanceChangedEventHandler] Project instance 250419 - Enchantment Descriptions changed.
[2025-11-19 20:11:51.332] [info]  [ProjectInstanceChangedEventHandler] Project instance 456956 - Chipped changed.
[2025-11-19 20:11:51.332] [info]  [ProjectInstanceChangedEventHandler] Project instance 388800 - Polymorph (Fabric/Forge/Quilt) changed.
[2025-11-19 20:11:51.332] [info]  [ProjectInstanceChangedEventHandler] Project instance 245755 - Waystones changed.
[2025-11-19 20:11:51.332] [info]  [ProjectInstanceChangedEventHandler] Project instance 314905 - FTB Ranks (NeoForge) changed.
[2025-11-19 20:11:51.332] [info]  [ProjectInstanceChangedEventHandler] Project instance 1184406 - Transfer Labels changed.
[2025-11-19 20:11:51.332] [info]  [ProjectInstanceChangedEventHandler] Project instance 622888 - Ponder for KubeJS changed.
[2025-11-19 20:11:51.333] [info]  [ProjectInstanceChangedEventHandler] Project instance 250832 - OpenBlocks Elevator changed.
[2025-11-19 20:11:51.333] [info]  [ProjectInstanceChangedEventHandler] Project instance 256717 - Clumps changed.
[2025-11-19 20:11:51.333] [info]  [ProjectInstanceChangedEventHandler] Project instance 686911 - ImmediatelyFast changed.
[2025-11-19 20:11:51.333] [info]  [ProjectInstanceChangedEventHandler] Project instance 965012 - Applied Flux changed.
[2025-11-19 20:11:51.333] [info]  [ProjectInstanceChangedEventHandler] Project instance 576589 - PolyLib changed.
[2025-11-19 20:11:51.333] [info]  [ProjectInstanceChangedEventHandler] Project instance 574123 - Dark Mode Everywhere changed.
[2025-11-19 20:11:51.333] [info]  [ProjectInstanceChangedEventHandler] Project instance 1165932 - Luminax changed.
[2025-11-19 20:11:51.341] [info]  [ProjectInstanceChangedEventHandler] Project instance 1002348 - Just Dire Things changed.
[2025-11-19 20:11:51.341] [info]  [ProjectInstanceChangedEventHandler] Project instance 451682 - No Villager Death Messages changed.
[2025-11-19 20:11:51.341] [info]  [ProjectInstanceChangedEventHandler] Project instance 1100379 - Relics: Artifacts Compat changed.
[2025-11-19 20:11:51.341] [info]  [ProjectInstanceChangedEventHandler] Project instance 299540 - FastFurnace changed.
[2025-11-19 20:11:51.341] [info]  [ProjectInstanceChangedEventHandler] Project instance 251389 - Integrated Tunnels changed.
[2025-11-19 20:11:51.341] [info]  [ProjectInstanceChangedEventHandler] Project instance 525693 - Occultism KubeJS changed.
[2025-11-19 20:11:51.341] [info]  [ProjectInstanceChangedEventHandler] Project instance 60089 - Mouse Tweaks changed.
[2025-11-19 20:11:51.341] [info]  [ProjectInstanceChangedEventHandler] Project instance 1010827 - Uranus changed.
[2025-11-19 20:11:51.341] [info]  [ProjectInstanceChangedEventHandler] Project instance 443900 - Pipez changed.
[2025-11-19 20:11:51.342] [info]  [ProjectInstanceChangedEventHandler] Project instance 974408 - Ars Additions changed.
[2025-11-19 20:11:51.342] [info]  [ProjectInstanceChangedEventHandler] Project instance 746215 - StarbuncleMania changed.
[2025-11-19 20:11:51.342] [info]  [ProjectInstanceChangedEventHandler] Project instance 1108467 - Cobblegen Galore changed.
[2025-11-19 20:11:51.342] [info]  [ProjectInstanceChangedEventHandler] Project instance 280441 - Mystical Customization changed.
[2025-11-19 20:11:51.342] [info]  [ProjectInstanceChangedEventHandler] Project instance 306935 - Super Factory Manager ( SFM ) changed.
[2025-11-19 20:11:51.342] [info]  [ProjectInstanceChangedEventHandler] Project instance 431430 - FlickerFix changed.
[2025-11-19 20:11:51.342] [info]  [ProjectInstanceChangedEventHandler] Project instance 417802 - Gateways to Eternity changed.
[2025-11-19 20:11:51.342] [info]  [ProjectInstanceChangedEventHandler] Project instance 383129 - Connected Glass changed.
[2025-11-19 20:11:51.342] [info]  [ProjectInstanceChangedEventHandler] Project instance 929559 - Utilitarian changed.
[2025-11-19 20:11:51.349] [info]  [ProjectInstanceChangedEventHandler] Project instance 254241 - Mob Grinding Utils changed.
[2025-11-19 20:11:51.349] [info]  [ProjectInstanceChangedEventHandler] Project instance 1103259 - FTB JEI Extras changed.
[2025-11-19 20:11:51.349] [info]  [ProjectInstanceChangedEventHandler] Project instance 552758 - Modern Dynamics changed.
[2025-11-19 20:11:51.349] [info]  [ProjectInstanceChangedEventHandler] Project instance 889785 - Integrated Scripting changed.
[2025-11-19 20:11:51.349] [info]  [ProjectInstanceChangedEventHandler] Project instance 309927 - Curios API (Forge/NeoForge) changed.
[2025-11-19 20:11:51.349] [info]  [ProjectInstanceChangedEventHandler] Project instance 387638 - More Red changed.
[2025-11-19 20:11:51.350] [info]  [ProjectInstanceChangedEventHandler] Project instance 416935 - Valhelsia Core changed.
[2025-11-19 20:11:51.350] [info]  [ProjectInstanceChangedEventHandler] Project instance 1030830 - Oritech changed.
[2025-11-19 20:11:51.350] [info]  [ProjectInstanceChangedEventHandler] Project instance 361276 - Lootr (Forge & NeoForge) changed.
[2025-11-19 20:11:51.350] [info]  [ProjectInstanceChangedEventHandler] Project instance 656346 - Load My F***ing Tags changed.
[2025-11-19 20:11:51.350] [info]  [ProjectInstanceChangedEventHandler] Project instance 1074338 - AE2 JEI Integration changed.
[2025-11-19 20:11:51.350] [info]  [ProjectInstanceChangedEventHandler] Project instance 1145462 - Atlas API changed.
[2025-11-19 20:11:51.350] [info]  [ProjectInstanceChangedEventHandler] Project instance 394140 - Simple Magnets changed.
[2025-11-19 20:11:51.350] [info]  [ProjectInstanceChangedEventHandler] Project instance 455508 - Iris Shaders changed.
[2025-11-19 20:11:51.354] [info]  [ProjectInstanceChangedEventHandler] Project instance 634062 - No Chat Reports changed.
[2025-11-19 20:11:51.354] [info]  [ProjectInstanceChangedEventHandler] Project instance 1080592 - Eternal Starlight changed.
[2025-11-19 20:11:51.354] [info]  [ProjectInstanceChangedEventHandler] Project instance 1206582 - Oracle Index changed.
[2025-11-19 20:11:51.354] [info]  [ProjectInstanceChangedEventHandler] Project instance 470193 - Connectivity changed.
[2025-11-19 20:11:51.354] [info]  [ProjectInstanceChangedEventHandler] Project instance 691049 - Generator Galore changed.
[2025-11-19 20:11:51.354] [info]  [ProjectInstanceChangedEventHandler] Project instance 247921 - ZeroCore 2 changed.
[2025-11-19 20:11:51.364] [info]  [ProjectInstanceChangedEventHandler] Project instance 361579 - spark changed.
[2025-11-19 20:11:51.364] [info]  [ProjectInstanceChangedEventHandler] Project instance 514045 - AllTheCompressed changed.
[2025-11-19 20:11:51.365] [info]  [ProjectInstanceChangedEventHandler] Project instance 962544 - Oh The Trees You'll Grow changed.
[2025-11-19 20:11:51.365] [info]  [ProjectInstanceChangedEventHandler] Project instance 368293 - Repurposed Structures (Neoforge/Forge) changed.
[2025-11-19 20:11:51.365] [info]  [ProjectInstanceChangedEventHandler] Project instance 659110 - Regions Unexplored (forge/fabric) changed.
[2025-11-19 20:11:51.365] [info]  [ProjectInstanceChangedEventHandler] Project instance 1199188 - Silent Gear Metalworks changed.
[2025-11-19 20:11:51.365] [info]  [ProjectInstanceChangedEventHandler] Project instance 957920 - Glodium changed.
[2025-11-19 20:11:51.365] [info]  [ProjectInstanceChangedEventHandler] Project instance 1040076 - IceAndFire Community Edition changed.
[2025-11-19 20:11:51.365] [info]  [ProjectInstanceChangedEventHandler] Project instance 1086241 - AE2: Crafting Tree changed.
[2025-11-19 20:11:51.365] [info]  [ProjectInstanceChangedEventHandler] Project instance 688367 - ME Requester changed.
[2025-11-19 20:11:51.365] [info]  [ProjectInstanceChangedEventHandler] Project instance 856996 - Cristel Lib changed.
[2025-11-19 20:11:51.365] [info]  [ProjectInstanceChangedEventHandler] Project instance 633483 - Powah! (Rearchitected) changed.
[2025-11-19 20:11:51.365] [info]  [ProjectInstanceChangedEventHandler] Project instance 1063926 - Apothic Enchanting changed.
[2025-11-19 20:11:51.365] [info]  [ProjectInstanceChangedEventHandler] Project instance 636540 - Structory changed.
[2025-11-19 20:11:51.365] [info]  [ProjectInstanceChangedEventHandler] Project instance 284497 - Iron Jetpacks changed.
[2025-11-19 20:11:51.365] [info]  [ProjectInstanceChangedEventHandler] Project instance 475117 - FastSuite changed.
[2025-11-19 20:11:51.371] [info]  [ProjectInstanceChangedEventHandler] Project instance 356801 - Potions Master changed.
[2025-11-19 20:11:51.371] [info]  [ProjectInstanceChangedEventHandler] Project instance 522992 - BlockUI changed.
[2025-11-19 20:11:51.371] [info]  [ProjectInstanceChangedEventHandler] Project instance 1111501 - I'm Fast changed.
[2025-11-19 20:11:51.371] [info]  [ProjectInstanceChangedEventHandler] Project instance 326652 - Cupboard changed.
[2025-11-19 20:11:51.371] [info]  [ProjectInstanceChangedEventHandler] Project instance 622112 - MEGA Cells changed.
[2025-11-19 20:11:51.371] [info]  [ProjectInstanceChangedEventHandler] Project instance 405388 - Modern Industrialization changed.
[2025-11-19 20:11:51.371] [info]  [ProjectInstanceChangedEventHandler] Project instance 626761 - Towns and Towers changed.
[2025-11-19 20:11:51.371] [info]  [ProjectInstanceChangedEventHandler] Project instance 379849 - The Undergarden changed.
[2025-11-19 20:11:51.371] [info]  [ProjectInstanceChangedEventHandler] Project instance 1089065 - Industrialization Overdrive changed.
[2025-11-19 20:11:51.371] [info]  [ProjectInstanceChangedEventHandler] Project instance 1254143 - Colorwheel changed.
[2025-11-19 20:11:51.371] [info]  [ProjectInstanceChangedEventHandler] Project instance 232758 - Cyclops Core changed.
[2025-11-19 20:11:51.371] [info]  [ProjectInstanceChangedEventHandler] Project instance 1173950 - GuideME changed.
[2025-11-19 20:11:51.372] [info]  [ProjectInstanceChangedEventHandler] Project instance 1158094 - Deimos Lib changed.
[2025-11-19 20:11:51.372] [info]  [ProjectInstanceChangedEventHandler] Project instance 854213 - Colorful Hearts changed.
[2025-11-19 20:11:51.372] [info]  [ProjectInstanceChangedEventHandler] Project instance 298187 - Building Gadgets changed.
[2025-11-19 20:11:51.372] [info]  [ProjectInstanceChangedEventHandler] Project instance 282805 - Restrictions changed.
[2025-11-19 20:11:51.377] [info]  [ProjectInstanceChangedEventHandler] Project instance 653789 - XyCraft: World changed.
[2025-11-19 20:11:51.378] [info]  [ProjectInstanceChangedEventHandler] Project instance 268560 - Mekanism changed.
[2025-11-19 20:11:51.378] [info]  [ProjectInstanceChangedEventHandler] Project instance 927064 - All the Wizard Gear changed.
[2025-11-19 20:11:51.378] [info]  [ProjectInstanceChangedEventHandler] Project instance 714059 - Resourceful Config changed.
[2025-11-19 20:11:51.378] [info]  [ProjectInstanceChangedEventHandler] Project instance 478559 - Measurements changed.
[2025-11-19 20:11:51.378] [info]  [ProjectInstanceChangedEventHandler] Project instance 509575 - Observable changed.
[2025-11-19 20:11:51.378] [info]  [ProjectInstanceChangedEventHandler] Project instance 363363 - Extreme sound muffler - (Neo)Forge changed.
[2025-11-19 20:11:51.378] [info]  [ProjectInstanceChangedEventHandler] Project instance 688768 - Create: Enchantment Industry changed.
[2025-11-19 20:11:51.378] [info]  [ProjectInstanceChangedEventHandler] Project instance 1067672 - Tesseract API (NeoForge) changed.
[2025-11-19 20:11:51.378] [info]  [ProjectInstanceChangedEventHandler] Project instance 322506 - BSL Shaders changed.
[2025-11-19 20:11:51.378] [info]  [ProjectInstanceChangedEventHandler] Project instance 968432 - MonoLib changed.
[2025-11-19 20:11:51.378] [info]  [ProjectInstanceChangedEventHandler] Project instance 282837 - Additional Enchanted Miner changed.
[2025-11-19 20:11:51.378] [info]  [ProjectInstanceChangedEventHandler] Project instance 916747 - OctoLib changed.
[2025-11-19 20:11:51.379] [info]  [ProjectInstanceChangedEventHandler] Project instance 575698 - Ars Creo changed.
[2025-11-19 20:11:51.379] [info]  [ProjectInstanceChangedEventHandler] Project instance 1131856 - Modular Machinery Reborn Mekanism changed.
[2025-11-19 20:11:51.379] [info]  [ProjectInstanceChangedEventHandler] Project instance 945149 - Glassential Renewed changed.
[2025-11-19 20:11:51.382] [info]  [ProjectInstanceChangedEventHandler] Project instance 220311 - Silent's Gems changed.
[2025-11-19 20:11:51.382] [info]  [ProjectInstanceChangedEventHandler] Project instance 1165429 - Ars Unification changed.
[2025-11-19 20:11:51.382] [info]  [ProjectInstanceChangedEventHandler] Project instance 255902 - Wither Skeleton Tweaks changed.
[2025-11-19 20:11:51.382] [info]  [ProjectInstanceChangedEventHandler] Project instance 518211 - Pylons changed.
[2025-11-19 20:11:51.382] [info]  [ProjectInstanceChangedEventHandler] Project instance 556861 - Functional Storage changed.
[2025-11-19 20:11:51.382] [info]  [ProjectInstanceChangedEventHandler] Project instance 1001614 - Lionfish API changed.
[2025-11-19 20:11:51.382] [info]  [ProjectInstanceChangedEventHandler] Project instance 411045 - Get It Together, Drops! changed.
[2025-11-19 20:11:51.387] [info]  [ProjectInstanceChangedEventHandler] Project instance 909375 - WITS (What Is This Structure?) changed.
[2025-11-19 20:11:51.387] [info]  [ProjectInstanceChangedEventHandler] Project instance 308989 - Caelus API changed.
[2025-11-19 20:11:51.387] [info]  [ProjectInstanceChangedEventHandler] Project instance 551524 - CreeperHost Presents Steve's Carts changed.
[2025-11-19 20:11:51.387] [info]  [ProjectInstanceChangedEventHandler] Project instance 260912 - XNet changed.
[2025-11-19 20:11:51.387] [info]  [ProjectInstanceChangedEventHandler] Project instance 693313 - CorgiLib changed.
[2025-11-19 20:11:51.388] [info]  [ProjectInstanceChangedEventHandler] Project instance 583228 - Simple Backups changed.
[2025-11-19 20:11:51.388] [info]  [ProjectInstanceChangedEventHandler] Project instance 551894 - Better Compatibility Checker changed.
[2025-11-19 20:11:51.388] [info]  [ProjectInstanceChangedEventHandler] Project instance 309858 - Forbidden and Arcanus changed.
[2025-11-19 20:11:51.388] [info]  [ProjectInstanceChangedEventHandler] Project instance 570354 - Nullscape changed.
[2025-11-19 20:11:51.388] [info]  [ProjectInstanceChangedEventHandler] Project instance 699872 - Accelerated Decay changed.
[2025-11-19 20:11:51.388] [info]  [ProjectInstanceChangedEventHandler] Project instance 907843 - Ars Ocultas changed.
[2025-11-19 20:11:51.388] [info]  [ProjectInstanceChangedEventHandler] Project instance 1072905 - Jupiter changed.
[2025-11-19 20:11:51.388] [info]  [ProjectInstanceChangedEventHandler] Project instance 295780 - Roots Classic changed.
[2025-11-19 20:11:51.388] [info]  [ProjectInstanceChangedEventHandler] Project instance 640001 - Factory Blocks [Forge/Fabric/NeoForge] changed.
[2025-11-19 20:11:51.388] [info]  [ProjectInstanceChangedEventHandler] Project instance 992377 - Immersive Energistics changed.
[2025-11-19 20:11:51.388] [info]  [ProjectInstanceChangedEventHandler] Project instance 223565 - Draconic Evolution changed.
[2025-11-19 20:11:51.394] [info]  [ProjectInstanceChangedEventHandler] Project instance 283644 - Placebo changed.
[2025-11-19 20:11:51.394] [info]  [ProjectInstanceChangedEventHandler] Project instance 430636 - Theurgy changed.
[2025-11-19 20:11:51.394] [info]  [ProjectInstanceChangedEventHandler] Project instance 1285475 - Colorwheel Patcher changed.
[2025-11-19 20:11:51.394] [info]  [ProjectInstanceChangedEventHandler] Project instance 936015 - Lithostitched changed.
[2025-11-19 20:11:51.394] [info]  [ProjectInstanceChangedEventHandler] Project instance 1184570 - Productive Metalworks changed.
[2025-11-19 20:11:51.394] [info]  [ProjectInstanceChangedEventHandler] Project instance 248020 - Flux Networks changed.
[2025-11-19 20:11:51.394] [info]  [ProjectInstanceChangedEventHandler] Project instance 282947 - Baubley Heart Canisters changed.
[2025-11-19 20:11:51.394] [info]  [ProjectInstanceChangedEventHandler] Project instance 889915 - FTB XMod Compat changed.
[2025-11-19 20:11:51.394] [info]  [ProjectInstanceChangedEventHandler] Project instance 301034 - Entangled changed.
[2025-11-19 20:11:51.394] [info]  [ProjectInstanceChangedEventHandler] Project instance 351264 - Kotlin for Forge changed.
[2025-11-19 20:11:51.394] [info]  [ProjectInstanceChangedEventHandler] Project instance 1154099 - Crash Assistant changed.
[2025-11-19 20:11:51.394] [info]  [ProjectInstanceChangedEventHandler] Project instance 943925 - FTB Filter System changed.
[2025-11-19 20:11:51.395] [info]  [ProjectInstanceChangedEventHandler] Project instance 395620 - Item Collectors changed.
[2025-11-19 20:11:51.395] [info]  [ProjectInstanceChangedEventHandler] Project instance 638508 - EdivadLib changed.
[2025-11-19 20:11:51.395] [info]  [ProjectInstanceChangedEventHandler] Project instance 1121832 - Rainbows! changed.
[2025-11-19 20:11:51.395] [info]  [ProjectInstanceChangedEventHandler] Project instance 250277 - Extreme Reactors changed.
[2025-11-19 20:11:51.395] [info]  [ProjectInstanceChangedEventHandler] Project instance 261924 - Farming for Blockheads changed.
[2025-11-19 20:11:51.400] [info]  [ProjectInstanceChangedEventHandler] Project instance 538392 - Modonomicon changed.
[2025-11-19 20:11:51.400] [info]  [ProjectInstanceChangedEventHandler] Project instance 901491 - Railcraft Reborn changed.
[2025-11-19 20:11:51.400] [info]  [ProjectInstanceChangedEventHandler] Project instance 362479 - The Bumblezone (NeoForge/Forge) changed.
[2025-11-19 20:11:51.400] [info]  [ProjectInstanceChangedEventHandler] Project instance 626839 - LaserIO changed.
[2025-11-19 20:11:51.400] [info]  [ProjectInstanceChangedEventHandler] Project instance 347706 - RFTools Builder changed.
[2025-11-19 20:11:51.400] [info]  [ProjectInstanceChangedEventHandler] Project instance 552574 - Hostile Neural Networks changed.
[2025-11-19 20:11:51.401] [info]  [ProjectInstanceChangedEventHandler] Project instance 231382 - Brandon's Core changed.
[2025-11-19 20:11:51.401] [info]  [ProjectInstanceChangedEventHandler] Project instance 1140741 - NeoAuth changed.
[2025-11-19 20:11:51.401] [info]  [ProjectInstanceChangedEventHandler] Project instance 790626 - ModernFix changed.
[2025-11-19 20:11:51.401] [info]  [ProjectInstanceChangedEventHandler] Project instance 635427 - Yeetus Experimentus changed.
[2025-11-19 20:11:51.401] [info]  [ProjectInstanceChangedEventHandler] Project instance 404468 - FTB Teams (NeoForge) changed.
[2025-11-19 20:11:51.401] [info]  [ProjectInstanceChangedEventHandler] Project instance 1143614 - Soulplied Energistics changed.
[2025-11-19 20:11:51.401] [info]  [ProjectInstanceChangedEventHandler] Project instance 1096161 - Ars Technica changed.
[2025-11-19 20:11:51.401] [info]  [ProjectInstanceChangedEventHandler] Project instance 1070751 - Oh The Biomes We've Gone changed.
[2025-11-19 20:11:51.401] [info]  [ProjectInstanceChangedEventHandler] Project instance 618298 - Sophisticated Core changed.
[2025-11-19 20:11:51.403] [info]  [ProjectInstanceChangedEventHandler] Project instance 559313 - AEInfinityBooster changed.
[2025-11-19 20:11:51.404] [info]  [ProjectInstanceChangedEventHandler] Project instance 532610 - oωo (owo-lib) changed.
[2025-11-19 20:11:51.404] [info]  [ProjectInstanceChangedEventHandler] Project instance 904394 - Industrial Foregoing Souls changed.
[2025-11-19 20:11:51.404] [info]  [ProjectInstanceChangedEventHandler] Project instance 328085 - Create changed.
[2025-11-19 20:11:51.404] [info]  [ProjectInstanceChangedEventHandler] Project instance 1084104 - AdvancedAE changed.
[2025-11-19 20:11:51.404] [info]  [ProjectInstanceChangedEventHandler] Project instance 416294 - Rhino changed.
[2025-11-19 20:11:51.409] [info]  [ProjectInstanceChangedEventHandler] Project instance 969602 - Nolijium changed.
[2025-11-19 20:11:51.409] [info]  [ProjectInstanceChangedEventHandler] Project instance 1275257 - Mekanism:More Machine changed.
[2025-11-19 20:11:51.409] [info]  [ProjectInstanceChangedEventHandler] Project instance 295910 - Integrated Terminals changed.
[2025-11-19 20:11:51.409] [info]  [ProjectInstanceChangedEventHandler] Project instance 225738 - MmmMmmMmmMmm (Target Dummy) changed.
[2025-11-19 20:11:51.409] [info]  [ProjectInstanceChangedEventHandler] Project instance 653786 - XyCraft changed.
[2025-11-19 20:11:51.409] [info]  [ProjectInstanceChangedEventHandler] Project instance 661293 - SmartBrainLib (Forge/Fabric/Quilt) changed.
[2025-11-19 20:11:51.409] [info]  [ProjectInstanceChangedEventHandler] Project instance 982512 - AE2 Import Export Card changed.
[2025-11-19 20:11:51.409] [info]  [ProjectInstanceChangedEventHandler] Project instance 890755 - Just Enough Archaeology changed.
[2025-11-19 20:11:51.409] [info]  [ProjectInstanceChangedEventHandler] Project instance 623908 - ChoiceTheorem's Overhauled Village changed.
[2025-11-19 20:11:51.409] [info]  [ProjectInstanceChangedEventHandler] Project instance 867074 - Productive Trees changed.
[2025-11-19 20:11:51.409] [info]  [ProjectInstanceChangedEventHandler] Project instance 968456 - Cobweb changed.
[2025-11-19 20:11:51.409] [info]  [ProjectInstanceChangedEventHandler] Project instance 312353 - Artifacts changed.
[2025-11-19 20:11:51.409] [info]  [ProjectInstanceChangedEventHandler] Project instance 353928 - Botany Pots changed.
[2025-11-19 20:11:51.410] [info]  [ProjectInstanceChangedEventHandler] Project instance 940057 - TerraBlender (NeoForge) changed.
[2025-11-19 20:11:51.410] [info]  [ProjectInstanceChangedEventHandler] Project instance 551586 - L_Ender 's Cataclysm changed.
[2025-11-19 20:11:51.414] [info]  [ProjectInstanceChangedEventHandler] Project instance 289412 - FTB Quests (NeoForge) changed.
[2025-11-19 20:11:51.415] [info]  [ProjectInstanceChangedEventHandler] Project instance 892005 - ExtendedAE changed.
[2025-11-19 20:11:51.415] [info]  [ProjectInstanceChangedEventHandler] Project instance 963206 - Theurgy KubeJS changed.
[2025-11-19 20:11:51.415] [info]  [ProjectInstanceChangedEventHandler] Project instance 1005676 - Create: Aquatic Ambitions changed.
[2025-11-19 20:11:51.415] [info]  [ProjectInstanceChangedEventHandler] Project instance 241160 - NetherPortalFix changed.
[2025-11-19 20:11:51.415] [info]  [ProjectInstanceChangedEventHandler] Project instance 267602 - ConnectedTexturesMod changed.
[2025-11-19 20:11:51.415] [info]  [ProjectInstanceChangedEventHandler] Project instance 64760 - Security Craft changed.
[2025-11-19 20:11:51.415] [info]  [ProjectInstanceChangedEventHandler] Project instance 398521 - Farmer's Delight changed.
[2025-11-19 20:11:51.415] [info]  [ProjectInstanceChangedEventHandler] Project instance 1153666 - Ars Elemancy changed.
[2025-11-19 20:11:51.415] [info]  [ProjectInstanceChangedEventHandler] Project instance 570073 - Resourceful Lib changed.
[2025-11-19 20:11:51.415] [info]  [ProjectInstanceChangedEventHandler] Project instance 268567 - Mekanism Tools changed.
[2025-11-19 20:11:51.415] [info]  [ProjectInstanceChangedEventHandler] Project instance 348521 - Cloth Config API (Fabric/Forge/NeoForge) changed.
[2025-11-19 20:11:51.415] [info]  [ProjectInstanceChangedEventHandler] Project instance 228404 - Actually Additions changed.
[2025-11-19 20:11:51.415] [info]  [ProjectInstanceChangedEventHandler] Project instance 313970 - Apotheosis changed.
[2025-11-19 20:11:51.415] [info]  [ProjectInstanceChangedEventHandler] Project instance 416089 - Simple Voice Chat changed.
[2025-11-19 20:11:51.417] [info]  [ProjectInstanceChangedEventHandler] Project instance 1068418 - Extended Industrialization changed.
[2025-11-19 20:11:51.417] [info]  [ProjectInstanceChangedEventHandler] Project instance 280510 - AttributeFix changed.
[2025-11-19 20:11:51.417] [info]  [ProjectInstanceChangedEventHandler] Project instance 918840 - Formations Nether changed.
[2025-11-19 20:11:51.957] [info]  [ModpackChangedEventHandler] Modpack 3a9852f5-bf54-4ecd-a0cd-65a21587c0c2 changed.
[2025-11-19 20:11:51.958] [info]  [GameInstanceChangedEventHandler] Game instance changed: 3a9852f5-bf54-4ecd-a0cd-65a21587c0c2 - ["Saved"].
[2025-11-19 20:11:51.998] [info]  [GameInstanceChangedEventHandler] Game instance changed: 3a9852f5-bf54-4ecd-a0cd-65a21587c0c2 - ["ScanningChanged"].
[2025-11-19 20:11:51.999] [info]  [GameInstanceScanCompletedEventHandler] Scan complete for game 432 - Skibidi craft - 3a9852f5-bf54-4ecd-a0cd-65a21587c0c2.
[2025-11-19 20:11:52.006] [info]  [Renderer - Main Window] Instance 3a9852f5-bf54-4ecd-a0cd-65a21587c0c2 scan complete - updating state [ [] ]
[2025-11-19 20:12:02.979] [info]  [UptimeRobotApi] Executing GET request https://health.curseforge.com/app/monitorStatus.json.
[2025-11-19 20:12:08.634] [info]  [UptimeRobotApi] Executed GET request https://health.curseforge.com/app/monitorStatus.json. Status code: 200.
[2025-11-19 20:13:08.635] [info]  [UptimeRobotApi] Executing GET request https://health.curseforge.com/app/monitorStatus.json.
[2025-11-19 20:13:38.589] [info]  [UptimeRobotApi] Executed GET request https://health.curseforge.com/app/monitorStatus.json. Status code: 200.
[2025-11-19 20:14:34.078] [info]  [ProjectUninstalledEventHandler] Project 282001 - CC: Tweaked uninstalled.
[2025-11-19 20:14:38.590] [info]  [UptimeRobotApi] Executing GET request https://health.curseforge.com/app/monitorStatus.json.
[2025-11-19 20:14:46.048] [error] [Renderer - Main Window] Error: Error invoking remote method 'PlatformAppService.openFileLocation': reply was never sent [ [] ]
[2025-11-19 20:14:49.344] [info]  [UptimeRobotApi] Executed GET request https://health.curseforge.com/app/monitorStatus.json. Status code: 200.
[2025-11-19 20:17:46.947] [info]  [AppUpdatePeriodicChecker] Running periodic app update check.
[2025-11-19 20:17:46.951] [info]  [AppUpdateServiceImpl] Checking for available application updates. Current app version is 1.291.0-28875.
[2025-11-19 20:17:46.952] [info]  Checking for update
[2025-11-19 20:17:46.952] [info]  Electron Updater - Checking for application update
[2025-11-19 20:17:47.386] [info]  Update for version 1.291.0-28875 is not available (latest version: 1.291.0-28875, downgrade is disallowed).
[2025-11-19 20:17:47.386] [info]  Electron Updater - App update is not available. Latest Version: 1.291.0-28875. Release Date: 2025-11-18T13:49:27.993Z
[2025-11-19 20:17:47.386] [info]  [AppUpdateServiceImpl] No updates are available for the app..
[2025-11-19 20:17:47.386] [info]  [AppUpdatePeriodicChecker] No app update. Scheduling the next update check in 900000 milliseconds.
[2025-11-19 20:32:47.402] [info]  [AppUpdatePeriodicChecker] Running periodic app update check.
[2025-11-19 20:32:47.402] [info]  [AppUpdateServiceImpl] Checking for available application updates. Current app version is 1.291.0-28875.
[2025-11-19 20:32:47.403] [info]  Checking for update
[2025-11-19 20:32:47.403] [info]  Electron Updater - Checking for application update
[2025-11-19 20:32:47.538] [info]  Update for version 1.291.0-28875 is not available (latest version: 1.291.0-28875, downgrade is disallowed).
[2025-11-19 20:32:47.538] [info]  Electron Updater - App update is not available. Latest Version: 1.291.0-28875. Release Date: 2025-11-18T13:49:27.993Z
[2025-11-19 20:32:47.538] [info]  [AppUpdateServiceImpl] No updates are available for the app..
[2025-11-19 20:32:47.538] [info]  [AppUpdatePeriodicChecker] No app update. Scheduling the next update check in 900000 milliseconds.
[2025-11-19 20:47:47.543] [info]  [AppUpdatePeriodicChecker] Running periodic app update check.
[2025-11-19 20:47:47.543] [info]  [AppUpdateServiceImpl] Checking for available application updates. Current app version is 1.291.0-28875.
[2025-11-19 20:47:47.543] [info]  Checking for update
[2025-11-19 20:47:47.544] [info]  Electron Updater - Checking for application update
[2025-11-19 20:47:47.685] [info]  Update for version 1.291.0-28875 is not available (latest version: 1.291.0-28875, downgrade is disallowed).
[2025-11-19 20:47:47.685] [info]  Electron Updater - App update is not available. Latest Version: 1.291.0-28875. Release Date: 2025-11-18T13:49:27.993Z
[2025-11-19 20:47:47.685] [info]  [AppUpdateServiceImpl] No updates are available for the app..
[2025-11-19 20:47:47.685] [info]  [AppUpdatePeriodicChecker] No app update. Scheduling the next update check in 900000 milliseconds.
[2025-11-19 21:02:47.726] [info]  [AppUpdatePeriodicChecker] Running periodic app update check.
[2025-11-19 21:02:47.727] [info]  [AppUpdateServiceImpl] Checking for available application updates. Current app version is 1.291.0-28875.
[2025-11-19 21:02:47.727] [info]  Checking for update
[2025-11-19 21:02:47.727] [info]  Electron Updater - Checking for application update
[2025-11-19 21:02:47.861] [info]  Update for version 1.291.0-28875 is not available (latest version: 1.291.0-28875, downgrade is disallowed).
[2025-11-19 21:02:47.862] [info]  Electron Updater - App update is not available. Latest Version: 1.291.0-28875. Release Date: 2025-11-18T13:49:27.993Z
[2025-11-19 21:02:47.862] [info]  [AppUpdateServiceImpl] No updates are available for the app..
[2025-11-19 21:02:47.862] [info]  [AppUpdatePeriodicChecker] No app update. Scheduling the next update check in 900000 milliseconds.
[2025-11-19 21:17:47.905] [info]  [AppUpdatePeriodicChecker] Running periodic app update check.
[2025-11-19 21:17:47.905] [info]  [AppUpdateServiceImpl] Checking for available application updates. Current app version is 1.291.0-28875.
[2025-11-19 21:17:47.905] [info]  Checking for update
[2025-11-19 21:17:47.905] [info]  Electron Updater - Checking for application update
[2025-11-19 21:17:48.058] [info]  Update for version 1.291.0-28875 is not available (latest version: 1.291.0-28875, downgrade is disallowed).
[2025-11-19 21:17:48.059] [info]  Electron Updater - App update is not available. Latest Version: 1.291.0-28875. Release Date: 2025-11-18T13:49:27.993Z
[2025-11-19 21:17:48.059] [info]  [AppUpdateServiceImpl] No updates are available for the app..
[2025-11-19 21:17:48.059] [info]  [AppUpdatePeriodicChecker] No app update. Scheduling the next update check in 900000 milliseconds.
[2025-11-19 21:32:48.117] [info]  [AppUpdatePeriodicChecker] Running periodic app update check.
[2025-11-19 21:32:48.119] [info]  [AppUpdateServiceImpl] Checking for available application updates. Current app version is 1.291.0-28875.
[2025-11-19 21:32:48.119] [info]  Checking for update
[2025-11-19 21:32:48.119] [info]  Electron Updater - Checking for application update
[2025-11-19 21:32:48.271] [info]  Update for version 1.291.0-28875 is not available (latest version: 1.291.0-28875, downgrade is disallowed).
[2025-11-19 21:32:48.271] [info]  Electron Updater - App update is not available. Latest Version: 1.291.0-28875. Release Date: 2025-11-18T13:49:27.993Z
[2025-11-19 21:32:48.271] [info]  [AppUpdateServiceImpl] No updates are available for the app..
[2025-11-19 21:32:48.271] [info]  [AppUpdatePeriodicChecker] No app update. Scheduling the next update check in 900000 milliseconds.
[2025-11-19 21:47:48.276] [info]  [AppUpdatePeriodicChecker] Running periodic app update check.
[2025-11-19 21:47:48.277] [info]  [AppUpdateServiceImpl] Checking for available application updates. Current app version is 1.291.0-28875.
[2025-11-19 21:47:48.277] [info]  Checking for update
[2025-11-19 21:47:48.277] [info]  Electron Updater - Checking for application update
[2025-11-19 21:47:48.451] [info]  Update for version 1.291.0-28875 is not available (latest version: 1.291.0-28875, downgrade is disallowed).
[2025-11-19 21:47:48.451] [info]  Electron Updater - App update is not available. Latest Version: 1.291.0-28875. Release Date: 2025-11-18T13:49:27.993Z
[2025-11-19 21:47:48.451] [info]  [AppUpdateServiceImpl] No updates are available for the app..
[2025-11-19 21:47:48.451] [info]  [AppUpdatePeriodicChecker] No app update. Scheduling the next update check in 900000 milliseconds.
[2025-11-19 22:02:48.510] [info]  [AppUpdatePeriodicChecker] Running periodic app update check.
[2025-11-19 22:02:48.511] [info]  [AppUpdateServiceImpl] Checking for available application updates. Current app version is 1.291.0-28875.
[2025-11-19 22:02:48.511] [info]  Checking for update
[2025-11-19 22:02:48.511] [info]  Electron Updater - Checking for application update
[2025-11-19 22:02:48.903] [info]  Update for version 1.291.0-28875 is not available (latest version: 1.291.0-28875, downgrade is disallowed).
[2025-11-19 22:02:48.903] [info]  Electron Updater - App update is not available. Latest Version: 1.291.0-28875. Release Date: 2025-11-18T13:49:27.993Z
[2025-11-19 22:02:48.906] [info]  [AppUpdateServiceImpl] No updates are available for the app..
[2025-11-19 22:02:48.906] [info]  [AppUpdatePeriodicChecker] No app update. Scheduling the next update check in 900000 milliseconds.
[2025-11-19 22:17:48.966] [info]  [AppUpdatePeriodicChecker] Running periodic app update check.
[2025-11-19 22:17:48.967] [info]  [AppUpdateServiceImpl] Checking for available application updates. Current app version is 1.291.0-28875.
[2025-11-19 22:17:48.969] [info]  Checking for update
[2025-11-19 22:17:48.969] [info]  Electron Updater - Checking for application update
[2025-11-19 22:17:49.107] [info]  Update for version 1.291.0-28875 is not available (latest version: 1.291.0-28875, downgrade is disallowed).
[2025-11-19 22:17:49.108] [info]  Electron Updater - App update is not available. Latest Version: 1.291.0-28875. Release Date: 2025-11-18T13:49:27.993Z
[2025-11-19 22:17:49.108] [info]  [AppUpdateServiceImpl] No updates are available for the app..
[2025-11-19 22:17:49.108] [info]  [AppUpdatePeriodicChecker] No app update. Scheduling the next update check in 900000 milliseconds.
[2025-11-19 22:31:14.753] [info]  [UptimeRobotApi] Executing GET request https://health.curseforge.com/app/monitorStatus.json.
[2025-11-19 22:31:14.905] [info]  [MeasurementAppServiceImpl] starting measurement game-dau.
[2025-11-19 22:31:14.982] [info]  [UptimeRobotApi] Executed GET request https://health.curseforge.com/app/monitorStatus.json. Status code: 200.
[2025-11-19 22:31:19.504] [info]  [Renderer - Main Window] launchModpack 3a9852f5-bf54-4ecd-a0cd-65a21587c0c2 in gameInstanceId: undefined [ [] ]
[2025-11-19 22:31:20.751] [info]  [AnalyticsService] Executing GET request https://analyticsnew.overwolf.com/analytics/Counter?Name=cf_app_launch_modpack_requested&MUID=6a0d68ee-5733-1928-71ec-49e8ba47404c&MUIDV2=6a0d68ee-5733-1928-71ec-49e8ba47404c&owver=37.7.0&Extra=%7B%22app_ver%22%3A%221.291.0.28875%22%2C%22os_ver%22%3A%22linux%22%2C%22app_type%22%3A%22Electron%22%2C%22launchMethod%22%3A0%2C%22gameId%22%3A432%2C%22gameDashboardEnabled%22%3Afalse%2C%22desktopShortcut%22%3Afalse%7D.
[2025-11-19 22:31:20.907] [info]  [AnalyticsService] Executed GET request https://analyticsnew.overwolf.com/analytics/Counter?Name=cf_app_launch_modpack_requested&MUID=6a0d68ee-5733-1928-71ec-49e8ba47404c&MUIDV2=6a0d68ee-5733-1928-71ec-49e8ba47404c&owver=37.7.0&Extra=%7B%22app_ver%22%3A%221.291.0.28875%22%2C%22os_ver%22%3A%22linux%22%2C%22app_type%22%3A%22Electron%22%2C%22launchMethod%22%3A0%2C%22gameId%22%3A432%2C%22gameDashboardEnabled%22%3Afalse%2C%22desktopShortcut%22%3Afalse%7D. Status code: 200.
[2025-11-19 22:31:20.909] [info]  [MojangLauncher] Launching modpack using the Mojang Launcher. Id: 3a9852f5-bf54-4ecd-a0cd-65a21587c0c2, Launcher Args: [object Object].
[2025-11-19 22:31:21.093] [info]  [LauncherApi] Executing GET request https://launchermeta.mojang.com/mc/game/version_manifest.json.
[2025-11-19 22:31:21.359] [info]  [LauncherApi] Executed GET request https://launchermeta.mojang.com/mc/game/version_manifest.json. Status code: 200.
[2025-11-19 22:31:25.170] [info]  [AnalyticsStorageManager] Already tracked cf_daily_active_user_per_game_v2_gameId.432 today.
[2025-11-19 22:31:25.170] [info]  [AnalyticsService] trackDailyUnique is unique: false.
[2025-11-19 22:31:29.685] [info]  [ModpacksAppServiceImpl] Getting game 432 installed modpacks.
[2025-11-19 22:31:29.752] [info]  [AnalyticsService] Executing GET request https://analyticsnew.overwolf.com/analytics/Counter?Name=cf_app_page_changed&MUID=6a0d68ee-5733-1928-71ec-49e8ba47404c&MUIDV2=6a0d68ee-5733-1928-71ec-49e8ba47404c&owver=37.7.0&Extra=%7B%22app_ver%22%3A%221.291.0.28875%22%2C%22os_ver%22%3A%22linux%22%2C%22app_type%22%3A%22Electron%22%2C%22currentAppPage%22%3A%22MyModpacksPage%22%7D.
[2025-11-19 22:31:29.837] [info]  [MinecraftInstanceTaskCompletedEventHandler] Minecraft instance task completed.
[2025-11-19 22:31:29.838] [info]  [AnalyticsService] Executing GET request https://analyticsnew.overwolf.com/analytics/Counter?Name=cf_error_v2&MUID=6a0d68ee-5733-1928-71ec-49e8ba47404c&MUIDV2=6a0d68ee-5733-1928-71ec-49e8ba47404c&owver=37.7.0&Extra=%7B%22app_ver%22%3A%221.291.0.28875%22%2C%22os_ver%22%3A%22linux%22%2C%22app_type%22%3A%22Electron%22%2C%22game_id%22%3A432%2C%22error_id%22%3A%22CannotVerifyMinecraftVersion%22%2C%22action%22%3A%22Unspecified%22%7D.
[2025-11-19 22:31:29.839] [error] [Radiuminator] Failed to launch Minecraft instance: 3a9852f5-bf54-4ecd-a0cd-65a21587c0c2 Could not download required files..
[2025-11-19 22:31:29.843] [error] [Renderer - Main Window] An unexpected error has occurred. Action: PlayModpack, ErrorCode: Error [
  [
    'Error: Invalid enum value: CannotVerifyMinecraftVersion\n' +
      '    at eW.map (file:///tmp/.mount_cursef2WqWMK/resources/app.asar/dist/background/background.js:51:266780)\n' +
      '    at eK.toApiErrorReason (file:///tmp/.mount_cursef2WqWMK/resources/app.asar/dist/background/background.js:51:271834)\n' +
      '    at eX.launchModpack (file:///tmp/.mount_cursef2WqWMK/resources/app.asar/dist/background/background.js:51:281378)\n' +
      '    at process.processTicksAndRejections (node:internal/process/task_queues:105:5)\n' +
      '    at async B.launch (file:///tmp/.mount_cursef2WqWMK/resources/app.asar/dist/background/background.js:51:139912)\n' +
      '    at async Q.launch (file:///tmp/.mount_cursef2WqWMK/resources/app.asar/dist/background/background.js:51:144191)\n' +
      '    at async n4.launch (file:///tmp/.mount_cursef2WqWMK/resources/app.asar/dist/background/background.js:31:295494)\n' +
      '    at async e_ (file:///tmp/.mount_cursef2WqWMK/resources/app.asar/dist/background/background.js:31:411310)\n' +
      '    at async file:///tmp/.mount_cursef2WqWMK/resources/app.asar/dist/background/background.js:31:123139\n' +
      '    at async Session.<anonymous> (node:electron/js2c/browser_init:2:214518)'
  ]
]
[2025-11-19 22:31:29.844] [info]  [AnalyticsService] Executing POST request https://tracking.overwolf.com/tracking/InsertStats?Stats=true.
[2025-11-19 22:31:29.843] [error] [Renderer - Main Window] Failed to launch modpack 3a9852f5-bf54-4ecd-a0cd-65a21587c0c2. Error: undefined [
  [
    'Error: Invalid enum value: CannotVerifyMinecraftVersion\n' +
      '    at eW.map (file:///tmp/.mount_cursef2WqWMK/resources/app.asar/dist/background/background.js:51:266780)\n' +
      '    at eK.toApiErrorReason (file:///tmp/.mount_cursef2WqWMK/resources/app.asar/dist/background/background.js:51:271834)\n' +
      '    at eX.launchModpack (file:///tmp/.mount_cursef2WqWMK/resources/app.asar/dist/background/background.js:51:281378)\n' +
      '    at process.processTicksAndRejections (node:internal/process/task_queues:105:5)\n' +
      '    at async B.launch (file:///tmp/.mount_cursef2WqWMK/resources/app.asar/dist/background/background.js:51:139912)\n' +
      '    at async Q.launch (file:///tmp/.mount_cursef2WqWMK/resources/app.asar/dist/background/background.js:51:144191)\n' +
      '    at async n4.launch (file:///tmp/.mount_cursef2WqWMK/resources/app.asar/dist/background/background.js:31:295494)\n' +
      '    at async e_ (file:///tmp/.mount_cursef2WqWMK/resources/app.asar/dist/background/background.js:31:411310)\n' +
      '    at async file:///tmp/.mount_cursef2WqWMK/resources/app.asar/dist/background/background.js:31:123139\n' +
      '    at async Session.<anonymous> (node:electron/js2c/browser_init:2:214518)'
  ]
]
[2025-11-19 22:31:30.233] [info]  [AnalyticsService] Executed GET request https://analyticsnew.overwolf.com/analytics/Counter?Name=cf_app_page_changed&MUID=6a0d68ee-5733-1928-71ec-49e8ba47404c&MUIDV2=6a0d68ee-5733-1928-71ec-49e8ba47404c&owver=37.7.0&Extra=%7B%22app_ver%22%3A%221.291.0.28875%22%2C%22os_ver%22%3A%22linux%22%2C%22app_type%22%3A%22Electron%22%2C%22currentAppPage%22%3A%22MyModpacksPage%22%7D. Status code: 200.
[2025-11-19 22:31:30.282] [info]  [AnalyticsService] Executed GET request https://analyticsnew.overwolf.com/analytics/Counter?Name=cf_error_v2&MUID=6a0d68ee-5733-1928-71ec-49e8ba47404c&MUIDV2=6a0d68ee-5733-1928-71ec-49e8ba47404c&owver=37.7.0&Extra=%7B%22app_ver%22%3A%221.291.0.28875%22%2C%22os_ver%22%3A%22linux%22%2C%22app_type%22%3A%22Electron%22%2C%22game_id%22%3A432%2C%22error_id%22%3A%22CannotVerifyMinecraftVersion%22%2C%22action%22%3A%22Unspecified%22%7D. Status code: 200.
[2025-11-19 22:31:30.283] [error] [Renderer - Main Window] onMinecraftTaskFailed Could not verify Minecraft version. CannotVerifyMinecraftVersion [ [] ]
[2025-11-19 22:31:30.283] [error] [Renderer - Main Window] onMinecraftTaskFailed Could not verify Minecraft version. CannotVerifyMinecraftVersion [ [] ]
[2025-11-19 22:31:30.283] [error] [Renderer - Main Window] onMinecraftTaskFailed Could not verify Minecraft version. CannotVerifyMinecraftVersion [ [] ]
[2025-11-19 22:31:30.283] [error] [Renderer - Main Window] onMinecraftTaskFailed Could not verify Minecraft version. CannotVerifyMinecraftVersion [ [] ]
[2025-11-19 22:31:30.283] [error] [Renderer - Main Window] onMinecraftTaskFailed Could not verify Minecraft version. CannotVerifyMinecraftVersion [ [] ]
[2025-11-19 22:31:30.283] [error] [Renderer - Main Window] onMinecraftTaskFailed Could not verify Minecraft version. CannotVerifyMinecraftVersion [ [] ]
[2025-11-19 22:31:30.944] [info]  [AnalyticsService] Executed POST request https://tracking.overwolf.com/tracking/InsertStats?Stats=true. Status code: 200.
[2025-11-19 22:31:30.944] [info]  [AnalyticsService] Sent a Grafana event to https://tracking.overwolf.com/tracking/InsertStats?Stats=true.
[2025-11-19 22:31:30.945] [info]  [AnalyticsService] Executing GET request https://analyticsnew.overwolf.com/analytics/Counter?Name=cf_error_v2&MUID=6a0d68ee-5733-1928-71ec-49e8ba47404c&MUIDV2=6a0d68ee-5733-1928-71ec-49e8ba47404c&owver=37.7.0&Extra=%7B%22app_ver%22%3A%221.291.0.28875%22%2C%22os_ver%22%3A%22linux%22%2C%22app_type%22%3A%22Electron%22%2C%22error_id%22%3A%22PlayModpack-Error%22%2C%22action%22%3A%22PlayModpack%22%7D.
[2025-11-19 22:31:31.008] [info]  [AnalyticsService] Executed GET request https://analyticsnew.overwolf.com/analytics/Counter?Name=cf_error_v2&MUID=6a0d68ee-5733-1928-71ec-49e8ba47404c&MUIDV2=6a0d68ee-5733-1928-71ec-49e8ba47404c&owver=37.7.0&Extra=%7B%22app_ver%22%3A%221.291.0.28875%22%2C%22os_ver%22%3A%22linux%22%2C%22app_type%22%3A%22Electron%22%2C%22error_id%22%3A%22PlayModpack-Error%22%2C%22action%22%3A%22PlayModpack%22%7D. Status code: 200.
[2025-11-19 22:31:31.901] [info]  [ModpacksAppServiceImpl] Getting installed modpack 3a9852f5-bf54-4ecd-a0cd-65a21587c0c2.
[2025-11-19 22:31:31.904] [info]  [AnalyticsService] Executing GET request https://analyticsnew.overwolf.com/analytics/Counter?Name=cf_app_page_changed&MUID=6a0d68ee-5733-1928-71ec-49e8ba47404c&MUIDV2=6a0d68ee-5733-1928-71ec-49e8ba47404c&owver=37.7.0&Extra=%7B%22app_ver%22%3A%221.291.0.28875%22%2C%22os_ver%22%3A%22linux%22%2C%22app_type%22%3A%22Electron%22%2C%22currentAppPage%22%3A%22InstalledProjectPage%22%7D.
[2025-11-19 22:31:31.951] [info]  [AnalyticsService] Executed GET request https://analyticsnew.overwolf.com/analytics/Counter?Name=cf_app_page_changed&MUID=6a0d68ee-5733-1928-71ec-49e8ba47404c&MUIDV2=6a0d68ee-5733-1928-71ec-49e8ba47404c&owver=37.7.0&Extra=%7B%22app_ver%22%3A%221.291.0.28875%22%2C%22os_ver%22%3A%22linux%22%2C%22app_type%22%3A%22Electron%22%2C%22currentAppPage%22%3A%22InstalledProjectPage%22%7D. Status code: 200.
[2025-11-19 22:31:32.068] [info]  [EleriumCommunicationLayer] Request - GET v1/categories - params: {"gameId":432,"classesOnly":true}.
[2025-11-19 22:31:32.737] [info]  [EleriumCommunicationLayer] Request - GET v1/categories - params: {"gameId":432}.
[2025-11-19 22:32:15.133] [info]  [UptimeRobotApi] Executing GET request https://health.curseforge.com/app/monitorStatus.json.
[2025-11-19 22:32:15.245] [info]  [UptimeRobotApi] Executed GET request https://health.curseforge.com/app/monitorStatus.json. Status code: 200.
[2025-11-19 22:32:49.122] [info]  [AppUpdatePeriodicChecker] Running periodic app update check.
[2025-11-19 22:32:49.127] [info]  [AppUpdateServiceImpl] Checking for available application updates. Current app version is 1.291.0-28875.
[2025-11-19 22:32:49.127] [info]  Checking for update
[2025-11-19 22:32:49.127] [info]  Electron Updater - Checking for application update
[2025-11-19 22:32:49.539] [info]  Update for version 1.291.0-28875 is not available (latest version: 1.291.0-28875, downgrade is disallowed).
[2025-11-19 22:32:49.539] [info]  Electron Updater - App update is not available. Latest Version: 1.291.0-28875. Release Date: 2025-11-18T13:49:27.993Z
[2025-11-19 22:32:49.540] [info]  [AppUpdateServiceImpl] No updates are available for the app..
[2025-11-19 22:32:49.540] [info]  [AppUpdatePeriodicChecker] No app update. Scheduling the next update check in 900000 milliseconds.
[2025-11-19 22:33:15.266] [info]  [UptimeRobotApi] Executing GET request https://health.curseforge.com/app/monitorStatus.json.
[2025-11-19 22:33:20.705] [info]  [UptimeRobotApi] Executed GET request https://health.curseforge.com/app/monitorStatus.json. Status code: 200.
[2025-11-19 22:34:20.706] [info]  [UptimeRobotApi] Executing GET request https://health.curseforge.com/app/monitorStatus.json.
[2025-11-19 22:34:20.818] [info]  [UptimeRobotApi] Executed GET request https://health.curseforge.com/app/monitorStatus.json. Status code: 200.
[2025-11-19 22:35:20.819] [info]  [UptimeRobotApi] Executing GET request https://health.curseforge.com/app/monitorStatus.json.
[2025-11-19 22:35:21.332] [info]  [UptimeRobotApi] Executed GET request https://health.curseforge.com/app/monitorStatus.json. Status code: 200.
[2025-11-19 22:36:21.333] [info]  [UptimeRobotApi] Executing GET request https://health.curseforge.com/app/monitorStatus.json.
[2025-11-19 22:36:21.737] [info]  [UptimeRobotApi] Executed GET request https://health.curseforge.com/app/monitorStatus.json. Status code: 200.
[2025-11-19 22:37:21.738] [info]  [UptimeRobotApi] Executing GET request https://health.curseforge.com/app/monitorStatus.json.
[2025-11-19 22:37:21.839] [info]  [UptimeRobotApi] Executed GET request https://health.curseforge.com/app/monitorStatus.json. Status code: 200.
[2025-11-19 22:38:21.840] [info]  [UptimeRobotApi] Executing GET request https://health.curseforge.com/app/monitorStatus.json.
[2025-11-19 22:38:22.652] [info]  [UptimeRobotApi] Executed GET request https://health.curseforge.com/app/monitorStatus.json. Status code: 200.
[2025-11-19 22:39:22.652] [info]  [UptimeRobotApi] Executing GET request https://health.curseforge.com/app/monitorStatus.json.
[2025-11-19 22:39:28.039] [info]  [UptimeRobotApi] Executed GET request https://health.curseforge.com/app/monitorStatus.json. Status code: 200.
[2025-11-19 22:40:28.040] [info]  [UptimeRobotApi] Executing GET request https://health.curseforge.com/app/monitorStatus.json.
[2025-11-19 22:40:28.496] [info]  [UptimeRobotApi] Executed GET request https://health.curseforge.com/app/monitorStatus.json. Status code: 200.
[2025-11-19 22:41:28.497] [info]  [UptimeRobotApi] Executing GET request https://health.curseforge.com/app/monitorStatus.json.
[2025-11-19 22:41:28.772] [info]  [UptimeRobotApi] Executed GET request https://health.curseforge.com/app/monitorStatus.json. Status code: 200.
[2025-11-19 22:42:28.773] [info]  [UptimeRobotApi] Executing GET request https://health.curseforge.com/app/monitorStatus.json.
[2025-11-19 22:42:29.245] [info]  [UptimeRobotApi] Executed GET request https://health.curseforge.com/app/monitorStatus.json. Status code: 200.
[2025-11-19 22:43:29.246] [info]  [UptimeRobotApi] Executing GET request https://health.curseforge.com/app/monitorStatus.json.
[2025-11-19 22:43:29.588] [info]  [UptimeRobotApi] Executed GET request https://health.curseforge.com/app/monitorStatus.json. Status code: 200.
[2025-11-19 22:44:29.589] [info]  [UptimeRobotApi] Executing GET request https://health.curseforge.com/app/monitorStatus.json.
[2025-11-19 22:44:30.101] [info]  [UptimeRobotApi] Executed GET request https://health.curseforge.com/app/monitorStatus.json. Status code: 200.
[2025-11-19 22:45:30.104] [info]  [UptimeRobotApi] Executing GET request https://health.curseforge.com/app/monitorStatus.json.
[2025-11-19 22:45:30.232] [info]  [UptimeRobotApi] Executed GET request https://health.curseforge.com/app/monitorStatus.json. Status code: 200.
[2025-11-19 22:46:30.233] [info]  [UptimeRobotApi] Executing GET request https://health.curseforge.com/app/monitorStatus.json.
[2025-11-19 22:46:35.367] [info]  [UptimeRobotApi] Executed GET request https://health.curseforge.com/app/monitorStatus.json. Status code: 200.
[2025-11-19 22:47:35.369] [info]  [UptimeRobotApi] Executing GET request https://health.curseforge.com/app/monitorStatus.json.
[2025-11-19 22:47:35.482] [info]  [UptimeRobotApi] Executed GET request https://health.curseforge.com/app/monitorStatus.json. Status code: 200.
[2025-11-19 22:47:49.547] [info]  [AppUpdatePeriodicChecker] Running periodic app update check.
[2025-11-19 22:47:49.548] [info]  [AppUpdateServiceImpl] Checking for available application updates. Current app version is 1.291.0-28875.
[2025-11-19 22:47:49.548] [info]  Checking for update
[2025-11-19 22:47:49.548] [info]  Electron Updater - Checking for application update
[2025-11-19 22:47:49.741] [info]  Update for version 1.291.0-28875 is not available (latest version: 1.291.0-28875, downgrade is disallowed).
[2025-11-19 22:47:49.741] [info]  Electron Updater - App update is not available. Latest Version: 1.291.0-28875. Release Date: 2025-11-18T13:49:27.993Z
[2025-11-19 22:47:49.741] [info]  [AppUpdateServiceImpl] No updates are available for the app..
[2025-11-19 22:47:49.741] [info]  [AppUpdatePeriodicChecker] No app update. Scheduling the next update check in 900000 milliseconds.
[2025-11-19 22:48:35.483] [info]  [UptimeRobotApi] Executing GET request https://health.curseforge.com/app/monitorStatus.json.
[2025-11-19 22:48:35.580] [info]  [UptimeRobotApi] Executed GET request https://health.curseforge.com/app/monitorStatus.json. Status code: 200.
[2025-11-19 22:49:35.581] [info]  [UptimeRobotApi] Executing GET request https://health.curseforge.com/app/monitorStatus.json.
[2025-11-19 22:49:35.970] [info]  [UptimeRobotApi] Executed GET request https://health.curseforge.com/app/monitorStatus.json. Status code: 200.
[2025-11-19 22:50:35.971] [info]  [UptimeRobotApi] Executing GET request https://health.curseforge.com/app/monitorStatus.json.
[2025-11-19 22:50:36.131] [info]  [UptimeRobotApi] Executed GET request https://health.curseforge.com/app/monitorStatus.json. Status code: 200.
[2025-11-19 22:51:36.131] [info]  [UptimeRobotApi] Executing GET request https://health.curseforge.com/app/monitorStatus.json.
[2025-11-19 22:51:36.523] [info]  [UptimeRobotApi] Executed GET request https://health.curseforge.com/app/monitorStatus.json. Status code: 200.
[2025-11-19 22:52:36.524] [info]  [UptimeRobotApi] Executing GET request https://health.curseforge.com/app/monitorStatus.json.
[2025-11-19 22:52:36.615] [info]  [UptimeRobotApi] Executed GET request https://health.curseforge.com/app/monitorStatus.json. Status code: 200.
[2025-11-19 22:53:36.616] [info]  [UptimeRobotApi] Executing GET request https://health.curseforge.com/app/monitorStatus.json.
[2025-11-19 22:53:36.720] [info]  [UptimeRobotApi] Executed GET request https://health.curseforge.com/app/monitorStatus.json. Status code: 200.
[2025-11-19 22:54:36.721] [info]  [UptimeRobotApi] Executing GET request https://health.curseforge.com/app/monitorStatus.json.
[2025-11-19 22:54:37.079] [info]  [UptimeRobotApi] Executed GET request https://health.curseforge.com/app/monitorStatus.json. Status code: 200.
[2025-11-19 22:55:37.079] [info]  [UptimeRobotApi] Executing GET request https://health.curseforge.com/app/monitorStatus.json.
[2025-11-19 22:55:42.198] [info]  [UptimeRobotApi] Executed GET request https://health.curseforge.com/app/monitorStatus.json. Status code: 200.
[2025-11-19 22:56:42.199] [info]  [UptimeRobotApi] Executing GET request https://health.curseforge.com/app/monitorStatus.json.
[2025-11-19 22:56:42.732] [info]  [UptimeRobotApi] Executed GET request https://health.curseforge.com/app/monitorStatus.json. Status code: 200.
[2025-11-19 22:57:42.733] [info]  [UptimeRobotApi] Executing GET request https://health.curseforge.com/app/monitorStatus.json.
[2025-11-19 22:57:42.831] [info]  [UptimeRobotApi] Executed GET request https://health.curseforge.com/app/monitorStatus.json. Status code: 200.
[2025-11-19 22:58:42.832] [info]  [UptimeRobotApi] Executing GET request https://health.curseforge.com/app/monitorStatus.json.
[2025-11-19 22:58:42.933] [info]  [UptimeRobotApi] Executed GET request https://health.curseforge.com/app/monitorStatus.json. Status code: 200.
[2025-11-19 22:59:42.934] [info]  [UptimeRobotApi] Executing GET request https://health.curseforge.com/app/monitorStatus.json.
[2025-11-19 22:59:43.033] [info]  [UptimeRobotApi] Executed GET request https://health.curseforge.com/app/monitorStatus.json. Status code: 200.
[2025-11-19 23:00:43.034] [info]  [UptimeRobotApi] Executing GET request https://health.curseforge.com/app/monitorStatus.json.
[2025-11-19 23:00:43.421] [info]  [UptimeRobotApi] Executed GET request https://health.curseforge.com/app/monitorStatus.json. Status code: 200.
[2025-11-19 23:01:43.422] [info]  [UptimeRobotApi] Executing GET request https://health.curseforge.com/app/monitorStatus.json.
[2025-11-19 23:01:43.519] [info]  [UptimeRobotApi] Executed GET request https://health.curseforge.com/app/monitorStatus.json. Status code: 200.
[2025-11-19 23:02:43.520] [info]  [UptimeRobotApi] Executing GET request https://health.curseforge.com/app/monitorStatus.json.
[2025-11-19 23:02:43.627] [info]  [UptimeRobotApi] Executed GET request https://health.curseforge.com/app/monitorStatus.json. Status code: 200.
[2025-11-19 23:02:49.744] [info]  [AppUpdatePeriodicChecker] Running periodic app update check.
[2025-11-19 23:02:49.745] [info]  [AppUpdateServiceImpl] Checking for available application updates. Current app version is 1.291.0-28875.
[2025-11-19 23:02:49.745] [info]  Checking for update
[2025-11-19 23:02:49.745] [info]  Electron Updater - Checking for application update
[2025-11-19 23:02:49.884] [info]  Update for version 1.291.0-28875 is not available (latest version: 1.291.0-28875, downgrade is disallowed).
[2025-11-19 23:02:49.884] [info]  Electron Updater - App update is not available. Latest Version: 1.291.0-28875. Release Date: 2025-11-18T13:49:27.993Z
[2025-11-19 23:02:49.884] [info]  [AppUpdateServiceImpl] No updates are available for the app..
[2025-11-19 23:02:49.884] [info]  [AppUpdatePeriodicChecker] No app update. Scheduling the next update check in 900000 milliseconds.
[2025-11-19 23:03:43.632] [info]  [UptimeRobotApi] Executing GET request https://health.curseforge.com/app/monitorStatus.json.
[2025-11-19 23:03:43.976] [info]  [UptimeRobotApi] Executed GET request https://health.curseforge.com/app/monitorStatus.json. Status code: 200.
[2025-11-19 23:04:43.977] [info]  [UptimeRobotApi] Executing GET request https://health.curseforge.com/app/monitorStatus.json.
[2025-11-19 23:04:44.380] [info]  [UptimeRobotApi] Executed GET request https://health.curseforge.com/app/monitorStatus.json. Status code: 200.
[2025-11-19 23:05:44.381] [info]  [UptimeRobotApi] Executing GET request https://health.curseforge.com/app/monitorStatus.json.
[2025-11-19 23:05:44.488] [info]  [UptimeRobotApi] Executed GET request https://health.curseforge.com/app/monitorStatus.json. Status code: 200.
[2025-11-19 23:06:44.489] [info]  [UptimeRobotApi] Executing GET request https://health.curseforge.com/app/monitorStatus.json.
[2025-11-19 23:06:44.626] [info]  [UptimeRobotApi] Executed GET request https://health.curseforge.com/app/monitorStatus.json. Status code: 200.
[2025-11-19 23:07:44.627] [info]  [UptimeRobotApi] Executing GET request https://health.curseforge.com/app/monitorStatus.json.
[2025-11-19 23:07:44.746] [info]  [UptimeRobotApi] Executed GET request https://health.curseforge.com/app/monitorStatus.json. Status code: 200.
[2025-11-19 23:08:44.747] [info]  [UptimeRobotApi] Executing GET request https://health.curseforge.com/app/monitorStatus.json.
[2025-11-19 23:08:44.838] [info]  [UptimeRobotApi] Executed GET request https://health.curseforge.com/app/monitorStatus.json. Status code: 200.
[2025-11-19 23:09:44.839] [info]  [UptimeRobotApi] Executing GET request https://health.curseforge.com/app/monitorStatus.json.
[2025-11-19 23:09:45.323] [info]  [UptimeRobotApi] Executed GET request https://health.curseforge.com/app/monitorStatus.json. Status code: 200.
[2025-11-19 23:10:45.324] [info]  [UptimeRobotApi] Executing GET request https://health.curseforge.com/app/monitorStatus.json.
[2025-11-19 23:10:45.427] [info]  [UptimeRobotApi] Executed GET request https://health.curseforge.com/app/monitorStatus.json. Status code: 200.
[2025-11-19 23:11:45.428] [info]  [UptimeRobotApi] Executing GET request https://health.curseforge.com/app/monitorStatus.json.
[2025-11-19 23:11:45.538] [info]  [UptimeRobotApi] Executed GET request https://health.curseforge.com/app/monitorStatus.json. Status code: 200.
[2025-11-19 23:12:45.539] [info]  [UptimeRobotApi] Executing GET request https://health.curseforge.com/app/monitorStatus.json.
[2025-11-19 23:12:45.655] [info]  [UptimeRobotApi] Executed GET request https://health.curseforge.com/app/monitorStatus.json. Status code: 200.
[2025-11-19 23:13:45.655] [info]  [UptimeRobotApi] Executing GET request https://health.curseforge.com/app/monitorStatus.json.
[2025-11-19 23:13:45.756] [info]  [UptimeRobotApi] Executed GET request https://health.curseforge.com/app/monitorStatus.json. Status code: 200.
[2025-11-19 23:14:45.757] [info]  [UptimeRobotApi] Executing GET request https://health.curseforge.com/app/monitorStatus.json.
[2025-11-19 23:14:45.854] [info]  [UptimeRobotApi] Executed GET request https://health.curseforge.com/app/monitorStatus.json. Status code: 200.
[2025-11-19 23:15:45.855] [info]  [UptimeRobotApi] Executing GET request https://health.curseforge.com/app/monitorStatus.json.
[2025-11-19 23:15:45.951] [info]  [UptimeRobotApi] Executed GET request https://health.curseforge.com/app/monitorStatus.json. Status code: 200.
[2025-11-19 23:16:45.953] [info]  [UptimeRobotApi] Executing GET request https://health.curseforge.com/app/monitorStatus.json.
[2025-11-19 23:16:46.252] [info]  [UptimeRobotApi] Executed GET request https://health.curseforge.com/app/monitorStatus.json. Status code: 200.
[2025-11-19 23:17:46.253] [info]  [UptimeRobotApi] Executing GET request https://health.curseforge.com/app/monitorStatus.json.
[2025-11-19 23:17:46.368] [info]  [UptimeRobotApi] Executed GET request https://health.curseforge.com/app/monitorStatus.json. Status code: 200.
[2025-11-19 23:17:50.206] [info]  [AppUpdatePeriodicChecker] Running periodic app update check.
[2025-11-19 23:17:50.207] [info]  [AppUpdateServiceImpl] Checking for available application updates. Current app version is 1.291.0-28875.
[2025-11-19 23:17:50.207] [info]  Checking for update
[2025-11-19 23:17:50.207] [info]  Electron Updater - Checking for application update
[2025-11-19 23:17:50.378] [info]  Update for version 1.291.0-28875 is not available (latest version: 1.291.0-28875, downgrade is disallowed).
[2025-11-19 23:17:50.379] [info]  Electron Updater - App update is not available. Latest Version: 1.291.0-28875. Release Date: 2025-11-18T13:49:27.993Z
[2025-11-19 23:17:50.379] [info]  [AppUpdateServiceImpl] No updates are available for the app..
[2025-11-19 23:17:50.379] [info]  [AppUpdatePeriodicChecker] No app update. Scheduling the next update check in 900000 milliseconds.
[2025-11-19 23:18:46.369] [info]  [UptimeRobotApi] Executing GET request https://health.curseforge.com/app/monitorStatus.json.
[2025-11-19 23:18:46.500] [info]  [UptimeRobotApi] Executed GET request https://health.curseforge.com/app/monitorStatus.json. Status code: 200.
[2025-11-19 23:19:46.503] [info]  [UptimeRobotApi] Executing GET request https://health.curseforge.com/app/monitorStatus.json.
[2025-11-19 23:19:46.875] [info]  [UptimeRobotApi] Executed GET request https://health.curseforge.com/app/monitorStatus.json. Status code: 200.
[2025-11-19 23:20:46.876] [info]  [UptimeRobotApi] Executing GET request https://health.curseforge.com/app/monitorStatus.json.
[2025-11-19 23:20:46.983] [info]  [UptimeRobotApi] Executed GET request https://health.curseforge.com/app/monitorStatus.json. Status code: 200.
[2025-11-19 23:21:46.984] [info]  [UptimeRobotApi] Executing GET request https://health.curseforge.com/app/monitorStatus.json.
[2025-11-19 23:21:47.111] [info]  [UptimeRobotApi] Executed GET request https://health.curseforge.com/app/monitorStatus.json. Status code: 200.
[2025-11-19 23:22:47.112] [info]  [UptimeRobotApi] Executing GET request https://health.curseforge.com/app/monitorStatus.json.
[2025-11-19 23:22:47.224] [info]  [UptimeRobotApi] Executed GET request https://health.curseforge.com/app/monitorStatus.json. Status code: 200.
[2025-11-19 23:23:47.226] [info]  [UptimeRobotApi] Executing GET request https://health.curseforge.com/app/monitorStatus.json.
[2025-11-19 23:23:47.329] [info]  [UptimeRobotApi] Executed GET request https://health.curseforge.com/app/monitorStatus.json. Status code: 200.
[2025-11-19 23:24:47.330] [info]  [UptimeRobotApi] Executing GET request https://health.curseforge.com/app/monitorStatus.json.
[2025-11-19 23:24:47.438] [info]  [UptimeRobotApi] Executed GET request https://health.curseforge.com/app/monitorStatus.json. Status code: 200.
[2025-11-19 23:25:47.440] [info]  [UptimeRobotApi] Executing GET request https://health.curseforge.com/app/monitorStatus.json.
[2025-11-19 23:25:47.541] [info]  [UptimeRobotApi] Executed GET request https://health.curseforge.com/app/monitorStatus.json. Status code: 200.
[2025-11-19 23:26:47.542] [info]  [UptimeRobotApi] Executing GET request https://health.curseforge.com/app/monitorStatus.json.
[2025-11-19 23:26:48.107] [info]  [UptimeRobotApi] Executed GET request https://health.curseforge.com/app/monitorStatus.json. Status code: 200.
[2025-11-19 23:27:43.507] [info]  [DesktopWindow] Desktop window closed.
[2025-11-19 23:27:43.507] [info]  [SessionsService] session ended.
[2025-11-19 23:27:43.507] [info]  [BackgroundController] Request to shutdown from tray ....
[2025-11-19 23:27:43.508] [info]  [BackgroundController] Shutting down....
[2025-11-19 23:27:43.508] [info]  [BackgroundController] Destroying app windows....
[2025-11-19 23:27:43.508] [info]  [AutoUpdaterServiceImpl] Stopping Auto Updater Service.
[2025-11-19 23:27:43.509] [info]  [CoreServiceImpl] Performing shutdown cleanup actions.
[2025-11-19 23:27:43.509] [info]  [InstalledProjectsAppServiceImpl] Cleanup - committing deletion transactions.
[2025-11-19 23:27:43.509] [info]  [InstalledProjectsAppServiceImpl] Flushing 0 projects which are pending deletion.
[2025-11-19 23:27:43.509] [info]  [CoreServiceImpl] Shutdown cleanup actions complete.
[2025-11-19 23:27:43.509] [info]  [PluginCommunication] Shutting down the Mods Agent.
[2025-11-19 23:27:45.076] [info]  [BackgroundController] Shutdown complete. Exiting app....
[2025-11-20 10:33:52.860] [info]  [EleriumCommunicationLayer] setCfCoreHost called with https://api.curseforge.com.
[2025-11-20 10:33:52.869] [info]  [ConfigurationServiceImpl] Current env: production.
[2025-11-20 10:33:52.887] [info]  [BackgroundController] App version: 1.291.0.28875.
[2025-11-20 10:33:52.889] [info]  [BackgroundController] OS: linux.
[2025-11-20 10:33:52.889] [info]  [BackgroundController] OS version: 6.17.8-arch1-1.
[2025-11-20 10:33:52.889] [info]  [BackgroundController] App startup args: /tmp/.mount_cursefybp4Ap/curseforge.
[2025-11-20 10:33:53.334] [info]  [BackgroundController] Electron App Ready. Continuing Initialization....
[2025-11-20 10:33:53.336] [info]  [ClientOverridesImpl] Fetching https://curseforge.overwolf.com/downloads/client-overrides-v2.json ....
[2025-11-20 10:33:53.542] [info]  [AppUpdateServiceImpl] Checking if app has an update which is available locally..
[2025-11-20 10:33:53.542] [info]  [AppUpdateServiceImpl] Checking for available application updates. Current app version is 1.291.0-28875.
[2025-11-20 10:33:53.543] [info]  Checking for update
[2025-11-20 10:33:53.543] [info]  Electron Updater - Checking for application update
[2025-11-20 10:33:53.703] [info]  Update for version 1.291.0-28875 is not available (latest version: 1.291.0-28875, downgrade is disallowed).
[2025-11-20 10:33:53.704] [info]  Electron Updater - App update is not available. Latest Version: 1.291.0-28875. Release Date: 2025-11-18T13:49:27.993Z
[2025-11-20 10:33:53.708] [info]  [AppUpdateServiceImpl] No updates are available for the app..
[2025-11-20 10:33:54.447] [info]  [Renderer - Main Window] Initializing Sentry service [ [] ]
[2025-11-20 10:33:54.463] [info]  [Renderer - Main Window] [ReactErrorWatchDog] Starting watchdog with 10000 [ [] ]
[2025-11-20 10:33:54.472] [info]  [SessionStartedEventHandler] App session started.
[2025-11-20 10:33:54.478] [info]  [AutoUpdaterServiceImpl] Starting Auto Updater Service.
[2025-11-20 10:33:54.479] [info]  [AutoUpdaterServiceImpl] Auto updater is disabled by configuration.
[2025-11-20 10:33:54.479] [info]  [LoginService] Validating login status.
[2025-11-20 10:33:54.479] [info]  [SessionInfoRepositoryImpl] Loading login tokens from storage.
[2025-11-20 10:33:54.480] [info]  [SessionInfoRepositoryImpl] Missing mandatory tokens. Clearing storage.
[2025-11-20 10:33:54.480] [info]  [SessionInfoRepositoryImpl] Clearing tokens from storage.
[2025-11-20 10:33:54.483] [info]  [LoginService] No login tokens found..
[2025-11-20 10:33:54.484] [info]  [SessionInfoRepositoryImpl] Clearing tokens from storage.
[2025-11-20 10:33:54.486] [info]  [LoginService] Notifying logged out status.
[2025-11-20 10:33:54.486] [info]  [SessionInfoRepositoryImpl] Clearing tokens from storage.
[2025-11-20 10:33:54.488] [error] [LoggedOutEventHandler] Failed to update client session info. Error: Radium API is not ready
[2025-11-20 10:33:54.489] [info]  [GameAuthUsersChangedEventHandler] Minecraft Users info loaded.
[2025-11-20 10:33:54.489] [info]  [LoggedOutEventHandler] User is logged out.
[2025-11-20 10:33:54.490] [info]  [MarketingVideosServiceImpl] Fetching https://mrkt.forgecdn.net/app-vids/onboarding_videos.json ....
[2025-11-20 10:33:54.491] [info]  [AppUpdatePeriodicChecker] Running periodic app update check.
[2025-11-20 10:33:54.492] [info]  [AppUpdateServiceImpl] Checking for available application updates. Current app version is 1.291.0-28875.
[2025-11-20 10:33:54.492] [info]  Checking for update
[2025-11-20 10:33:54.492] [info]  Electron Updater - Checking for application update
[2025-11-20 10:33:54.531] [info]  Update for version 1.291.0-28875 is not available (latest version: 1.291.0-28875, downgrade is disallowed).
[2025-11-20 10:33:54.531] [info]  Electron Updater - App update is not available. Latest Version: 1.291.0-28875. Release Date: 2025-11-18T13:49:27.993Z
[2025-11-20 10:33:54.531] [info]  [AppUpdateServiceImpl] No updates are available for the app..
[2025-11-20 10:33:54.531] [info]  [AppUpdatePeriodicChecker] No app update. Scheduling the next update check in 900000 milliseconds.
[2025-11-20 10:33:54.604] [info]  [PluginCommunication] Connecting to Mods Agent.
[2025-11-20 10:33:54.604] [info]  [PluginProcessHost] Starting Mods Agent with ports range 51388-51408.
[2025-11-20 10:33:54.604] [info]  [PluginProcessHost] Launching Mods Agent process /tmp/.mount_cursefybp4Ap/resources/app.asar.unpacked/plugins/curse/linux/Curse.Agent.Host with args: --port=51388,--to-port=51408,--pid=35394,--appDataPath=/home/vinicius/.config/CurseForge,--api-key=7a1f138a-b6ae-464e-bacb-124104b43cab,--clientId=Overwolf.
[2025-11-20 10:33:54.684] [info]  [UptimeRobotApi] Executing GET request https://health.curseforge.com/app/monitorStatus.json.
[2025-11-20 10:33:54.696] [info]  [AnalyticsService] Executing GET request https://analyticsnew.overwolf.com/analytics/Counter?Name=cf_app_page_changed&MUID=6a0d68ee-5733-1928-71ec-49e8ba47404c&MUIDV2=6a0d68ee-5733-1928-71ec-49e8ba47404c&owver=37.7.0&Extra=%7B%22app_ver%22%3A%221.291.0.28875%22%2C%22os_ver%22%3A%22linux%22%2C%22app_type%22%3A%22Electron%22%2C%22currentAppPage%22%3A%22HomePage%22%7D.
[2025-11-20 10:33:54.790] [info]  [UptimeRobotApi] Executed GET request https://health.curseforge.com/app/monitorStatus.json. Status code: 200.
[2025-11-20 10:33:54.809] [info]  [AnalyticsService] Executed GET request https://analyticsnew.overwolf.com/analytics/Counter?Name=cf_app_page_changed&MUID=6a0d68ee-5733-1928-71ec-49e8ba47404c&MUIDV2=6a0d68ee-5733-1928-71ec-49e8ba47404c&owver=37.7.0&Extra=%7B%22app_ver%22%3A%221.291.0.28875%22%2C%22os_ver%22%3A%22linux%22%2C%22app_type%22%3A%22Electron%22%2C%22currentAppPage%22%3A%22HomePage%22%7D. Status code: 200.
[2025-11-20 10:33:54.893] [info]  [PluginProcessHost] Agent stdout: Starting CurseForge Agent Host.
[2025-11-20 10:33:55.184] [info]  [Renderer - Main Window] Starting Ads. Size: Container Id: curseforge_desktop_banner, Size: [{"width":400,"height":60}], Element ID: curseforge_desktop_banner [ [] ]
[2025-11-20 10:33:55.184] [info]  [Renderer - Main Window] Starting electron ads sdk [
  [
    {
      appId: 'pnhpggjfelbelmidfhnebbhfkabchccbheggegjc',
      muid: '6a0d68ee-5733-1928-71ec-49e8ba47404c',
      appVersion: '1.291.0.28875',
      userAgent: 'Mozilla/5.0 (X11; Linux x86_64) AppleWebKit/537.36 (KHTML, like Gecko) CurseForge/1.291.0-28875 Chrome/138.0.7204.251 Electron/37.7.0 Safari/537.36',
      size: [ { width: 400, height: 60 } ],
      containerId: 'curseforge_desktop_banner'
    }
  ]
]
[2025-11-20 10:33:55.194] [info]  [AnalyticsService] Executing GET request https://analyticsnew.overwolf.com/analytics/Counter?Name=cf_app_ads_library_initialized&MUID=6a0d68ee-5733-1928-71ec-49e8ba47404c&MUIDV2=6a0d68ee-5733-1928-71ec-49e8ba47404c&owver=37.7.0&Extra=%7B%22app_ver%22%3A%221.291.0.28875%22%2C%22os_ver%22%3A%22linux%22%2C%22app_type%22%3A%22Electron%22%7D.
[2025-11-20 10:33:55.189] [info]  [Renderer - Main Window] Starting Ads. Size: Container Id: curseforge_desktop_large, Size: [{"width":400,"height":600},{"width":1,"height":1}], Element ID: curseforge_desktop_large [ [] ]
[2025-11-20 10:33:55.190] [info]  [Renderer - Main Window] Starting electron ads sdk [
  [
    {
      appId: 'pnhpggjfelbelmidfhnebbhfkabchccbheggegjc',
      muid: '6a0d68ee-5733-1928-71ec-49e8ba47404c',
      appVersion: '1.291.0.28875',
      userAgent: 'Mozilla/5.0 (X11; Linux x86_64) AppleWebKit/537.36 (KHTML, like Gecko) CurseForge/1.291.0-28875 Chrome/138.0.7204.251 Electron/37.7.0 Safari/537.36',
      size: [ { width: 400, height: 600 }, { width: 1, height: 1 } ],
      containerId: 'curseforge_desktop_large'
    }
  ]
]
[2025-11-20 10:33:55.201] [info]  [AnalyticsService] Executing GET request https://analyticsnew.overwolf.com/analytics/Counter?Name=cf_app_ads_library_initialized&MUID=6a0d68ee-5733-1928-71ec-49e8ba47404c&MUIDV2=6a0d68ee-5733-1928-71ec-49e8ba47404c&owver=37.7.0&Extra=%7B%22app_ver%22%3A%221.291.0.28875%22%2C%22os_ver%22%3A%22linux%22%2C%22app_type%22%3A%22Electron%22%7D.
[2025-11-20 10:33:55.219] [info]  [AnalyticsService] Executed GET request https://analyticsnew.overwolf.com/analytics/Counter?Name=cf_app_ads_library_initialized&MUID=6a0d68ee-5733-1928-71ec-49e8ba47404c&MUIDV2=6a0d68ee-5733-1928-71ec-49e8ba47404c&owver=37.7.0&Extra=%7B%22app_ver%22%3A%221.291.0.28875%22%2C%22os_ver%22%3A%22linux%22%2C%22app_type%22%3A%22Electron%22%7D. Status code: 200.
[2025-11-20 10:33:55.291] [info]  [PluginProcessHost] Agent stdout: Agent Data path is /home/vinicius/.config/CurseForge/agent.
[2025-11-20 10:33:55.292] [info]  [PluginProcessHost] Agent stdout: Agent Log path is /home/vinicius/.config/CurseForge/agent/logs.
[2025-11-20 10:33:55.292] [info]  [AnalyticsService] Executed GET request https://analyticsnew.overwolf.com/analytics/Counter?Name=cf_app_ads_library_initialized&MUID=6a0d68ee-5733-1928-71ec-49e8ba47404c&MUIDV2=6a0d68ee-5733-1928-71ec-49e8ba47404c&owver=37.7.0&Extra=%7B%22app_ver%22%3A%221.291.0.28875%22%2C%22os_ver%22%3A%22linux%22%2C%22app_type%22%3A%22Electron%22%7D. Status code: 200.
[2025-11-20 10:33:56.445] [info]  [PluginProcessHost] Agent stdout: 11/20/2025 10:33:56 [Info] Server started at ws://127.0.0.1:51388/CurseForge (actual port 51388) .
[2025-11-20 10:33:56.445] [info]  [PluginProcessHost] Mods Agent started. pid: 35513, port: 51388.
[2025-11-20 10:33:56.445] [info]  [PluginWebSocket] Connecting to Mods Agent CurseForge on ports range 51388-51388.
[2025-11-20 10:33:56.453] [info]  [PluginProcessHost] Agent stdout: Mods Agent server started on port 51388.
[2025-11-20 10:33:56.506] [info]  [PluginWebSocket] Connected to mods agent.
[2025-11-20 10:33:56.506] [info]  [PluginWebSocket] Connected to Mods Agent on port 51388.
[2025-11-20 10:33:57.773] [info]  [AnalyzingGameInstanceEventHandler] Analyzing Instance: Skibidi craft (no flavor) - 3a9852f5-bf54-4ecd-a0cd-65a21587c0c2 (/home/vinicius/Documents/curseforge/minecraft/Instances/Skibidi craft/).
[2025-11-20 10:33:57.785] [info]  [GamesScanStartedEventHandler] Games scan started. Comprehensive: false.
[2025-11-20 10:33:57.794] [info]  [GamesScanCompletedEventHandler] Games scan completed. Comprehensive: false. Canceled: false.
[2025-11-20 10:33:57.912] [info]  [CoreServiceImpl] Mods agent was initialized successfully.
[2025-11-20 10:33:57.968] [info]  [AnalyticsService] Executing GET request https://analyticsnew.overwolf.com/analytics/Counter?Name=cf_app_session_info&MUID=6a0d68ee-5733-1928-71ec-49e8ba47404c&MUIDV2=6a0d68ee-5733-1928-71ec-49e8ba47404c&owver=37.7.0&Extra=%7B%22app_ver%22%3A%221.291.0.28875%22%2C%22os_ver%22%3A%22linux%22%2C%22app_type%22%3A%22Electron%22%2C%22isLoggedIn%22%3Afalse%2C%22isSyncEnabled%22%3Afalse%2C%22appLanguage%22%3A%22en%22%2C%22groupsCount%22%3A%7B%7D%2C%22isMojangLoggedIn%22%3Afalse%2C%22minecraftLauncherTypes%22%3A%5B0%5D%7D.
[2025-11-20 10:33:57.995] [info]  [AnalyticsService] Executed GET request https://analyticsnew.overwolf.com/analytics/Counter?Name=cf_app_session_info&MUID=6a0d68ee-5733-1928-71ec-49e8ba47404c&MUIDV2=6a0d68ee-5733-1928-71ec-49e8ba47404c&owver=37.7.0&Extra=%7B%22app_ver%22%3A%221.291.0.28875%22%2C%22os_ver%22%3A%22linux%22%2C%22app_type%22%3A%22Electron%22%2C%22isLoggedIn%22%3Afalse%2C%22isSyncEnabled%22%3Afalse%2C%22appLanguage%22%3A%22en%22%2C%22groupsCount%22%3A%7B%7D%2C%22isMojangLoggedIn%22%3Afalse%2C%22minecraftLauncherTypes%22%3A%5B0%5D%7D. Status code: 200.
[2025-11-20 10:33:57.995] [info]  [ElectronApplication] CRN Api is not available.
[2025-11-20 10:33:58.415] [info]  [Renderer - Main Window] Redirecting to game 432 [ [] ]
[2025-11-20 10:33:58.594] [info]  [ReleaseNotesApiImpl] Fetching /1.291.0.28875/release-notes/1 ....
[2025-11-20 10:33:58.621] [info]  [Renderer - Main Window] Getting game 432 category classes [ [] ]
[2025-11-20 10:33:58.623] [info]  [EleriumCommunicationLayer] Request - GET v1/categories - params: {"gameId":432,"classesOnly":true}.
[2025-11-20 10:33:58.622] [info]  [Renderer - Main Window] Getting game 432 categories [ [] ]
[2025-11-20 10:33:58.646] [info]  [AnalyticsService] Executing GET request https://analyticsnew.overwolf.com/analytics/Counter?Name=cf_app_page_changed&MUID=6a0d68ee-5733-1928-71ec-49e8ba47404c&MUIDV2=6a0d68ee-5733-1928-71ec-49e8ba47404c&owver=37.7.0&Extra=%7B%22app_ver%22%3A%221.291.0.28875%22%2C%22os_ver%22%3A%22linux%22%2C%22app_type%22%3A%22Electron%22%2C%22currentAppPage%22%3A%22MyModpacksPage%22%7D.
[2025-11-20 10:33:58.649] [info]  [EleriumCommunicationLayer] Request - GET v1/categories - params: {"gameId":432}.
[2025-11-20 10:33:58.646] [info]  [Renderer - Main Window] Got 144 categories for game 432 [ [] ]
[2025-11-20 10:33:58.651] [info]  [MeasurementAppServiceImpl] starting measurement game-dau.
[2025-11-20 10:33:58.672] [info]  [AnalyticsService] Executed GET request https://analyticsnew.overwolf.com/analytics/Counter?Name=cf_app_page_changed&MUID=6a0d68ee-5733-1928-71ec-49e8ba47404c&MUIDV2=6a0d68ee-5733-1928-71ec-49e8ba47404c&owver=37.7.0&Extra=%7B%22app_ver%22%3A%221.291.0.28875%22%2C%22os_ver%22%3A%22linux%22%2C%22app_type%22%3A%22Electron%22%2C%22currentAppPage%22%3A%22MyModpacksPage%22%7D. Status code: 200.
[2025-11-20 10:33:58.773] [info]  [MinecraftLoginAppServiceImpl] Get Microsoft Users Info.
[2025-11-20 10:33:58.765] [info]  [Renderer - Main Window] Getting game 432 install mod request from queue [ [] ]
[2025-11-20 10:33:58.775] [info]  [ModpacksAppServiceImpl] Getting game 432 installed modpacks.
[2025-11-20 10:33:58.777] [info]  [MinecraftLoginAppServiceImpl] Get Microsoft User Info.
[2025-11-20 10:33:58.774] [info]  [Renderer - Main Window] Game 432 has no pending install mod request [ [] ]
[2025-11-20 10:33:58.780] [warn]  [Renderer - Main Window] No last game instance guid to choose from [ [] ]
[2025-11-20 10:33:58.787] [info]  [Renderer - Main Window] Waiting for game instance 3a9852f5-bf54-4ecd-a0cd-65a21587c0c2 to load. Current game instance is undefined [ [] ]
[2025-11-20 10:33:58.787] [info]  [Renderer - Main Window] Waiting for game instance 3a9852f5-bf54-4ecd-a0cd-65a21587c0c2 to load. Current game instance is undefined [ [] ]
[2025-11-20 10:33:58.787] [info]  [Renderer - Main Window] Waiting for game instance 3a9852f5-bf54-4ecd-a0cd-65a21587c0c2 to load. Current game instance is undefined [ [] ]
[2025-11-20 10:33:58.787] [info]  [Renderer - Main Window] Waiting for game instance 3a9852f5-bf54-4ecd-a0cd-65a21587c0c2 to load. Current game instance is undefined [ [] ]
[2025-11-20 10:33:58.787] [info]  [Renderer - Main Window] Waiting for game instance 3a9852f5-bf54-4ecd-a0cd-65a21587c0c2 to load. Current game instance is undefined [ [] ]
[2025-11-20 10:33:58.788] [info]  [Renderer - Main Window] Waiting for game instance 3a9852f5-bf54-4ecd-a0cd-65a21587c0c2 to load. Current game instance is undefined [ [] ]
[2025-11-20 10:33:58.793] [info]  [Renderer - Main Window] Waiting for game instance 3a9852f5-bf54-4ecd-a0cd-65a21587c0c2 to load. Current game instance is undefined [ [] ]
[2025-11-20 10:33:58.797] [info]  [Renderer - Main Window] Waiting for game instance 3a9852f5-bf54-4ecd-a0cd-65a21587c0c2 to load. Current game instance is undefined [ [] ]
[2025-11-20 10:33:58.801] [info]  [Renderer - Main Window] Waiting for game instance 3a9852f5-bf54-4ecd-a0cd-65a21587c0c2 to load. Current game instance is undefined [ [] ]
[2025-11-20 10:33:58.806] [info]  [Renderer - Main Window] Waiting for game instance 3a9852f5-bf54-4ecd-a0cd-65a21587c0c2 to load. Current game instance is undefined [ [] ]
[2025-11-20 10:33:58.810] [info]  [Renderer - Main Window] Waiting for game instance 3a9852f5-bf54-4ecd-a0cd-65a21587c0c2 to load. Current game instance is undefined [ [] ]
[2025-11-20 10:33:58.814] [info]  [Renderer - Main Window] Waiting for game instance 3a9852f5-bf54-4ecd-a0cd-65a21587c0c2 to load. Current game instance is undefined [ [] ]
[2025-11-20 10:33:58.819] [info]  [Renderer - Main Window] Waiting for game instance 3a9852f5-bf54-4ecd-a0cd-65a21587c0c2 to load. Current game instance is undefined [ [] ]
[2025-11-20 10:33:58.823] [info]  [Renderer - Main Window] Waiting for game instance 3a9852f5-bf54-4ecd-a0cd-65a21587c0c2 to load. Current game instance is undefined [ [] ]
[2025-11-20 10:33:58.827] [info]  [Renderer - Main Window] Waiting for game instance 3a9852f5-bf54-4ecd-a0cd-65a21587c0c2 to load. Current game instance is undefined [ [] ]
[2025-11-20 10:33:58.832] [info]  [Renderer - Main Window] Waiting for game instance 3a9852f5-bf54-4ecd-a0cd-65a21587c0c2 to load. Current game instance is undefined [ [] ]
[2025-11-20 10:33:58.836] [info]  [Renderer - Main Window] Waiting for game instance 3a9852f5-bf54-4ecd-a0cd-65a21587c0c2 to load. Current game instance is undefined [ [] ]
[2025-11-20 10:33:58.840] [info]  [Renderer - Main Window] Waiting for game instance 3a9852f5-bf54-4ecd-a0cd-65a21587c0c2 to load. Current game instance is undefined [ [] ]
[2025-11-20 10:33:58.845] [info]  [Renderer - Main Window] Waiting for game instance 3a9852f5-bf54-4ecd-a0cd-65a21587c0c2 to load. Current game instance is undefined [ [] ]
[2025-11-20 10:33:58.849] [info]  [Renderer - Main Window] Waiting for game instance 3a9852f5-bf54-4ecd-a0cd-65a21587c0c2 to load. Current game instance is undefined [ [] ]
[2025-11-20 10:33:58.853] [info]  [Renderer - Main Window] Waiting for game instance 3a9852f5-bf54-4ecd-a0cd-65a21587c0c2 to load. Current game instance is undefined [ [] ]
[2025-11-20 10:33:58.900] [info]  [Renderer - Main Window] Waiting for game instance 3a9852f5-bf54-4ecd-a0cd-65a21587c0c2 to load. Current game instance is 3a9852f5-bf54-4ecd-a0cd-65a21587c0c2 [ [] ]
[2025-11-20 10:34:04.463] [info]  [Renderer - Main Window] [ReactErrorWatchDog] Starting watchdog with 1000 [ [] ]
[2025-11-20 10:34:06.312] [info]  [ModpacksAppServiceImpl] Getting installed modpack 3a9852f5-bf54-4ecd-a0cd-65a21587c0c2.
[2025-11-20 10:34:06.319] [info]  [AnalyticsService] Executing GET request https://analyticsnew.overwolf.com/analytics/Counter?Name=cf_app_page_changed&MUID=6a0d68ee-5733-1928-71ec-49e8ba47404c&MUIDV2=6a0d68ee-5733-1928-71ec-49e8ba47404c&owver=37.7.0&Extra=%7B%22app_ver%22%3A%221.291.0.28875%22%2C%22os_ver%22%3A%22linux%22%2C%22app_type%22%3A%22Electron%22%2C%22currentAppPage%22%3A%22InstalledProjectPage%22%7D.
[2025-11-20 10:34:06.595] [info]  [AnalyticsService] Executed GET request https://analyticsnew.overwolf.com/analytics/Counter?Name=cf_app_page_changed&MUID=6a0d68ee-5733-1928-71ec-49e8ba47404c&MUIDV2=6a0d68ee-5733-1928-71ec-49e8ba47404c&owver=37.7.0&Extra=%7B%22app_ver%22%3A%221.291.0.28875%22%2C%22os_ver%22%3A%22linux%22%2C%22app_type%22%3A%22Electron%22%2C%22currentAppPage%22%3A%22InstalledProjectPage%22%7D. Status code: 200.
[2025-11-20 10:34:07.436] [info]  [ProjectInstanceChangedEventHandler] Project instance 1154099 - Crash Assistant changed.
[2025-11-20 10:34:08.656] [info]  [AnalyticsService] trackDailyUnique is unique: true.
[2025-11-20 10:34:08.656] [info]  [AnalyticsService] Executing GET request https://analyticsnew.overwolf.com/analytics/Counter?Name=cf_daily_active_user_per_game_v2&MUID=6a0d68ee-5733-1928-71ec-49e8ba47404c&MUIDV2=6a0d68ee-5733-1928-71ec-49e8ba47404c&owver=37.7.0&Extra=%7B%22app_ver%22%3A%221.291.0.28875%22%2C%22os_ver%22%3A%22linux%22%2C%22app_type%22%3A%22Electron%22%2C%22game_id%22%3A432%2C%22gameId%22%3A432%7D.
[2025-11-20 10:34:08.684] [info]  [AnalyticsService] Executed GET request https://analyticsnew.overwolf.com/analytics/Counter?Name=cf_daily_active_user_per_game_v2&MUID=6a0d68ee-5733-1928-71ec-49e8ba47404c&MUIDV2=6a0d68ee-5733-1928-71ec-49e8ba47404c&owver=37.7.0&Extra=%7B%22app_ver%22%3A%221.291.0.28875%22%2C%22os_ver%22%3A%22linux%22%2C%22app_type%22%3A%22Electron%22%2C%22game_id%22%3A432%2C%22gameId%22%3A432%7D. Status code: 200.
[2025-11-20 10:34:54.811] [info]  [UptimeRobotApi] Executing GET request https://health.curseforge.com/app/monitorStatus.json.
[2025-11-20 10:34:54.916] [info]  [UptimeRobotApi] Executed GET request https://health.curseforge.com/app/monitorStatus.json. Status code: 200.
[2025-11-20 10:35:52.380] [error] [Renderer - Main Window] Error: Error invoking remote method 'PlatformAppService.openFileLocation': reply was never sent [ [] ]
[2025-11-20 10:35:52.381] [error] [Renderer - Main Window] Error: Error invoking remote method 'PlatformAppService.openFileLocation': reply was never sent [ [] ]
[2025-11-20 10:38:31.421] [info]  [MeasurementAppServiceImpl] starting measurement game-dau.
[2025-11-20 10:38:41.422] [info]  [AnalyticsStorageManager] Already tracked cf_daily_active_user_per_game_v2_gameId.432 today.
[2025-11-20 10:38:41.422] [info]  [AnalyticsService] trackDailyUnique is unique: false.
[2025-11-20 10:48:54.591] [info]  [AppUpdatePeriodicChecker] Running periodic app update check.
[2025-11-20 10:48:54.592] [info]  [AppUpdateServiceImpl] Checking for available application updates. Current app version is 1.291.0-28875.
[2025-11-20 10:48:54.592] [info]  Checking for update
[2025-11-20 10:48:54.593] [info]  Electron Updater - Checking for application update
[2025-11-20 10:48:54.722] [info]  Update for version 1.291.0-28875 is not available (latest version: 1.291.0-28875, downgrade is disallowed).
[2025-11-20 10:48:54.723] [info]  Electron Updater - App update is not available. Latest Version: 1.291.0-28875. Release Date: 2025-11-18T13:49:27.993Z
[2025-11-20 10:48:54.723] [info]  [AppUpdateServiceImpl] No updates are available for the app..
[2025-11-20 10:48:54.724] [info]  [AppUpdatePeriodicChecker] No app update. Scheduling the next update check in 900000 milliseconds.
[2025-11-20 11:03:54.784] [info]  [AppUpdatePeriodicChecker] Running periodic app update check.
[2025-11-20 11:03:54.784] [info]  [AppUpdateServiceImpl] Checking for available application updates. Current app version is 1.291.0-28875.
[2025-11-20 11:03:54.785] [info]  Checking for update
[2025-11-20 11:03:54.785] [info]  Electron Updater - Checking for application update
[2025-11-20 11:03:54.932] [info]  Update for version 1.291.0-28875 is not available (latest version: 1.291.0-28875, downgrade is disallowed).
[2025-11-20 11:03:54.932] [info]  Electron Updater - App update is not available. Latest Version: 1.291.0-28875. Release Date: 2025-11-18T13:49:27.993Z
[2025-11-20 11:03:54.932] [info]  [AppUpdateServiceImpl] No updates are available for the app..
[2025-11-20 11:03:54.932] [info]  [AppUpdatePeriodicChecker] No app update. Scheduling the next update check in 900000 milliseconds.
[2025-11-20 11:18:54.993] [info]  [AppUpdatePeriodicChecker] Running periodic app update check.
[2025-11-20 11:18:54.993] [info]  [AppUpdateServiceImpl] Checking for available application updates. Current app version is 1.291.0-28875.
[2025-11-20 11:18:54.993] [info]  Checking for update
[2025-11-20 11:18:54.994] [info]  Electron Updater - Checking for application update
[2025-11-20 11:18:55.135] [info]  Update for version 1.291.0-28875 is not available (latest version: 1.291.0-28875, downgrade is disallowed).
[2025-11-20 11:18:55.135] [info]  Electron Updater - App update is not available. Latest Version: 1.291.0-28875. Release Date: 2025-11-18T13:49:27.993Z
[2025-11-20 11:18:55.135] [info]  [AppUpdateServiceImpl] No updates are available for the app..
[2025-11-20 11:18:55.135] [info]  [AppUpdatePeriodicChecker] No app update. Scheduling the next update check in 900000 milliseconds.
[2025-11-20 11:33:55.141] [info]  [AppUpdatePeriodicChecker] Running periodic app update check.
[2025-11-20 11:33:55.143] [info]  [AppUpdateServiceImpl] Checking for available application updates. Current app version is 1.291.0-28875.
[2025-11-20 11:33:55.144] [info]  Checking for update
[2025-11-20 11:33:55.145] [info]  Electron Updater - Checking for application update
[2025-11-20 11:33:55.272] [info]  Update for version 1.291.0-28875 is not available (latest version: 1.291.0-28875, downgrade is disallowed).
[2025-11-20 11:33:55.273] [info]  Electron Updater - App update is not available. Latest Version: 1.291.0-28875. Release Date: 2025-11-18T13:49:27.993Z
[2025-11-20 11:33:55.273] [info]  [AppUpdateServiceImpl] No updates are available for the app..
[2025-11-20 11:33:55.273] [info]  [AppUpdatePeriodicChecker] No app update. Scheduling the next update check in 900000 milliseconds.
[2025-11-20 11:39:53.757] [info]  [MeasurementAppServiceImpl] starting measurement game-dau.
[2025-11-20 11:39:54.933] [info]  [UptimeRobotApi] Executing GET request https://health.curseforge.com/app/monitorStatus.json.
[2025-11-20 11:39:55.064] [info]  [UptimeRobotApi] Executed GET request https://health.curseforge.com/app/monitorStatus.json. Status code: 200.
[2025-11-20 11:39:56.877] [error] [Renderer - Main Window] Error: Error invoking remote method 'PlatformAppService.openFileLocation': reply was never sent [ [] ]
[2025-11-20 11:39:58.060] [info]  [DesktopWindow] Desktop window closed.
[2025-11-20 11:39:58.060] [info]  [SessionsService] session ended.
[2025-11-20 11:39:58.060] [info]  [BackgroundController] Request to shutdown from tray ....
[2025-11-20 11:39:58.061] [info]  [BackgroundController] Shutting down....
[2025-11-20 11:39:58.061] [info]  [BackgroundController] Destroying app windows....
[2025-11-20 11:39:58.061] [info]  [AutoUpdaterServiceImpl] Stopping Auto Updater Service.
[2025-11-20 11:39:58.062] [info]  [CoreServiceImpl] Performing shutdown cleanup actions.
[2025-11-20 11:39:58.062] [info]  [InstalledProjectsAppServiceImpl] Cleanup - committing deletion transactions.
[2025-11-20 11:39:58.062] [info]  [InstalledProjectsAppServiceImpl] Flushing 0 projects which are pending deletion.
[2025-11-20 11:39:58.063] [info]  [CoreServiceImpl] Shutdown cleanup actions complete.
[2025-11-20 11:39:58.063] [info]  [PluginCommunication] Shutting down the Mods Agent.
[2025-11-20 11:39:59.026] [info]  [BackgroundController] Shutdown complete. Exiting app....
[2025-11-22 17:51:34.773] [info]  [EleriumCommunicationLayer] setCfCoreHost called with https://api.curseforge.com.
[2025-11-22 17:51:34.783] [info]  [ConfigurationServiceImpl] Current env: production.
[2025-11-22 17:51:34.807] [info]  [BackgroundController] App version: 1.291.0.28875.
[2025-11-22 17:51:34.808] [info]  [BackgroundController] OS: linux.
[2025-11-22 17:51:34.809] [info]  [BackgroundController] OS version: 6.17.8-arch1-1.
[2025-11-22 17:51:34.809] [info]  [BackgroundController] App startup args: /tmp/.mount_cursefo3vEbH/curseforge.
[2025-11-22 17:51:35.390] [info]  [BackgroundController] Electron App Ready. Continuing Initialization....
[2025-11-22 17:51:35.394] [info]  [ClientOverridesImpl] Fetching https://curseforge.overwolf.com/downloads/client-overrides-v2.json ....
[2025-11-22 17:51:35.705] [info]  [AppUpdateServiceImpl] Checking if app has an update which is available locally..
[2025-11-22 17:51:35.705] [info]  [AppUpdateServiceImpl] Checking for available application updates. Current app version is 1.291.0-28875.
[2025-11-22 17:51:35.706] [info]  Checking for update
[2025-11-22 17:51:35.706] [info]  Electron Updater - Checking for application update
[2025-11-22 17:51:36.146] [info]  Update for version 1.291.0-28875 is not available (latest version: 1.291.0-28875, downgrade is disallowed).
[2025-11-22 17:51:36.146] [info]  Electron Updater - App update is not available. Latest Version: 1.291.0-28875. Release Date: 2025-11-18T13:49:27.993Z
[2025-11-22 17:51:36.148] [info]  [AppUpdateServiceImpl] No updates are available for the app..
[2025-11-22 17:51:36.777] [info]  [Renderer - Main Window] Initializing Sentry service [ [] ]
[2025-11-22 17:51:36.797] [info]  [Renderer - Main Window] [ReactErrorWatchDog] Starting watchdog with 10000 [ [] ]
[2025-11-22 17:51:36.810] [info]  [SessionStartedEventHandler] App session started.
[2025-11-22 17:51:36.818] [info]  [AutoUpdaterServiceImpl] Starting Auto Updater Service.
[2025-11-22 17:51:36.819] [info]  [AutoUpdaterServiceImpl] Auto updater is disabled by configuration.
[2025-11-22 17:51:36.819] [info]  [LoginService] Validating login status.
[2025-11-22 17:51:36.819] [info]  [SessionInfoRepositoryImpl] Loading login tokens from storage.
[2025-11-22 17:51:36.819] [info]  [SessionInfoRepositoryImpl] Missing mandatory tokens. Clearing storage.
[2025-11-22 17:51:36.820] [info]  [SessionInfoRepositoryImpl] Clearing tokens from storage.
[2025-11-22 17:51:36.824] [info]  [LoginService] No login tokens found..
[2025-11-22 17:51:36.824] [info]  [SessionInfoRepositoryImpl] Clearing tokens from storage.
[2025-11-22 17:51:36.827] [info]  [LoginService] Notifying logged out status.
[2025-11-22 17:51:36.827] [info]  [SessionInfoRepositoryImpl] Clearing tokens from storage.
[2025-11-22 17:51:36.830] [error] [LoggedOutEventHandler] Failed to update client session info. Error: Radium API is not ready
[2025-11-22 17:51:36.831] [info]  [GameAuthUsersChangedEventHandler] Minecraft Users info loaded.
[2025-11-22 17:51:36.832] [info]  [LoggedOutEventHandler] User is logged out.
[2025-11-22 17:51:36.832] [info]  [MarketingVideosServiceImpl] Fetching https://mrkt.forgecdn.net/app-vids/onboarding_videos.json ....
[2025-11-22 17:51:36.834] [info]  [AppUpdatePeriodicChecker] Running periodic app update check.
[2025-11-22 17:51:36.834] [info]  [AppUpdateServiceImpl] Checking for available application updates. Current app version is 1.291.0-28875.
[2025-11-22 17:51:36.834] [info]  Checking for update
[2025-11-22 17:51:36.835] [info]  Electron Updater - Checking for application update
[2025-11-22 17:51:36.877] [info]  Update for version 1.291.0-28875 is not available (latest version: 1.291.0-28875, downgrade is disallowed).
[2025-11-22 17:51:36.877] [info]  Electron Updater - App update is not available. Latest Version: 1.291.0-28875. Release Date: 2025-11-18T13:49:27.993Z
[2025-11-22 17:51:36.877] [info]  [AppUpdateServiceImpl] No updates are available for the app..
[2025-11-22 17:51:36.877] [info]  [AppUpdatePeriodicChecker] No app update. Scheduling the next update check in 900000 milliseconds.
[2025-11-22 17:51:36.949] [info]  [PluginCommunication] Connecting to Mods Agent.
[2025-11-22 17:51:36.950] [info]  [PluginProcessHost] Starting Mods Agent with ports range 54391-54411.
[2025-11-22 17:51:36.950] [info]  [PluginProcessHost] Launching Mods Agent process /tmp/.mount_cursefo3vEbH/resources/app.asar.unpacked/plugins/curse/linux/Curse.Agent.Host with args: --port=54391,--to-port=54411,--pid=39318,--appDataPath=/home/vinicius/.config/CurseForge,--api-key=594072a0-19a0-41de-94b0-007de17cbac2,--clientId=Overwolf.
[2025-11-22 17:51:37.061] [info]  [UptimeRobotApi] Executing GET request https://health.curseforge.com/app/monitorStatus.json.
[2025-11-22 17:51:37.079] [info]  [AnalyticsService] Executing GET request https://analyticsnew.overwolf.com/analytics/Counter?Name=cf_app_page_changed&MUID=6a0d68ee-5733-1928-71ec-49e8ba47404c&MUIDV2=6a0d68ee-5733-1928-71ec-49e8ba47404c&owver=37.7.0&Extra=%7B%22app_ver%22%3A%221.291.0.28875%22%2C%22os_ver%22%3A%22linux%22%2C%22app_type%22%3A%22Electron%22%2C%22currentAppPage%22%3A%22HomePage%22%7D.
[2025-11-22 17:51:37.180] [info]  [UptimeRobotApi] Executed GET request https://health.curseforge.com/app/monitorStatus.json. Status code: 200.
[2025-11-22 17:51:37.204] [info]  [AnalyticsService] Executed GET request https://analyticsnew.overwolf.com/analytics/Counter?Name=cf_app_page_changed&MUID=6a0d68ee-5733-1928-71ec-49e8ba47404c&MUIDV2=6a0d68ee-5733-1928-71ec-49e8ba47404c&owver=37.7.0&Extra=%7B%22app_ver%22%3A%221.291.0.28875%22%2C%22os_ver%22%3A%22linux%22%2C%22app_type%22%3A%22Electron%22%2C%22currentAppPage%22%3A%22HomePage%22%7D. Status code: 200.
[2025-11-22 17:51:37.339] [info]  [PluginProcessHost] Agent stdout: Starting CurseForge Agent Host.
[2025-11-22 17:51:37.544] [info]  [Renderer - Main Window] Starting Ads. Size: Container Id: curseforge_desktop_banner, Size: [{"width":400,"height":60}], Element ID: curseforge_desktop_banner [ [] ]
[2025-11-22 17:51:37.544] [info]  [Renderer - Main Window] Starting electron ads sdk [
  [
    {
      appId: 'pnhpggjfelbelmidfhnebbhfkabchccbheggegjc',
      muid: '6a0d68ee-5733-1928-71ec-49e8ba47404c',
      appVersion: '1.291.0.28875',
      userAgent: 'Mozilla/5.0 (X11; Linux x86_64) AppleWebKit/537.36 (KHTML, like Gecko) CurseForge/1.291.0-28875 Chrome/138.0.7204.251 Electron/37.7.0 Safari/537.36',
      size: [ { width: 400, height: 60 } ],
      containerId: 'curseforge_desktop_banner'
    }
  ]
]
[2025-11-22 17:51:37.557] [info]  [AnalyticsService] Executing GET request https://analyticsnew.overwolf.com/analytics/Counter?Name=cf_app_ads_library_initialized&MUID=6a0d68ee-5733-1928-71ec-49e8ba47404c&MUIDV2=6a0d68ee-5733-1928-71ec-49e8ba47404c&owver=37.7.0&Extra=%7B%22app_ver%22%3A%221.291.0.28875%22%2C%22os_ver%22%3A%22linux%22%2C%22app_type%22%3A%22Electron%22%7D.
[2025-11-22 17:51:37.551] [info]  [Renderer - Main Window] Starting Ads. Size: Container Id: curseforge_desktop_large, Size: [{"width":400,"height":600},{"width":1,"height":1}], Element ID: curseforge_desktop_large [ [] ]
[2025-11-22 17:51:37.551] [info]  [Renderer - Main Window] Starting electron ads sdk [
  [
    {
      appId: 'pnhpggjfelbelmidfhnebbhfkabchccbheggegjc',
      muid: '6a0d68ee-5733-1928-71ec-49e8ba47404c',
      appVersion: '1.291.0.28875',
      userAgent: 'Mozilla/5.0 (X11; Linux x86_64) AppleWebKit/537.36 (KHTML, like Gecko) CurseForge/1.291.0-28875 Chrome/138.0.7204.251 Electron/37.7.0 Safari/537.36',
      size: [ { width: 400, height: 600 }, { width: 1, height: 1 } ],
      containerId: 'curseforge_desktop_large'
    }
  ]
]
[2025-11-22 17:51:37.569] [info]  [AnalyticsService] Executing GET request https://analyticsnew.overwolf.com/analytics/Counter?Name=cf_app_ads_library_initialized&MUID=6a0d68ee-5733-1928-71ec-49e8ba47404c&MUIDV2=6a0d68ee-5733-1928-71ec-49e8ba47404c&owver=37.7.0&Extra=%7B%22app_ver%22%3A%221.291.0.28875%22%2C%22os_ver%22%3A%22linux%22%2C%22app_type%22%3A%22Electron%22%7D.
[2025-11-22 17:51:37.586] [info]  [AnalyticsService] Executed GET request https://analyticsnew.overwolf.com/analytics/Counter?Name=cf_app_ads_library_initialized&MUID=6a0d68ee-5733-1928-71ec-49e8ba47404c&MUIDV2=6a0d68ee-5733-1928-71ec-49e8ba47404c&owver=37.7.0&Extra=%7B%22app_ver%22%3A%221.291.0.28875%22%2C%22os_ver%22%3A%22linux%22%2C%22app_type%22%3A%22Electron%22%7D. Status code: 200.
[2025-11-22 17:51:37.674] [info]  [AnalyticsService] Executed GET request https://analyticsnew.overwolf.com/analytics/Counter?Name=cf_app_ads_library_initialized&MUID=6a0d68ee-5733-1928-71ec-49e8ba47404c&MUIDV2=6a0d68ee-5733-1928-71ec-49e8ba47404c&owver=37.7.0&Extra=%7B%22app_ver%22%3A%221.291.0.28875%22%2C%22os_ver%22%3A%22linux%22%2C%22app_type%22%3A%22Electron%22%7D. Status code: 200.
[2025-11-22 17:51:37.836] [info]  [PluginProcessHost] Agent stdout: Agent Data path is /home/vinicius/.config/CurseForge/agent.
[2025-11-22 17:51:37.836] [info]  [PluginProcessHost] Agent stdout: Agent Log path is /home/vinicius/.config/CurseForge/agent/logs.
[2025-11-22 17:51:39.159] [info]  [PluginProcessHost] Agent stdout: 11/22/2025 17:51:39 [Info] Server started at ws://127.0.0.1:54391/CurseForge (actual port 54391) .
[2025-11-22 17:51:39.159] [info]  [PluginProcessHost] Mods Agent started. pid: 39460, port: 54391.
[2025-11-22 17:51:39.160] [info]  [PluginWebSocket] Connecting to Mods Agent CurseForge on ports range 54391-54391.
[2025-11-22 17:51:39.172] [info]  [PluginProcessHost] Agent stdout: Mods Agent server started on port 54391.
[2025-11-22 17:51:39.247] [info]  [PluginWebSocket] Connected to mods agent.
[2025-11-22 17:51:39.248] [info]  [PluginWebSocket] Connected to Mods Agent on port 54391.
[2025-11-22 17:51:40.837] [info]  [AnalyzingGameInstanceEventHandler] Analyzing Instance: Skibidi craft (no flavor) - 3a9852f5-bf54-4ecd-a0cd-65a21587c0c2 (/home/vinicius/Documents/curseforge/minecraft/Instances/Skibidi craft/).
[2025-11-22 17:51:40.842] [info]  [GamesScanStartedEventHandler] Games scan started. Comprehensive: false.
[2025-11-22 17:51:40.853] [info]  [GamesScanCompletedEventHandler] Games scan completed. Comprehensive: false. Canceled: false.
[2025-11-22 17:51:40.964] [info]  [CoreServiceImpl] Mods agent was initialized successfully.
[2025-11-22 17:51:41.012] [info]  [AppConnectivityService] Reporting app connectivity.
[2025-11-22 17:51:41.013] [info]  [AnalyticsService] Executing POST request https://tracking.overwolf.com/tracking/InsertStats?Stats=true.
[2025-11-22 17:51:41.468] [info]  [Renderer - Main Window] Redirecting to game 432 [ [] ]
[2025-11-22 17:51:41.667] [info]  [ReleaseNotesApiImpl] Fetching /1.291.0.28875/release-notes/1 ....
[2025-11-22 17:51:41.692] [info]  [Renderer - Main Window] Getting game 432 category classes [ [] ]
[2025-11-22 17:51:41.694] [info]  [EleriumCommunicationLayer] Request - GET v1/categories - params: {"gameId":432,"classesOnly":true}.
[2025-11-22 17:51:41.693] [info]  [Renderer - Main Window] Getting game 432 categories [ [] ]
[2025-11-22 17:51:41.729] [info]  [EleriumCommunicationLayer] Request - GET v1/categories - params: {"gameId":432}.
[2025-11-22 17:51:41.731] [info]  [AnalyticsService] Executing GET request https://analyticsnew.overwolf.com/analytics/Counter?Name=cf_app_page_changed&MUID=6a0d68ee-5733-1928-71ec-49e8ba47404c&MUIDV2=6a0d68ee-5733-1928-71ec-49e8ba47404c&owver=37.7.0&Extra=%7B%22app_ver%22%3A%221.291.0.28875%22%2C%22os_ver%22%3A%22linux%22%2C%22app_type%22%3A%22Electron%22%2C%22currentAppPage%22%3A%22MyModpacksPage%22%7D.
[2025-11-22 17:51:41.730] [info]  [Renderer - Main Window] Got 144 categories for game 432 [ [] ]
[2025-11-22 17:51:41.734] [info]  [MeasurementAppServiceImpl] starting measurement game-dau.
[2025-11-22 17:51:41.757] [info]  [AnalyticsService] Executed GET request https://analyticsnew.overwolf.com/analytics/Counter?Name=cf_app_page_changed&MUID=6a0d68ee-5733-1928-71ec-49e8ba47404c&MUIDV2=6a0d68ee-5733-1928-71ec-49e8ba47404c&owver=37.7.0&Extra=%7B%22app_ver%22%3A%221.291.0.28875%22%2C%22os_ver%22%3A%22linux%22%2C%22app_type%22%3A%22Electron%22%2C%22currentAppPage%22%3A%22MyModpacksPage%22%7D. Status code: 200.
[2025-11-22 17:51:41.948] [info]  [AnalyticsService] Executed POST request https://tracking.overwolf.com/tracking/InsertStats?Stats=true. Status code: 200.
[2025-11-22 17:51:41.948] [info]  [AnalyticsService] Sent a Grafana event to https://tracking.overwolf.com/tracking/InsertStats?Stats=true.
[2025-11-22 17:51:41.959] [info]  [AnalyticsService] Executing GET request https://analyticsnew.overwolf.com/analytics/Counter?Name=cf_app_session_info&MUID=6a0d68ee-5733-1928-71ec-49e8ba47404c&MUIDV2=6a0d68ee-5733-1928-71ec-49e8ba47404c&owver=37.7.0&Extra=%7B%22app_ver%22%3A%221.291.0.28875%22%2C%22os_ver%22%3A%22linux%22%2C%22app_type%22%3A%22Electron%22%2C%22isLoggedIn%22%3Afalse%2C%22isSyncEnabled%22%3Afalse%2C%22appLanguage%22%3A%22en%22%2C%22groupsCount%22%3A%7B%7D%2C%22isMojangLoggedIn%22%3Afalse%2C%22minecraftLauncherTypes%22%3A%5B0%5D%7D.
[2025-11-22 17:51:41.987] [info]  [AnalyticsService] Executed GET request https://analyticsnew.overwolf.com/analytics/Counter?Name=cf_app_session_info&MUID=6a0d68ee-5733-1928-71ec-49e8ba47404c&MUIDV2=6a0d68ee-5733-1928-71ec-49e8ba47404c&owver=37.7.0&Extra=%7B%22app_ver%22%3A%221.291.0.28875%22%2C%22os_ver%22%3A%22linux%22%2C%22app_type%22%3A%22Electron%22%2C%22isLoggedIn%22%3Afalse%2C%22isSyncEnabled%22%3Afalse%2C%22appLanguage%22%3A%22en%22%2C%22groupsCount%22%3A%7B%7D%2C%22isMojangLoggedIn%22%3Afalse%2C%22minecraftLauncherTypes%22%3A%5B0%5D%7D. Status code: 200.
[2025-11-22 17:51:41.988] [info]  [ElectronApplication] CRN Api is not available.
[2025-11-22 17:51:42.067] [info]  [MinecraftLoginAppServiceImpl] Get Microsoft Users Info.
[2025-11-22 17:51:42.060] [info]  [Renderer - Main Window] Getting game 432 install mod request from queue [ [] ]
[2025-11-22 17:51:42.069] [info]  [ModpacksAppServiceImpl] Getting game 432 installed modpacks.
[2025-11-22 17:51:42.070] [info]  [MinecraftLoginAppServiceImpl] Get Microsoft User Info.
[2025-11-22 17:51:42.069] [info]  [Renderer - Main Window] Game 432 has no pending install mod request [ [] ]
[2025-11-22 17:51:42.078] [info]  [Renderer - Main Window] Waiting for game instance 3a9852f5-bf54-4ecd-a0cd-65a21587c0c2 to load. Current game instance is undefined [ [] ]
[2025-11-22 17:51:42.078] [info]  [Renderer - Main Window] Waiting for game instance 3a9852f5-bf54-4ecd-a0cd-65a21587c0c2 to load. Current game instance is undefined [ [] ]
[2025-11-22 17:51:42.078] [info]  [Renderer - Main Window] Waiting for game instance 3a9852f5-bf54-4ecd-a0cd-65a21587c0c2 to load. Current game instance is undefined [ [] ]
[2025-11-22 17:51:42.079] [info]  [Renderer - Main Window] Waiting for game instance 3a9852f5-bf54-4ecd-a0cd-65a21587c0c2 to load. Current game instance is undefined [ [] ]
[2025-11-22 17:51:42.079] [info]  [Renderer - Main Window] Waiting for game instance 3a9852f5-bf54-4ecd-a0cd-65a21587c0c2 to load. Current game instance is undefined [ [] ]
[2025-11-22 17:51:42.079] [info]  [Renderer - Main Window] Waiting for game instance 3a9852f5-bf54-4ecd-a0cd-65a21587c0c2 to load. Current game instance is undefined [ [] ]
[2025-11-22 17:51:42.083] [info]  [Renderer - Main Window] Waiting for game instance 3a9852f5-bf54-4ecd-a0cd-65a21587c0c2 to load. Current game instance is undefined [ [] ]
[2025-11-22 17:51:42.088] [info]  [Renderer - Main Window] Waiting for game instance 3a9852f5-bf54-4ecd-a0cd-65a21587c0c2 to load. Current game instance is undefined [ [] ]
[2025-11-22 17:51:42.092] [info]  [Renderer - Main Window] Waiting for game instance 3a9852f5-bf54-4ecd-a0cd-65a21587c0c2 to load. Current game instance is undefined [ [] ]
[2025-11-22 17:51:42.096] [info]  [Renderer - Main Window] Waiting for game instance 3a9852f5-bf54-4ecd-a0cd-65a21587c0c2 to load. Current game instance is undefined [ [] ]
[2025-11-22 17:51:42.101] [info]  [Renderer - Main Window] Waiting for game instance 3a9852f5-bf54-4ecd-a0cd-65a21587c0c2 to load. Current game instance is undefined [ [] ]
[2025-11-22 17:51:42.105] [info]  [Renderer - Main Window] Waiting for game instance 3a9852f5-bf54-4ecd-a0cd-65a21587c0c2 to load. Current game instance is undefined [ [] ]
[2025-11-22 17:51:42.109] [info]  [Renderer - Main Window] Waiting for game instance 3a9852f5-bf54-4ecd-a0cd-65a21587c0c2 to load. Current game instance is undefined [ [] ]
[2025-11-22 17:51:42.113] [info]  [Renderer - Main Window] Waiting for game instance 3a9852f5-bf54-4ecd-a0cd-65a21587c0c2 to load. Current game instance is undefined [ [] ]
[2025-11-22 17:51:42.118] [info]  [Renderer - Main Window] Waiting for game instance 3a9852f5-bf54-4ecd-a0cd-65a21587c0c2 to load. Current game instance is undefined [ [] ]
[2025-11-22 17:51:42.122] [info]  [Renderer - Main Window] Waiting for game instance 3a9852f5-bf54-4ecd-a0cd-65a21587c0c2 to load. Current game instance is undefined [ [] ]
[2025-11-22 17:51:42.126] [info]  [Renderer - Main Window] Waiting for game instance 3a9852f5-bf54-4ecd-a0cd-65a21587c0c2 to load. Current game instance is undefined [ [] ]
[2025-11-22 17:51:42.131] [info]  [Renderer - Main Window] Waiting for game instance 3a9852f5-bf54-4ecd-a0cd-65a21587c0c2 to load. Current game instance is undefined [ [] ]
[2025-11-22 17:51:42.135] [info]  [Renderer - Main Window] Waiting for game instance 3a9852f5-bf54-4ecd-a0cd-65a21587c0c2 to load. Current game instance is undefined [ [] ]
[2025-11-22 17:51:42.139] [info]  [Renderer - Main Window] Waiting for game instance 3a9852f5-bf54-4ecd-a0cd-65a21587c0c2 to load. Current game instance is undefined [ [] ]
[2025-11-22 17:51:42.143] [info]  [Renderer - Main Window] Waiting for game instance 3a9852f5-bf54-4ecd-a0cd-65a21587c0c2 to load. Current game instance is undefined [ [] ]
[2025-11-22 17:51:42.148] [info]  [Renderer - Main Window] Waiting for game instance 3a9852f5-bf54-4ecd-a0cd-65a21587c0c2 to load. Current game instance is undefined [ [] ]
[2025-11-22 17:51:42.152] [info]  [Renderer - Main Window] Waiting for game instance 3a9852f5-bf54-4ecd-a0cd-65a21587c0c2 to load. Current game instance is undefined [ [] ]
[2025-11-22 17:51:42.187] [info]  [Renderer - Main Window] Waiting for game instance 3a9852f5-bf54-4ecd-a0cd-65a21587c0c2 to load. Current game instance is 3a9852f5-bf54-4ecd-a0cd-65a21587c0c2 [ [] ]
[2025-11-22 17:51:46.798] [info]  [Renderer - Main Window] [ReactErrorWatchDog] Starting watchdog with 1000 [ [] ]
[2025-11-22 17:51:50.198] [info]  [ModpacksAppServiceImpl] Getting installed modpack 3a9852f5-bf54-4ecd-a0cd-65a21587c0c2.
[2025-11-22 17:51:50.203] [info]  [AnalyticsService] Executing GET request https://analyticsnew.overwolf.com/analytics/Counter?Name=cf_app_page_changed&MUID=6a0d68ee-5733-1928-71ec-49e8ba47404c&MUIDV2=6a0d68ee-5733-1928-71ec-49e8ba47404c&owver=37.7.0&Extra=%7B%22app_ver%22%3A%221.291.0.28875%22%2C%22os_ver%22%3A%22linux%22%2C%22app_type%22%3A%22Electron%22%2C%22currentAppPage%22%3A%22InstalledProjectPage%22%7D.
[2025-11-22 17:51:50.305] [info]  [AnalyticsService] Executed GET request https://analyticsnew.overwolf.com/analytics/Counter?Name=cf_app_page_changed&MUID=6a0d68ee-5733-1928-71ec-49e8ba47404c&MUIDV2=6a0d68ee-5733-1928-71ec-49e8ba47404c&owver=37.7.0&Extra=%7B%22app_ver%22%3A%221.291.0.28875%22%2C%22os_ver%22%3A%22linux%22%2C%22app_type%22%3A%22Electron%22%2C%22currentAppPage%22%3A%22InstalledProjectPage%22%7D. Status code: 200.
[2025-11-22 17:51:51.350] [info]  [ProjectInstanceChangedEventHandler] Project instance 324717 - Jade 🔍 changed.
[2025-11-22 17:51:51.358] [info]  [ProjectInstanceChangedEventHandler] Project instance 287342 - Titanium changed.
[2025-11-22 17:51:51.358] [info]  [ProjectInstanceChangedEventHandler] Project instance 1133580 - Smithing Template Viewer for JEI/EMI changed.
[2025-11-22 17:51:51.358] [info]  [ProjectInstanceChangedEventHandler] Project instance 431725 - Advanced Peripherals changed.
[2025-11-22 17:51:51.358] [info]  [ProjectInstanceChangedEventHandler] Project instance 287357 - Integrated Crafting changed.
[2025-11-22 17:51:51.359] [info]  [ProjectInstanceChangedEventHandler] Project instance 659011 - Deeper and Darker changed.
[2025-11-22 17:51:51.359] [info]  [ProjectInstanceChangedEventHandler] Project instance 941096 - Polymorphic Energistics changed.
[2025-11-22 17:51:51.359] [info]  [ProjectInstanceChangedEventHandler] Project instance 364466 - Allthemodium changed.
[2025-11-22 17:51:51.359] [info]  [ProjectInstanceChangedEventHandler] Project instance 1061812 - Ars Controle changed.
[2025-11-22 17:51:51.360] [info]  [ProjectInstanceChangedEventHandler] Project instance 1061812 - Ars Controle changed.
[2025-11-22 17:51:51.360] [info]  [ProjectInstanceChangedEventHandler] Project instance 526901 - Memory Settings[Neo/Forge/Fabric] changed.
[2025-11-22 17:51:51.360] [info]  [ProjectInstanceChangedEventHandler] Project instance 404465 - FTB Library (Forge) changed.
[2025-11-22 17:51:51.360] [info]  [ProjectInstanceChangedEventHandler] Project instance 223794 - Applied Energistics 2 changed.
[2025-11-22 17:51:51.361] [info]  [ProjectInstanceChangedEventHandler] Project instance 297039 - Silent Gear changed.
[2025-11-22 17:51:51.361] [info]  [ProjectInstanceChangedEventHandler] Project instance 1148201 - Mekanistic Routers changed.
[2025-11-22 17:51:51.361] [info]  [ProjectInstanceChangedEventHandler] Project instance 350006 - RFTools Storage changed.
[2025-11-22 17:51:51.372] [info]  [ProjectInstanceChangedEventHandler] Project instance 1132269 - Modular Machinery Reborn Ars Nouveau changed.
[2025-11-22 17:51:51.372] [info]  [ProjectInstanceChangedEventHandler] Project instance 1094032 - All The Arcanist Gear changed.
[2025-11-22 17:51:51.373] [info]  [ProjectInstanceChangedEventHandler] Project instance 1001266 - Hardened Armadillos changed.
[2025-11-22 17:51:51.373] [info]  [ProjectInstanceChangedEventHandler] Project instance 638111 - Prism [Neo/Forge] changed.
[2025-11-22 17:51:51.373] [info]  [ProjectInstanceChangedEventHandler] Project instance 257356 - In Control! changed.
[2025-11-22 17:51:51.373] [info]  [ProjectInstanceChangedEventHandler] Project instance 1156551 - ExperienceLib changed.
[2025-11-22 17:51:51.373] [info]  [ProjectInstanceChangedEventHandler] Project instance 261251 - Bad Wither No Cookie - Reloaded changed.
[2025-11-22 17:51:51.373] [info]  [ProjectInstanceChangedEventHandler] Project instance 271740 - Toast Control changed.
[2025-11-22 17:51:51.373] [info]  [ProjectInstanceChangedEventHandler] Project instance 320926 - Scalable Cat's Force changed.
[2025-11-22 17:51:51.373] [info]  [ProjectInstanceChangedEventHandler] Project instance 898963 - Apothic Attributes changed.
[2025-11-22 17:51:51.373] [info]  [ProjectInstanceChangedEventHandler] Project instance 898746 - Just Enough Mekanism Multiblocks changed.
[2025-11-22 17:51:51.374] [info]  [ProjectInstanceChangedEventHandler] Project instance 927874 - Tree Tap changed.
[2025-11-22 17:51:51.374] [info]  [ProjectInstanceChangedEventHandler] Project instance 961856 - AE2 Network Analyser changed.
[2025-11-22 17:51:51.374] [info]  [ProjectInstanceChangedEventHandler] Project instance 783522 - Structory: Towers changed.
[2025-11-22 17:51:51.374] [info]  [ProjectInstanceChangedEventHandler] Project instance 354339 - Open Loader changed.
[2025-11-22 17:51:51.374] [info]  [ProjectInstanceChangedEventHandler] Project instance 438332 - SuperMartijn642's Config Lib changed.
[2025-11-22 17:51:51.382] [info]  [ProjectInstanceChangedEventHandler] Project instance 227639 - The Twilight Forest changed.
[2025-11-22 17:51:51.382] [info]  [ProjectInstanceChangedEventHandler] Project instance 574300 - Applied Mekanistics changed.
[2025-11-22 17:51:51.382] [info]  [ProjectInstanceChangedEventHandler] Project instance 411357 - Botany Trees changed.
[2025-11-22 17:51:51.382] [info]  [ProjectInstanceChangedEventHandler] Project instance 1214396 - Camol changed.
[2025-11-22 17:51:51.382] [info]  [ProjectInstanceChangedEventHandler] Project instance 908741 - Embeddium changed.
[2025-11-22 17:51:51.382] [info]  [ProjectInstanceChangedEventHandler] Project instance 459929 - Applied Energistics 2 Wireless Terminals changed.
[2025-11-22 17:51:51.383] [info]  [ProjectInstanceChangedEventHandler] Project instance 1326856 - Quests Lang Splitter changed.
[2025-11-22 17:51:51.383] [info]  [ProjectInstanceChangedEventHandler] Project instance 266515 - Industrial Foregoing changed.
[2025-11-22 17:51:51.383] [info]  [ProjectInstanceChangedEventHandler] Project instance 371813 - Crash Utilities changed.
[2025-11-22 17:51:51.383] [info]  [ProjectInstanceChangedEventHandler] Project instance 1070541 - Repeatable Trial Vaults changed.
[2025-11-22 17:51:51.383] [info]  [ProjectInstanceChangedEventHandler] Project instance 342466 - RFTools Utility changed.
[2025-11-22 17:51:51.383] [info]  [ProjectInstanceChangedEventHandler] Project instance 986583 - Apothic Spawners changed.
[2025-11-22 17:51:51.383] [info]  [ProjectInstanceChangedEventHandler] Project instance 401955 - Ars Nouveau changed.
[2025-11-22 17:51:51.383] [info]  [ProjectInstanceChangedEventHandler] Project instance 915324 - Formations Overworld changed.
[2025-11-22 17:51:51.383] [info]  [ProjectInstanceChangedEventHandler] Project instance 367734 - Pocket Storage changed.
[2025-11-22 17:51:51.384] [info]  [ProjectInstanceChangedEventHandler] Project instance 391382 - More Overlays Updated changed.
[2025-11-22 17:51:51.392] [info]  [ProjectInstanceChangedEventHandler] Project instance 243707 - Corail Tombstone changed.
[2025-11-22 17:51:51.392] [info]  [ProjectInstanceChangedEventHandler] Project instance 1101111 - Iron's Gems 'n Jewelry changed.
[2025-11-22 17:51:51.392] [info]  [ProjectInstanceChangedEventHandler] Project instance 1023259 - Prickle changed.
[2025-11-22 17:51:51.392] [info]  [ProjectInstanceChangedEventHandler] Project instance 385587 - Complementary Shaders - Unbound changed.
[2025-11-22 17:51:51.393] [info]  [ProjectInstanceChangedEventHandler] Project instance 231951 - Immersive Engineering changed.
[2025-11-22 17:51:51.393] [info]  [ProjectInstanceChangedEventHandler] Project instance 855414 - Iron's Spells 'n Spellbooks changed.
[2025-11-22 17:51:51.393] [info]  [ProjectInstanceChangedEventHandler] Project instance 430906 - Cat Jammies changed.
[2025-11-22 17:51:51.393] [info]  [ProjectInstanceChangedEventHandler] Project instance 1156098 - Construction Sticks changed.
[2025-11-22 17:51:51.393] [info]  [ProjectInstanceChangedEventHandler] Project instance 659090 - Fuel Goes Here changed.
[2025-11-22 17:51:51.394] [info]  [ProjectInstanceChangedEventHandler] Project instance 895919 - Time in a bottle [FORGE\NEOFORGE\FABRIC] changed.
[2025-11-22 17:51:51.394] [info]  [ProjectInstanceChangedEventHandler] Project instance 314002 - Overloaded Armor Bar changed.
[2025-11-22 17:51:51.394] [info]  [ProjectInstanceChangedEventHandler] Project instance 1213351 - Expanded AE changed.
[2025-11-22 17:51:51.394] [info]  [ProjectInstanceChangedEventHandler] Project instance 288885 - FastWorkbench changed.
[2025-11-22 17:51:51.394] [info]  [ProjectInstanceChangedEventHandler] Project instance 236307 - Integrated Dynamics changed.
[2025-11-22 17:51:51.394] [info]  [ProjectInstanceChangedEventHandler] Project instance 242818 - CodeChicken Lib 1.8.+ changed.
[2025-11-22 17:51:51.394] [info]  [ProjectInstanceChangedEventHandler] Project instance 867286 - More Red x CC:Tweaked Compat changed.
[2025-11-22 17:51:51.400] [info]  [ProjectInstanceChangedEventHandler] Project instance 1007288 - Monocle changed.
[2025-11-22 17:51:51.400] [info]  [ProjectInstanceChangedEventHandler] Project instance 558000 - Omega Config changed.
[2025-11-22 17:51:51.400] [info]  [ProjectInstanceChangedEventHandler] Project instance 976858 - Inventory Tweaks - ReFoxed changed.
[2025-11-22 17:51:51.400] [info]  [ProjectInstanceChangedEventHandler] Project instance 250294 - Modular Routers changed.
[2025-11-22 17:51:51.400] [info]  [ProjectInstanceChangedEventHandler] Project instance 1172594 - KeyBind Bundles changed.
[2025-11-22 17:51:51.400] [info]  [ProjectInstanceChangedEventHandler] Project instance 905641 - Ars Énergistique changed.
[2025-11-22 17:51:51.401] [info]  [ProjectInstanceChangedEventHandler] Project instance 306770 - Patchouli changed.
[2025-11-22 17:51:51.401] [info]  [ProjectInstanceChangedEventHandler] Project instance 1119874 - Mekanism Covers changed.
[2025-11-22 17:51:51.401] [info]  [ProjectInstanceChangedEventHandler] Project instance 656136 - Gravitational Modulating Additional Unit changed.
[2025-11-22 17:51:51.401] [info]  [ProjectInstanceChangedEventHandler] Project instance 358700 - More Dragon Eggs changed.
[2025-11-22 17:51:51.401] [info]  [ProjectInstanceChangedEventHandler] Project instance 653790 - XyCraft: Override changed.
[2025-11-22 17:51:51.409] [info]  [ProjectInstanceChangedEventHandler] Project instance 653791 - XyCraft: Machines changed.
[2025-11-22 17:51:51.409] [info]  [ProjectInstanceChangedEventHandler] Project instance 900364 - TownTalk changed.
[2025-11-22 17:51:51.409] [info]  [ProjectInstanceChangedEventHandler] Project instance 237664 - Iron Furnaces changed.
[2025-11-22 17:51:51.410] [info]  [ProjectInstanceChangedEventHandler] Project instance 633823 - Almost Unified changed.
[2025-11-22 17:51:51.410] [info]  [ProjectInstanceChangedEventHandler] Project instance 306626 - Nature's Aura changed.
[2025-11-22 17:51:51.410] [info]  [ProjectInstanceChangedEventHandler] Project instance 1005914 - Fzzy Config changed.
[2025-11-22 17:51:51.410] [info]  [ProjectInstanceChangedEventHandler] Project instance 1099143 - KeybindsPurger changed.
[2025-11-22 17:51:51.410] [info]  [ProjectInstanceChangedEventHandler] Project instance 300331 - Simply Light changed.
[2025-11-22 17:51:51.410] [info]  [ProjectInstanceChangedEventHandler] Project instance 351748 - Mining Gadgets changed.
[2025-11-22 17:51:51.410] [info]  [ProjectInstanceChangedEventHandler] Project instance 431203 - MakeUp - Ultra Fast | Shaders changed.
[2025-11-22 17:51:51.410] [info]  [ProjectInstanceChangedEventHandler] Project instance 627557 - Complementary Shaders - Reimagined changed.
[2025-11-22 17:51:51.411] [info]  [ProjectInstanceChangedEventHandler] Project instance 1086142 - More Industrial Foregoing Addons (MIFA) changed.
[2025-11-22 17:51:51.411] [info]  [ProjectInstanceChangedEventHandler] Project instance 520110 - Iceberg [Neo/Forge] changed.
[2025-11-22 17:51:51.411] [info]  [ProjectInstanceChangedEventHandler] Project instance 281849 - PneumaticCraft: Repressurized changed.
[2025-11-22 17:51:51.411] [info]  [ProjectInstanceChangedEventHandler] Project instance 405593 - ATO - All the Ores changed.
[2025-11-22 17:51:51.416] [info]  [ProjectInstanceChangedEventHandler] Project instance 250419 - Enchantment Descriptions changed.
[2025-11-22 17:51:51.416] [info]  [ProjectInstanceChangedEventHandler] Project instance 388800 - Polymorph (Fabric/Forge/Quilt) changed.
[2025-11-22 17:51:51.416] [info]  [ProjectInstanceChangedEventHandler] Project instance 314905 - FTB Ranks (NeoForge) changed.
[2025-11-22 17:51:51.416] [info]  [ProjectInstanceChangedEventHandler] Project instance 1184406 - Transfer Labels changed.
[2025-11-22 17:51:51.416] [info]  [ProjectInstanceChangedEventHandler] Project instance 965012 - Applied Flux changed.
[2025-11-22 17:51:51.417] [info]  [ProjectInstanceChangedEventHandler] Project instance 574123 - Dark Mode Everywhere changed.
[2025-11-22 17:51:51.417] [info]  [ProjectInstanceChangedEventHandler] Project instance 1165932 - Luminax changed.
[2025-11-22 17:51:51.417] [info]  [ProjectInstanceChangedEventHandler] Project instance 1002348 - Just Dire Things changed.
[2025-11-22 17:51:51.417] [info]  [ProjectInstanceChangedEventHandler] Project instance 451682 - No Villager Death Messages changed.
[2025-11-22 17:51:51.417] [info]  [ProjectInstanceChangedEventHandler] Project instance 299540 - FastFurnace changed.
[2025-11-22 17:51:51.424] [info]  [ProjectInstanceChangedEventHandler] Project instance 251389 - Integrated Tunnels changed.
[2025-11-22 17:51:51.424] [info]  [ProjectInstanceChangedEventHandler] Project instance 974408 - Ars Additions changed.
[2025-11-22 17:51:51.424] [info]  [ProjectInstanceChangedEventHandler] Project instance 1108467 - Cobblegen Galore changed.
[2025-11-22 17:51:51.424] [info]  [ProjectInstanceChangedEventHandler] Project instance 280441 - Mystical Customization changed.
[2025-11-22 17:51:51.424] [info]  [ProjectInstanceChangedEventHandler] Project instance 431430 - FlickerFix changed.
[2025-11-22 17:51:51.425] [info]  [ProjectInstanceChangedEventHandler] Project instance 417802 - Gateways to Eternity changed.
[2025-11-22 17:51:51.425] [info]  [ProjectInstanceChangedEventHandler] Project instance 929559 - Utilitarian changed.
[2025-11-22 17:51:51.425] [info]  [ProjectInstanceChangedEventHandler] Project instance 254241 - Mob Grinding Utils changed.
[2025-11-22 17:51:51.425] [info]  [ProjectInstanceChangedEventHandler] Project instance 1103259 - FTB JEI Extras changed.
[2025-11-22 17:51:51.425] [info]  [ProjectInstanceChangedEventHandler] Project instance 552758 - Modern Dynamics changed.
[2025-11-22 17:51:51.425] [info]  [ProjectInstanceChangedEventHandler] Project instance 889785 - Integrated Scripting changed.
[2025-11-22 17:51:51.425] [info]  [ProjectInstanceChangedEventHandler] Project instance 656346 - Load My F***ing Tags changed.
[2025-11-22 17:51:51.425] [info]  [ProjectInstanceChangedEventHandler] Project instance 1074338 - AE2 JEI Integration changed.
[2025-11-22 17:51:51.426] [info]  [ProjectInstanceChangedEventHandler] Project instance 1145462 - Atlas API changed.
[2025-11-22 17:51:51.426] [info]  [ProjectInstanceChangedEventHandler] Project instance 455508 - Iris Shaders changed.
[2025-11-22 17:51:51.426] [info]  [ProjectInstanceChangedEventHandler] Project instance 691049 - Generator Galore changed.
[2025-11-22 17:51:51.430] [info]  [ProjectInstanceChangedEventHandler] Project instance 247921 - ZeroCore 2 changed.
[2025-11-22 17:51:51.430] [info]  [ProjectInstanceChangedEventHandler] Project instance 514045 - AllTheCompressed changed.
[2025-11-22 17:51:51.430] [info]  [ProjectInstanceChangedEventHandler] Project instance 962544 - Oh The Trees You'll Grow changed.
[2025-11-22 17:51:51.431] [info]  [ProjectInstanceChangedEventHandler] Project instance 659110 - Regions Unexplored (forge/fabric) changed.
[2025-11-22 17:51:51.431] [info]  [ProjectInstanceChangedEventHandler] Project instance 957920 - Glodium changed.
[2025-11-22 17:51:51.431] [info]  [ProjectInstanceChangedEventHandler] Project instance 688367 - ME Requester changed.
[2025-11-22 17:51:51.431] [info]  [ProjectInstanceChangedEventHandler] Project instance 633483 - Powah! (Rearchitected) changed.
[2025-11-22 17:51:51.431] [info]  [ProjectInstanceChangedEventHandler] Project instance 1063926 - Apothic Enchanting changed.
[2025-11-22 17:51:51.442] [info]  [ProjectInstanceChangedEventHandler] Project instance 636540 - Structory changed.
[2025-11-22 17:51:51.442] [info]  [ProjectInstanceChangedEventHandler] Project instance 284497 - Iron Jetpacks changed.
[2025-11-22 17:51:51.442] [info]  [ProjectInstanceChangedEventHandler] Project instance 475117 - FastSuite changed.
[2025-11-22 17:51:51.443] [info]  [ProjectInstanceChangedEventHandler] Project instance 356801 - Potions Master changed.
[2025-11-22 17:51:51.443] [info]  [ProjectInstanceChangedEventHandler] Project instance 522992 - BlockUI changed.
[2025-11-22 17:51:51.443] [info]  [ProjectInstanceChangedEventHandler] Project instance 622112 - MEGA Cells changed.
[2025-11-22 17:51:51.443] [info]  [ProjectInstanceChangedEventHandler] Project instance 379849 - The Undergarden changed.
[2025-11-22 17:51:51.444] [info]  [ProjectInstanceChangedEventHandler] Project instance 854213 - Colorful Hearts changed.
[2025-11-22 17:51:51.444] [info]  [ProjectInstanceChangedEventHandler] Project instance 298187 - Building Gadgets changed.
[2025-11-22 17:51:51.444] [info]  [ProjectInstanceChangedEventHandler] Project instance 282805 - Restrictions changed.
[2025-11-22 17:51:51.444] [info]  [ProjectInstanceChangedEventHandler] Project instance 653789 - XyCraft: World changed.
[2025-11-22 17:51:51.444] [info]  [ProjectInstanceChangedEventHandler] Project instance 927064 - All the Wizard Gear changed.
[2025-11-22 17:51:51.444] [info]  [ProjectInstanceChangedEventHandler] Project instance 509575 - Observable changed.
[2025-11-22 17:51:51.459] [info]  [ProjectInstanceChangedEventHandler] Project instance 322506 - BSL Shaders changed.
[2025-11-22 17:51:51.459] [info]  [ProjectInstanceChangedEventHandler] Project instance 282837 - Additional Enchanted Miner changed.
[2025-11-22 17:51:51.459] [info]  [ProjectInstanceChangedEventHandler] Project instance 575698 - Ars Creo changed.
[2025-11-22 17:51:51.460] [info]  [ProjectInstanceChangedEventHandler] Project instance 1131856 - Modular Machinery Reborn Mekanism changed.
[2025-11-22 17:51:51.460] [info]  [ProjectInstanceChangedEventHandler] Project instance 945149 - Glassential Renewed changed.
[2025-11-22 17:51:51.460] [info]  [ProjectInstanceChangedEventHandler] Project instance 220311 - Silent's Gems changed.
[2025-11-22 17:51:51.460] [info]  [ProjectInstanceChangedEventHandler] Project instance 1165429 - Ars Unification changed.
[2025-11-22 17:51:51.460] [info]  [ProjectInstanceChangedEventHandler] Project instance 255902 - Wither Skeleton Tweaks changed.
[2025-11-22 17:51:51.461] [info]  [ProjectInstanceChangedEventHandler] Project instance 518211 - Pylons changed.
[2025-11-22 17:51:51.461] [info]  [ProjectInstanceChangedEventHandler] Project instance 556861 - Functional Storage changed.
[2025-11-22 17:51:51.461] [info]  [ProjectInstanceChangedEventHandler] Project instance 1001614 - Lionfish API changed.
[2025-11-22 17:51:51.461] [info]  [ProjectInstanceChangedEventHandler] Project instance 411045 - Get It Together, Drops! changed.
[2025-11-22 17:51:51.461] [info]  [ProjectInstanceChangedEventHandler] Project instance 308989 - Caelus API changed.
[2025-11-22 17:51:51.462] [info]  [ProjectInstanceChangedEventHandler] Project instance 260912 - XNet changed.
[2025-11-22 17:51:51.462] [info]  [ProjectInstanceChangedEventHandler] Project instance 309858 - Forbidden and Arcanus changed.
[2025-11-22 17:51:51.462] [info]  [ProjectInstanceChangedEventHandler] Project instance 570354 - Nullscape changed.
[2025-11-22 17:51:51.472] [info]  [ProjectInstanceChangedEventHandler] Project instance 699872 - Accelerated Decay changed.
[2025-11-22 17:51:51.472] [info]  [ProjectInstanceChangedEventHandler] Project instance 907843 - Ars Ocultas changed.
[2025-11-22 17:51:51.472] [info]  [ProjectInstanceChangedEventHandler] Project instance 992377 - Immersive Energistics changed.
[2025-11-22 17:51:51.473] [info]  [ProjectInstanceChangedEventHandler] Project instance 283644 - Placebo changed.
[2025-11-22 17:51:51.473] [info]  [ProjectInstanceChangedEventHandler] Project instance 248020 - Flux Networks changed.
[2025-11-22 17:51:51.473] [info]  [ProjectInstanceChangedEventHandler] Project instance 282947 - Baubley Heart Canisters changed.
[2025-11-22 17:51:51.473] [info]  [ProjectInstanceChangedEventHandler] Project instance 889915 - FTB XMod Compat changed.
[2025-11-22 17:51:51.474] [info]  [ProjectInstanceChangedEventHandler] Project instance 1154099 - Crash Assistant changed.
[2025-11-22 17:51:51.474] [info]  [ProjectInstanceChangedEventHandler] Project instance 943925 - FTB Filter System changed.
[2025-11-22 17:51:51.474] [info]  [ProjectInstanceChangedEventHandler] Project instance 1121832 - Rainbows! changed.
[2025-11-22 17:51:51.474] [info]  [ProjectInstanceChangedEventHandler] Project instance 250277 - Extreme Reactors changed.
[2025-11-22 17:51:51.474] [info]  [ProjectInstanceChangedEventHandler] Project instance 626839 - LaserIO changed.
[2025-11-22 17:51:51.474] [info]  [ProjectInstanceChangedEventHandler] Project instance 347706 - RFTools Builder changed.
[2025-11-22 17:51:51.475] [info]  [ProjectInstanceChangedEventHandler] Project instance 552574 - Hostile Neural Networks changed.
[2025-11-22 17:51:51.475] [info]  [ProjectInstanceChangedEventHandler] Project instance 1140741 - NeoAuth changed.
[2025-11-22 17:51:51.488] [info]  [ProjectInstanceChangedEventHandler] Project instance 635427 - Yeetus Experimentus changed.
[2025-11-22 17:51:51.489] [info]  [ProjectInstanceChangedEventHandler] Project instance 1143614 - Soulplied Energistics changed.
[2025-11-22 17:51:51.489] [info]  [ProjectInstanceChangedEventHandler] Project instance 559313 - AEInfinityBooster changed.
[2025-11-22 17:51:51.489] [info]  [ProjectInstanceChangedEventHandler] Project instance 904394 - Industrial Foregoing Souls changed.
[2025-11-22 17:51:51.490] [info]  [ProjectInstanceChangedEventHandler] Project instance 416294 - Rhino changed.
[2025-11-22 17:51:51.490] [info]  [ProjectInstanceChangedEventHandler] Project instance 969602 - Nolijium changed.
[2025-11-22 17:51:51.490] [info]  [ProjectInstanceChangedEventHandler] Project instance 653786 - XyCraft changed.
[2025-11-22 17:51:51.490] [info]  [ProjectInstanceChangedEventHandler] Project instance 890755 - Just Enough Archaeology changed.
[2025-11-22 17:51:51.491] [info]  [ProjectInstanceChangedEventHandler] Project instance 867074 - Productive Trees changed.
[2025-11-22 17:51:51.491] [info]  [ProjectInstanceChangedEventHandler] Project instance 312353 - Artifacts changed.
[2025-11-22 17:51:51.491] [info]  [ProjectInstanceChangedEventHandler] Project instance 353928 - Botany Pots changed.
[2025-11-22 17:51:51.491] [info]  [ProjectInstanceChangedEventHandler] Project instance 551586 - L_Ender 's Cataclysm changed.
[2025-11-22 17:51:51.491] [info]  [ProjectInstanceChangedEventHandler] Project instance 267602 - ConnectedTexturesMod changed.
[2025-11-22 17:51:51.492] [info]  [ProjectInstanceChangedEventHandler] Project instance 398521 - Farmer's Delight changed.
[2025-11-22 17:51:51.492] [info]  [ProjectInstanceChangedEventHandler] Project instance 1153666 - Ars Elemancy changed.
[2025-11-22 17:51:51.499] [info]  [ProjectInstanceChangedEventHandler] Project instance 416089 - Simple Voice Chat changed.
[2025-11-22 17:51:51.499] [info]  [ProjectInstanceChangedEventHandler] Project instance 280510 - AttributeFix changed.
[2025-11-22 17:51:51.499] [info]  [ProjectInstanceChangedEventHandler] Project instance 918840 - Formations Nether changed.
[2025-11-22 17:51:51.499] [info]  [ProjectInstanceChangedEventHandler] Project instance 241319 - Reliquary Reincarnations changed.
[2025-11-22 17:51:51.500] [info]  [ProjectInstanceChangedEventHandler] Project instance 417645 - Just Enough Professions (JEP) changed.
[2025-11-22 17:51:51.501] [info]  [ProjectInstanceChangedEventHandler] Project instance 491794 - Explorer's Compass changed.
[2025-11-22 17:51:51.501] [info]  [ProjectInstanceChangedEventHandler] Project instance 233071 - Crafting Tweaks changed.
[2025-11-22 17:51:51.502] [info]  [ProjectInstanceChangedEventHandler] Project instance 276951 - Comforts changed.
[2025-11-22 17:51:51.502] [info]  [ProjectInstanceChangedEventHandler] Project instance 235577 - TrashSlot changed.
[2025-11-22 17:51:51.502] [info]  [ProjectInstanceChangedEventHandler] Project instance 429235 - FerriteCore ((Neo)Forge) changed.
[2025-11-22 17:51:51.502] [info]  [ProjectInstanceChangedEventHandler] Project instance 394535 - Trash Cans changed.
[2025-11-22 17:51:51.502] [info]  [ProjectInstanceChangedEventHandler] Project instance 606989 - Underground Villages changed.
[2025-11-22 17:51:51.502] [info]  [ProjectInstanceChangedEventHandler] Project instance 252848 - Nature's Compass changed.
[2025-11-22 17:51:51.502] [info]  [ProjectInstanceChangedEventHandler] Project instance 658587 - playerAnimator changed.
[2025-11-22 17:51:51.510] [info]  [ProjectInstanceChangedEventHandler] Project instance 277616 - Spice of Life: Carrot Edition changed.
[2025-11-22 17:51:51.511] [info]  [ProjectInstanceChangedEventHandler] Project instance 938643 - Melody changed.
[2025-11-22 17:51:51.511] [info]  [ProjectInstanceChangedEventHandler] Project instance 694231 - Xtones Reworked changed.
[2025-11-22 17:51:51.511] [info]  [ProjectInstanceChangedEventHandler] Project instance 242998 - Silent Lib (silentlib) changed.
[2025-11-22 17:51:51.511] [info]  [ProjectInstanceChangedEventHandler] Project instance 676136 - Model Gap Fix changed.
[2025-11-22 17:51:51.511] [info]  [ProjectInstanceChangedEventHandler] Project instance 531761 - Balm changed.
[2025-11-22 17:51:51.511] [info]  [ProjectInstanceChangedEventHandler] Project instance 250398 - Controlling changed.
[2025-11-22 17:51:51.511] [info]  [ProjectInstanceChangedEventHandler] Project instance 410295 - Konkrete changed.
[2025-11-22 17:51:51.511] [info]  [ProjectInstanceChangedEventHandler] Project instance 561885 - Just Zoom changed.
[2025-11-22 17:51:51.512] [info]  [ProjectInstanceChangedEventHandler] Project instance 892382 - MES - Moog's End Structures changed.
[2025-11-22 17:51:51.512] [info]  [ProjectInstanceChangedEventHandler] Project instance 854949 - Fusion (Connected Textures) changed.
[2025-11-22 17:51:51.512] [info]  [ProjectInstanceChangedEventHandler] Project instance 915115 - Formations (Structure Library) changed.
[2025-11-22 17:51:51.512] [info]  [ProjectInstanceChangedEventHandler] Project instance 60028 - Aquaculture 2 changed.
[2025-11-22 17:51:51.512] [info]  [ProjectInstanceChangedEventHandler] Project instance 426386 - Shrink. changed.
[2025-11-22 17:51:51.512] [info]  [ProjectInstanceChangedEventHandler] Project instance 899386 - Just Enough Breeding (JEBr) changed.
[2025-11-22 17:51:51.512] [info]  [ProjectInstanceChangedEventHandler] Project instance 841890 - Athena changed.
[2025-11-22 17:51:51.521] [info]  [ProjectInstanceChangedEventHandler] Project instance 248787 - AppleSkin changed.
[2025-11-22 17:51:51.521] [info]  [ProjectInstanceChangedEventHandler] Project instance 551763 - Chisel Reborn [Forge/Fabric/NeoForge] changed.
[2025-11-22 17:51:51.521] [info]  [ProjectInstanceChangedEventHandler] Project instance 244256 - Reap Mod changed.
[2025-11-22 17:51:51.521] [info]  [ProjectInstanceChangedEventHandler] Project instance 32274 - JourneyMap changed.
[2025-11-22 17:51:51.521] [info]  [ProjectInstanceChangedEventHandler] Project instance 510656 - Wireless Chargers changed.
[2025-11-22 17:51:51.522] [info]  [ProjectInstanceChangedEventHandler] Project instance 231484 - Cooking for Blockheads changed.
[2025-11-22 17:51:51.522] [info]  [ProjectInstanceChangedEventHandler] Project instance 272515 - Better Advancements changed.
[2025-11-22 17:51:51.522] [info]  [ProjectInstanceChangedEventHandler] Project instance 983390 - Simple Weather changed.
[2025-11-22 17:51:51.522] [info]  [ProjectInstanceChangedEventHandler] Project instance 353882 - DimStorage changed.
[2025-11-22 17:51:51.522] [info]  [ProjectInstanceChangedEventHandler] Project instance 419699 - Architectury API changed.
[2025-11-22 17:51:51.522] [info]  [ProjectInstanceChangedEventHandler] Project instance 367706 - FancyMenu changed.
[2025-11-22 17:51:51.522] [info]  [ProjectInstanceChangedEventHandler] Project instance 367706 - FancyMenu changed.
[2025-11-22 17:51:51.522] [info]  [ProjectInstanceChangedEventHandler] Project instance 233019 - AI Improvements changed.
[2025-11-22 17:51:51.522] [info]  [ProjectInstanceChangedEventHandler] Project instance 388172 - GeckoLib changed.
[2025-11-22 17:51:51.523] [info]  [ProjectInstanceChangedEventHandler] Project instance 237307 - Cosmetic Armor Reworked changed.
[2025-11-22 17:51:51.523] [info]  [ProjectInstanceChangedEventHandler] Project instance 858542 - Searchables changed.
[2025-11-22 17:51:51.530] [info]  [ProjectInstanceChangedEventHandler] Project instance 454372 - SuperMartijn642's Core Lib changed.
[2025-11-22 17:51:51.531] [info]  [ProjectInstanceChangedEventHandler] Project instance 456956 - Chipped changed.
[2025-11-22 17:51:51.531] [info]  [ProjectInstanceChangedEventHandler] Project instance 245755 - Waystones changed.
[2025-11-22 17:51:51.531] [info]  [ProjectInstanceChangedEventHandler] Project instance 250832 - OpenBlocks Elevator changed.
[2025-11-22 17:51:51.531] [info]  [ProjectInstanceChangedEventHandler] Project instance 256717 - Clumps changed.
[2025-11-22 17:51:51.531] [info]  [ProjectInstanceChangedEventHandler] Project instance 686911 - ImmediatelyFast changed.
[2025-11-22 17:51:51.531] [info]  [ProjectInstanceChangedEventHandler] Project instance 60089 - Mouse Tweaks changed.
[2025-11-22 17:51:51.531] [info]  [ProjectInstanceChangedEventHandler] Project instance 443900 - Pipez changed.
[2025-11-22 17:51:51.531] [info]  [ProjectInstanceChangedEventHandler] Project instance 383129 - Connected Glass changed.
[2025-11-22 17:51:51.531] [info]  [ProjectInstanceChangedEventHandler] Project instance 309927 - Curios API (Forge/NeoForge) changed.
[2025-11-22 17:51:51.532] [info]  [ProjectInstanceChangedEventHandler] Project instance 387638 - More Red changed.
[2025-11-22 17:51:51.532] [info]  [ProjectInstanceChangedEventHandler] Project instance 416935 - Valhelsia Core changed.
[2025-11-22 17:51:51.532] [info]  [ProjectInstanceChangedEventHandler] Project instance 361276 - Lootr (Forge & NeoForge) changed.
[2025-11-22 17:51:51.532] [info]  [ProjectInstanceChangedEventHandler] Project instance 394140 - Simple Magnets changed.
[2025-11-22 17:51:51.532] [info]  [ProjectInstanceChangedEventHandler] Project instance 634062 - No Chat Reports changed.
[2025-11-22 17:51:51.541] [info]  [ProjectInstanceChangedEventHandler] Project instance 470193 - Connectivity changed.
[2025-11-22 17:51:51.542] [info]  [ProjectInstanceChangedEventHandler] Project instance 361579 - spark changed.
[2025-11-22 17:51:51.542] [info]  [ProjectInstanceChangedEventHandler] Project instance 368293 - Repurposed Structures (Neoforge/Forge) changed.
[2025-11-22 17:51:51.542] [info]  [ProjectInstanceChangedEventHandler] Project instance 1111501 - I'm Fast changed.
[2025-11-22 17:51:51.542] [info]  [ProjectInstanceChangedEventHandler] Project instance 326652 - Cupboard changed.
[2025-11-22 17:51:51.542] [info]  [ProjectInstanceChangedEventHandler] Project instance 626761 - Towns and Towers changed.
[2025-11-22 17:51:51.542] [info]  [ProjectInstanceChangedEventHandler] Project instance 714059 - Resourceful Config changed.
[2025-11-22 17:51:51.542] [info]  [ProjectInstanceChangedEventHandler] Project instance 478559 - Measurements changed.
[2025-11-22 17:51:51.542] [info]  [ProjectInstanceChangedEventHandler] Project instance 363363 - Extreme sound muffler - (Neo)Forge changed.
[2025-11-22 17:51:51.542] [info]  [ProjectInstanceChangedEventHandler] Project instance 968432 - MonoLib changed.
[2025-11-22 17:51:51.543] [info]  [ProjectInstanceChangedEventHandler] Project instance 909375 - WITS (What Is This Structure?) changed.
[2025-11-22 17:51:51.543] [info]  [ProjectInstanceChangedEventHandler] Project instance 551524 - CreeperHost Presents Steve's Carts changed.
[2025-11-22 17:51:51.543] [info]  [ProjectInstanceChangedEventHandler] Project instance 693313 - CorgiLib changed.
[2025-11-22 17:51:51.543] [info]  [ProjectInstanceChangedEventHandler] Project instance 1072905 - Jupiter changed.
[2025-11-22 17:51:51.543] [info]  [ProjectInstanceChangedEventHandler] Project instance 640001 - Factory Blocks [Forge/Fabric/NeoForge] changed.
[2025-11-22 17:51:51.545] [info]  [ProjectInstanceChangedEventHandler] Project instance 936015 - Lithostitched changed.
[2025-11-22 17:51:51.551] [info]  [ProjectInstanceChangedEventHandler] Project instance 301034 - Entangled changed.
[2025-11-22 17:51:51.552] [info]  [ProjectInstanceChangedEventHandler] Project instance 351264 - Kotlin for Forge changed.
[2025-11-22 17:51:51.552] [info]  [ProjectInstanceChangedEventHandler] Project instance 395620 - Item Collectors changed.
[2025-11-22 17:51:51.552] [info]  [ProjectInstanceChangedEventHandler] Project instance 638508 - EdivadLib changed.
[2025-11-22 17:51:51.552] [info]  [ProjectInstanceChangedEventHandler] Project instance 538392 - Modonomicon changed.
[2025-11-22 17:51:51.552] [info]  [ProjectInstanceChangedEventHandler] Project instance 532610 - oωo (owo-lib) changed.
[2025-11-22 17:51:51.552] [info]  [ProjectInstanceChangedEventHandler] Project instance 661293 - SmartBrainLib (Forge/Fabric/Quilt) changed.
[2025-11-22 17:51:51.552] [info]  [ProjectInstanceChangedEventHandler] Project instance 940057 - TerraBlender (NeoForge) changed.
[2025-11-22 17:51:51.552] [info]  [ProjectInstanceChangedEventHandler] Project instance 241160 - NetherPortalFix changed.
[2025-11-22 17:51:51.552] [info]  [ProjectInstanceChangedEventHandler] Project instance 570073 - Resourceful Lib changed.
[2025-11-22 17:51:51.552] [info]  [ProjectInstanceChangedEventHandler] Project instance 348521 - Cloth Config API (Fabric/Forge/NeoForge) changed.
[2025-11-22 17:51:52.005] [info]  [AnalyticsService] trackDailyUnique is unique: true.
[2025-11-22 17:51:52.006] [info]  [AnalyticsService] Executing GET request https://analyticsnew.overwolf.com/analytics/Counter?Name=cf_daily_active_user_per_game_v2&MUID=6a0d68ee-5733-1928-71ec-49e8ba47404c&MUIDV2=6a0d68ee-5733-1928-71ec-49e8ba47404c&owver=37.7.0&Extra=%7B%22app_ver%22%3A%221.291.0.28875%22%2C%22os_ver%22%3A%22linux%22%2C%22app_type%22%3A%22Electron%22%2C%22game_id%22%3A432%2C%22gameId%22%3A432%7D.
[2025-11-22 17:51:52.031] [info]  [AnalyticsService] Executed GET request https://analyticsnew.overwolf.com/analytics/Counter?Name=cf_daily_active_user_per_game_v2&MUID=6a0d68ee-5733-1928-71ec-49e8ba47404c&MUIDV2=6a0d68ee-5733-1928-71ec-49e8ba47404c&owver=37.7.0&Extra=%7B%22app_ver%22%3A%221.291.0.28875%22%2C%22os_ver%22%3A%22linux%22%2C%22app_type%22%3A%22Electron%22%2C%22game_id%22%3A432%2C%22gameId%22%3A432%7D. Status code: 200.
[2025-11-22 17:52:36.748] [error] [Renderer - Main Window] Error: Error invoking remote method 'PlatformAppService.openFileLocation': reply was never sent [ [] ]
[2025-11-22 17:52:37.182] [info]  [UptimeRobotApi] Executing GET request https://health.curseforge.com/app/monitorStatus.json.
[2025-11-22 17:52:37.707] [info]  [UptimeRobotApi] Executed GET request https://health.curseforge.com/app/monitorStatus.json. Status code: 200.
[2025-11-22 17:53:19.137] [info]  [DesktopWindow] Desktop window closed.
[2025-11-22 17:53:19.137] [info]  [SessionsService] session ended.
[2025-11-22 17:53:19.138] [info]  [BackgroundController] Request to shutdown from tray ....
[2025-11-22 17:53:19.138] [info]  [BackgroundController] Shutting down....
[2025-11-22 17:53:19.138] [info]  [BackgroundController] Destroying app windows....
[2025-11-22 17:53:19.139] [info]  [AutoUpdaterServiceImpl] Stopping Auto Updater Service.
[2025-11-22 17:53:19.139] [info]  [CoreServiceImpl] Performing shutdown cleanup actions.
[2025-11-22 17:53:19.139] [info]  [InstalledProjectsAppServiceImpl] Cleanup - committing deletion transactions.
[2025-11-22 17:53:19.139] [info]  [InstalledProjectsAppServiceImpl] Flushing 0 projects which are pending deletion.
[2025-11-22 17:53:19.140] [info]  [CoreServiceImpl] Shutdown cleanup actions complete.
[2025-11-22 17:53:19.140] [info]  [PluginCommunication] Shutting down the Mods Agent.
[2025-11-22 17:53:19.951] [info]  [BackgroundController] Shutdown complete. Exiting app....
[2025-11-23 11:57:52.151] [info]  [EleriumCommunicationLayer] setCfCoreHost called with https://api.curseforge.com.
[2025-11-23 11:57:52.169] [info]  [ConfigurationServiceImpl] Current env: production.
[2025-11-23 11:57:52.210] [info]  [BackgroundController] App version: 1.291.0.28875.
[2025-11-23 11:57:52.213] [info]  [BackgroundController] OS: linux.
[2025-11-23 11:57:52.213] [info]  [BackgroundController] OS version: 6.17.8-arch1-1.
[2025-11-23 11:57:52.214] [info]  [BackgroundController] App startup args: /tmp/.mount_cursefgcFBM0/curseforge.
[2025-11-23 11:57:52.706] [info]  [BackgroundController] Electron App Ready. Continuing Initialization....
[2025-11-23 11:57:52.707] [info]  [ClientOverridesImpl] Fetching https://curseforge.overwolf.com/downloads/client-overrides-v2.json ....
[2025-11-23 11:57:52.939] [info]  [AppUpdateServiceImpl] Checking if app has an update which is available locally..
[2025-11-23 11:57:52.939] [info]  [AppUpdateServiceImpl] Checking for available application updates. Current app version is 1.291.0-28875.
[2025-11-23 11:57:52.939] [info]  Checking for update
[2025-11-23 11:57:52.939] [info]  Electron Updater - Checking for application update
[2025-11-23 11:57:53.323] [info]  Update for version 1.291.0-28875 is not available (latest version: 1.291.0-28875, downgrade is disallowed).
[2025-11-23 11:57:53.323] [info]  Electron Updater - App update is not available. Latest Version: 1.291.0-28875. Release Date: 2025-11-18T13:49:27.993Z
[2025-11-23 11:57:53.324] [info]  [AppUpdateServiceImpl] No updates are available for the app..
[2025-11-23 11:57:53.873] [info]  [Renderer - Main Window] Initializing Sentry service [ [] ]
[2025-11-23 11:57:53.890] [info]  [Renderer - Main Window] [ReactErrorWatchDog] Starting watchdog with 10000 [ [] ]
[2025-11-23 11:57:53.903] [info]  [SessionStartedEventHandler] App session started.
[2025-11-23 11:57:53.910] [info]  [AutoUpdaterServiceImpl] Starting Auto Updater Service.
[2025-11-23 11:57:53.911] [info]  [AutoUpdaterServiceImpl] Auto updater is disabled by configuration.
[2025-11-23 11:57:53.911] [info]  [LoginService] Validating login status.
[2025-11-23 11:57:53.911] [info]  [SessionInfoRepositoryImpl] Loading login tokens from storage.
[2025-11-23 11:57:53.912] [info]  [SessionInfoRepositoryImpl] Missing mandatory tokens. Clearing storage.
[2025-11-23 11:57:53.912] [info]  [SessionInfoRepositoryImpl] Clearing tokens from storage.
[2025-11-23 11:57:53.916] [info]  [LoginService] No login tokens found..
[2025-11-23 11:57:53.917] [info]  [SessionInfoRepositoryImpl] Clearing tokens from storage.
[2025-11-23 11:57:53.920] [info]  [LoginService] Notifying logged out status.
[2025-11-23 11:57:53.920] [info]  [SessionInfoRepositoryImpl] Clearing tokens from storage.
[2025-11-23 11:57:53.923] [error] [LoggedOutEventHandler] Failed to update client session info. Error: Radium API is not ready
[2025-11-23 11:57:53.924] [info]  [GameAuthUsersChangedEventHandler] Minecraft Users info loaded.
[2025-11-23 11:57:53.924] [info]  [LoggedOutEventHandler] User is logged out.
[2025-11-23 11:57:53.925] [info]  [MarketingVideosServiceImpl] Fetching https://mrkt.forgecdn.net/app-vids/onboarding_videos.json ....
[2025-11-23 11:57:53.926] [info]  [AppUpdatePeriodicChecker] Running periodic app update check.
[2025-11-23 11:57:53.927] [info]  [AppUpdateServiceImpl] Checking for available application updates. Current app version is 1.291.0-28875.
[2025-11-23 11:57:53.927] [info]  Checking for update
[2025-11-23 11:57:53.927] [info]  Electron Updater - Checking for application update
[2025-11-23 11:57:53.964] [info]  Update for version 1.291.0-28875 is not available (latest version: 1.291.0-28875, downgrade is disallowed).
[2025-11-23 11:57:53.964] [info]  Electron Updater - App update is not available. Latest Version: 1.291.0-28875. Release Date: 2025-11-18T13:49:27.993Z
[2025-11-23 11:57:53.964] [info]  [AppUpdateServiceImpl] No updates are available for the app..
[2025-11-23 11:57:53.964] [info]  [AppUpdatePeriodicChecker] No app update. Scheduling the next update check in 900000 milliseconds.
[2025-11-23 11:57:54.045] [info]  [PluginCommunication] Connecting to Mods Agent.
[2025-11-23 11:57:54.045] [info]  [PluginProcessHost] Starting Mods Agent with ports range 60236-60256.
[2025-11-23 11:57:54.045] [info]  [PluginProcessHost] Launching Mods Agent process /tmp/.mount_cursefgcFBM0/resources/app.asar.unpacked/plugins/curse/linux/Curse.Agent.Host with args: --port=60236,--to-port=60256,--pid=25197,--appDataPath=/home/vinicius/.config/CurseForge,--api-key=50e5127f-89a6-41eb-96a8-ee9d748595f6,--clientId=Overwolf.
[2025-11-23 11:57:54.161] [info]  [UptimeRobotApi] Executing GET request https://health.curseforge.com/app/monitorStatus.json.
[2025-11-23 11:57:54.175] [info]  [AnalyticsService] Executing GET request https://analyticsnew.overwolf.com/analytics/Counter?Name=cf_app_page_changed&MUID=6a0d68ee-5733-1928-71ec-49e8ba47404c&MUIDV2=6a0d68ee-5733-1928-71ec-49e8ba47404c&owver=37.7.0&Extra=%7B%22app_ver%22%3A%221.291.0.28875%22%2C%22os_ver%22%3A%22linux%22%2C%22app_type%22%3A%22Electron%22%2C%22currentAppPage%22%3A%22HomePage%22%7D.
[2025-11-23 11:57:54.257] [info]  [UptimeRobotApi] Executed GET request https://health.curseforge.com/app/monitorStatus.json. Status code: 200.
[2025-11-23 11:57:54.271] [info]  [AnalyticsService] Executed GET request https://analyticsnew.overwolf.com/analytics/Counter?Name=cf_app_page_changed&MUID=6a0d68ee-5733-1928-71ec-49e8ba47404c&MUIDV2=6a0d68ee-5733-1928-71ec-49e8ba47404c&owver=37.7.0&Extra=%7B%22app_ver%22%3A%221.291.0.28875%22%2C%22os_ver%22%3A%22linux%22%2C%22app_type%22%3A%22Electron%22%2C%22currentAppPage%22%3A%22HomePage%22%7D. Status code: 200.
[2025-11-23 11:57:54.420] [info]  [PluginProcessHost] Agent stdout: Starting CurseForge Agent Host.
[2025-11-23 11:57:54.601] [info]  [Renderer - Main Window] Starting Ads. Size: Container Id: curseforge_desktop_banner, Size: [{"width":400,"height":60}], Element ID: curseforge_desktop_banner [ [] ]
[2025-11-23 11:57:54.601] [info]  [Renderer - Main Window] Starting electron ads sdk [
  [
    {
      appId: 'pnhpggjfelbelmidfhnebbhfkabchccbheggegjc',
      muid: '6a0d68ee-5733-1928-71ec-49e8ba47404c',
      appVersion: '1.291.0.28875',
      userAgent: 'Mozilla/5.0 (X11; Linux x86_64) AppleWebKit/537.36 (KHTML, like Gecko) CurseForge/1.291.0-28875 Chrome/138.0.7204.251 Electron/37.7.0 Safari/537.36',
      size: [ { width: 400, height: 60 } ],
      containerId: 'curseforge_desktop_banner'
    }
  ]
]
[2025-11-23 11:57:54.613] [info]  [AnalyticsService] Executing GET request https://analyticsnew.overwolf.com/analytics/Counter?Name=cf_app_ads_library_initialized&MUID=6a0d68ee-5733-1928-71ec-49e8ba47404c&MUIDV2=6a0d68ee-5733-1928-71ec-49e8ba47404c&owver=37.7.0&Extra=%7B%22app_ver%22%3A%221.291.0.28875%22%2C%22os_ver%22%3A%22linux%22%2C%22app_type%22%3A%22Electron%22%7D.
[2025-11-23 11:57:54.610] [info]  [Renderer - Main Window] Starting Ads. Size: Container Id: curseforge_desktop_large, Size: [{"width":400,"height":600},{"width":1,"height":1}], Element ID: curseforge_desktop_large [ [] ]
[2025-11-23 11:57:54.610] [info]  [Renderer - Main Window] Starting electron ads sdk [
  [
    {
      appId: 'pnhpggjfelbelmidfhnebbhfkabchccbheggegjc',
      muid: '6a0d68ee-5733-1928-71ec-49e8ba47404c',
      appVersion: '1.291.0.28875',
      userAgent: 'Mozilla/5.0 (X11; Linux x86_64) AppleWebKit/537.36 (KHTML, like Gecko) CurseForge/1.291.0-28875 Chrome/138.0.7204.251 Electron/37.7.0 Safari/537.36',
      size: [ { width: 400, height: 600 }, { width: 1, height: 1 } ],
      containerId: 'curseforge_desktop_large'
    }
  ]
]
[2025-11-23 11:57:54.626] [info]  [AnalyticsService] Executing GET request https://analyticsnew.overwolf.com/analytics/Counter?Name=cf_app_ads_library_initialized&MUID=6a0d68ee-5733-1928-71ec-49e8ba47404c&MUIDV2=6a0d68ee-5733-1928-71ec-49e8ba47404c&owver=37.7.0&Extra=%7B%22app_ver%22%3A%221.291.0.28875%22%2C%22os_ver%22%3A%22linux%22%2C%22app_type%22%3A%22Electron%22%7D.
[2025-11-23 11:57:54.640] [info]  [AnalyticsService] Executed GET request https://analyticsnew.overwolf.com/analytics/Counter?Name=cf_app_ads_library_initialized&MUID=6a0d68ee-5733-1928-71ec-49e8ba47404c&MUIDV2=6a0d68ee-5733-1928-71ec-49e8ba47404c&owver=37.7.0&Extra=%7B%22app_ver%22%3A%221.291.0.28875%22%2C%22os_ver%22%3A%22linux%22%2C%22app_type%22%3A%22Electron%22%7D. Status code: 200.
[2025-11-23 11:57:54.714] [info]  [AnalyticsService] Executed GET request https://analyticsnew.overwolf.com/analytics/Counter?Name=cf_app_ads_library_initialized&MUID=6a0d68ee-5733-1928-71ec-49e8ba47404c&MUIDV2=6a0d68ee-5733-1928-71ec-49e8ba47404c&owver=37.7.0&Extra=%7B%22app_ver%22%3A%221.291.0.28875%22%2C%22os_ver%22%3A%22linux%22%2C%22app_type%22%3A%22Electron%22%7D. Status code: 200.
[2025-11-23 11:57:54.890] [info]  [PluginProcessHost] Agent stdout: Agent Data path is /home/vinicius/.config/CurseForge/agent.
[2025-11-23 11:57:54.890] [info]  [PluginProcessHost] Agent stdout: Agent Log path is /home/vinicius/.config/CurseForge/agent/logs.
[2025-11-23 11:57:56.238] [info]  [PluginProcessHost] Agent stdout: 11/23/2025 11:57:56 [Info] Server started at ws://127.0.0.1:60236/CurseForge (actual port 60236) .
[2025-11-23 11:57:56.239] [info]  [PluginProcessHost] Mods Agent started. pid: 25351, port: 60236.
[2025-11-23 11:57:56.239] [info]  [PluginWebSocket] Connecting to Mods Agent CurseForge on ports range 60236-60236.
[2025-11-23 11:57:56.254] [info]  [PluginProcessHost] Agent stdout: Mods Agent server started on port 60236.
[2025-11-23 11:57:56.309] [info]  [PluginWebSocket] Connected to mods agent.
[2025-11-23 11:57:56.309] [info]  [PluginWebSocket] Connected to Mods Agent on port 60236.
[2025-11-23 11:57:57.832] [info]  [AnalyzingGameInstanceEventHandler] Analyzing Instance: Skibidi craft (no flavor) - 3a9852f5-bf54-4ecd-a0cd-65a21587c0c2 (/home/vinicius/Documents/curseforge/minecraft/Instances/Skibidi craft/).
[2025-11-23 11:57:57.844] [info]  [GamesScanStartedEventHandler] Games scan started. Comprehensive: false.
[2025-11-23 11:57:57.860] [info]  [GamesScanCompletedEventHandler] Games scan completed. Comprehensive: false. Canceled: false.
[2025-11-23 11:57:58.012] [info]  [CoreServiceImpl] Mods agent was initialized successfully.
[2025-11-23 11:57:58.075] [info]  [AnalyticsService] Executing GET request https://analyticsnew.overwolf.com/analytics/Counter?Name=cf_app_session_info&MUID=6a0d68ee-5733-1928-71ec-49e8ba47404c&MUIDV2=6a0d68ee-5733-1928-71ec-49e8ba47404c&owver=37.7.0&Extra=%7B%22app_ver%22%3A%221.291.0.28875%22%2C%22os_ver%22%3A%22linux%22%2C%22app_type%22%3A%22Electron%22%2C%22isLoggedIn%22%3Afalse%2C%22isSyncEnabled%22%3Afalse%2C%22appLanguage%22%3A%22en%22%2C%22groupsCount%22%3A%7B%7D%2C%22isMojangLoggedIn%22%3Afalse%2C%22minecraftLauncherTypes%22%3A%5B0%5D%7D.
[2025-11-23 11:57:58.103] [info]  [AnalyticsService] Executed GET request https://analyticsnew.overwolf.com/analytics/Counter?Name=cf_app_session_info&MUID=6a0d68ee-5733-1928-71ec-49e8ba47404c&MUIDV2=6a0d68ee-5733-1928-71ec-49e8ba47404c&owver=37.7.0&Extra=%7B%22app_ver%22%3A%221.291.0.28875%22%2C%22os_ver%22%3A%22linux%22%2C%22app_type%22%3A%22Electron%22%2C%22isLoggedIn%22%3Afalse%2C%22isSyncEnabled%22%3Afalse%2C%22appLanguage%22%3A%22en%22%2C%22groupsCount%22%3A%7B%7D%2C%22isMojangLoggedIn%22%3Afalse%2C%22minecraftLauncherTypes%22%3A%5B0%5D%7D. Status code: 200.
[2025-11-23 11:57:58.104] [info]  [ElectronApplication] CRN Api is not available.
[2025-11-23 11:57:58.518] [info]  [Renderer - Main Window] Redirecting to game 432 [ [] ]
[2025-11-23 11:57:58.732] [info]  [ReleaseNotesApiImpl] Fetching /1.291.0.28875/release-notes/1 ....
[2025-11-23 11:57:58.764] [info]  [Renderer - Main Window] Getting game 432 category classes [ [] ]
[2025-11-23 11:57:58.765] [info]  [EleriumCommunicationLayer] Request - GET v1/categories - params: {"gameId":432,"classesOnly":true}.
[2025-11-23 11:57:58.764] [info]  [Renderer - Main Window] Getting game 432 categories [ [] ]
[2025-11-23 11:57:58.794] [info]  [EleriumCommunicationLayer] Request - GET v1/categories - params: {"gameId":432}.
[2025-11-23 11:57:58.796] [info]  [AnalyticsService] Executing GET request https://analyticsnew.overwolf.com/analytics/Counter?Name=cf_app_page_changed&MUID=6a0d68ee-5733-1928-71ec-49e8ba47404c&MUIDV2=6a0d68ee-5733-1928-71ec-49e8ba47404c&owver=37.7.0&Extra=%7B%22app_ver%22%3A%221.291.0.28875%22%2C%22os_ver%22%3A%22linux%22%2C%22app_type%22%3A%22Electron%22%2C%22currentAppPage%22%3A%22MyModpacksPage%22%7D.
[2025-11-23 11:57:58.792] [info]  [Renderer - Main Window] Got 144 categories for game 432 [ [] ]
[2025-11-23 11:57:58.798] [info]  [MeasurementAppServiceImpl] starting measurement game-dau.
[2025-11-23 11:57:58.822] [info]  [AnalyticsService] Executed GET request https://analyticsnew.overwolf.com/analytics/Counter?Name=cf_app_page_changed&MUID=6a0d68ee-5733-1928-71ec-49e8ba47404c&MUIDV2=6a0d68ee-5733-1928-71ec-49e8ba47404c&owver=37.7.0&Extra=%7B%22app_ver%22%3A%221.291.0.28875%22%2C%22os_ver%22%3A%22linux%22%2C%22app_type%22%3A%22Electron%22%2C%22currentAppPage%22%3A%22MyModpacksPage%22%7D. Status code: 200.
[2025-11-23 11:57:58.903] [info]  [MinecraftLoginAppServiceImpl] Get Microsoft Users Info.
[2025-11-23 11:57:58.896] [info]  [Renderer - Main Window] Getting game 432 install mod request from queue [ [] ]
[2025-11-23 11:57:58.905] [info]  [ModpacksAppServiceImpl] Getting game 432 installed modpacks.
[2025-11-23 11:57:58.905] [info]  [MinecraftLoginAppServiceImpl] Get Microsoft User Info.
[2025-11-23 11:57:58.906] [info]  [Renderer - Main Window] Game 432 has no pending install mod request [ [] ]
[2025-11-23 11:57:58.914] [info]  [Renderer - Main Window] Waiting for game instance 3a9852f5-bf54-4ecd-a0cd-65a21587c0c2 to load. Current game instance is undefined [ [] ]
[2025-11-23 11:57:58.914] [info]  [Renderer - Main Window] Waiting for game instance 3a9852f5-bf54-4ecd-a0cd-65a21587c0c2 to load. Current game instance is undefined [ [] ]
[2025-11-23 11:57:58.914] [info]  [Renderer - Main Window] Waiting for game instance 3a9852f5-bf54-4ecd-a0cd-65a21587c0c2 to load. Current game instance is undefined [ [] ]
[2025-11-23 11:57:58.914] [info]  [Renderer - Main Window] Waiting for game instance 3a9852f5-bf54-4ecd-a0cd-65a21587c0c2 to load. Current game instance is undefined [ [] ]
[2025-11-23 11:57:58.915] [info]  [Renderer - Main Window] Waiting for game instance 3a9852f5-bf54-4ecd-a0cd-65a21587c0c2 to load. Current game instance is undefined [ [] ]
[2025-11-23 11:57:58.915] [info]  [Renderer - Main Window] Waiting for game instance 3a9852f5-bf54-4ecd-a0cd-65a21587c0c2 to load. Current game instance is undefined [ [] ]
[2025-11-23 11:57:58.919] [info]  [Renderer - Main Window] Waiting for game instance 3a9852f5-bf54-4ecd-a0cd-65a21587c0c2 to load. Current game instance is undefined [ [] ]
[2025-11-23 11:57:58.926] [info]  [Renderer - Main Window] Waiting for game instance 3a9852f5-bf54-4ecd-a0cd-65a21587c0c2 to load. Current game instance is undefined [ [] ]
[2025-11-23 11:57:58.930] [info]  [Renderer - Main Window] Waiting for game instance 3a9852f5-bf54-4ecd-a0cd-65a21587c0c2 to load. Current game instance is undefined [ [] ]
[2025-11-23 11:57:58.934] [info]  [Renderer - Main Window] Waiting for game instance 3a9852f5-bf54-4ecd-a0cd-65a21587c0c2 to load. Current game instance is undefined [ [] ]
[2025-11-23 11:57:58.939] [info]  [Renderer - Main Window] Waiting for game instance 3a9852f5-bf54-4ecd-a0cd-65a21587c0c2 to load. Current game instance is undefined [ [] ]
[2025-11-23 11:57:58.943] [info]  [Renderer - Main Window] Waiting for game instance 3a9852f5-bf54-4ecd-a0cd-65a21587c0c2 to load. Current game instance is undefined [ [] ]
[2025-11-23 11:57:58.948] [info]  [Renderer - Main Window] Waiting for game instance 3a9852f5-bf54-4ecd-a0cd-65a21587c0c2 to load. Current game instance is undefined [ [] ]
[2025-11-23 11:57:58.952] [info]  [Renderer - Main Window] Waiting for game instance 3a9852f5-bf54-4ecd-a0cd-65a21587c0c2 to load. Current game instance is undefined [ [] ]
[2025-11-23 11:57:58.957] [info]  [Renderer - Main Window] Waiting for game instance 3a9852f5-bf54-4ecd-a0cd-65a21587c0c2 to load. Current game instance is undefined [ [] ]
[2025-11-23 11:57:58.961] [info]  [Renderer - Main Window] Waiting for game instance 3a9852f5-bf54-4ecd-a0cd-65a21587c0c2 to load. Current game instance is undefined [ [] ]
[2025-11-23 11:57:58.966] [info]  [Renderer - Main Window] Waiting for game instance 3a9852f5-bf54-4ecd-a0cd-65a21587c0c2 to load. Current game instance is undefined [ [] ]
[2025-11-23 11:57:58.970] [info]  [Renderer - Main Window] Waiting for game instance 3a9852f5-bf54-4ecd-a0cd-65a21587c0c2 to load. Current game instance is undefined [ [] ]
[2025-11-23 11:57:58.975] [info]  [Renderer - Main Window] Waiting for game instance 3a9852f5-bf54-4ecd-a0cd-65a21587c0c2 to load. Current game instance is undefined [ [] ]
[2025-11-23 11:57:58.979] [info]  [Renderer - Main Window] Waiting for game instance 3a9852f5-bf54-4ecd-a0cd-65a21587c0c2 to load. Current game instance is undefined [ [] ]
[2025-11-23 11:57:58.984] [info]  [Renderer - Main Window] Waiting for game instance 3a9852f5-bf54-4ecd-a0cd-65a21587c0c2 to load. Current game instance is undefined [ [] ]
[2025-11-23 11:57:58.988] [info]  [Renderer - Main Window] Waiting for game instance 3a9852f5-bf54-4ecd-a0cd-65a21587c0c2 to load. Current game instance is undefined [ [] ]
[2025-11-23 11:57:59.028] [info]  [Renderer - Main Window] Waiting for game instance 3a9852f5-bf54-4ecd-a0cd-65a21587c0c2 to load. Current game instance is 3a9852f5-bf54-4ecd-a0cd-65a21587c0c2 [ [] ]
[2025-11-23 11:58:03.891] [info]  [Renderer - Main Window] [ReactErrorWatchDog] Starting watchdog with 1000 [ [] ]
[2025-11-23 11:58:07.759] [info]  [ModpacksAppServiceImpl] Getting installed modpack 3a9852f5-bf54-4ecd-a0cd-65a21587c0c2.
[2025-11-23 11:58:07.765] [info]  [AnalyticsService] Executing GET request https://analyticsnew.overwolf.com/analytics/Counter?Name=cf_app_page_changed&MUID=6a0d68ee-5733-1928-71ec-49e8ba47404c&MUIDV2=6a0d68ee-5733-1928-71ec-49e8ba47404c&owver=37.7.0&Extra=%7B%22app_ver%22%3A%221.291.0.28875%22%2C%22os_ver%22%3A%22linux%22%2C%22app_type%22%3A%22Electron%22%2C%22currentAppPage%22%3A%22InstalledProjectPage%22%7D.
[2025-11-23 11:58:07.895] [info]  [AnalyticsService] Executed GET request https://analyticsnew.overwolf.com/analytics/Counter?Name=cf_app_page_changed&MUID=6a0d68ee-5733-1928-71ec-49e8ba47404c&MUIDV2=6a0d68ee-5733-1928-71ec-49e8ba47404c&owver=37.7.0&Extra=%7B%22app_ver%22%3A%221.291.0.28875%22%2C%22os_ver%22%3A%22linux%22%2C%22app_type%22%3A%22Electron%22%2C%22currentAppPage%22%3A%22InstalledProjectPage%22%7D. Status code: 200.
[2025-11-23 11:58:08.802] [info]  [AnalyticsService] trackDailyUnique is unique: true.
[2025-11-23 11:58:08.803] [info]  [AnalyticsService] Executing GET request https://analyticsnew.overwolf.com/analytics/Counter?Name=cf_daily_active_user_per_game_v2&MUID=6a0d68ee-5733-1928-71ec-49e8ba47404c&MUIDV2=6a0d68ee-5733-1928-71ec-49e8ba47404c&owver=37.7.0&Extra=%7B%22app_ver%22%3A%221.291.0.28875%22%2C%22os_ver%22%3A%22linux%22%2C%22app_type%22%3A%22Electron%22%2C%22game_id%22%3A432%2C%22gameId%22%3A432%7D.
[2025-11-23 11:58:08.931] [info]  [AnalyticsService] Executed GET request https://analyticsnew.overwolf.com/analytics/Counter?Name=cf_daily_active_user_per_game_v2&MUID=6a0d68ee-5733-1928-71ec-49e8ba47404c&MUIDV2=6a0d68ee-5733-1928-71ec-49e8ba47404c&owver=37.7.0&Extra=%7B%22app_ver%22%3A%221.291.0.28875%22%2C%22os_ver%22%3A%22linux%22%2C%22app_type%22%3A%22Electron%22%2C%22game_id%22%3A432%2C%22gameId%22%3A432%7D. Status code: 200.
[2025-11-23 11:58:11.187] [error] [Renderer - Main Window] Error: Error invoking remote method 'PlatformAppService.openFileLocation': reply was never sent [ [] ]
[2025-11-23 11:58:11.683] [info]  [ProjectInstanceChangedEventHandler] Project instance 238086 - KubeJS changed.
[2025-11-23 11:58:11.687] [info]  [ProjectInstanceChangedEventHandler] Project instance 459929 - Applied Energistics 2 Wireless Terminals changed.
[2025-11-23 11:58:11.687] [info]  [ProjectInstanceChangedEventHandler] Project instance 459929 - Applied Energistics 2 Wireless Terminals changed.
[2025-11-23 11:58:11.687] [info]  [ProjectInstanceChangedEventHandler] Project instance 361276 - Lootr (Forge & NeoForge) changed.
[2025-11-23 11:58:11.687] [info]  [ProjectInstanceChangedEventHandler] Project instance 361276 - Lootr (Forge & NeoForge) changed.
[2025-11-23 11:58:54.278] [info]  [UptimeRobotApi] Executing GET request https://health.curseforge.com/app/monitorStatus.json.
[2025-11-23 11:58:54.377] [info]  [UptimeRobotApi] Executed GET request https://health.curseforge.com/app/monitorStatus.json. Status code: 200.
[2025-11-23 11:59:54.380] [info]  [UptimeRobotApi] Executing GET request https://health.curseforge.com/app/monitorStatus.json.
[2025-11-23 11:59:54.483] [info]  [UptimeRobotApi] Executed GET request https://health.curseforge.com/app/monitorStatus.json. Status code: 200.
[2025-11-23 12:00:40.920] [info]  [GameInstanceScanStartedEventHandler] Scan started for game 432 - Skibidi craft - 3a9852f5-bf54-4ecd-a0cd-65a21587c0c2.
[2025-11-23 12:00:40.921] [info]  [GameInstanceChangedEventHandler] Game instance changed: 3a9852f5-bf54-4ecd-a0cd-65a21587c0c2 - ["ScanningChanged"].
[2025-11-23 12:00:40.921] [info]  [Renderer - Main Window] Instance 3a9852f5-bf54-4ecd-a0cd-65a21587c0c2 scan started - updating state [ [] ]
[2025-11-23 12:00:40.921] [info]  [Renderer - Main Window] Instance 3a9852f5-bf54-4ecd-a0cd-65a21587c0c2 scan started - updating state [ [] ]
[2025-11-23 12:00:54.484] [info]  [UptimeRobotApi] Executing GET request https://health.curseforge.com/app/monitorStatus.json.
[2025-11-23 12:00:54.592] [info]  [UptimeRobotApi] Executed GET request https://health.curseforge.com/app/monitorStatus.json. Status code: 200.
[2025-11-23 12:01:05.444] [info]  [ProjectInstanceChangedEventHandler] Project instance 1230590 - Bibliobiomes Legacy changed.
[2025-11-23 12:01:05.446] [info]  [ProjectInstalledEventHandler] Project 1230590 - Bibliobiomes Legacy installed to Skibidi craft instance.
[2025-11-23 12:01:05.447] [info]  [ProjectInstanceChangedEventHandler] Project instance 412082 - Supplementaries changed.
[2025-11-23 12:01:05.449] [info]  [ProjectInstalledEventHandler] Project 412082 - Supplementaries installed to Skibidi craft instance.
[2025-11-23 12:01:05.456] [info]  [ProjectInstanceChangedEventHandler] Project instance 1122260 - Bibliocraft Legacy changed.
[2025-11-23 12:01:05.456] [info]  [ProjectInstalledEventHandler] Project 1122260 - Bibliocraft Legacy installed to Skibidi craft instance.
[2025-11-23 12:01:05.487] [info]  [ProjectInstanceChangedEventHandler] Project instance 896746 - Amendments changed.
[2025-11-23 12:01:05.487] [info]  [ProjectInstalledEventHandler] Project 896746 - Amendments installed to Skibidi craft instance.
[2025-11-23 12:01:05.500] [info]  [ProjectInstanceChangedEventHandler] Project instance 1122764 - Bibliowoods Legacy changed.
[2025-11-23 12:01:05.502] [info]  [ProjectInstalledEventHandler] Project 1122764 - Bibliowoods Legacy installed to Skibidi craft instance.
[2025-11-23 12:01:07.196] [info]  [ProjectInstanceChangedEventHandler] Project instance 361026 - Occultism changed.
[2025-11-23 12:01:07.201] [info]  [ProjectInstanceChangedEventHandler] Project instance 324717 - Jade 🔍 changed.
[2025-11-23 12:01:07.201] [info]  [ProjectInstanceChangedEventHandler] Project instance 287342 - Titanium changed.
[2025-11-23 12:01:07.201] [info]  [ProjectInstanceChangedEventHandler] Project instance 241319 - Reliquary Reincarnations changed.
[2025-11-23 12:01:07.201] [info]  [ProjectInstanceChangedEventHandler] Project instance 386134 - FTB Ultimine (Forge) changed.
[2025-11-23 12:01:07.202] [info]  [ProjectInstanceChangedEventHandler] Project instance 1133580 - Smithing Template Viewer for JEI/EMI changed.
[2025-11-23 12:01:07.202] [info]  [ProjectInstanceChangedEventHandler] Project instance 431725 - Advanced Peripherals changed.
[2025-11-23 12:01:07.202] [info]  [ProjectInstanceChangedEventHandler] Project instance 238086 - KubeJS changed.
[2025-11-23 12:01:07.207] [info]  [ProjectInstanceChangedEventHandler] Project instance 228525 - Bookshelf changed.
[2025-11-23 12:01:07.207] [info]  [ProjectInstanceChangedEventHandler] Project instance 417645 - Just Enough Professions (JEP) changed.
[2025-11-23 12:01:07.207] [info]  [ProjectInstanceChangedEventHandler] Project instance 287357 - Integrated Crafting changed.
[2025-11-23 12:01:07.208] [info]  [ProjectInstanceChangedEventHandler] Project instance 491794 - Explorer's Compass changed.
[2025-11-23 12:01:07.208] [info]  [ProjectInstanceChangedEventHandler] Project instance 445274 - Relics changed.
[2025-11-23 12:01:07.208] [info]  [ProjectInstanceChangedEventHandler] Project instance 659011 - Deeper and Darker changed.
[2025-11-23 12:01:07.208] [info]  [ProjectInstanceChangedEventHandler] Project instance 233071 - Crafting Tweaks changed.
[2025-11-23 12:01:07.208] [info]  [ProjectInstanceChangedEventHandler] Project instance 1345066 - Dyson Cube Project changed.
[2025-11-23 12:01:07.208] [info]  [ProjectInstanceChangedEventHandler] Project instance 326041 - RFTools Base changed.
[2025-11-23 12:01:07.215] [info]  [ProjectInstanceChangedEventHandler] Project instance 499980 - Moonlight Lib changed.
[2025-11-23 12:01:07.216] [info]  [ProjectInstanceChangedEventHandler] Project instance 276951 - Comforts changed.
[2025-11-23 12:01:07.216] [info]  [ProjectInstanceChangedEventHandler] Project instance 247007 - Common Capabilities changed.
[2025-11-23 12:01:07.216] [info]  [ProjectInstanceChangedEventHandler] Project instance 941096 - Polymorphic Energistics changed.
[2025-11-23 12:01:07.216] [info]  [ProjectInstanceChangedEventHandler] Project instance 1208896 - Cryonic Config changed.
[2025-11-23 12:01:07.216] [info]  [ProjectInstanceChangedEventHandler] Project instance 1091339 - AllTheLeaks (Memory Leak Fix) changed.
[2025-11-23 12:01:07.217] [info]  [ProjectInstanceChangedEventHandler] Project instance 364466 - Allthemodium changed.
[2025-11-23 12:01:07.217] [info]  [ProjectInstanceChangedEventHandler] Project instance 272335 - Cucumber Library changed.
[2025-11-23 12:01:07.217] [info]  [ProjectInstanceChangedEventHandler] Project instance 1061812 - Ars Controle changed.
[2025-11-23 12:01:07.217] [info]  [ProjectInstanceChangedEventHandler] Project instance 235577 - TrashSlot changed.
[2025-11-23 12:01:07.217] [info]  [ProjectInstanceChangedEventHandler] Project instance 526901 - Memory Settings[Neo/Forge/Fabric] changed.
[2025-11-23 12:01:07.218] [info]  [ProjectInstanceChangedEventHandler] Project instance 429235 - FerriteCore ((Neo)Forge) changed.
[2025-11-23 12:01:07.218] [info]  [ProjectInstanceChangedEventHandler] Project instance 404465 - FTB Library (Forge) changed.
[2025-11-23 12:01:07.218] [info]  [ProjectInstanceChangedEventHandler] Project instance 394535 - Trash Cans changed.
[2025-11-23 12:01:07.227] [info]  [ProjectInstanceChangedEventHandler] Project instance 606989 - Underground Villages changed.
[2025-11-23 12:01:07.227] [info]  [ProjectInstanceChangedEventHandler] Project instance 252848 - Nature's Compass changed.
[2025-11-23 12:01:07.228] [info]  [ProjectInstanceChangedEventHandler] Project instance 658587 - playerAnimator changed.
[2025-11-23 12:01:07.228] [info]  [ProjectInstanceChangedEventHandler] Project instance 277616 - Spice of Life: Carrot Edition changed.
[2025-11-23 12:01:07.228] [info]  [ProjectInstanceChangedEventHandler] Project instance 223794 - Applied Energistics 2 changed.
[2025-11-23 12:01:07.228] [info]  [ProjectInstanceChangedEventHandler] Project instance 439890 - Create Crafts & Additions changed.
[2025-11-23 12:01:07.228] [info]  [ProjectInstanceChangedEventHandler] Project instance 938643 - Melody changed.
[2025-11-23 12:01:07.228] [info]  [ProjectInstanceChangedEventHandler] Project instance 1023517 - Not Enough Glyphs changed.
[2025-11-23 12:01:07.228] [info]  [ProjectInstanceChangedEventHandler] Project instance 297039 - Silent Gear changed.
[2025-11-23 12:01:07.228] [info]  [ProjectInstanceChangedEventHandler] Project instance 694231 - Xtones Reworked changed.
[2025-11-23 12:01:07.229] [info]  [ProjectInstanceChangedEventHandler] Project instance 1230590 - Bibliobiomes Legacy changed.
[2025-11-23 12:01:07.229] [info]  [ProjectInstanceChangedEventHandler] Project instance 1148201 - Mekanistic Routers changed.
[2025-11-23 12:01:07.229] [info]  [ProjectInstanceChangedEventHandler] Project instance 350006 - RFTools Storage changed.
[2025-11-23 12:01:07.229] [info]  [ProjectInstanceChangedEventHandler] Project instance 1132269 - Modular Machinery Reborn Ars Nouveau changed.
[2025-11-23 12:01:07.229] [info]  [ProjectInstanceChangedEventHandler] Project instance 1094032 - All The Arcanist Gear changed.
[2025-11-23 12:01:07.230] [info]  [ProjectInstanceChangedEventHandler] Project instance 242998 - Silent Lib (silentlib) changed.
[2025-11-23 12:01:07.230] [info]  [ProjectInstanceChangedEventHandler] Project instance 1001266 - Hardened Armadillos changed.
[2025-11-23 12:01:07.236] [info]  [ProjectInstanceChangedEventHandler] Project instance 638111 - Prism [Neo/Forge] changed.
[2025-11-23 12:01:07.237] [info]  [ProjectInstanceChangedEventHandler] Project instance 257356 - In Control! changed.
[2025-11-23 12:01:07.237] [info]  [ProjectInstanceChangedEventHandler] Project instance 1156551 - ExperienceLib changed.
[2025-11-23 12:01:07.237] [info]  [ProjectInstanceChangedEventHandler] Project instance 1329843 - KubeJS Draconic Evolution changed.
[2025-11-23 12:01:07.237] [info]  [ProjectInstanceChangedEventHandler] Project instance 261251 - Bad Wither No Cookie - Reloaded changed.
[2025-11-23 12:01:07.237] [info]  [ProjectInstanceChangedEventHandler] Project instance 676136 - Model Gap Fix changed.
[2025-11-23 12:01:07.237] [info]  [ProjectInstanceChangedEventHandler] Project instance 268566 - Mekanism Generators changed.
[2025-11-23 12:01:07.237] [info]  [ProjectInstanceChangedEventHandler] Project instance 412082 - Supplementaries changed.
[2025-11-23 12:01:07.238] [info]  [ProjectInstanceChangedEventHandler] Project instance 271740 - Toast Control changed.
[2025-11-23 12:01:07.238] [info]  [ProjectInstanceChangedEventHandler] Project instance 320926 - Scalable Cat's Force changed.
[2025-11-23 12:01:07.238] [info]  [ProjectInstanceChangedEventHandler] Project instance 1083840 - Modular Machinery Reborn changed.
[2025-11-23 12:01:07.238] [info]  [ProjectInstanceChangedEventHandler] Project instance 898963 - Apothic Attributes changed.
[2025-11-23 12:01:07.238] [info]  [ProjectInstanceChangedEventHandler] Project instance 531761 - Balm changed.
[2025-11-23 12:01:07.238] [info]  [ProjectInstanceChangedEventHandler] Project instance 898746 - Just Enough Mekanism Multiblocks changed.
[2025-11-23 12:01:07.238] [info]  [ProjectInstanceChangedEventHandler] Project instance 250398 - Controlling changed.
[2025-11-23 12:01:07.238] [info]  [ProjectInstanceChangedEventHandler] Project instance 410295 - Konkrete changed.
[2025-11-23 12:01:07.248] [info]  [ProjectInstanceChangedEventHandler] Project instance 927874 - Tree Tap changed.
[2025-11-23 12:01:07.249] [info]  [ProjectInstanceChangedEventHandler] Project instance 561885 - Just Zoom changed.
[2025-11-23 12:01:07.249] [info]  [ProjectInstanceChangedEventHandler] Project instance 892382 - MES - Moog's End Structures changed.
[2025-11-23 12:01:07.249] [info]  [ProjectInstanceChangedEventHandler] Project instance 854949 - Fusion (Connected Textures) changed.
[2025-11-23 12:01:07.249] [info]  [ProjectInstanceChangedEventHandler] Project instance 915115 - Formations (Structure Library) changed.
[2025-11-23 12:01:07.249] [info]  [ProjectInstanceChangedEventHandler] Project instance 961856 - AE2 Network Analyser changed.
[2025-11-23 12:01:07.250] [info]  [ProjectInstanceChangedEventHandler] Project instance 783522 - Structory: Towers changed.
[2025-11-23 12:01:07.250] [info]  [ProjectInstanceChangedEventHandler] Project instance 60028 - Aquaculture 2 changed.
[2025-11-23 12:01:07.250] [info]  [ProjectInstanceChangedEventHandler] Project instance 354339 - Open Loader changed.
[2025-11-23 12:01:07.250] [info]  [ProjectInstanceChangedEventHandler] Project instance 438332 - SuperMartijn642's Config Lib changed.
[2025-11-23 12:01:07.251] [info]  [ProjectInstanceChangedEventHandler] Project instance 426386 - Shrink. changed.
[2025-11-23 12:01:07.251] [info]  [ProjectInstanceChangedEventHandler] Project instance 227639 - The Twilight Forest changed.
[2025-11-23 12:01:07.251] [info]  [ProjectInstanceChangedEventHandler] Project instance 574300 - Applied Mekanistics changed.
[2025-11-23 12:01:07.251] [info]  [ProjectInstanceChangedEventHandler] Project instance 246640 - Mystical Agriculture changed.
[2025-11-23 12:01:07.251] [info]  [ProjectInstanceChangedEventHandler] Project instance 411357 - Botany Trees changed.
[2025-11-23 12:01:07.252] [info]  [ProjectInstanceChangedEventHandler] Project instance 899386 - Just Enough Breeding (JEBr) changed.
[2025-11-23 12:01:07.263] [info]  [ProjectInstanceChangedEventHandler] Project instance 1214396 - Camol changed.
[2025-11-23 12:01:07.263] [info]  [ProjectInstanceChangedEventHandler] Project instance 908741 - Embeddium changed.
[2025-11-23 12:01:07.263] [info]  [ProjectInstanceChangedEventHandler] Project instance 619320 - Sophisticated Storage changed.
[2025-11-23 12:01:07.263] [info]  [ProjectInstanceChangedEventHandler] Project instance 238222 - Just Enough Items (JEI) changed.
[2025-11-23 12:01:07.264] [info]  [ProjectInstanceChangedEventHandler] Project instance 841890 - Athena changed.
[2025-11-23 12:01:07.264] [info]  [ProjectInstanceChangedEventHandler] Project instance 248787 - AppleSkin changed.
[2025-11-23 12:01:07.264] [info]  [ProjectInstanceChangedEventHandler] Project instance 459929 - Applied Energistics 2 Wireless Terminals changed.
[2025-11-23 12:01:07.264] [info]  [ProjectInstanceChangedEventHandler] Project instance 551763 - Chisel Reborn [Forge/Fabric/NeoForge] changed.
[2025-11-23 12:01:07.265] [info]  [ProjectInstanceChangedEventHandler] Project instance 244256 - Reap Mod changed.
[2025-11-23 12:01:07.265] [info]  [ProjectInstanceChangedEventHandler] Project instance 1326856 - Quests Lang Splitter changed.
[2025-11-23 12:01:07.265] [info]  [ProjectInstanceChangedEventHandler] Project instance 422301 - Sophisticated Backpacks changed.
[2025-11-23 12:01:07.265] [info]  [ProjectInstanceChangedEventHandler] Project instance 1306367 - KubeJS Tweaks changed.
[2025-11-23 12:01:07.265] [info]  [ProjectInstanceChangedEventHandler] Project instance 266515 - Industrial Foregoing changed.
[2025-11-23 12:01:07.266] [info]  [ProjectInstanceChangedEventHandler] Project instance 371813 - Crash Utilities changed.
[2025-11-23 12:01:07.266] [info]  [ProjectInstanceChangedEventHandler] Project instance 1070541 - Repeatable Trial Vaults changed.
[2025-11-23 12:01:07.266] [info]  [ProjectInstanceChangedEventHandler] Project instance 314906 - FTB Chunks (NeoForge) changed.
[2025-11-23 12:01:07.277] [info]  [ProjectInstanceChangedEventHandler] Project instance 342466 - RFTools Utility changed.
[2025-11-23 12:01:07.278] [info]  [ProjectInstanceChangedEventHandler] Project instance 74610 - EvilCraft changed.
[2025-11-23 12:01:07.278] [info]  [ProjectInstanceChangedEventHandler] Project instance 986583 - Apothic Spawners changed.
[2025-11-23 12:01:07.278] [info]  [ProjectInstanceChangedEventHandler] Project instance 401955 - Ars Nouveau changed.
[2025-11-23 12:01:07.278] [info]  [ProjectInstanceChangedEventHandler] Project instance 256247 - Mystical Agradditions changed.
[2025-11-23 12:01:07.279] [info]  [ProjectInstanceChangedEventHandler] Project instance 915324 - Formations Overworld changed.
[2025-11-23 12:01:07.279] [info]  [ProjectInstanceChangedEventHandler] Project instance 367734 - Pocket Storage changed.
[2025-11-23 12:01:07.279] [info]  [ProjectInstanceChangedEventHandler] Project instance 391382 - More Overlays Updated changed.
[2025-11-23 12:01:07.279] [info]  [ProjectInstanceChangedEventHandler] Project instance 243707 - Corail Tombstone changed.
[2025-11-23 12:01:07.279] [info]  [ProjectInstanceChangedEventHandler] Project instance 32274 - JourneyMap changed.
[2025-11-23 12:01:07.279] [info]  [ProjectInstanceChangedEventHandler] Project instance 510656 - Wireless Chargers changed.
[2025-11-23 12:01:07.280] [info]  [ProjectInstanceChangedEventHandler] Project instance 1101111 - Iron's Gems 'n Jewelry changed.
[2025-11-23 12:01:07.280] [info]  [ProjectInstanceChangedEventHandler] Project instance 1023259 - Prickle changed.
[2025-11-23 12:01:07.280] [info]  [ProjectInstanceChangedEventHandler] Project instance 254268 - Torchmaster changed.
[2025-11-23 12:01:07.280] [info]  [ProjectInstanceChangedEventHandler] Project instance 385587 - Complementary Shaders - Unbound changed.
[2025-11-23 12:01:07.280] [info]  [ProjectInstanceChangedEventHandler] Project instance 290209 - RFTools Power changed.
[2025-11-23 12:01:07.291] [info]  [ProjectInstanceChangedEventHandler] Project instance 231951 - Immersive Engineering changed.
[2025-11-23 12:01:07.292] [info]  [ProjectInstanceChangedEventHandler] Project instance 855414 - Iron's Spells 'n Spellbooks changed.
[2025-11-23 12:01:07.292] [info]  [ProjectInstanceChangedEventHandler] Project instance 430906 - Cat Jammies changed.
[2025-11-23 12:01:07.292] [info]  [ProjectInstanceChangedEventHandler] Project instance 1156098 - Construction Sticks changed.
[2025-11-23 12:01:07.293] [info]  [ProjectInstanceChangedEventHandler] Project instance 231484 - Cooking for Blockheads changed.
[2025-11-23 12:01:07.293] [info]  [ProjectInstanceChangedEventHandler] Project instance 549225 - Framework changed.
[2025-11-23 12:01:07.293] [info]  [ProjectInstanceChangedEventHandler] Project instance 659090 - Fuel Goes Here changed.
[2025-11-23 12:01:07.294] [info]  [ProjectInstanceChangedEventHandler] Project instance 895919 - Time in a bottle [FORGE\NEOFORGE\FABRIC] changed.
[2025-11-23 12:01:07.294] [info]  [ProjectInstanceChangedEventHandler] Project instance 272515 - Better Advancements changed.
[2025-11-23 12:01:07.294] [info]  [ProjectInstanceChangedEventHandler] Project instance 896746 - Amendments changed.
[2025-11-23 12:01:07.294] [info]  [ProjectInstanceChangedEventHandler] Project instance 983390 - Simple Weather changed.
[2025-11-23 12:01:07.294] [info]  [ProjectInstanceChangedEventHandler] Project instance 364120 - All The Tweaks changed.
[2025-11-23 12:01:07.294] [info]  [ProjectInstanceChangedEventHandler] Project instance 377897 - Productive Bees changed.
[2025-11-23 12:01:07.295] [info]  [ProjectInstanceChangedEventHandler] Project instance 314002 - Overloaded Armor Bar changed.
[2025-11-23 12:01:07.295] [info]  [ProjectInstanceChangedEventHandler] Project instance 1213351 - Expanded AE changed.
[2025-11-23 12:01:07.295] [info]  [ProjectInstanceChangedEventHandler] Project instance 1122764 - Bibliowoods Legacy changed.
[2025-11-23 12:01:07.307] [info]  [ProjectInstanceChangedEventHandler] Project instance 288885 - FastWorkbench changed.
[2025-11-23 12:01:07.307] [info]  [ProjectInstanceChangedEventHandler] Project instance 236307 - Integrated Dynamics changed.
[2025-11-23 12:01:07.307] [info]  [ProjectInstanceChangedEventHandler] Project instance 242818 - CodeChicken Lib 1.8.+ changed.
[2025-11-23 12:01:07.307] [info]  [ProjectInstanceChangedEventHandler] Project instance 353882 - DimStorage changed.
[2025-11-23 12:01:07.307] [info]  [ProjectInstanceChangedEventHandler] Project instance 867286 - More Red x CC:Tweaked Compat changed.
[2025-11-23 12:01:07.308] [info]  [ProjectInstanceChangedEventHandler] Project instance 1007288 - Monocle changed.
[2025-11-23 12:01:07.308] [info]  [ProjectInstanceChangedEventHandler] Project instance 224218 - Compact Machines changed.
[2025-11-23 12:01:07.308] [info]  [ProjectInstanceChangedEventHandler] Project instance 419699 - Architectury API changed.
[2025-11-23 12:01:07.308] [info]  [ProjectInstanceChangedEventHandler] Project instance 558000 - Omega Config changed.
[2025-11-23 12:01:07.308] [info]  [ProjectInstanceChangedEventHandler] Project instance 367706 - FancyMenu changed.
[2025-11-23 12:01:07.308] [info]  [ProjectInstanceChangedEventHandler] Project instance 976858 - Inventory Tweaks - ReFoxed changed.
[2025-11-23 12:01:07.309] [info]  [ProjectInstanceChangedEventHandler] Project instance 561470 - Ars Elemental changed.
[2025-11-23 12:01:07.309] [info]  [ProjectInstanceChangedEventHandler] Project instance 233019 - AI Improvements changed.
[2025-11-23 12:01:07.309] [info]  [ProjectInstanceChangedEventHandler] Project instance 388172 - GeckoLib changed.
[2025-11-23 12:01:07.309] [info]  [ProjectInstanceChangedEventHandler] Project instance 237307 - Cosmetic Armor Reworked changed.
[2025-11-23 12:01:07.310] [info]  [ProjectInstanceChangedEventHandler] Project instance 250294 - Modular Routers changed.
[2025-11-23 12:01:07.310] [info]  [ProjectInstanceChangedEventHandler] Project instance 1172594 - KeyBind Bundles changed.
[2025-11-23 12:01:07.321] [info]  [ProjectInstanceChangedEventHandler] Project instance 905641 - Ars Énergistique changed.
[2025-11-23 12:01:07.321] [info]  [ProjectInstanceChangedEventHandler] Project instance 306770 - Patchouli changed.
[2025-11-23 12:01:07.321] [info]  [ProjectInstanceChangedEventHandler] Project instance 1119874 - Mekanism Covers changed.
[2025-11-23 12:01:07.321] [info]  [ProjectInstanceChangedEventHandler] Project instance 656136 - Gravitational Modulating Additional Unit changed.
[2025-11-23 12:01:07.322] [info]  [ProjectInstanceChangedEventHandler] Project instance 358700 - More Dragon Eggs changed.
[2025-11-23 12:01:07.322] [info]  [ProjectInstanceChangedEventHandler] Project instance 858542 - Searchables changed.
[2025-11-23 12:01:07.322] [info]  [ProjectInstanceChangedEventHandler] Project instance 653790 - XyCraft: Override changed.
[2025-11-23 12:01:07.322] [info]  [ProjectInstanceChangedEventHandler] Project instance 653791 - XyCraft: Machines changed.
[2025-11-23 12:01:07.322] [info]  [ProjectInstanceChangedEventHandler] Project instance 900364 - TownTalk changed.
[2025-11-23 12:01:07.322] [info]  [ProjectInstanceChangedEventHandler] Project instance 237664 - Iron Furnaces changed.
[2025-11-23 12:01:07.323] [info]  [ProjectInstanceChangedEventHandler] Project instance 633823 - Almost Unified changed.
[2025-11-23 12:01:07.323] [info]  [ProjectInstanceChangedEventHandler] Project instance 306626 - Nature's Aura changed.
[2025-11-23 12:01:07.323] [info]  [ProjectInstanceChangedEventHandler] Project instance 1005914 - Fzzy Config changed.
[2025-11-23 12:01:07.323] [info]  [ProjectInstanceChangedEventHandler] Project instance 400514 - Easy Villagers changed.
[2025-11-23 12:01:07.323] [info]  [ProjectInstanceChangedEventHandler] Project instance 300331 - Simply Light changed.
[2025-11-23 12:01:07.324] [info]  [ProjectInstanceChangedEventHandler] Project instance 1099143 - KeybindsPurger changed.
[2025-11-23 12:01:07.333] [info]  [ProjectInstanceChangedEventHandler] Project instance 1216624 - Create: Dragons Plus changed.
[2025-11-23 12:01:07.333] [info]  [ProjectInstanceChangedEventHandler] Project instance 351748 - Mining Gadgets changed.
[2025-11-23 12:01:07.333] [info]  [ProjectInstanceChangedEventHandler] Project instance 454372 - SuperMartijn642's Core Lib changed.
[2025-11-23 12:01:07.333] [info]  [ProjectInstanceChangedEventHandler] Project instance 410811 - FTB Essentials (Forge & Fabric) changed.
[2025-11-23 12:01:07.333] [info]  [ProjectInstanceChangedEventHandler] Project instance 431203 - MakeUp - Ultra Fast | Shaders changed.
[2025-11-23 12:01:07.334] [info]  [ProjectInstanceChangedEventHandler] Project instance 627557 - Complementary Shaders - Reimagined changed.
[2025-11-23 12:01:07.334] [info]  [ProjectInstanceChangedEventHandler] Project instance 1086142 - More Industrial Foregoing Addons (MIFA) changed.
[2025-11-23 12:01:07.334] [info]  [ProjectInstanceChangedEventHandler] Project instance 520110 - Iceberg [Neo/Forge] changed.
[2025-11-23 12:01:07.334] [info]  [ProjectInstanceChangedEventHandler] Project instance 281849 - PneumaticCraft: Repressurized changed.
[2025-11-23 12:01:07.334] [info]  [ProjectInstanceChangedEventHandler] Project instance 405593 - ATO - All the Ores changed.
[2025-11-23 12:01:07.334] [info]  [ProjectInstanceChangedEventHandler] Project instance 250419 - Enchantment Descriptions changed.
[2025-11-23 12:01:07.334] [info]  [ProjectInstanceChangedEventHandler] Project instance 456956 - Chipped changed.
[2025-11-23 12:01:07.334] [info]  [ProjectInstanceChangedEventHandler] Project instance 388800 - Polymorph (Fabric/Forge/Quilt) changed.
[2025-11-23 12:01:07.334] [info]  [ProjectInstanceChangedEventHandler] Project instance 245755 - Waystones changed.
[2025-11-23 12:01:07.344] [info]  [ProjectInstanceChangedEventHandler] Project instance 314905 - FTB Ranks (NeoForge) changed.
[2025-11-23 12:01:07.344] [info]  [ProjectInstanceChangedEventHandler] Project instance 1184406 - Transfer Labels changed.
[2025-11-23 12:01:07.344] [info]  [ProjectInstanceChangedEventHandler] Project instance 622888 - Ponder for KubeJS changed.
[2025-11-23 12:01:07.345] [info]  [ProjectInstanceChangedEventHandler] Project instance 250832 - OpenBlocks Elevator changed.
[2025-11-23 12:01:07.345] [info]  [ProjectInstanceChangedEventHandler] Project instance 256717 - Clumps changed.
[2025-11-23 12:01:07.345] [info]  [ProjectInstanceChangedEventHandler] Project instance 965012 - Applied Flux changed.
[2025-11-23 12:01:07.345] [info]  [ProjectInstanceChangedEventHandler] Project instance 686911 - ImmediatelyFast changed.
[2025-11-23 12:01:07.346] [info]  [ProjectInstanceChangedEventHandler] Project instance 576589 - PolyLib changed.
[2025-11-23 12:01:07.346] [info]  [ProjectInstanceChangedEventHandler] Project instance 574123 - Dark Mode Everywhere changed.
[2025-11-23 12:01:07.346] [info]  [ProjectInstanceChangedEventHandler] Project instance 1002348 - Just Dire Things changed.
[2025-11-23 12:01:07.347] [info]  [ProjectInstanceChangedEventHandler] Project instance 1165932 - Luminax changed.
[2025-11-23 12:01:07.347] [info]  [ProjectInstanceChangedEventHandler] Project instance 451682 - No Villager Death Messages changed.
[2025-11-23 12:01:07.347] [info]  [ProjectInstanceChangedEventHandler] Project instance 1100379 - Relics: Artifacts Compat changed.
[2025-11-23 12:01:07.348] [info]  [ProjectInstanceChangedEventHandler] Project instance 299540 - FastFurnace changed.
[2025-11-23 12:01:07.348] [info]  [ProjectInstanceChangedEventHandler] Project instance 251389 - Integrated Tunnels changed.
[2025-11-23 12:01:07.348] [info]  [ProjectInstanceChangedEventHandler] Project instance 525693 - Occultism KubeJS changed.
[2025-11-23 12:01:07.360] [info]  [ProjectInstanceChangedEventHandler] Project instance 60089 - Mouse Tweaks changed.
[2025-11-23 12:01:07.361] [info]  [ProjectInstanceChangedEventHandler] Project instance 1010827 - Uranus changed.
[2025-11-23 12:01:07.361] [info]  [ProjectInstanceChangedEventHandler] Project instance 443900 - Pipez changed.
[2025-11-23 12:01:07.361] [info]  [ProjectInstanceChangedEventHandler] Project instance 974408 - Ars Additions changed.
[2025-11-23 12:01:07.362] [info]  [ProjectInstanceChangedEventHandler] Project instance 746215 - StarbuncleMania changed.
[2025-11-23 12:01:07.362] [info]  [ProjectInstanceChangedEventHandler] Project instance 1108467 - Cobblegen Galore changed.
[2025-11-23 12:01:07.362] [info]  [ProjectInstanceChangedEventHandler] Project instance 306935 - Super Factory Manager ( SFM ) changed.
[2025-11-23 12:01:07.362] [info]  [ProjectInstanceChangedEventHandler] Project instance 280441 - Mystical Customization changed.
[2025-11-23 12:01:07.363] [info]  [ProjectInstanceChangedEventHandler] Project instance 431430 - FlickerFix changed.
[2025-11-23 12:01:07.363] [info]  [ProjectInstanceChangedEventHandler] Project instance 417802 - Gateways to Eternity changed.
[2025-11-23 12:01:07.363] [info]  [ProjectInstanceChangedEventHandler] Project instance 929559 - Utilitarian changed.
[2025-11-23 12:01:07.364] [info]  [ProjectInstanceChangedEventHandler] Project instance 383129 - Connected Glass changed.
[2025-11-23 12:01:07.364] [info]  [ProjectInstanceChangedEventHandler] Project instance 254241 - Mob Grinding Utils changed.
[2025-11-23 12:01:07.364] [info]  [ProjectInstanceChangedEventHandler] Project instance 1103259 - FTB JEI Extras changed.
[2025-11-23 12:01:07.364] [info]  [ProjectInstanceChangedEventHandler] Project instance 552758 - Modern Dynamics changed.
[2025-11-23 12:01:07.365] [info]  [ProjectInstanceChangedEventHandler] Project instance 889785 - Integrated Scripting changed.
[2025-11-23 12:01:07.365] [info]  [ProjectInstanceChangedEventHandler] Project instance 309927 - Curios API (Forge/NeoForge) changed.
[2025-11-23 12:01:07.375] [info]  [ProjectInstanceChangedEventHandler] Project instance 387638 - More Red changed.
[2025-11-23 12:01:07.375] [info]  [ProjectInstanceChangedEventHandler] Project instance 361276 - Lootr (Forge & NeoForge) changed.
[2025-11-23 12:01:07.376] [info]  [ProjectInstanceChangedEventHandler] Project instance 1030830 - Oritech changed.
[2025-11-23 12:01:07.376] [info]  [ProjectInstanceChangedEventHandler] Project instance 416935 - Valhelsia Core changed.
[2025-11-23 12:01:07.376] [info]  [ProjectInstanceChangedEventHandler] Project instance 656346 - Load My F***ing Tags changed.
[2025-11-23 12:01:07.376] [info]  [ProjectInstanceChangedEventHandler] Project instance 1074338 - AE2 JEI Integration changed.
[2025-11-23 12:01:07.376] [info]  [ProjectInstanceChangedEventHandler] Project instance 1145462 - Atlas API changed.
[2025-11-23 12:01:07.376] [info]  [ProjectInstanceChangedEventHandler] Project instance 394140 - Simple Magnets changed.
[2025-11-23 12:01:07.376] [info]  [ProjectInstanceChangedEventHandler] Project instance 455508 - Iris Shaders changed.
[2025-11-23 12:01:07.376] [info]  [ProjectInstanceChangedEventHandler] Project instance 634062 - No Chat Reports changed.
[2025-11-23 12:01:07.377] [info]  [ProjectInstanceChangedEventHandler] Project instance 1080592 - Eternal Starlight changed.
[2025-11-23 12:01:07.377] [info]  [ProjectInstanceChangedEventHandler] Project instance 1206582 - Oracle Index changed.
[2025-11-23 12:01:07.377] [info]  [ProjectInstanceChangedEventHandler] Project instance 691049 - Generator Galore changed.
[2025-11-23 12:01:07.377] [info]  [ProjectInstanceChangedEventHandler] Project instance 470193 - Connectivity changed.
[2025-11-23 12:01:07.383] [info]  [ProjectInstanceChangedEventHandler] Project instance 247921 - ZeroCore 2 changed.
[2025-11-23 12:01:07.384] [info]  [ProjectInstanceChangedEventHandler] Project instance 361579 - spark changed.
[2025-11-23 12:01:07.384] [info]  [ProjectInstanceChangedEventHandler] Project instance 514045 - AllTheCompressed changed.
[2025-11-23 12:01:07.384] [info]  [ProjectInstanceChangedEventHandler] Project instance 962544 - Oh The Trees You'll Grow changed.
[2025-11-23 12:01:07.384] [info]  [ProjectInstanceChangedEventHandler] Project instance 368293 - Repurposed Structures (Neoforge/Forge) changed.
[2025-11-23 12:01:07.384] [info]  [ProjectInstanceChangedEventHandler] Project instance 659110 - Regions Unexplored (forge/fabric) changed.
[2025-11-23 12:01:07.384] [info]  [ProjectInstanceChangedEventHandler] Project instance 1199188 - Silent Gear Metalworks changed.
[2025-11-23 12:01:07.384] [info]  [ProjectInstanceChangedEventHandler] Project instance 957920 - Glodium changed.
[2025-11-23 12:01:07.385] [info]  [ProjectInstanceChangedEventHandler] Project instance 1122260 - Bibliocraft Legacy changed.
[2025-11-23 12:01:07.385] [info]  [ProjectInstanceChangedEventHandler] Project instance 1086241 - AE2: Crafting Tree changed.
[2025-11-23 12:01:07.385] [info]  [ProjectInstanceChangedEventHandler] Project instance 1040076 - IceAndFire Community Edition changed.
[2025-11-23 12:01:07.385] [info]  [ProjectInstanceChangedEventHandler] Project instance 688367 - ME Requester changed.
[2025-11-23 12:01:07.385] [info]  [ProjectInstanceChangedEventHandler] Project instance 856996 - Cristel Lib changed.
[2025-11-23 12:01:07.385] [info]  [ProjectInstanceChangedEventHandler] Project instance 633483 - Powah! (Rearchitected) changed.
[2025-11-23 12:01:07.386] [info]  [ProjectInstanceChangedEventHandler] Project instance 1063926 - Apothic Enchanting changed.
[2025-11-23 12:01:07.395] [info]  [ProjectInstanceChangedEventHandler] Project instance 636540 - Structory changed.
[2025-11-23 12:01:07.395] [info]  [ProjectInstanceChangedEventHandler] Project instance 284497 - Iron Jetpacks changed.
[2025-11-23 12:01:07.395] [info]  [ProjectInstanceChangedEventHandler] Project instance 475117 - FastSuite changed.
[2025-11-23 12:01:07.395] [info]  [ProjectInstanceChangedEventHandler] Project instance 356801 - Potions Master changed.
[2025-11-23 12:01:07.396] [info]  [ProjectInstanceChangedEventHandler] Project instance 522992 - BlockUI changed.
[2025-11-23 12:01:07.396] [info]  [ProjectInstanceChangedEventHandler] Project instance 1111501 - I'm Fast changed.
[2025-11-23 12:01:07.396] [info]  [ProjectInstanceChangedEventHandler] Project instance 622112 - MEGA Cells changed.
[2025-11-23 12:01:07.396] [info]  [ProjectInstanceChangedEventHandler] Project instance 326652 - Cupboard changed.
[2025-11-23 12:01:07.396] [info]  [ProjectInstanceChangedEventHandler] Project instance 626761 - Towns and Towers changed.
[2025-11-23 12:01:07.396] [info]  [ProjectInstanceChangedEventHandler] Project instance 405388 - Modern Industrialization changed.
[2025-11-23 12:01:07.397] [info]  [ProjectInstanceChangedEventHandler] Project instance 379849 - The Undergarden changed.
[2025-11-23 12:01:07.397] [info]  [ProjectInstanceChangedEventHandler] Project instance 1089065 - Industrialization Overdrive changed.
[2025-11-23 12:01:07.397] [info]  [ProjectInstanceChangedEventHandler] Project instance 1254143 - Colorwheel changed.
[2025-11-23 12:01:07.397] [info]  [ProjectInstanceChangedEventHandler] Project instance 232758 - Cyclops Core changed.
[2025-11-23 12:01:07.397] [info]  [ProjectInstanceChangedEventHandler] Project instance 1173950 - GuideME changed.
[2025-11-23 12:01:07.397] [info]  [ProjectInstanceChangedEventHandler] Project instance 854213 - Colorful Hearts changed.
[2025-11-23 12:01:07.397] [info]  [ProjectInstanceChangedEventHandler] Project instance 1158094 - Deimos Lib changed.
[2025-11-23 12:01:07.405] [info]  [ProjectInstanceChangedEventHandler] Project instance 298187 - Building Gadgets changed.
[2025-11-23 12:01:07.405] [info]  [ProjectInstanceChangedEventHandler] Project instance 282805 - Restrictions changed.
[2025-11-23 12:01:07.405] [info]  [ProjectInstanceChangedEventHandler] Project instance 653789 - XyCraft: World changed.
[2025-11-23 12:01:07.405] [info]  [ProjectInstanceChangedEventHandler] Project instance 268560 - Mekanism changed.
[2025-11-23 12:01:07.405] [info]  [ProjectInstanceChangedEventHandler] Project instance 927064 - All the Wizard Gear changed.
[2025-11-23 12:01:07.405] [info]  [ProjectInstanceChangedEventHandler] Project instance 714059 - Resourceful Config changed.
[2025-11-23 12:01:07.406] [info]  [ProjectInstanceChangedEventHandler] Project instance 478559 - Measurements changed.
[2025-11-23 12:01:07.406] [info]  [ProjectInstanceChangedEventHandler] Project instance 509575 - Observable changed.
[2025-11-23 12:01:07.406] [info]  [ProjectInstanceChangedEventHandler] Project instance 363363 - Extreme sound muffler - (Neo)Forge changed.
[2025-11-23 12:01:07.406] [info]  [ProjectInstanceChangedEventHandler] Project instance 688768 - Create: Enchantment Industry changed.
[2025-11-23 12:01:07.406] [info]  [ProjectInstanceChangedEventHandler] Project instance 322506 - BSL Shaders changed.
[2025-11-23 12:01:07.406] [info]  [ProjectInstanceChangedEventHandler] Project instance 1067672 - Tesseract API (NeoForge) changed.
[2025-11-23 12:01:07.406] [info]  [ProjectInstanceChangedEventHandler] Project instance 968432 - MonoLib changed.
[2025-11-23 12:01:07.406] [info]  [ProjectInstanceChangedEventHandler] Project instance 282837 - Additional Enchanted Miner changed.
[2025-11-23 12:01:07.407] [info]  [ProjectInstanceChangedEventHandler] Project instance 916747 - OctoLib changed.
[2025-11-23 12:01:07.407] [info]  [ProjectInstanceChangedEventHandler] Project instance 575698 - Ars Creo changed.
[2025-11-23 12:01:07.415] [info]  [ProjectInstanceChangedEventHandler] Project instance 1131856 - Modular Machinery Reborn Mekanism changed.
[2025-11-23 12:01:07.416] [info]  [ProjectInstanceChangedEventHandler] Project instance 220311 - Silent's Gems changed.
[2025-11-23 12:01:07.416] [info]  [ProjectInstanceChangedEventHandler] Project instance 945149 - Glassential Renewed changed.
[2025-11-23 12:01:07.416] [info]  [ProjectInstanceChangedEventHandler] Project instance 1165429 - Ars Unification changed.
[2025-11-23 12:01:07.416] [info]  [ProjectInstanceChangedEventHandler] Project instance 255902 - Wither Skeleton Tweaks changed.
[2025-11-23 12:01:07.416] [info]  [ProjectInstanceChangedEventHandler] Project instance 556861 - Functional Storage changed.
[2025-11-23 12:01:07.416] [info]  [ProjectInstanceChangedEventHandler] Project instance 518211 - Pylons changed.
[2025-11-23 12:01:07.416] [info]  [ProjectInstanceChangedEventHandler] Project instance 411045 - Get It Together, Drops! changed.
[2025-11-23 12:01:07.417] [info]  [ProjectInstanceChangedEventHandler] Project instance 1001614 - Lionfish API changed.
[2025-11-23 12:01:07.417] [info]  [ProjectInstanceChangedEventHandler] Project instance 909375 - WITS (What Is This Structure?) changed.
[2025-11-23 12:01:07.417] [info]  [ProjectInstanceChangedEventHandler] Project instance 308989 - Caelus API changed.
[2025-11-23 12:01:07.417] [info]  [ProjectInstanceChangedEventHandler] Project instance 551524 - CreeperHost Presents Steve's Carts changed.
[2025-11-23 12:01:07.417] [info]  [ProjectInstanceChangedEventHandler] Project instance 260912 - XNet changed.
[2025-11-23 12:01:07.417] [info]  [ProjectInstanceChangedEventHandler] Project instance 693313 - CorgiLib changed.
[2025-11-23 12:01:07.417] [info]  [ProjectInstanceChangedEventHandler] Project instance 551894 - Better Compatibility Checker changed.
[2025-11-23 12:01:07.417] [info]  [ProjectInstanceChangedEventHandler] Project instance 583228 - Simple Backups changed.
[2025-11-23 12:01:07.418] [info]  [ProjectInstanceChangedEventHandler] Project instance 309858 - Forbidden and Arcanus changed.
[2025-11-23 12:01:07.425] [info]  [ProjectInstanceChangedEventHandler] Project instance 570354 - Nullscape changed.
[2025-11-23 12:01:07.425] [info]  [ProjectInstanceChangedEventHandler] Project instance 699872 - Accelerated Decay changed.
[2025-11-23 12:01:07.425] [info]  [ProjectInstanceChangedEventHandler] Project instance 907843 - Ars Ocultas changed.
[2025-11-23 12:01:07.425] [info]  [ProjectInstanceChangedEventHandler] Project instance 1072905 - Jupiter changed.
[2025-11-23 12:01:07.426] [info]  [ProjectInstanceChangedEventHandler] Project instance 640001 - Factory Blocks [Forge/Fabric/NeoForge] changed.
[2025-11-23 12:01:07.426] [info]  [ProjectInstanceChangedEventHandler] Project instance 295780 - Roots Classic changed.
[2025-11-23 12:01:07.426] [info]  [ProjectInstanceChangedEventHandler] Project instance 992377 - Immersive Energistics changed.
[2025-11-23 12:01:07.426] [info]  [ProjectInstanceChangedEventHandler] Project instance 223565 - Draconic Evolution changed.
[2025-11-23 12:01:07.426] [info]  [ProjectInstanceChangedEventHandler] Project instance 283644 - Placebo changed.
[2025-11-23 12:01:07.426] [info]  [ProjectInstanceChangedEventHandler] Project instance 430636 - Theurgy changed.
[2025-11-23 12:01:07.427] [info]  [ProjectInstanceChangedEventHandler] Project instance 1285475 - Colorwheel Patcher changed.
[2025-11-23 12:01:07.427] [info]  [ProjectInstanceChangedEventHandler] Project instance 936015 - Lithostitched changed.
[2025-11-23 12:01:07.427] [info]  [ProjectInstanceChangedEventHandler] Project instance 248020 - Flux Networks changed.
[2025-11-23 12:01:07.427] [info]  [ProjectInstanceChangedEventHandler] Project instance 1184570 - Productive Metalworks changed.
[2025-11-23 12:01:07.427] [info]  [ProjectInstanceChangedEventHandler] Project instance 282947 - Baubley Heart Canisters changed.
[2025-11-23 12:01:07.427] [info]  [ProjectInstanceChangedEventHandler] Project instance 889915 - FTB XMod Compat changed.
[2025-11-23 12:01:07.434] [info]  [ProjectInstanceChangedEventHandler] Project instance 301034 - Entangled changed.
[2025-11-23 12:01:07.435] [info]  [ProjectInstanceChangedEventHandler] Project instance 351264 - Kotlin for Forge changed.
[2025-11-23 12:01:07.435] [info]  [ProjectInstanceChangedEventHandler] Project instance 1154099 - Crash Assistant changed.
[2025-11-23 12:01:07.435] [info]  [ProjectInstanceChangedEventHandler] Project instance 943925 - FTB Filter System changed.
[2025-11-23 12:01:07.435] [info]  [ProjectInstanceChangedEventHandler] Project instance 395620 - Item Collectors changed.
[2025-11-23 12:01:07.435] [info]  [ProjectInstanceChangedEventHandler] Project instance 638508 - EdivadLib changed.
[2025-11-23 12:01:07.435] [info]  [ProjectInstanceChangedEventHandler] Project instance 250277 - Extreme Reactors changed.
[2025-11-23 12:01:07.435] [info]  [ProjectInstanceChangedEventHandler] Project instance 1121832 - Rainbows! changed.
[2025-11-23 12:01:07.435] [info]  [ProjectInstanceChangedEventHandler] Project instance 261924 - Farming for Blockheads changed.
[2025-11-23 12:01:07.435] [info]  [ProjectInstanceChangedEventHandler] Project instance 901491 - Railcraft Reborn changed.
[2025-11-23 12:01:07.435] [info]  [ProjectInstanceChangedEventHandler] Project instance 538392 - Modonomicon changed.
[2025-11-23 12:01:07.436] [info]  [ProjectInstanceChangedEventHandler] Project instance 362479 - The Bumblezone (NeoForge/Forge) changed.
[2025-11-23 12:01:07.436] [info]  [ProjectInstanceChangedEventHandler] Project instance 626839 - LaserIO changed.
[2025-11-23 12:01:07.436] [info]  [ProjectInstanceChangedEventHandler] Project instance 347706 - RFTools Builder changed.
[2025-11-23 12:01:07.436] [info]  [ProjectInstanceChangedEventHandler] Project instance 552574 - Hostile Neural Networks changed.
[2025-11-23 12:01:07.436] [info]  [ProjectInstanceChangedEventHandler] Project instance 231382 - Brandon's Core changed.
[2025-11-23 12:01:07.436] [info]  [ProjectInstanceChangedEventHandler] Project instance 1140741 - NeoAuth changed.
[2025-11-23 12:01:07.443] [info]  [ProjectInstanceChangedEventHandler] Project instance 790626 - ModernFix changed.
[2025-11-23 12:01:07.443] [info]  [ProjectInstanceChangedEventHandler] Project instance 635427 - Yeetus Experimentus changed.
[2025-11-23 12:01:07.443] [info]  [ProjectInstanceChangedEventHandler] Project instance 1143614 - Soulplied Energistics changed.
[2025-11-23 12:01:07.443] [info]  [ProjectInstanceChangedEventHandler] Project instance 404468 - FTB Teams (NeoForge) changed.
[2025-11-23 12:01:07.443] [info]  [ProjectInstanceChangedEventHandler] Project instance 1096161 - Ars Technica changed.
[2025-11-23 12:01:07.443] [info]  [ProjectInstanceChangedEventHandler] Project instance 1070751 - Oh The Biomes We've Gone changed.
[2025-11-23 12:01:07.444] [info]  [ProjectInstanceChangedEventHandler] Project instance 559313 - AEInfinityBooster changed.
[2025-11-23 12:01:07.444] [info]  [ProjectInstanceChangedEventHandler] Project instance 618298 - Sophisticated Core changed.
[2025-11-23 12:01:07.444] [info]  [ProjectInstanceChangedEventHandler] Project instance 904394 - Industrial Foregoing Souls changed.
[2025-11-23 12:01:07.444] [info]  [ProjectInstanceChangedEventHandler] Project instance 532610 - oωo (owo-lib) changed.
[2025-11-23 12:01:07.444] [info]  [ProjectInstanceChangedEventHandler] Project instance 328085 - Create changed.
[2025-11-23 12:01:07.444] [info]  [ProjectInstanceChangedEventHandler] Project instance 1084104 - AdvancedAE changed.
[2025-11-23 12:01:07.444] [info]  [ProjectInstanceChangedEventHandler] Project instance 416294 - Rhino changed.
[2025-11-23 12:01:07.445] [info]  [ProjectInstanceChangedEventHandler] Project instance 969602 - Nolijium changed.
[2025-11-23 12:01:07.445] [info]  [ProjectInstanceChangedEventHandler] Project instance 1275257 - Mekanism:More Machine changed.
[2025-11-23 12:01:07.451] [info]  [ProjectInstanceChangedEventHandler] Project instance 295910 - Integrated Terminals changed.
[2025-11-23 12:01:07.451] [info]  [ProjectInstanceChangedEventHandler] Project instance 225738 - MmmMmmMmmMmm (Target Dummy) changed.
[2025-11-23 12:01:07.451] [info]  [ProjectInstanceChangedEventHandler] Project instance 653786 - XyCraft changed.
[2025-11-23 12:01:07.451] [info]  [ProjectInstanceChangedEventHandler] Project instance 661293 - SmartBrainLib (Forge/Fabric/Quilt) changed.
[2025-11-23 12:01:07.452] [info]  [ProjectInstanceChangedEventHandler] Project instance 982512 - AE2 Import Export Card changed.
[2025-11-23 12:01:07.452] [info]  [ProjectInstanceChangedEventHandler] Project instance 890755 - Just Enough Archaeology changed.
[2025-11-23 12:01:07.452] [info]  [ProjectInstanceChangedEventHandler] Project instance 623908 - ChoiceTheorem's Overhauled Village changed.
[2025-11-23 12:01:07.452] [info]  [ProjectInstanceChangedEventHandler] Project instance 867074 - Productive Trees changed.
[2025-11-23 12:01:07.452] [info]  [ProjectInstanceChangedEventHandler] Project instance 968456 - Cobweb changed.
[2025-11-23 12:01:07.452] [info]  [ProjectInstanceChangedEventHandler] Project instance 312353 - Artifacts changed.
[2025-11-23 12:01:07.452] [info]  [ProjectInstanceChangedEventHandler] Project instance 353928 - Botany Pots changed.
[2025-11-23 12:01:07.453] [info]  [ProjectInstanceChangedEventHandler] Project instance 940057 - TerraBlender (NeoForge) changed.
[2025-11-23 12:01:07.453] [info]  [ProjectInstanceChangedEventHandler] Project instance 551586 - L_Ender 's Cataclysm changed.
[2025-11-23 12:01:07.453] [info]  [ProjectInstanceChangedEventHandler] Project instance 289412 - FTB Quests (NeoForge) changed.
[2025-11-23 12:01:07.460] [info]  [ProjectInstanceChangedEventHandler] Project instance 892005 - ExtendedAE changed.
[2025-11-23 12:01:07.460] [info]  [ProjectInstanceChangedEventHandler] Project instance 963206 - Theurgy KubeJS changed.
[2025-11-23 12:01:07.460] [info]  [ProjectInstanceChangedEventHandler] Project instance 1005676 - Create: Aquatic Ambitions changed.
[2025-11-23 12:01:07.460] [info]  [ProjectInstanceChangedEventHandler] Project instance 241160 - NetherPortalFix changed.
[2025-11-23 12:01:07.461] [info]  [ProjectInstanceChangedEventHandler] Project instance 267602 - ConnectedTexturesMod changed.
[2025-11-23 12:01:07.461] [info]  [ProjectInstanceChangedEventHandler] Project instance 64760 - Security Craft changed.
[2025-11-23 12:01:07.461] [info]  [ProjectInstanceChangedEventHandler] Project instance 1153666 - Ars Elemancy changed.
[2025-11-23 12:01:07.461] [info]  [ProjectInstanceChangedEventHandler] Project instance 398521 - Farmer's Delight changed.
[2025-11-23 12:01:07.461] [info]  [ProjectInstanceChangedEventHandler] Project instance 570073 - Resourceful Lib changed.
[2025-11-23 12:01:07.461] [info]  [ProjectInstanceChangedEventHandler] Project instance 268567 - Mekanism Tools changed.
[2025-11-23 12:01:07.461] [info]  [ProjectInstanceChangedEventHandler] Project instance 348521 - Cloth Config API (Fabric/Forge/NeoForge) changed.
[2025-11-23 12:01:07.462] [info]  [ProjectInstanceChangedEventHandler] Project instance 228404 - Actually Additions changed.
[2025-11-23 12:01:07.462] [info]  [ProjectInstanceChangedEventHandler] Project instance 313970 - Apotheosis changed.
[2025-11-23 12:01:07.462] [info]  [ProjectInstanceChangedEventHandler] Project instance 280510 - AttributeFix changed.
[2025-11-23 12:01:07.462] [info]  [ProjectInstanceChangedEventHandler] Project instance 1068418 - Extended Industrialization changed.
[2025-11-23 12:01:07.464] [info]  [ProjectInstanceChangedEventHandler] Project instance 416089 - Simple Voice Chat changed.
[2025-11-23 12:01:07.464] [info]  [ProjectInstanceChangedEventHandler] Project instance 918840 - Formations Nether changed.
[2025-11-23 12:01:08.312] [info]  [GameInstanceChangedEventHandler] Game instance changed: 3a9852f5-bf54-4ecd-a0cd-65a21587c0c2 - ["Saved"].
[2025-11-23 12:01:08.313] [info]  [ModpackChangedEventHandler] Modpack 3a9852f5-bf54-4ecd-a0cd-65a21587c0c2 changed.
[2025-11-23 12:01:08.355] [info]  [GameInstanceChangedEventHandler] Game instance changed: 3a9852f5-bf54-4ecd-a0cd-65a21587c0c2 - ["ScanningChanged"].
[2025-11-23 12:01:08.356] [info]  [GameInstanceChangedEventHandler] Game instance changed: 3a9852f5-bf54-4ecd-a0cd-65a21587c0c2 - ["ScanningChanged"].
[2025-11-23 12:01:08.357] [info]  [GameInstanceScanStartedEventHandler] Scan started for game 432 - Skibidi craft - 3a9852f5-bf54-4ecd-a0cd-65a21587c0c2.
[2025-11-23 12:01:08.358] [info]  [GameInstanceScanCompletedEventHandler] Scan complete for game 432 - Skibidi craft - 3a9852f5-bf54-4ecd-a0cd-65a21587c0c2.
[2025-11-23 12:01:08.375] [info]  [Renderer - Main Window] Instance 3a9852f5-bf54-4ecd-a0cd-65a21587c0c2 scan started - updating state [ [] ]
[2025-11-23 12:01:08.375] [info]  [Renderer - Main Window] Instance 3a9852f5-bf54-4ecd-a0cd-65a21587c0c2 scan started - updating state [ [] ]
[2025-11-23 12:01:08.375] [info]  [Renderer - Main Window] Instance 3a9852f5-bf54-4ecd-a0cd-65a21587c0c2 scan complete - updating state [ [] ]
[2025-11-23 12:01:08.376] [info]  [Renderer - Main Window] Instance 3a9852f5-bf54-4ecd-a0cd-65a21587c0c2 scan complete - updating state [ [] ]
[2025-11-23 12:01:11.292] [info]  [DesktopWindow] Desktop window closed.
[2025-11-23 12:01:11.292] [info]  [SessionsService] session ended.
[2025-11-23 12:01:11.293] [info]  [BackgroundController] Request to shutdown from tray ....
[2025-11-23 12:01:11.293] [info]  [BackgroundController] Shutting down....
[2025-11-23 12:01:11.293] [info]  [BackgroundController] Destroying app windows....
[2025-11-23 12:01:11.294] [info]  [AutoUpdaterServiceImpl] Stopping Auto Updater Service.
[2025-11-23 12:01:11.295] [info]  [CoreServiceImpl] Performing shutdown cleanup actions.
[2025-11-23 12:01:11.295] [info]  [InstalledProjectsAppServiceImpl] Cleanup - committing deletion transactions.
[2025-11-23 12:01:11.295] [info]  [InstalledProjectsAppServiceImpl] Flushing 0 projects which are pending deletion.
[2025-11-23 12:01:11.295] [info]  [CoreServiceImpl] Shutdown cleanup actions complete.
[2025-11-23 12:01:11.296] [info]  [PluginCommunication] Shutting down the Mods Agent.
[2025-11-23 12:01:12.293] [info]  [BackgroundController] Shutdown complete. Exiting app....
