11/7/2025, 8:54:55 PM GMT-3 [Modules] Modules initializing
11/7/2025, 8:54:55 PM GMT-3 [Modules] Distribution: remote
11/7/2025, 8:54:55 PM GMT-3 [Modules] Host updates: enabled
11/7/2025, 8:54:55 PM GMT-3 [Modules] Module updates: enabled
11/7/2025, 8:54:55 PM GMT-3 [Modules] Module install path: /home/vinicius/.config/discord/0.0.113/modules
11/7/2025, 8:54:55 PM GMT-3 [Modules] Module installed file path: /home/vinicius/.config/discord/0.0.113/modules/installed.json
11/7/2025, 8:54:55 PM GMT-3 [Modules] Module download path: /home/vinicius/.config/discord/0.0.113/modules/pending
11/7/2025, 8:54:56 PM GMT-3 [Modules] Bootstrapping...
11/7/2025, 8:54:56 PM GMT-3 [Modules] Installing discord_desktop_core@0 from /opt/discord/resources/bootstrap/discord_desktop_core.zip
11/7/2025, 8:54:56 PM GMT-3 [Modules] Failed installing discord_desktop_core@0: Error: ENOENT: no such file or directory, open '/opt/discord/resources/bootstrap/discord_desktop_core.zip'
11/7/2025, 8:54:56 PM GMT-3 [Modules] Installing discord_erlpack@0 from /opt/discord/resources/bootstrap/discord_erlpack.zip
11/7/2025, 8:54:56 PM GMT-3 [Modules] Failed installing discord_erlpack@0: Error: ENOENT: no such file or directory, open '/opt/discord/resources/bootstrap/discord_erlpack.zip'
11/7/2025, 8:54:56 PM GMT-3 [Modules] Installing discord_spellcheck@0 from /opt/discord/resources/bootstrap/discord_spellcheck.zip
11/7/2025, 8:54:56 PM GMT-3 [Modules] Failed installing discord_spellcheck@0: Error: ENOENT: no such file or directory, open '/opt/discord/resources/bootstrap/discord_spellcheck.zip'
11/7/2025, 8:54:56 PM GMT-3 [Modules] Installing discord_utils@0 from /opt/discord/resources/bootstrap/discord_utils.zip
11/7/2025, 8:54:56 PM GMT-3 [Modules] Failed installing discord_utils@0: Error: ENOENT: no such file or directory, open '/opt/discord/resources/bootstrap/discord_utils.zip'
11/7/2025, 8:54:56 PM GMT-3 [Modules] Installing discord_voice@0 from /opt/discord/resources/bootstrap/discord_voice.zip
11/7/2025, 8:54:56 PM GMT-3 [Modules] Failed installing discord_voice@0: Error: ENOENT: no such file or directory, open '/opt/discord/resources/bootstrap/discord_voice.zip'
11/7/2025, 8:54:56 PM GMT-3 [Modules] Installing discord_zstd@0 from /opt/discord/resources/bootstrap/discord_zstd.zip
11/7/2025, 8:54:56 PM GMT-3 [Modules] Failed installing discord_zstd@0: Error: ENOENT: no such file or directory, open '/opt/discord/resources/bootstrap/discord_zstd.zip'
11/7/2025, 8:54:56 PM GMT-3 [Modules] Finished module installations. [success: 0] [failure: 6]
11/7/2025, 8:54:56 PM GMT-3 [Modules] Checking for host updates.
11/7/2025, 8:54:56 PM GMT-3 [Modules] Host is up to date.
11/7/2025, 8:54:56 PM GMT-3 [Modules] Checking for module updates at https://discord.com/api/modules/stable/versions.json
11/7/2025, 8:54:56 PM GMT-3 [Modules] Module update available: discord_desktop_core@1 [installed: 0]
11/7/2025, 8:54:56 PM GMT-3 [Modules] Module update available: discord_erlpack@1 [installed: 0]
11/7/2025, 8:54:56 PM GMT-3 [Modules] Module update available: discord_spellcheck@1 [installed: 0]
11/7/2025, 8:54:56 PM GMT-3 [Modules] Module update available: discord_utils@1 [installed: 0]
11/7/2025, 8:54:56 PM GMT-3 [Modules] Module update available: discord_voice@1 [installed: 0]
11/7/2025, 8:54:56 PM GMT-3 [Modules] Module update available: discord_zstd@1 [installed: 0]
11/7/2025, 8:54:56 PM GMT-3 [Modules] Fetching discord_desktop_core@1 from https://discord.com/api/modules/stable/discord_desktop_core/1
11/7/2025, 8:54:56 PM GMT-3 [Modules] Streaming discord_desktop_core@1 to /home/vinicius/.config/discord/0.0.113/modules/pending/discord_desktop_core-1.zip
11/7/2025, 8:54:56 PM GMT-3 [Modules] Streaming discord_desktop_core@1 to /home/vinicius/.config/discord/0.0.113/modules/pending/discord_desktop_core-1.zip: 1%
11/7/2025, 8:54:56 PM GMT-3 [Modules] Streaming discord_desktop_core@1 to /home/vinicius/.config/discord/0.0.113/modules/pending/discord_desktop_core-1.zip: 2%
11/7/2025, 8:54:57 PM GMT-3 [Modules] Streaming discord_desktop_core@1 to /home/vinicius/.config/discord/0.0.113/modules/pending/discord_desktop_core-1.zip: 3%
11/7/2025, 8:54:57 PM GMT-3 [Modules] Streaming discord_desktop_core@1 to /home/vinicius/.config/discord/0.0.113/modules/pending/discord_desktop_core-1.zip: 4%
11/7/2025, 8:54:57 PM GMT-3 [Modules] Streaming discord_desktop_core@1 to /home/vinicius/.config/discord/0.0.113/modules/pending/discord_desktop_core-1.zip: 5%
11/7/2025, 8:54:57 PM GMT-3 [Modules] Streaming discord_desktop_core@1 to /home/vinicius/.config/discord/0.0.113/modules/pending/discord_desktop_core-1.zip: 6%
11/7/2025, 8:54:57 PM GMT-3 [Modules] Streaming discord_desktop_core@1 to /home/vinicius/.config/discord/0.0.113/modules/pending/discord_desktop_core-1.zip: 7%
11/7/2025, 8:54:57 PM GMT-3 [Modules] Streaming discord_desktop_core@1 to /home/vinicius/.config/discord/0.0.113/modules/pending/discord_desktop_core-1.zip: 8%
11/7/2025, 8:54:57 PM GMT-3 [Modules] Streaming discord_desktop_core@1 to /home/vinicius/.config/discord/0.0.113/modules/pending/discord_desktop_core-1.zip: 9%
11/7/2025, 8:54:57 PM GMT-3 [Modules] Streaming discord_desktop_core@1 to /home/vinicius/.config/discord/0.0.113/modules/pending/discord_desktop_core-1.zip: 10%
11/7/2025, 8:54:57 PM GMT-3 [Modules] Streaming discord_desktop_core@1 to /home/vinicius/.config/discord/0.0.113/modules/pending/discord_desktop_core-1.zip: 11%
11/7/2025, 8:54:57 PM GMT-3 [Modules] Streaming discord_desktop_core@1 to /home/vinicius/.config/discord/0.0.113/modules/pending/discord_desktop_core-1.zip: 12%
11/7/2025, 8:54:57 PM GMT-3 [Modules] Streaming discord_desktop_core@1 to /home/vinicius/.config/discord/0.0.113/modules/pending/discord_desktop_core-1.zip: 13%
11/7/2025, 8:54:57 PM GMT-3 [Modules] Streaming discord_desktop_core@1 to /home/vinicius/.config/discord/0.0.113/modules/pending/discord_desktop_core-1.zip: 14%
11/7/2025, 8:54:57 PM GMT-3 [Modules] Streaming discord_desktop_core@1 to /home/vinicius/.config/discord/0.0.113/modules/pending/discord_desktop_core-1.zip: 15%
11/7/2025, 8:54:57 PM GMT-3 [Modules] Streaming discord_desktop_core@1 to /home/vinicius/.config/discord/0.0.113/modules/pending/discord_desktop_core-1.zip: 17%
11/7/2025, 8:54:57 PM GMT-3 [Modules] Streaming discord_desktop_core@1 to /home/vinicius/.config/discord/0.0.113/modules/pending/discord_desktop_core-1.zip: 20%
11/7/2025, 8:54:57 PM GMT-3 [Modules] Streaming discord_desktop_core@1 to /home/vinicius/.config/discord/0.0.113/modules/pending/discord_desktop_core-1.zip: 23%
11/7/2025, 8:54:57 PM GMT-3 [Modules] Streaming discord_desktop_core@1 to /home/vinicius/.config/discord/0.0.113/modules/pending/discord_desktop_core-1.zip: 24%
11/7/2025, 8:54:57 PM GMT-3 [Modules] Streaming discord_desktop_core@1 to /home/vinicius/.config/discord/0.0.113/modules/pending/discord_desktop_core-1.zip: 25%
11/7/2025, 8:54:57 PM GMT-3 [Modules] Streaming discord_desktop_core@1 to /home/vinicius/.config/discord/0.0.113/modules/pending/discord_desktop_core-1.zip: 26%
11/7/2025, 8:54:57 PM GMT-3 [Modules] Streaming discord_desktop_core@1 to /home/vinicius/.config/discord/0.0.113/modules/pending/discord_desktop_core-1.zip: 27%
11/7/2025, 8:54:57 PM GMT-3 [Modules] Streaming discord_desktop_core@1 to /home/vinicius/.config/discord/0.0.113/modules/pending/discord_desktop_core-1.zip: 28%
11/7/2025, 8:54:57 PM GMT-3 [Modules] Streaming discord_desktop_core@1 to /home/vinicius/.config/discord/0.0.113/modules/pending/discord_desktop_core-1.zip: 29%
11/7/2025, 8:54:57 PM GMT-3 [Modules] Streaming discord_desktop_core@1 to /home/vinicius/.config/discord/0.0.113/modules/pending/discord_desktop_core-1.zip: 30%
11/7/2025, 8:54:57 PM GMT-3 [Modules] Streaming discord_desktop_core@1 to /home/vinicius/.config/discord/0.0.113/modules/pending/discord_desktop_core-1.zip: 31%
11/7/2025, 8:54:57 PM GMT-3 [Modules] Streaming discord_desktop_core@1 to /home/vinicius/.config/discord/0.0.113/modules/pending/discord_desktop_core-1.zip: 32%
11/7/2025, 8:54:57 PM GMT-3 [Modules] Streaming discord_desktop_core@1 to /home/vinicius/.config/discord/0.0.113/modules/pending/discord_desktop_core-1.zip: 33%
11/7/2025, 8:54:57 PM GMT-3 [Modules] Streaming discord_desktop_core@1 to /home/vinicius/.config/discord/0.0.113/modules/pending/discord_desktop_core-1.zip: 34%
11/7/2025, 8:54:57 PM GMT-3 [Modules] Streaming discord_desktop_core@1 to /home/vinicius/.config/discord/0.0.113/modules/pending/discord_desktop_core-1.zip: 35%
11/7/2025, 8:54:57 PM GMT-3 [Modules] Streaming discord_desktop_core@1 to /home/vinicius/.config/discord/0.0.113/modules/pending/discord_desktop_core-1.zip: 36%
11/7/2025, 8:54:57 PM GMT-3 [Modules] Streaming discord_desktop_core@1 to /home/vinicius/.config/discord/0.0.113/modules/pending/discord_desktop_core-1.zip: 37%
11/7/2025, 8:54:57 PM GMT-3 [Modules] Streaming discord_desktop_core@1 to /home/vinicius/.config/discord/0.0.113/modules/pending/discord_desktop_core-1.zip: 38%
11/7/2025, 8:54:57 PM GMT-3 [Modules] Streaming discord_desktop_core@1 to /home/vinicius/.config/discord/0.0.113/modules/pending/discord_desktop_core-1.zip: 39%
11/7/2025, 8:54:57 PM GMT-3 [Modules] Streaming discord_desktop_core@1 to /home/vinicius/.config/discord/0.0.113/modules/pending/discord_desktop_core-1.zip: 40%
11/7/2025, 8:54:57 PM GMT-3 [Modules] Streaming discord_desktop_core@1 to /home/vinicius/.config/discord/0.0.113/modules/pending/discord_desktop_core-1.zip: 41%
11/7/2025, 8:54:57 PM GMT-3 [Modules] Streaming discord_desktop_core@1 to /home/vinicius/.config/discord/0.0.113/modules/pending/discord_desktop_core-1.zip: 42%
11/7/2025, 8:54:57 PM GMT-3 [Modules] Streaming discord_desktop_core@1 to /home/vinicius/.config/discord/0.0.113/modules/pending/discord_desktop_core-1.zip: 45%
11/7/2025, 8:54:57 PM GMT-3 [Modules] Streaming discord_desktop_core@1 to /home/vinicius/.config/discord/0.0.113/modules/pending/discord_desktop_core-1.zip: 50%
11/7/2025, 8:54:57 PM GMT-3 [Modules] Streaming discord_desktop_core@1 to /home/vinicius/.config/discord/0.0.113/modules/pending/discord_desktop_core-1.zip: 57%
11/7/2025, 8:54:57 PM GMT-3 [Modules] Streaming discord_desktop_core@1 to /home/vinicius/.config/discord/0.0.113/modules/pending/discord_desktop_core-1.zip: 71%
11/7/2025, 8:54:57 PM GMT-3 [Modules] Streaming discord_desktop_core@1 to /home/vinicius/.config/discord/0.0.113/modules/pending/discord_desktop_core-1.zip: 72%
11/7/2025, 8:54:57 PM GMT-3 [Modules] Streaming discord_desktop_core@1 to /home/vinicius/.config/discord/0.0.113/modules/pending/discord_desktop_core-1.zip: 73%
11/7/2025, 8:54:57 PM GMT-3 [Modules] Streaming discord_desktop_core@1 to /home/vinicius/.config/discord/0.0.113/modules/pending/discord_desktop_core-1.zip: 74%
11/7/2025, 8:54:57 PM GMT-3 [Modules] Streaming discord_desktop_core@1 to /home/vinicius/.config/discord/0.0.113/modules/pending/discord_desktop_core-1.zip: 75%
11/7/2025, 8:54:57 PM GMT-3 [Modules] Streaming discord_desktop_core@1 to /home/vinicius/.config/discord/0.0.113/modules/pending/discord_desktop_core-1.zip: 76%
11/7/2025, 8:54:57 PM GMT-3 [Modules] Streaming discord_desktop_core@1 to /home/vinicius/.config/discord/0.0.113/modules/pending/discord_desktop_core-1.zip: 77%
11/7/2025, 8:54:57 PM GMT-3 [Modules] Streaming discord_desktop_core@1 to /home/vinicius/.config/discord/0.0.113/modules/pending/discord_desktop_core-1.zip: 78%
11/7/2025, 8:54:57 PM GMT-3 [Modules] Streaming discord_desktop_core@1 to /home/vinicius/.config/discord/0.0.113/modules/pending/discord_desktop_core-1.zip: 79%
11/7/2025, 8:54:57 PM GMT-3 [Modules] Streaming discord_desktop_core@1 to /home/vinicius/.config/discord/0.0.113/modules/pending/discord_desktop_core-1.zip: 80%
11/7/2025, 8:54:57 PM GMT-3 [Modules] Streaming discord_desktop_core@1 to /home/vinicius/.config/discord/0.0.113/modules/pending/discord_desktop_core-1.zip: 81%
11/7/2025, 8:54:57 PM GMT-3 [Modules] Streaming discord_desktop_core@1 to /home/vinicius/.config/discord/0.0.113/modules/pending/discord_desktop_core-1.zip: 82%
11/7/2025, 8:54:57 PM GMT-3 [Modules] Streaming discord_desktop_core@1 to /home/vinicius/.config/discord/0.0.113/modules/pending/discord_desktop_core-1.zip: 83%
11/7/2025, 8:54:57 PM GMT-3 [Modules] Streaming discord_desktop_core@1 to /home/vinicius/.config/discord/0.0.113/modules/pending/discord_desktop_core-1.zip: 84%
11/7/2025, 8:54:57 PM GMT-3 [Modules] Streaming discord_desktop_core@1 to /home/vinicius/.config/discord/0.0.113/modules/pending/discord_desktop_core-1.zip: 85%
11/7/2025, 8:54:57 PM GMT-3 [Modules] Streaming discord_desktop_core@1 to /home/vinicius/.config/discord/0.0.113/modules/pending/discord_desktop_core-1.zip: 86%
11/7/2025, 8:54:57 PM GMT-3 [Modules] Streaming discord_desktop_core@1 to /home/vinicius/.config/discord/0.0.113/modules/pending/discord_desktop_core-1.zip: 87%
11/7/2025, 8:54:57 PM GMT-3 [Modules] Streaming discord_desktop_core@1 to /home/vinicius/.config/discord/0.0.113/modules/pending/discord_desktop_core-1.zip: 88%
11/7/2025, 8:54:57 PM GMT-3 [Modules] Streaming discord_desktop_core@1 to /home/vinicius/.config/discord/0.0.113/modules/pending/discord_desktop_core-1.zip: 90%
11/7/2025, 8:54:57 PM GMT-3 [Modules] Streaming discord_desktop_core@1 to /home/vinicius/.config/discord/0.0.113/modules/pending/discord_desktop_core-1.zip: 91%
11/7/2025, 8:54:57 PM GMT-3 [Modules] Streaming discord_desktop_core@1 to /home/vinicius/.config/discord/0.0.113/modules/pending/discord_desktop_core-1.zip: 92%
11/7/2025, 8:54:57 PM GMT-3 [Modules] Streaming discord_desktop_core@1 to /home/vinicius/.config/discord/0.0.113/modules/pending/discord_desktop_core-1.zip: 95%
11/7/2025, 8:54:57 PM GMT-3 [Modules] Streaming discord_desktop_core@1 to /home/vinicius/.config/discord/0.0.113/modules/pending/discord_desktop_core-1.zip: 98%
11/7/2025, 8:54:57 PM GMT-3 [Modules] Streaming discord_desktop_core@1 to /home/vinicius/.config/discord/0.0.113/modules/pending/discord_desktop_core-1.zip: 99%
11/7/2025, 8:54:57 PM GMT-3 [Modules] Streaming discord_desktop_core@1 to /home/vinicius/.config/discord/0.0.113/modules/pending/discord_desktop_core-1.zip: 100%
11/7/2025, 8:54:57 PM GMT-3 [Modules] Fetching discord_erlpack@1 from https://discord.com/api/modules/stable/discord_erlpack/1
11/7/2025, 8:54:57 PM GMT-3 [Modules] Streaming discord_erlpack@1 to /home/vinicius/.config/discord/0.0.113/modules/pending/discord_erlpack-1.zip
11/7/2025, 8:54:58 PM GMT-3 [Modules] Streaming discord_erlpack@1 to /home/vinicius/.config/discord/0.0.113/modules/pending/discord_erlpack-1.zip: 1%
11/7/2025, 8:54:58 PM GMT-3 [Modules] Streaming discord_erlpack@1 to /home/vinicius/.config/discord/0.0.113/modules/pending/discord_erlpack-1.zip: 2%
11/7/2025, 8:54:58 PM GMT-3 [Modules] Streaming discord_erlpack@1 to /home/vinicius/.config/discord/0.0.113/modules/pending/discord_erlpack-1.zip: 3%
11/7/2025, 8:54:58 PM GMT-3 [Modules] Streaming discord_erlpack@1 to /home/vinicius/.config/discord/0.0.113/modules/pending/discord_erlpack-1.zip: 4%
11/7/2025, 8:54:58 PM GMT-3 [Modules] Streaming discord_erlpack@1 to /home/vinicius/.config/discord/0.0.113/modules/pending/discord_erlpack-1.zip: 5%
11/7/2025, 8:54:58 PM GMT-3 [Modules] Streaming discord_erlpack@1 to /home/vinicius/.config/discord/0.0.113/modules/pending/discord_erlpack-1.zip: 6%
11/7/2025, 8:54:58 PM GMT-3 [Modules] Streaming discord_erlpack@1 to /home/vinicius/.config/discord/0.0.113/modules/pending/discord_erlpack-1.zip: 7%
11/7/2025, 8:54:58 PM GMT-3 [Modules] Streaming discord_erlpack@1 to /home/vinicius/.config/discord/0.0.113/modules/pending/discord_erlpack-1.zip: 8%
11/7/2025, 8:54:58 PM GMT-3 [Modules] Streaming discord_erlpack@1 to /home/vinicius/.config/discord/0.0.113/modules/pending/discord_erlpack-1.zip: 9%
11/7/2025, 8:54:58 PM GMT-3 [Modules] Streaming discord_erlpack@1 to /home/vinicius/.config/discord/0.0.113/modules/pending/discord_erlpack-1.zip: 10%
11/7/2025, 8:54:58 PM GMT-3 [Modules] Streaming discord_erlpack@1 to /home/vinicius/.config/discord/0.0.113/modules/pending/discord_erlpack-1.zip: 11%
11/7/2025, 8:54:58 PM GMT-3 [Modules] Streaming discord_erlpack@1 to /home/vinicius/.config/discord/0.0.113/modules/pending/discord_erlpack-1.zip: 12%
11/7/2025, 8:54:58 PM GMT-3 [Modules] Streaming discord_erlpack@1 to /home/vinicius/.config/discord/0.0.113/modules/pending/discord_erlpack-1.zip: 13%
11/7/2025, 8:54:58 PM GMT-3 [Modules] Streaming discord_erlpack@1 to /home/vinicius/.config/discord/0.0.113/modules/pending/discord_erlpack-1.zip: 14%
11/7/2025, 8:54:58 PM GMT-3 [Modules] Streaming discord_erlpack@1 to /home/vinicius/.config/discord/0.0.113/modules/pending/discord_erlpack-1.zip: 15%
11/7/2025, 8:54:58 PM GMT-3 [Modules] Streaming discord_erlpack@1 to /home/vinicius/.config/discord/0.0.113/modules/pending/discord_erlpack-1.zip: 16%
11/7/2025, 8:54:58 PM GMT-3 [Modules] Streaming discord_erlpack@1 to /home/vinicius/.config/discord/0.0.113/modules/pending/discord_erlpack-1.zip: 17%
11/7/2025, 8:54:58 PM GMT-3 [Modules] Streaming discord_erlpack@1 to /home/vinicius/.config/discord/0.0.113/modules/pending/discord_erlpack-1.zip: 18%
11/7/2025, 8:54:58 PM GMT-3 [Modules] Streaming discord_erlpack@1 to /home/vinicius/.config/discord/0.0.113/modules/pending/discord_erlpack-1.zip: 19%
11/7/2025, 8:54:58 PM GMT-3 [Modules] Streaming discord_erlpack@1 to /home/vinicius/.config/discord/0.0.113/modules/pending/discord_erlpack-1.zip: 20%
11/7/2025, 8:54:58 PM GMT-3 [Modules] Streaming discord_erlpack@1 to /home/vinicius/.config/discord/0.0.113/modules/pending/discord_erlpack-1.zip: 21%
11/7/2025, 8:54:58 PM GMT-3 [Modules] Streaming discord_erlpack@1 to /home/vinicius/.config/discord/0.0.113/modules/pending/discord_erlpack-1.zip: 22%
11/7/2025, 8:54:58 PM GMT-3 [Modules] Streaming discord_erlpack@1 to /home/vinicius/.config/discord/0.0.113/modules/pending/discord_erlpack-1.zip: 23%
11/7/2025, 8:54:58 PM GMT-3 [Modules] Streaming discord_erlpack@1 to /home/vinicius/.config/discord/0.0.113/modules/pending/discord_erlpack-1.zip: 24%
11/7/2025, 8:54:58 PM GMT-3 [Modules] Streaming discord_erlpack@1 to /home/vinicius/.config/discord/0.0.113/modules/pending/discord_erlpack-1.zip: 25%
11/7/2025, 8:54:58 PM GMT-3 [Modules] Streaming discord_erlpack@1 to /home/vinicius/.config/discord/0.0.113/modules/pending/discord_erlpack-1.zip: 26%
11/7/2025, 8:54:58 PM GMT-3 [Modules] Streaming discord_erlpack@1 to /home/vinicius/.config/discord/0.0.113/modules/pending/discord_erlpack-1.zip: 27%
11/7/2025, 8:54:58 PM GMT-3 [Modules] Streaming discord_erlpack@1 to /home/vinicius/.config/discord/0.0.113/modules/pending/discord_erlpack-1.zip: 28%
11/7/2025, 8:54:58 PM GMT-3 [Modules] Streaming discord_erlpack@1 to /home/vinicius/.config/discord/0.0.113/modules/pending/discord_erlpack-1.zip: 29%
11/7/2025, 8:54:58 PM GMT-3 [Modules] Streaming discord_erlpack@1 to /home/vinicius/.config/discord/0.0.113/modules/pending/discord_erlpack-1.zip: 30%
11/7/2025, 8:54:58 PM GMT-3 [Modules] Streaming discord_erlpack@1 to /home/vinicius/.config/discord/0.0.113/modules/pending/discord_erlpack-1.zip: 31%
11/7/2025, 8:54:58 PM GMT-3 [Modules] Streaming discord_erlpack@1 to /home/vinicius/.config/discord/0.0.113/modules/pending/discord_erlpack-1.zip: 32%
11/7/2025, 8:54:58 PM GMT-3 [Modules] Streaming discord_erlpack@1 to /home/vinicius/.config/discord/0.0.113/modules/pending/discord_erlpack-1.zip: 33%
11/7/2025, 8:54:58 PM GMT-3 [Modules] Streaming discord_erlpack@1 to /home/vinicius/.config/discord/0.0.113/modules/pending/discord_erlpack-1.zip: 34%
11/7/2025, 8:54:58 PM GMT-3 [Modules] Streaming discord_erlpack@1 to /home/vinicius/.config/discord/0.0.113/modules/pending/discord_erlpack-1.zip: 35%
11/7/2025, 8:54:58 PM GMT-3 [Modules] Streaming discord_erlpack@1 to /home/vinicius/.config/discord/0.0.113/modules/pending/discord_erlpack-1.zip: 36%
11/7/2025, 8:54:58 PM GMT-3 [Modules] Streaming discord_erlpack@1 to /home/vinicius/.config/discord/0.0.113/modules/pending/discord_erlpack-1.zip: 37%
11/7/2025, 8:54:58 PM GMT-3 [Modules] Streaming discord_erlpack@1 to /home/vinicius/.config/discord/0.0.113/modules/pending/discord_erlpack-1.zip: 38%
11/7/2025, 8:54:58 PM GMT-3 [Modules] Streaming discord_erlpack@1 to /home/vinicius/.config/discord/0.0.113/modules/pending/discord_erlpack-1.zip: 39%
11/7/2025, 8:54:58 PM GMT-3 [Modules] Streaming discord_erlpack@1 to /home/vinicius/.config/discord/0.0.113/modules/pending/discord_erlpack-1.zip: 40%
11/7/2025, 8:54:58 PM GMT-3 [Modules] Streaming discord_erlpack@1 to /home/vinicius/.config/discord/0.0.113/modules/pending/discord_erlpack-1.zip: 41%
11/7/2025, 8:54:58 PM GMT-3 [Modules] Streaming discord_erlpack@1 to /home/vinicius/.config/discord/0.0.113/modules/pending/discord_erlpack-1.zip: 42%
11/7/2025, 8:54:58 PM GMT-3 [Modules] Streaming discord_erlpack@1 to /home/vinicius/.config/discord/0.0.113/modules/pending/discord_erlpack-1.zip: 43%
11/7/2025, 8:54:58 PM GMT-3 [Modules] Streaming discord_erlpack@1 to /home/vinicius/.config/discord/0.0.113/modules/pending/discord_erlpack-1.zip: 44%
11/7/2025, 8:54:58 PM GMT-3 [Modules] Streaming discord_erlpack@1 to /home/vinicius/.config/discord/0.0.113/modules/pending/discord_erlpack-1.zip: 45%
11/7/2025, 8:54:58 PM GMT-3 [Modules] Streaming discord_erlpack@1 to /home/vinicius/.config/discord/0.0.113/modules/pending/discord_erlpack-1.zip: 46%
11/7/2025, 8:54:58 PM GMT-3 [Modules] Streaming discord_erlpack@1 to /home/vinicius/.config/discord/0.0.113/modules/pending/discord_erlpack-1.zip: 47%
11/7/2025, 8:54:58 PM GMT-3 [Modules] Streaming discord_erlpack@1 to /home/vinicius/.config/discord/0.0.113/modules/pending/discord_erlpack-1.zip: 48%
11/7/2025, 8:54:58 PM GMT-3 [Modules] Streaming discord_erlpack@1 to /home/vinicius/.config/discord/0.0.113/modules/pending/discord_erlpack-1.zip: 49%
11/7/2025, 8:54:58 PM GMT-3 [Modules] Streaming discord_erlpack@1 to /home/vinicius/.config/discord/0.0.113/modules/pending/discord_erlpack-1.zip: 50%
11/7/2025, 8:54:58 PM GMT-3 [Modules] Streaming discord_erlpack@1 to /home/vinicius/.config/discord/0.0.113/modules/pending/discord_erlpack-1.zip: 51%
11/7/2025, 8:54:58 PM GMT-3 [Modules] Streaming discord_erlpack@1 to /home/vinicius/.config/discord/0.0.113/modules/pending/discord_erlpack-1.zip: 52%
11/7/2025, 8:54:58 PM GMT-3 [Modules] Streaming discord_erlpack@1 to /home/vinicius/.config/discord/0.0.113/modules/pending/discord_erlpack-1.zip: 53%
11/7/2025, 8:54:58 PM GMT-3 [Modules] Streaming discord_erlpack@1 to /home/vinicius/.config/discord/0.0.113/modules/pending/discord_erlpack-1.zip: 54%
11/7/2025, 8:54:58 PM GMT-3 [Modules] Streaming discord_erlpack@1 to /home/vinicius/.config/discord/0.0.113/modules/pending/discord_erlpack-1.zip: 55%
11/7/2025, 8:54:58 PM GMT-3 [Modules] Streaming discord_erlpack@1 to /home/vinicius/.config/discord/0.0.113/modules/pending/discord_erlpack-1.zip: 56%
11/7/2025, 8:54:58 PM GMT-3 [Modules] Streaming discord_erlpack@1 to /home/vinicius/.config/discord/0.0.113/modules/pending/discord_erlpack-1.zip: 57%
11/7/2025, 8:54:58 PM GMT-3 [Modules] Streaming discord_erlpack@1 to /home/vinicius/.config/discord/0.0.113/modules/pending/discord_erlpack-1.zip: 58%
11/7/2025, 8:54:58 PM GMT-3 [Modules] Streaming discord_erlpack@1 to /home/vinicius/.config/discord/0.0.113/modules/pending/discord_erlpack-1.zip: 59%
11/7/2025, 8:54:58 PM GMT-3 [Modules] Streaming discord_erlpack@1 to /home/vinicius/.config/discord/0.0.113/modules/pending/discord_erlpack-1.zip: 60%
11/7/2025, 8:54:58 PM GMT-3 [Modules] Streaming discord_erlpack@1 to /home/vinicius/.config/discord/0.0.113/modules/pending/discord_erlpack-1.zip: 61%
11/7/2025, 8:54:58 PM GMT-3 [Modules] Streaming discord_erlpack@1 to /home/vinicius/.config/discord/0.0.113/modules/pending/discord_erlpack-1.zip: 62%
11/7/2025, 8:54:58 PM GMT-3 [Modules] Streaming discord_erlpack@1 to /home/vinicius/.config/discord/0.0.113/modules/pending/discord_erlpack-1.zip: 63%
11/7/2025, 8:54:58 PM GMT-3 [Modules] Streaming discord_erlpack@1 to /home/vinicius/.config/discord/0.0.113/modules/pending/discord_erlpack-1.zip: 64%
11/7/2025, 8:54:58 PM GMT-3 [Modules] Streaming discord_erlpack@1 to /home/vinicius/.config/discord/0.0.113/modules/pending/discord_erlpack-1.zip: 65%
11/7/2025, 8:54:58 PM GMT-3 [Modules] Streaming discord_erlpack@1 to /home/vinicius/.config/discord/0.0.113/modules/pending/discord_erlpack-1.zip: 66%
11/7/2025, 8:54:58 PM GMT-3 [Modules] Streaming discord_erlpack@1 to /home/vinicius/.config/discord/0.0.113/modules/pending/discord_erlpack-1.zip: 67%
11/7/2025, 8:54:58 PM GMT-3 [Modules] Streaming discord_erlpack@1 to /home/vinicius/.config/discord/0.0.113/modules/pending/discord_erlpack-1.zip: 68%
11/7/2025, 8:54:58 PM GMT-3 [Modules] Streaming discord_erlpack@1 to /home/vinicius/.config/discord/0.0.113/modules/pending/discord_erlpack-1.zip: 69%
11/7/2025, 8:54:58 PM GMT-3 [Modules] Streaming discord_erlpack@1 to /home/vinicius/.config/discord/0.0.113/modules/pending/discord_erlpack-1.zip: 70%
11/7/2025, 8:54:58 PM GMT-3 [Modules] Streaming discord_erlpack@1 to /home/vinicius/.config/discord/0.0.113/modules/pending/discord_erlpack-1.zip: 71%
11/7/2025, 8:54:58 PM GMT-3 [Modules] Streaming discord_erlpack@1 to /home/vinicius/.config/discord/0.0.113/modules/pending/discord_erlpack-1.zip: 72%
11/7/2025, 8:54:58 PM GMT-3 [Modules] Streaming discord_erlpack@1 to /home/vinicius/.config/discord/0.0.113/modules/pending/discord_erlpack-1.zip: 73%
11/7/2025, 8:54:58 PM GMT-3 [Modules] Streaming discord_erlpack@1 to /home/vinicius/.config/discord/0.0.113/modules/pending/discord_erlpack-1.zip: 74%
11/7/2025, 8:54:58 PM GMT-3 [Modules] Streaming discord_erlpack@1 to /home/vinicius/.config/discord/0.0.113/modules/pending/discord_erlpack-1.zip: 75%
11/7/2025, 8:54:58 PM GMT-3 [Modules] Streaming discord_erlpack@1 to /home/vinicius/.config/discord/0.0.113/modules/pending/discord_erlpack-1.zip: 76%
11/7/2025, 8:54:58 PM GMT-3 [Modules] Streaming discord_erlpack@1 to /home/vinicius/.config/discord/0.0.113/modules/pending/discord_erlpack-1.zip: 77%
11/7/2025, 8:54:58 PM GMT-3 [Modules] Streaming discord_erlpack@1 to /home/vinicius/.config/discord/0.0.113/modules/pending/discord_erlpack-1.zip: 78%
11/7/2025, 8:54:58 PM GMT-3 [Modules] Streaming discord_erlpack@1 to /home/vinicius/.config/discord/0.0.113/modules/pending/discord_erlpack-1.zip: 79%
11/7/2025, 8:54:58 PM GMT-3 [Modules] Streaming discord_erlpack@1 to /home/vinicius/.config/discord/0.0.113/modules/pending/discord_erlpack-1.zip: 80%
11/7/2025, 8:54:58 PM GMT-3 [Modules] Streaming discord_erlpack@1 to /home/vinicius/.config/discord/0.0.113/modules/pending/discord_erlpack-1.zip: 81%
11/7/2025, 8:54:58 PM GMT-3 [Modules] Streaming discord_erlpack@1 to /home/vinicius/.config/discord/0.0.113/modules/pending/discord_erlpack-1.zip: 82%
11/7/2025, 8:54:58 PM GMT-3 [Modules] Streaming discord_erlpack@1 to /home/vinicius/.config/discord/0.0.113/modules/pending/discord_erlpack-1.zip: 83%
11/7/2025, 8:54:58 PM GMT-3 [Modules] Streaming discord_erlpack@1 to /home/vinicius/.config/discord/0.0.113/modules/pending/discord_erlpack-1.zip: 84%
11/7/2025, 8:54:58 PM GMT-3 [Modules] Streaming discord_erlpack@1 to /home/vinicius/.config/discord/0.0.113/modules/pending/discord_erlpack-1.zip: 85%
11/7/2025, 8:54:58 PM GMT-3 [Modules] Streaming discord_erlpack@1 to /home/vinicius/.config/discord/0.0.113/modules/pending/discord_erlpack-1.zip: 86%
11/7/2025, 8:54:58 PM GMT-3 [Modules] Streaming discord_erlpack@1 to /home/vinicius/.config/discord/0.0.113/modules/pending/discord_erlpack-1.zip: 87%
11/7/2025, 8:54:58 PM GMT-3 [Modules] Streaming discord_erlpack@1 to /home/vinicius/.config/discord/0.0.113/modules/pending/discord_erlpack-1.zip: 88%
11/7/2025, 8:54:58 PM GMT-3 [Modules] Streaming discord_erlpack@1 to /home/vinicius/.config/discord/0.0.113/modules/pending/discord_erlpack-1.zip: 89%
11/7/2025, 8:54:58 PM GMT-3 [Modules] Streaming discord_erlpack@1 to /home/vinicius/.config/discord/0.0.113/modules/pending/discord_erlpack-1.zip: 90%
11/7/2025, 8:54:58 PM GMT-3 [Modules] Streaming discord_erlpack@1 to /home/vinicius/.config/discord/0.0.113/modules/pending/discord_erlpack-1.zip: 91%
11/7/2025, 8:54:58 PM GMT-3 [Modules] Streaming discord_erlpack@1 to /home/vinicius/.config/discord/0.0.113/modules/pending/discord_erlpack-1.zip: 92%
11/7/2025, 8:54:58 PM GMT-3 [Modules] Streaming discord_erlpack@1 to /home/vinicius/.config/discord/0.0.113/modules/pending/discord_erlpack-1.zip: 93%
11/7/2025, 8:54:58 PM GMT-3 [Modules] Streaming discord_erlpack@1 to /home/vinicius/.config/discord/0.0.113/modules/pending/discord_erlpack-1.zip: 94%
11/7/2025, 8:54:58 PM GMT-3 [Modules] Streaming discord_erlpack@1 to /home/vinicius/.config/discord/0.0.113/modules/pending/discord_erlpack-1.zip: 95%
11/7/2025, 8:54:58 PM GMT-3 [Modules] Streaming discord_erlpack@1 to /home/vinicius/.config/discord/0.0.113/modules/pending/discord_erlpack-1.zip: 96%
11/7/2025, 8:54:58 PM GMT-3 [Modules] Streaming discord_erlpack@1 to /home/vinicius/.config/discord/0.0.113/modules/pending/discord_erlpack-1.zip: 97%
11/7/2025, 8:54:58 PM GMT-3 [Modules] Streaming discord_erlpack@1 to /home/vinicius/.config/discord/0.0.113/modules/pending/discord_erlpack-1.zip: 98%
11/7/2025, 8:54:58 PM GMT-3 [Modules] Streaming discord_erlpack@1 to /home/vinicius/.config/discord/0.0.113/modules/pending/discord_erlpack-1.zip: 99%
11/7/2025, 8:54:58 PM GMT-3 [Modules] Streaming discord_erlpack@1 to /home/vinicius/.config/discord/0.0.113/modules/pending/discord_erlpack-1.zip: 100%
11/7/2025, 8:54:58 PM GMT-3 [Modules] Fetching discord_spellcheck@1 from https://discord.com/api/modules/stable/discord_spellcheck/1
11/7/2025, 8:54:58 PM GMT-3 [Modules] Streaming discord_spellcheck@1 to /home/vinicius/.config/discord/0.0.113/modules/pending/discord_spellcheck-1.zip
11/7/2025, 8:54:59 PM GMT-3 [Modules] Streaming discord_spellcheck@1 to /home/vinicius/.config/discord/0.0.113/modules/pending/discord_spellcheck-1.zip: 1%
11/7/2025, 8:54:59 PM GMT-3 [Modules] Streaming discord_spellcheck@1 to /home/vinicius/.config/discord/0.0.113/modules/pending/discord_spellcheck-1.zip: 2%
11/7/2025, 8:54:59 PM GMT-3 [Modules] Streaming discord_spellcheck@1 to /home/vinicius/.config/discord/0.0.113/modules/pending/discord_spellcheck-1.zip: 3%
11/7/2025, 8:54:59 PM GMT-3 [Modules] Streaming discord_spellcheck@1 to /home/vinicius/.config/discord/0.0.113/modules/pending/discord_spellcheck-1.zip: 4%
11/7/2025, 8:54:59 PM GMT-3 [Modules] Streaming discord_spellcheck@1 to /home/vinicius/.config/discord/0.0.113/modules/pending/discord_spellcheck-1.zip: 5%
11/7/2025, 8:54:59 PM GMT-3 [Modules] Streaming discord_spellcheck@1 to /home/vinicius/.config/discord/0.0.113/modules/pending/discord_spellcheck-1.zip: 6%
11/7/2025, 8:54:59 PM GMT-3 [Modules] Streaming discord_spellcheck@1 to /home/vinicius/.config/discord/0.0.113/modules/pending/discord_spellcheck-1.zip: 7%
11/7/2025, 8:54:59 PM GMT-3 [Modules] Streaming discord_spellcheck@1 to /home/vinicius/.config/discord/0.0.113/modules/pending/discord_spellcheck-1.zip: 8%
11/7/2025, 8:54:59 PM GMT-3 [Modules] Streaming discord_spellcheck@1 to /home/vinicius/.config/discord/0.0.113/modules/pending/discord_spellcheck-1.zip: 9%
11/7/2025, 8:54:59 PM GMT-3 [Modules] Streaming discord_spellcheck@1 to /home/vinicius/.config/discord/0.0.113/modules/pending/discord_spellcheck-1.zip: 10%
11/7/2025, 8:54:59 PM GMT-3 [Modules] Streaming discord_spellcheck@1 to /home/vinicius/.config/discord/0.0.113/modules/pending/discord_spellcheck-1.zip: 11%
11/7/2025, 8:54:59 PM GMT-3 [Modules] Streaming discord_spellcheck@1 to /home/vinicius/.config/discord/0.0.113/modules/pending/discord_spellcheck-1.zip: 12%
11/7/2025, 8:54:59 PM GMT-3 [Modules] Streaming discord_spellcheck@1 to /home/vinicius/.config/discord/0.0.113/modules/pending/discord_spellcheck-1.zip: 13%
11/7/2025, 8:54:59 PM GMT-3 [Modules] Streaming discord_spellcheck@1 to /home/vinicius/.config/discord/0.0.113/modules/pending/discord_spellcheck-1.zip: 14%
11/7/2025, 8:54:59 PM GMT-3 [Modules] Streaming discord_spellcheck@1 to /home/vinicius/.config/discord/0.0.113/modules/pending/discord_spellcheck-1.zip: 15%
11/7/2025, 8:54:59 PM GMT-3 [Modules] Streaming discord_spellcheck@1 to /home/vinicius/.config/discord/0.0.113/modules/pending/discord_spellcheck-1.zip: 16%
11/7/2025, 8:54:59 PM GMT-3 [Modules] Streaming discord_spellcheck@1 to /home/vinicius/.config/discord/0.0.113/modules/pending/discord_spellcheck-1.zip: 17%
11/7/2025, 8:54:59 PM GMT-3 [Modules] Streaming discord_spellcheck@1 to /home/vinicius/.config/discord/0.0.113/modules/pending/discord_spellcheck-1.zip: 18%
11/7/2025, 8:54:59 PM GMT-3 [Modules] Streaming discord_spellcheck@1 to /home/vinicius/.config/discord/0.0.113/modules/pending/discord_spellcheck-1.zip: 19%
11/7/2025, 8:54:59 PM GMT-3 [Modules] Streaming discord_spellcheck@1 to /home/vinicius/.config/discord/0.0.113/modules/pending/discord_spellcheck-1.zip: 20%
11/7/2025, 8:54:59 PM GMT-3 [Modules] Streaming discord_spellcheck@1 to /home/vinicius/.config/discord/0.0.113/modules/pending/discord_spellcheck-1.zip: 21%
11/7/2025, 8:54:59 PM GMT-3 [Modules] Streaming discord_spellcheck@1 to /home/vinicius/.config/discord/0.0.113/modules/pending/discord_spellcheck-1.zip: 22%
11/7/2025, 8:54:59 PM GMT-3 [Modules] Streaming discord_spellcheck@1 to /home/vinicius/.config/discord/0.0.113/modules/pending/discord_spellcheck-1.zip: 23%
11/7/2025, 8:54:59 PM GMT-3 [Modules] Streaming discord_spellcheck@1 to /home/vinicius/.config/discord/0.0.113/modules/pending/discord_spellcheck-1.zip: 24%
11/7/2025, 8:54:59 PM GMT-3 [Modules] Streaming discord_spellcheck@1 to /home/vinicius/.config/discord/0.0.113/modules/pending/discord_spellcheck-1.zip: 25%
11/7/2025, 8:54:59 PM GMT-3 [Modules] Streaming discord_spellcheck@1 to /home/vinicius/.config/discord/0.0.113/modules/pending/discord_spellcheck-1.zip: 26%
11/7/2025, 8:54:59 PM GMT-3 [Modules] Streaming discord_spellcheck@1 to /home/vinicius/.config/discord/0.0.113/modules/pending/discord_spellcheck-1.zip: 27%
11/7/2025, 8:54:59 PM GMT-3 [Modules] Streaming discord_spellcheck@1 to /home/vinicius/.config/discord/0.0.113/modules/pending/discord_spellcheck-1.zip: 28%
11/7/2025, 8:54:59 PM GMT-3 [Modules] Streaming discord_spellcheck@1 to /home/vinicius/.config/discord/0.0.113/modules/pending/discord_spellcheck-1.zip: 29%
11/7/2025, 8:54:59 PM GMT-3 [Modules] Streaming discord_spellcheck@1 to /home/vinicius/.config/discord/0.0.113/modules/pending/discord_spellcheck-1.zip: 30%
11/7/2025, 8:54:59 PM GMT-3 [Modules] Streaming discord_spellcheck@1 to /home/vinicius/.config/discord/0.0.113/modules/pending/discord_spellcheck-1.zip: 31%
11/7/2025, 8:54:59 PM GMT-3 [Modules] Streaming discord_spellcheck@1 to /home/vinicius/.config/discord/0.0.113/modules/pending/discord_spellcheck-1.zip: 32%
11/7/2025, 8:54:59 PM GMT-3 [Modules] Streaming discord_spellcheck@1 to /home/vinicius/.config/discord/0.0.113/modules/pending/discord_spellcheck-1.zip: 33%
11/7/2025, 8:54:59 PM GMT-3 [Modules] Streaming discord_spellcheck@1 to /home/vinicius/.config/discord/0.0.113/modules/pending/discord_spellcheck-1.zip: 34%
11/7/2025, 8:54:59 PM GMT-3 [Modules] Streaming discord_spellcheck@1 to /home/vinicius/.config/discord/0.0.113/modules/pending/discord_spellcheck-1.zip: 35%
11/7/2025, 8:54:59 PM GMT-3 [Modules] Streaming discord_spellcheck@1 to /home/vinicius/.config/discord/0.0.113/modules/pending/discord_spellcheck-1.zip: 36%
11/7/2025, 8:54:59 PM GMT-3 [Modules] Streaming discord_spellcheck@1 to /home/vinicius/.config/discord/0.0.113/modules/pending/discord_spellcheck-1.zip: 37%
11/7/2025, 8:54:59 PM GMT-3 [Modules] Streaming discord_spellcheck@1 to /home/vinicius/.config/discord/0.0.113/modules/pending/discord_spellcheck-1.zip: 38%
11/7/2025, 8:54:59 PM GMT-3 [Modules] Streaming discord_spellcheck@1 to /home/vinicius/.config/discord/0.0.113/modules/pending/discord_spellcheck-1.zip: 39%
11/7/2025, 8:54:59 PM GMT-3 [Modules] Streaming discord_spellcheck@1 to /home/vinicius/.config/discord/0.0.113/modules/pending/discord_spellcheck-1.zip: 40%
11/7/2025, 8:54:59 PM GMT-3 [Modules] Streaming discord_spellcheck@1 to /home/vinicius/.config/discord/0.0.113/modules/pending/discord_spellcheck-1.zip: 41%
11/7/2025, 8:55:00 PM GMT-3 [Modules] Streaming discord_spellcheck@1 to /home/vinicius/.config/discord/0.0.113/modules/pending/discord_spellcheck-1.zip: 42%
11/7/2025, 8:55:00 PM GMT-3 [Modules] Streaming discord_spellcheck@1 to /home/vinicius/.config/discord/0.0.113/modules/pending/discord_spellcheck-1.zip: 43%
11/7/2025, 8:55:00 PM GMT-3 [Modules] Streaming discord_spellcheck@1 to /home/vinicius/.config/discord/0.0.113/modules/pending/discord_spellcheck-1.zip: 44%
11/7/2025, 8:55:00 PM GMT-3 [Modules] Streaming discord_spellcheck@1 to /home/vinicius/.config/discord/0.0.113/modules/pending/discord_spellcheck-1.zip: 45%
11/7/2025, 8:55:00 PM GMT-3 [Modules] Streaming discord_spellcheck@1 to /home/vinicius/.config/discord/0.0.113/modules/pending/discord_spellcheck-1.zip: 46%
11/7/2025, 8:55:00 PM GMT-3 [Modules] Streaming discord_spellcheck@1 to /home/vinicius/.config/discord/0.0.113/modules/pending/discord_spellcheck-1.zip: 47%
11/7/2025, 8:55:00 PM GMT-3 [Modules] Streaming discord_spellcheck@1 to /home/vinicius/.config/discord/0.0.113/modules/pending/discord_spellcheck-1.zip: 48%
11/7/2025, 8:55:00 PM GMT-3 [Modules] Streaming discord_spellcheck@1 to /home/vinicius/.config/discord/0.0.113/modules/pending/discord_spellcheck-1.zip: 49%
11/7/2025, 8:55:00 PM GMT-3 [Modules] Streaming discord_spellcheck@1 to /home/vinicius/.config/discord/0.0.113/modules/pending/discord_spellcheck-1.zip: 50%
11/7/2025, 8:55:00 PM GMT-3 [Modules] Streaming discord_spellcheck@1 to /home/vinicius/.config/discord/0.0.113/modules/pending/discord_spellcheck-1.zip: 51%
11/7/2025, 8:55:00 PM GMT-3 [Modules] Streaming discord_spellcheck@1 to /home/vinicius/.config/discord/0.0.113/modules/pending/discord_spellcheck-1.zip: 52%
11/7/2025, 8:55:00 PM GMT-3 [Modules] Streaming discord_spellcheck@1 to /home/vinicius/.config/discord/0.0.113/modules/pending/discord_spellcheck-1.zip: 53%
11/7/2025, 8:55:00 PM GMT-3 [Modules] Streaming discord_spellcheck@1 to /home/vinicius/.config/discord/0.0.113/modules/pending/discord_spellcheck-1.zip: 54%
11/7/2025, 8:55:00 PM GMT-3 [Modules] Streaming discord_spellcheck@1 to /home/vinicius/.config/discord/0.0.113/modules/pending/discord_spellcheck-1.zip: 55%
11/7/2025, 8:55:00 PM GMT-3 [Modules] Streaming discord_spellcheck@1 to /home/vinicius/.config/discord/0.0.113/modules/pending/discord_spellcheck-1.zip: 56%
11/7/2025, 8:55:00 PM GMT-3 [Modules] Streaming discord_spellcheck@1 to /home/vinicius/.config/discord/0.0.113/modules/pending/discord_spellcheck-1.zip: 57%
11/7/2025, 8:55:00 PM GMT-3 [Modules] Streaming discord_spellcheck@1 to /home/vinicius/.config/discord/0.0.113/modules/pending/discord_spellcheck-1.zip: 58%
11/7/2025, 8:55:00 PM GMT-3 [Modules] Streaming discord_spellcheck@1 to /home/vinicius/.config/discord/0.0.113/modules/pending/discord_spellcheck-1.zip: 59%
11/7/2025, 8:55:00 PM GMT-3 [Modules] Streaming discord_spellcheck@1 to /home/vinicius/.config/discord/0.0.113/modules/pending/discord_spellcheck-1.zip: 60%
11/7/2025, 8:55:00 PM GMT-3 [Modules] Streaming discord_spellcheck@1 to /home/vinicius/.config/discord/0.0.113/modules/pending/discord_spellcheck-1.zip: 61%
11/7/2025, 8:55:00 PM GMT-3 [Modules] Streaming discord_spellcheck@1 to /home/vinicius/.config/discord/0.0.113/modules/pending/discord_spellcheck-1.zip: 62%
11/7/2025, 8:55:00 PM GMT-3 [Modules] Streaming discord_spellcheck@1 to /home/vinicius/.config/discord/0.0.113/modules/pending/discord_spellcheck-1.zip: 63%
11/7/2025, 8:55:00 PM GMT-3 [Modules] Streaming discord_spellcheck@1 to /home/vinicius/.config/discord/0.0.113/modules/pending/discord_spellcheck-1.zip: 64%
11/7/2025, 8:55:00 PM GMT-3 [Modules] Streaming discord_spellcheck@1 to /home/vinicius/.config/discord/0.0.113/modules/pending/discord_spellcheck-1.zip: 65%
11/7/2025, 8:55:00 PM GMT-3 [Modules] Streaming discord_spellcheck@1 to /home/vinicius/.config/discord/0.0.113/modules/pending/discord_spellcheck-1.zip: 66%
11/7/2025, 8:55:00 PM GMT-3 [Modules] Streaming discord_spellcheck@1 to /home/vinicius/.config/discord/0.0.113/modules/pending/discord_spellcheck-1.zip: 67%
11/7/2025, 8:55:00 PM GMT-3 [Modules] Streaming discord_spellcheck@1 to /home/vinicius/.config/discord/0.0.113/modules/pending/discord_spellcheck-1.zip: 68%
11/7/2025, 8:55:00 PM GMT-3 [Modules] Streaming discord_spellcheck@1 to /home/vinicius/.config/discord/0.0.113/modules/pending/discord_spellcheck-1.zip: 69%
11/7/2025, 8:55:00 PM GMT-3 [Modules] Streaming discord_spellcheck@1 to /home/vinicius/.config/discord/0.0.113/modules/pending/discord_spellcheck-1.zip: 70%
11/7/2025, 8:55:00 PM GMT-3 [Modules] Streaming discord_spellcheck@1 to /home/vinicius/.config/discord/0.0.113/modules/pending/discord_spellcheck-1.zip: 71%
11/7/2025, 8:55:00 PM GMT-3 [Modules] Streaming discord_spellcheck@1 to /home/vinicius/.config/discord/0.0.113/modules/pending/discord_spellcheck-1.zip: 72%
11/7/2025, 8:55:00 PM GMT-3 [Modules] Streaming discord_spellcheck@1 to /home/vinicius/.config/discord/0.0.113/modules/pending/discord_spellcheck-1.zip: 73%
11/7/2025, 8:55:00 PM GMT-3 [Modules] Streaming discord_spellcheck@1 to /home/vinicius/.config/discord/0.0.113/modules/pending/discord_spellcheck-1.zip: 74%
11/7/2025, 8:55:00 PM GMT-3 [Modules] Streaming discord_spellcheck@1 to /home/vinicius/.config/discord/0.0.113/modules/pending/discord_spellcheck-1.zip: 75%
11/7/2025, 8:55:00 PM GMT-3 [Modules] Streaming discord_spellcheck@1 to /home/vinicius/.config/discord/0.0.113/modules/pending/discord_spellcheck-1.zip: 76%
11/7/2025, 8:55:00 PM GMT-3 [Modules] Streaming discord_spellcheck@1 to /home/vinicius/.config/discord/0.0.113/modules/pending/discord_spellcheck-1.zip: 77%
11/7/2025, 8:55:00 PM GMT-3 [Modules] Streaming discord_spellcheck@1 to /home/vinicius/.config/discord/0.0.113/modules/pending/discord_spellcheck-1.zip: 78%
11/7/2025, 8:55:00 PM GMT-3 [Modules] Streaming discord_spellcheck@1 to /home/vinicius/.config/discord/0.0.113/modules/pending/discord_spellcheck-1.zip: 79%
11/7/2025, 8:55:00 PM GMT-3 [Modules] Streaming discord_spellcheck@1 to /home/vinicius/.config/discord/0.0.113/modules/pending/discord_spellcheck-1.zip: 80%
11/7/2025, 8:55:00 PM GMT-3 [Modules] Streaming discord_spellcheck@1 to /home/vinicius/.config/discord/0.0.113/modules/pending/discord_spellcheck-1.zip: 81%
11/7/2025, 8:55:00 PM GMT-3 [Modules] Streaming discord_spellcheck@1 to /home/vinicius/.config/discord/0.0.113/modules/pending/discord_spellcheck-1.zip: 82%
11/7/2025, 8:55:00 PM GMT-3 [Modules] Streaming discord_spellcheck@1 to /home/vinicius/.config/discord/0.0.113/modules/pending/discord_spellcheck-1.zip: 83%
11/7/2025, 8:55:00 PM GMT-3 [Modules] Streaming discord_spellcheck@1 to /home/vinicius/.config/discord/0.0.113/modules/pending/discord_spellcheck-1.zip: 84%
11/7/2025, 8:55:00 PM GMT-3 [Modules] Streaming discord_spellcheck@1 to /home/vinicius/.config/discord/0.0.113/modules/pending/discord_spellcheck-1.zip: 85%
11/7/2025, 8:55:00 PM GMT-3 [Modules] Streaming discord_spellcheck@1 to /home/vinicius/.config/discord/0.0.113/modules/pending/discord_spellcheck-1.zip: 86%
11/7/2025, 8:55:00 PM GMT-3 [Modules] Streaming discord_spellcheck@1 to /home/vinicius/.config/discord/0.0.113/modules/pending/discord_spellcheck-1.zip: 87%
11/7/2025, 8:55:00 PM GMT-3 [Modules] Streaming discord_spellcheck@1 to /home/vinicius/.config/discord/0.0.113/modules/pending/discord_spellcheck-1.zip: 88%
11/7/2025, 8:55:00 PM GMT-3 [Modules] Streaming discord_spellcheck@1 to /home/vinicius/.config/discord/0.0.113/modules/pending/discord_spellcheck-1.zip: 89%
11/7/2025, 8:55:00 PM GMT-3 [Modules] Streaming discord_spellcheck@1 to /home/vinicius/.config/discord/0.0.113/modules/pending/discord_spellcheck-1.zip: 90%
11/7/2025, 8:55:00 PM GMT-3 [Modules] Streaming discord_spellcheck@1 to /home/vinicius/.config/discord/0.0.113/modules/pending/discord_spellcheck-1.zip: 91%
11/7/2025, 8:55:00 PM GMT-3 [Modules] Streaming discord_spellcheck@1 to /home/vinicius/.config/discord/0.0.113/modules/pending/discord_spellcheck-1.zip: 92%
11/7/2025, 8:55:00 PM GMT-3 [Modules] Streaming discord_spellcheck@1 to /home/vinicius/.config/discord/0.0.113/modules/pending/discord_spellcheck-1.zip: 93%
11/7/2025, 8:55:00 PM GMT-3 [Modules] Streaming discord_spellcheck@1 to /home/vinicius/.config/discord/0.0.113/modules/pending/discord_spellcheck-1.zip: 94%
11/7/2025, 8:55:00 PM GMT-3 [Modules] Streaming discord_spellcheck@1 to /home/vinicius/.config/discord/0.0.113/modules/pending/discord_spellcheck-1.zip: 95%
11/7/2025, 8:55:00 PM GMT-3 [Modules] Streaming discord_spellcheck@1 to /home/vinicius/.config/discord/0.0.113/modules/pending/discord_spellcheck-1.zip: 96%
11/7/2025, 8:55:00 PM GMT-3 [Modules] Streaming discord_spellcheck@1 to /home/vinicius/.config/discord/0.0.113/modules/pending/discord_spellcheck-1.zip: 97%
11/7/2025, 8:55:00 PM GMT-3 [Modules] Streaming discord_spellcheck@1 to /home/vinicius/.config/discord/0.0.113/modules/pending/discord_spellcheck-1.zip: 98%
11/7/2025, 8:55:00 PM GMT-3 [Modules] Streaming discord_spellcheck@1 to /home/vinicius/.config/discord/0.0.113/modules/pending/discord_spellcheck-1.zip: 99%
11/7/2025, 8:55:00 PM GMT-3 [Modules] Streaming discord_spellcheck@1 to /home/vinicius/.config/discord/0.0.113/modules/pending/discord_spellcheck-1.zip: 100%
11/7/2025, 8:55:00 PM GMT-3 [Modules] Fetching discord_utils@1 from https://discord.com/api/modules/stable/discord_utils/1
11/7/2025, 8:55:00 PM GMT-3 [Modules] Streaming discord_utils@1 to /home/vinicius/.config/discord/0.0.113/modules/pending/discord_utils-1.zip
11/7/2025, 8:55:01 PM GMT-3 [Modules] Streaming discord_utils@1 to /home/vinicius/.config/discord/0.0.113/modules/pending/discord_utils-1.zip: 1%
11/7/2025, 8:55:01 PM GMT-3 [Modules] Streaming discord_utils@1 to /home/vinicius/.config/discord/0.0.113/modules/pending/discord_utils-1.zip: 2%
11/7/2025, 8:55:01 PM GMT-3 [Modules] Streaming discord_utils@1 to /home/vinicius/.config/discord/0.0.113/modules/pending/discord_utils-1.zip: 3%
11/7/2025, 8:55:01 PM GMT-3 [Modules] Streaming discord_utils@1 to /home/vinicius/.config/discord/0.0.113/modules/pending/discord_utils-1.zip: 4%
11/7/2025, 8:55:01 PM GMT-3 [Modules] Streaming discord_utils@1 to /home/vinicius/.config/discord/0.0.113/modules/pending/discord_utils-1.zip: 5%
11/7/2025, 8:55:01 PM GMT-3 [Modules] Streaming discord_utils@1 to /home/vinicius/.config/discord/0.0.113/modules/pending/discord_utils-1.zip: 6%
11/7/2025, 8:55:01 PM GMT-3 [Modules] Streaming discord_utils@1 to /home/vinicius/.config/discord/0.0.113/modules/pending/discord_utils-1.zip: 7%
11/7/2025, 8:55:01 PM GMT-3 [Modules] Streaming discord_utils@1 to /home/vinicius/.config/discord/0.0.113/modules/pending/discord_utils-1.zip: 9%
11/7/2025, 8:55:01 PM GMT-3 [Modules] Streaming discord_utils@1 to /home/vinicius/.config/discord/0.0.113/modules/pending/discord_utils-1.zip: 14%
11/7/2025, 8:55:01 PM GMT-3 [Modules] Streaming discord_utils@1 to /home/vinicius/.config/discord/0.0.113/modules/pending/discord_utils-1.zip: 15%
11/7/2025, 8:55:01 PM GMT-3 [Modules] Streaming discord_utils@1 to /home/vinicius/.config/discord/0.0.113/modules/pending/discord_utils-1.zip: 16%
11/7/2025, 8:55:01 PM GMT-3 [Modules] Streaming discord_utils@1 to /home/vinicius/.config/discord/0.0.113/modules/pending/discord_utils-1.zip: 17%
11/7/2025, 8:55:01 PM GMT-3 [Modules] Streaming discord_utils@1 to /home/vinicius/.config/discord/0.0.113/modules/pending/discord_utils-1.zip: 18%
11/7/2025, 8:55:01 PM GMT-3 [Modules] Streaming discord_utils@1 to /home/vinicius/.config/discord/0.0.113/modules/pending/discord_utils-1.zip: 19%
11/7/2025, 8:55:01 PM GMT-3 [Modules] Streaming discord_utils@1 to /home/vinicius/.config/discord/0.0.113/modules/pending/discord_utils-1.zip: 20%
11/7/2025, 8:55:01 PM GMT-3 [Modules] Streaming discord_utils@1 to /home/vinicius/.config/discord/0.0.113/modules/pending/discord_utils-1.zip: 21%
11/7/2025, 8:55:01 PM GMT-3 [Modules] Streaming discord_utils@1 to /home/vinicius/.config/discord/0.0.113/modules/pending/discord_utils-1.zip: 22%
11/7/2025, 8:55:01 PM GMT-3 [Modules] Streaming discord_utils@1 to /home/vinicius/.config/discord/0.0.113/modules/pending/discord_utils-1.zip: 23%
11/7/2025, 8:55:01 PM GMT-3 [Modules] Streaming discord_utils@1 to /home/vinicius/.config/discord/0.0.113/modules/pending/discord_utils-1.zip: 24%
11/7/2025, 8:55:01 PM GMT-3 [Modules] Streaming discord_utils@1 to /home/vinicius/.config/discord/0.0.113/modules/pending/discord_utils-1.zip: 25%
11/7/2025, 8:55:01 PM GMT-3 [Modules] Streaming discord_utils@1 to /home/vinicius/.config/discord/0.0.113/modules/pending/discord_utils-1.zip: 26%
11/7/2025, 8:55:01 PM GMT-3 [Modules] Streaming discord_utils@1 to /home/vinicius/.config/discord/0.0.113/modules/pending/discord_utils-1.zip: 27%
11/7/2025, 8:55:01 PM GMT-3 [Modules] Streaming discord_utils@1 to /home/vinicius/.config/discord/0.0.113/modules/pending/discord_utils-1.zip: 28%
11/7/2025, 8:55:01 PM GMT-3 [Modules] Streaming discord_utils@1 to /home/vinicius/.config/discord/0.0.113/modules/pending/discord_utils-1.zip: 29%
11/7/2025, 8:55:01 PM GMT-3 [Modules] Streaming discord_utils@1 to /home/vinicius/.config/discord/0.0.113/modules/pending/discord_utils-1.zip: 30%
11/7/2025, 8:55:01 PM GMT-3 [Modules] Streaming discord_utils@1 to /home/vinicius/.config/discord/0.0.113/modules/pending/discord_utils-1.zip: 31%
11/7/2025, 8:55:01 PM GMT-3 [Modules] Streaming discord_utils@1 to /home/vinicius/.config/discord/0.0.113/modules/pending/discord_utils-1.zip: 32%
11/7/2025, 8:55:01 PM GMT-3 [Modules] Streaming discord_utils@1 to /home/vinicius/.config/discord/0.0.113/modules/pending/discord_utils-1.zip: 33%
11/7/2025, 8:55:01 PM GMT-3 [Modules] Streaming discord_utils@1 to /home/vinicius/.config/discord/0.0.113/modules/pending/discord_utils-1.zip: 34%
11/7/2025, 8:55:01 PM GMT-3 [Modules] Streaming discord_utils@1 to /home/vinicius/.config/discord/0.0.113/modules/pending/discord_utils-1.zip: 35%
11/7/2025, 8:55:01 PM GMT-3 [Modules] Streaming discord_utils@1 to /home/vinicius/.config/discord/0.0.113/modules/pending/discord_utils-1.zip: 36%
11/7/2025, 8:55:01 PM GMT-3 [Modules] Streaming discord_utils@1 to /home/vinicius/.config/discord/0.0.113/modules/pending/discord_utils-1.zip: 37%
11/7/2025, 8:55:01 PM GMT-3 [Modules] Streaming discord_utils@1 to /home/vinicius/.config/discord/0.0.113/modules/pending/discord_utils-1.zip: 38%
11/7/2025, 8:55:01 PM GMT-3 [Modules] Streaming discord_utils@1 to /home/vinicius/.config/discord/0.0.113/modules/pending/discord_utils-1.zip: 39%
11/7/2025, 8:55:01 PM GMT-3 [Modules] Streaming discord_utils@1 to /home/vinicius/.config/discord/0.0.113/modules/pending/discord_utils-1.zip: 40%
11/7/2025, 8:55:01 PM GMT-3 [Modules] Streaming discord_utils@1 to /home/vinicius/.config/discord/0.0.113/modules/pending/discord_utils-1.zip: 41%
11/7/2025, 8:55:01 PM GMT-3 [Modules] Streaming discord_utils@1 to /home/vinicius/.config/discord/0.0.113/modules/pending/discord_utils-1.zip: 42%
11/7/2025, 8:55:01 PM GMT-3 [Modules] Streaming discord_utils@1 to /home/vinicius/.config/discord/0.0.113/modules/pending/discord_utils-1.zip: 43%
11/7/2025, 8:55:01 PM GMT-3 [Modules] Streaming discord_utils@1 to /home/vinicius/.config/discord/0.0.113/modules/pending/discord_utils-1.zip: 44%
11/7/2025, 8:55:01 PM GMT-3 [Modules] Streaming discord_utils@1 to /home/vinicius/.config/discord/0.0.113/modules/pending/discord_utils-1.zip: 45%
11/7/2025, 8:55:01 PM GMT-3 [Modules] Streaming discord_utils@1 to /home/vinicius/.config/discord/0.0.113/modules/pending/discord_utils-1.zip: 46%
11/7/2025, 8:55:01 PM GMT-3 [Modules] Streaming discord_utils@1 to /home/vinicius/.config/discord/0.0.113/modules/pending/discord_utils-1.zip: 47%
11/7/2025, 8:55:01 PM GMT-3 [Modules] Streaming discord_utils@1 to /home/vinicius/.config/discord/0.0.113/modules/pending/discord_utils-1.zip: 48%
11/7/2025, 8:55:01 PM GMT-3 [Modules] Streaming discord_utils@1 to /home/vinicius/.config/discord/0.0.113/modules/pending/discord_utils-1.zip: 49%
11/7/2025, 8:55:01 PM GMT-3 [Modules] Streaming discord_utils@1 to /home/vinicius/.config/discord/0.0.113/modules/pending/discord_utils-1.zip: 50%
11/7/2025, 8:55:01 PM GMT-3 [Modules] Streaming discord_utils@1 to /home/vinicius/.config/discord/0.0.113/modules/pending/discord_utils-1.zip: 51%
11/7/2025, 8:55:01 PM GMT-3 [Modules] Streaming discord_utils@1 to /home/vinicius/.config/discord/0.0.113/modules/pending/discord_utils-1.zip: 52%
11/7/2025, 8:55:01 PM GMT-3 [Modules] Streaming discord_utils@1 to /home/vinicius/.config/discord/0.0.113/modules/pending/discord_utils-1.zip: 53%
11/7/2025, 8:55:01 PM GMT-3 [Modules] Streaming discord_utils@1 to /home/vinicius/.config/discord/0.0.113/modules/pending/discord_utils-1.zip: 54%
11/7/2025, 8:55:01 PM GMT-3 [Modules] Streaming discord_utils@1 to /home/vinicius/.config/discord/0.0.113/modules/pending/discord_utils-1.zip: 55%
11/7/2025, 8:55:01 PM GMT-3 [Modules] Streaming discord_utils@1 to /home/vinicius/.config/discord/0.0.113/modules/pending/discord_utils-1.zip: 56%
11/7/2025, 8:55:01 PM GMT-3 [Modules] Streaming discord_utils@1 to /home/vinicius/.config/discord/0.0.113/modules/pending/discord_utils-1.zip: 57%
11/7/2025, 8:55:01 PM GMT-3 [Modules] Streaming discord_utils@1 to /home/vinicius/.config/discord/0.0.113/modules/pending/discord_utils-1.zip: 58%
11/7/2025, 8:55:01 PM GMT-3 [Modules] Streaming discord_utils@1 to /home/vinicius/.config/discord/0.0.113/modules/pending/discord_utils-1.zip: 59%
11/7/2025, 8:55:01 PM GMT-3 [Modules] Streaming discord_utils@1 to /home/vinicius/.config/discord/0.0.113/modules/pending/discord_utils-1.zip: 60%
11/7/2025, 8:55:01 PM GMT-3 [Modules] Streaming discord_utils@1 to /home/vinicius/.config/discord/0.0.113/modules/pending/discord_utils-1.zip: 61%
11/7/2025, 8:55:01 PM GMT-3 [Modules] Streaming discord_utils@1 to /home/vinicius/.config/discord/0.0.113/modules/pending/discord_utils-1.zip: 62%
11/7/2025, 8:55:01 PM GMT-3 [Modules] Streaming discord_utils@1 to /home/vinicius/.config/discord/0.0.113/modules/pending/discord_utils-1.zip: 63%
11/7/2025, 8:55:01 PM GMT-3 [Modules] Streaming discord_utils@1 to /home/vinicius/.config/discord/0.0.113/modules/pending/discord_utils-1.zip: 64%
11/7/2025, 8:55:01 PM GMT-3 [Modules] Streaming discord_utils@1 to /home/vinicius/.config/discord/0.0.113/modules/pending/discord_utils-1.zip: 65%
11/7/2025, 8:55:01 PM GMT-3 [Modules] Streaming discord_utils@1 to /home/vinicius/.config/discord/0.0.113/modules/pending/discord_utils-1.zip: 66%
11/7/2025, 8:55:01 PM GMT-3 [Modules] Streaming discord_utils@1 to /home/vinicius/.config/discord/0.0.113/modules/pending/discord_utils-1.zip: 67%
11/7/2025, 8:55:01 PM GMT-3 [Modules] Streaming discord_utils@1 to /home/vinicius/.config/discord/0.0.113/modules/pending/discord_utils-1.zip: 68%
11/7/2025, 8:55:01 PM GMT-3 [Modules] Streaming discord_utils@1 to /home/vinicius/.config/discord/0.0.113/modules/pending/discord_utils-1.zip: 69%
11/7/2025, 8:55:01 PM GMT-3 [Modules] Streaming discord_utils@1 to /home/vinicius/.config/discord/0.0.113/modules/pending/discord_utils-1.zip: 70%
11/7/2025, 8:55:01 PM GMT-3 [Modules] Streaming discord_utils@1 to /home/vinicius/.config/discord/0.0.113/modules/pending/discord_utils-1.zip: 71%
11/7/2025, 8:55:01 PM GMT-3 [Modules] Streaming discord_utils@1 to /home/vinicius/.config/discord/0.0.113/modules/pending/discord_utils-1.zip: 72%
11/7/2025, 8:55:01 PM GMT-3 [Modules] Streaming discord_utils@1 to /home/vinicius/.config/discord/0.0.113/modules/pending/discord_utils-1.zip: 73%
11/7/2025, 8:55:01 PM GMT-3 [Modules] Streaming discord_utils@1 to /home/vinicius/.config/discord/0.0.113/modules/pending/discord_utils-1.zip: 74%
11/7/2025, 8:55:01 PM GMT-3 [Modules] Streaming discord_utils@1 to /home/vinicius/.config/discord/0.0.113/modules/pending/discord_utils-1.zip: 75%
11/7/2025, 8:55:01 PM GMT-3 [Modules] Streaming discord_utils@1 to /home/vinicius/.config/discord/0.0.113/modules/pending/discord_utils-1.zip: 76%
11/7/2025, 8:55:01 PM GMT-3 [Modules] Streaming discord_utils@1 to /home/vinicius/.config/discord/0.0.113/modules/pending/discord_utils-1.zip: 77%
11/7/2025, 8:55:01 PM GMT-3 [Modules] Streaming discord_utils@1 to /home/vinicius/.config/discord/0.0.113/modules/pending/discord_utils-1.zip: 78%
11/7/2025, 8:55:01 PM GMT-3 [Modules] Streaming discord_utils@1 to /home/vinicius/.config/discord/0.0.113/modules/pending/discord_utils-1.zip: 79%
11/7/2025, 8:55:01 PM GMT-3 [Modules] Streaming discord_utils@1 to /home/vinicius/.config/discord/0.0.113/modules/pending/discord_utils-1.zip: 80%
11/7/2025, 8:55:01 PM GMT-3 [Modules] Streaming discord_utils@1 to /home/vinicius/.config/discord/0.0.113/modules/pending/discord_utils-1.zip: 81%
11/7/2025, 8:55:01 PM GMT-3 [Modules] Streaming discord_utils@1 to /home/vinicius/.config/discord/0.0.113/modules/pending/discord_utils-1.zip: 82%
11/7/2025, 8:55:01 PM GMT-3 [Modules] Streaming discord_utils@1 to /home/vinicius/.config/discord/0.0.113/modules/pending/discord_utils-1.zip: 83%
11/7/2025, 8:55:01 PM GMT-3 [Modules] Streaming discord_utils@1 to /home/vinicius/.config/discord/0.0.113/modules/pending/discord_utils-1.zip: 84%
11/7/2025, 8:55:01 PM GMT-3 [Modules] Streaming discord_utils@1 to /home/vinicius/.config/discord/0.0.113/modules/pending/discord_utils-1.zip: 85%
11/7/2025, 8:55:01 PM GMT-3 [Modules] Streaming discord_utils@1 to /home/vinicius/.config/discord/0.0.113/modules/pending/discord_utils-1.zip: 86%
11/7/2025, 8:55:01 PM GMT-3 [Modules] Streaming discord_utils@1 to /home/vinicius/.config/discord/0.0.113/modules/pending/discord_utils-1.zip: 87%
11/7/2025, 8:55:01 PM GMT-3 [Modules] Streaming discord_utils@1 to /home/vinicius/.config/discord/0.0.113/modules/pending/discord_utils-1.zip: 88%
11/7/2025, 8:55:01 PM GMT-3 [Modules] Streaming discord_utils@1 to /home/vinicius/.config/discord/0.0.113/modules/pending/discord_utils-1.zip: 89%
11/7/2025, 8:55:01 PM GMT-3 [Modules] Streaming discord_utils@1 to /home/vinicius/.config/discord/0.0.113/modules/pending/discord_utils-1.zip: 90%
11/7/2025, 8:55:01 PM GMT-3 [Modules] Streaming discord_utils@1 to /home/vinicius/.config/discord/0.0.113/modules/pending/discord_utils-1.zip: 91%
11/7/2025, 8:55:01 PM GMT-3 [Modules] Streaming discord_utils@1 to /home/vinicius/.config/discord/0.0.113/modules/pending/discord_utils-1.zip: 92%
11/7/2025, 8:55:01 PM GMT-3 [Modules] Streaming discord_utils@1 to /home/vinicius/.config/discord/0.0.113/modules/pending/discord_utils-1.zip: 93%
11/7/2025, 8:55:01 PM GMT-3 [Modules] Streaming discord_utils@1 to /home/vinicius/.config/discord/0.0.113/modules/pending/discord_utils-1.zip: 94%
11/7/2025, 8:55:01 PM GMT-3 [Modules] Streaming discord_utils@1 to /home/vinicius/.config/discord/0.0.113/modules/pending/discord_utils-1.zip: 95%
11/7/2025, 8:55:01 PM GMT-3 [Modules] Streaming discord_utils@1 to /home/vinicius/.config/discord/0.0.113/modules/pending/discord_utils-1.zip: 96%
11/7/2025, 8:55:01 PM GMT-3 [Modules] Streaming discord_utils@1 to /home/vinicius/.config/discord/0.0.113/modules/pending/discord_utils-1.zip: 97%
11/7/2025, 8:55:01 PM GMT-3 [Modules] Streaming discord_utils@1 to /home/vinicius/.config/discord/0.0.113/modules/pending/discord_utils-1.zip: 98%
11/7/2025, 8:55:01 PM GMT-3 [Modules] Streaming discord_utils@1 to /home/vinicius/.config/discord/0.0.113/modules/pending/discord_utils-1.zip: 99%
11/7/2025, 8:55:01 PM GMT-3 [Modules] Streaming discord_utils@1 to /home/vinicius/.config/discord/0.0.113/modules/pending/discord_utils-1.zip: 100%
11/7/2025, 8:55:01 PM GMT-3 [Modules] Fetching discord_voice@1 from https://discord.com/api/modules/stable/discord_voice/1
11/7/2025, 8:55:01 PM GMT-3 [Modules] Streaming discord_voice@1 to /home/vinicius/.config/discord/0.0.113/modules/pending/discord_voice-1.zip
11/7/2025, 8:55:02 PM GMT-3 [Modules] Streaming discord_voice@1 to /home/vinicius/.config/discord/0.0.113/modules/pending/discord_voice-1.zip: 1%
11/7/2025, 8:55:02 PM GMT-3 [Modules] Streaming discord_voice@1 to /home/vinicius/.config/discord/0.0.113/modules/pending/discord_voice-1.zip: 2%
11/7/2025, 8:55:02 PM GMT-3 [Modules] Streaming discord_voice@1 to /home/vinicius/.config/discord/0.0.113/modules/pending/discord_voice-1.zip: 3%
11/7/2025, 8:55:02 PM GMT-3 [Modules] Streaming discord_voice@1 to /home/vinicius/.config/discord/0.0.113/modules/pending/discord_voice-1.zip: 4%
11/7/2025, 8:55:02 PM GMT-3 [Modules] Streaming discord_voice@1 to /home/vinicius/.config/discord/0.0.113/modules/pending/discord_voice-1.zip: 5%
11/7/2025, 8:55:02 PM GMT-3 [Modules] Streaming discord_voice@1 to /home/vinicius/.config/discord/0.0.113/modules/pending/discord_voice-1.zip: 6%
11/7/2025, 8:55:02 PM GMT-3 [Modules] Streaming discord_voice@1 to /home/vinicius/.config/discord/0.0.113/modules/pending/discord_voice-1.zip: 7%
11/7/2025, 8:55:02 PM GMT-3 [Modules] Streaming discord_voice@1 to /home/vinicius/.config/discord/0.0.113/modules/pending/discord_voice-1.zip: 8%
11/7/2025, 8:55:02 PM GMT-3 [Modules] Streaming discord_voice@1 to /home/vinicius/.config/discord/0.0.113/modules/pending/discord_voice-1.zip: 9%
11/7/2025, 8:55:02 PM GMT-3 [Modules] Streaming discord_voice@1 to /home/vinicius/.config/discord/0.0.113/modules/pending/discord_voice-1.zip: 10%
11/7/2025, 8:55:02 PM GMT-3 [Modules] Streaming discord_voice@1 to /home/vinicius/.config/discord/0.0.113/modules/pending/discord_voice-1.zip: 11%
11/7/2025, 8:55:02 PM GMT-3 [Modules] Streaming discord_voice@1 to /home/vinicius/.config/discord/0.0.113/modules/pending/discord_voice-1.zip: 12%
11/7/2025, 8:55:02 PM GMT-3 [Modules] Streaming discord_voice@1 to /home/vinicius/.config/discord/0.0.113/modules/pending/discord_voice-1.zip: 13%
11/7/2025, 8:55:02 PM GMT-3 [Modules] Streaming discord_voice@1 to /home/vinicius/.config/discord/0.0.113/modules/pending/discord_voice-1.zip: 14%
11/7/2025, 8:55:02 PM GMT-3 [Modules] Streaming discord_voice@1 to /home/vinicius/.config/discord/0.0.113/modules/pending/discord_voice-1.zip: 15%
11/7/2025, 8:55:02 PM GMT-3 [Modules] Streaming discord_voice@1 to /home/vinicius/.config/discord/0.0.113/modules/pending/discord_voice-1.zip: 16%
11/7/2025, 8:55:02 PM GMT-3 [Modules] Streaming discord_voice@1 to /home/vinicius/.config/discord/0.0.113/modules/pending/discord_voice-1.zip: 17%
11/7/2025, 8:55:02 PM GMT-3 [Modules] Streaming discord_voice@1 to /home/vinicius/.config/discord/0.0.113/modules/pending/discord_voice-1.zip: 18%
11/7/2025, 8:55:02 PM GMT-3 [Modules] Streaming discord_voice@1 to /home/vinicius/.config/discord/0.0.113/modules/pending/discord_voice-1.zip: 19%
11/7/2025, 8:55:02 PM GMT-3 [Modules] Streaming discord_voice@1 to /home/vinicius/.config/discord/0.0.113/modules/pending/discord_voice-1.zip: 20%
11/7/2025, 8:55:02 PM GMT-3 [Modules] Streaming discord_voice@1 to /home/vinicius/.config/discord/0.0.113/modules/pending/discord_voice-1.zip: 21%
11/7/2025, 8:55:02 PM GMT-3 [Modules] Streaming discord_voice@1 to /home/vinicius/.config/discord/0.0.113/modules/pending/discord_voice-1.zip: 22%
11/7/2025, 8:55:03 PM GMT-3 [Modules] Streaming discord_voice@1 to /home/vinicius/.config/discord/0.0.113/modules/pending/discord_voice-1.zip: 23%
11/7/2025, 8:55:03 PM GMT-3 [Modules] Streaming discord_voice@1 to /home/vinicius/.config/discord/0.0.113/modules/pending/discord_voice-1.zip: 24%
11/7/2025, 8:55:03 PM GMT-3 [Modules] Streaming discord_voice@1 to /home/vinicius/.config/discord/0.0.113/modules/pending/discord_voice-1.zip: 25%
11/7/2025, 8:55:03 PM GMT-3 [Modules] Streaming discord_voice@1 to /home/vinicius/.config/discord/0.0.113/modules/pending/discord_voice-1.zip: 26%
11/7/2025, 8:55:03 PM GMT-3 [Modules] Streaming discord_voice@1 to /home/vinicius/.config/discord/0.0.113/modules/pending/discord_voice-1.zip: 27%
11/7/2025, 8:55:03 PM GMT-3 [Modules] Streaming discord_voice@1 to /home/vinicius/.config/discord/0.0.113/modules/pending/discord_voice-1.zip: 28%
11/7/2025, 8:55:03 PM GMT-3 [Modules] Streaming discord_voice@1 to /home/vinicius/.config/discord/0.0.113/modules/pending/discord_voice-1.zip: 29%
11/7/2025, 8:55:03 PM GMT-3 [Modules] Streaming discord_voice@1 to /home/vinicius/.config/discord/0.0.113/modules/pending/discord_voice-1.zip: 30%
11/7/2025, 8:55:03 PM GMT-3 [Modules] Streaming discord_voice@1 to /home/vinicius/.config/discord/0.0.113/modules/pending/discord_voice-1.zip: 31%
11/7/2025, 8:55:03 PM GMT-3 [Modules] Streaming discord_voice@1 to /home/vinicius/.config/discord/0.0.113/modules/pending/discord_voice-1.zip: 32%
11/7/2025, 8:55:03 PM GMT-3 [Modules] Streaming discord_voice@1 to /home/vinicius/.config/discord/0.0.113/modules/pending/discord_voice-1.zip: 33%
11/7/2025, 8:55:03 PM GMT-3 [Modules] Streaming discord_voice@1 to /home/vinicius/.config/discord/0.0.113/modules/pending/discord_voice-1.zip: 34%
11/7/2025, 8:55:03 PM GMT-3 [Modules] Streaming discord_voice@1 to /home/vinicius/.config/discord/0.0.113/modules/pending/discord_voice-1.zip: 35%
11/7/2025, 8:55:03 PM GMT-3 [Modules] Streaming discord_voice@1 to /home/vinicius/.config/discord/0.0.113/modules/pending/discord_voice-1.zip: 36%
11/7/2025, 8:55:04 PM GMT-3 [Modules] Streaming discord_voice@1 to /home/vinicius/.config/discord/0.0.113/modules/pending/discord_voice-1.zip: 37%
11/7/2025, 8:55:04 PM GMT-3 [Modules] Streaming discord_voice@1 to /home/vinicius/.config/discord/0.0.113/modules/pending/discord_voice-1.zip: 38%
11/7/2025, 8:55:04 PM GMT-3 [Modules] Streaming discord_voice@1 to /home/vinicius/.config/discord/0.0.113/modules/pending/discord_voice-1.zip: 39%
11/7/2025, 8:55:04 PM GMT-3 [Modules] Streaming discord_voice@1 to /home/vinicius/.config/discord/0.0.113/modules/pending/discord_voice-1.zip: 40%
11/7/2025, 8:55:04 PM GMT-3 [Modules] Streaming discord_voice@1 to /home/vinicius/.config/discord/0.0.113/modules/pending/discord_voice-1.zip: 41%
11/7/2025, 8:55:04 PM GMT-3 [Modules] Streaming discord_voice@1 to /home/vinicius/.config/discord/0.0.113/modules/pending/discord_voice-1.zip: 42%
11/7/2025, 8:55:04 PM GMT-3 [Modules] Streaming discord_voice@1 to /home/vinicius/.config/discord/0.0.113/modules/pending/discord_voice-1.zip: 43%
11/7/2025, 8:55:04 PM GMT-3 [Modules] Streaming discord_voice@1 to /home/vinicius/.config/discord/0.0.113/modules/pending/discord_voice-1.zip: 44%
11/7/2025, 8:55:04 PM GMT-3 [Modules] Streaming discord_voice@1 to /home/vinicius/.config/discord/0.0.113/modules/pending/discord_voice-1.zip: 45%
11/7/2025, 8:55:04 PM GMT-3 [Modules] Streaming discord_voice@1 to /home/vinicius/.config/discord/0.0.113/modules/pending/discord_voice-1.zip: 46%
11/7/2025, 8:55:04 PM GMT-3 [Modules] Streaming discord_voice@1 to /home/vinicius/.config/discord/0.0.113/modules/pending/discord_voice-1.zip: 47%
11/7/2025, 8:55:04 PM GMT-3 [Modules] Streaming discord_voice@1 to /home/vinicius/.config/discord/0.0.113/modules/pending/discord_voice-1.zip: 48%
11/7/2025, 8:55:04 PM GMT-3 [Modules] Streaming discord_voice@1 to /home/vinicius/.config/discord/0.0.113/modules/pending/discord_voice-1.zip: 49%
11/7/2025, 8:55:04 PM GMT-3 [Modules] Streaming discord_voice@1 to /home/vinicius/.config/discord/0.0.113/modules/pending/discord_voice-1.zip: 50%
11/7/2025, 8:55:04 PM GMT-3 [Modules] Streaming discord_voice@1 to /home/vinicius/.config/discord/0.0.113/modules/pending/discord_voice-1.zip: 51%
11/7/2025, 8:55:04 PM GMT-3 [Modules] Streaming discord_voice@1 to /home/vinicius/.config/discord/0.0.113/modules/pending/discord_voice-1.zip: 52%
11/7/2025, 8:55:04 PM GMT-3 [Modules] Streaming discord_voice@1 to /home/vinicius/.config/discord/0.0.113/modules/pending/discord_voice-1.zip: 53%
11/7/2025, 8:55:04 PM GMT-3 [Modules] Streaming discord_voice@1 to /home/vinicius/.config/discord/0.0.113/modules/pending/discord_voice-1.zip: 54%
11/7/2025, 8:55:04 PM GMT-3 [Modules] Streaming discord_voice@1 to /home/vinicius/.config/discord/0.0.113/modules/pending/discord_voice-1.zip: 55%
11/7/2025, 8:55:05 PM GMT-3 [Modules] Streaming discord_voice@1 to /home/vinicius/.config/discord/0.0.113/modules/pending/discord_voice-1.zip: 56%
11/7/2025, 8:55:05 PM GMT-3 [Modules] Streaming discord_voice@1 to /home/vinicius/.config/discord/0.0.113/modules/pending/discord_voice-1.zip: 57%
11/7/2025, 8:55:05 PM GMT-3 [Modules] Streaming discord_voice@1 to /home/vinicius/.config/discord/0.0.113/modules/pending/discord_voice-1.zip: 58%
11/7/2025, 8:55:05 PM GMT-3 [Modules] Streaming discord_voice@1 to /home/vinicius/.config/discord/0.0.113/modules/pending/discord_voice-1.zip: 59%
11/7/2025, 8:55:05 PM GMT-3 [Modules] Streaming discord_voice@1 to /home/vinicius/.config/discord/0.0.113/modules/pending/discord_voice-1.zip: 60%
11/7/2025, 8:55:05 PM GMT-3 [Modules] Streaming discord_voice@1 to /home/vinicius/.config/discord/0.0.113/modules/pending/discord_voice-1.zip: 61%
11/7/2025, 8:55:05 PM GMT-3 [Modules] Streaming discord_voice@1 to /home/vinicius/.config/discord/0.0.113/modules/pending/discord_voice-1.zip: 62%
11/7/2025, 8:55:05 PM GMT-3 [Modules] Streaming discord_voice@1 to /home/vinicius/.config/discord/0.0.113/modules/pending/discord_voice-1.zip: 63%
11/7/2025, 8:55:05 PM GMT-3 [Modules] Streaming discord_voice@1 to /home/vinicius/.config/discord/0.0.113/modules/pending/discord_voice-1.zip: 64%
11/7/2025, 8:55:05 PM GMT-3 [Modules] Streaming discord_voice@1 to /home/vinicius/.config/discord/0.0.113/modules/pending/discord_voice-1.zip: 65%
11/7/2025, 8:55:05 PM GMT-3 [Modules] Streaming discord_voice@1 to /home/vinicius/.config/discord/0.0.113/modules/pending/discord_voice-1.zip: 66%
11/7/2025, 8:55:05 PM GMT-3 [Modules] Streaming discord_voice@1 to /home/vinicius/.config/discord/0.0.113/modules/pending/discord_voice-1.zip: 67%
11/7/2025, 8:55:05 PM GMT-3 [Modules] Streaming discord_voice@1 to /home/vinicius/.config/discord/0.0.113/modules/pending/discord_voice-1.zip: 68%
11/7/2025, 8:55:05 PM GMT-3 [Modules] Streaming discord_voice@1 to /home/vinicius/.config/discord/0.0.113/modules/pending/discord_voice-1.zip: 69%
11/7/2025, 8:55:05 PM GMT-3 [Modules] Streaming discord_voice@1 to /home/vinicius/.config/discord/0.0.113/modules/pending/discord_voice-1.zip: 70%
11/7/2025, 8:55:05 PM GMT-3 [Modules] Streaming discord_voice@1 to /home/vinicius/.config/discord/0.0.113/modules/pending/discord_voice-1.zip: 71%
11/7/2025, 8:55:05 PM GMT-3 [Modules] Streaming discord_voice@1 to /home/vinicius/.config/discord/0.0.113/modules/pending/discord_voice-1.zip: 72%
11/7/2025, 8:55:05 PM GMT-3 [Modules] Streaming discord_voice@1 to /home/vinicius/.config/discord/0.0.113/modules/pending/discord_voice-1.zip: 73%
11/7/2025, 8:55:06 PM GMT-3 [Modules] Streaming discord_voice@1 to /home/vinicius/.config/discord/0.0.113/modules/pending/discord_voice-1.zip: 74%
11/7/2025, 8:55:06 PM GMT-3 [Modules] Streaming discord_voice@1 to /home/vinicius/.config/discord/0.0.113/modules/pending/discord_voice-1.zip: 75%
11/7/2025, 8:55:06 PM GMT-3 [Modules] Streaming discord_voice@1 to /home/vinicius/.config/discord/0.0.113/modules/pending/discord_voice-1.zip: 76%
11/7/2025, 8:55:06 PM GMT-3 [Modules] Streaming discord_voice@1 to /home/vinicius/.config/discord/0.0.113/modules/pending/discord_voice-1.zip: 77%
11/7/2025, 8:55:06 PM GMT-3 [Modules] Streaming discord_voice@1 to /home/vinicius/.config/discord/0.0.113/modules/pending/discord_voice-1.zip: 78%
11/7/2025, 8:55:06 PM GMT-3 [Modules] Streaming discord_voice@1 to /home/vinicius/.config/discord/0.0.113/modules/pending/discord_voice-1.zip: 79%
11/7/2025, 8:55:06 PM GMT-3 [Modules] Streaming discord_voice@1 to /home/vinicius/.config/discord/0.0.113/modules/pending/discord_voice-1.zip: 80%
11/7/2025, 8:55:06 PM GMT-3 [Modules] Streaming discord_voice@1 to /home/vinicius/.config/discord/0.0.113/modules/pending/discord_voice-1.zip: 81%
11/7/2025, 8:55:06 PM GMT-3 [Modules] Streaming discord_voice@1 to /home/vinicius/.config/discord/0.0.113/modules/pending/discord_voice-1.zip: 82%
11/7/2025, 8:55:06 PM GMT-3 [Modules] Streaming discord_voice@1 to /home/vinicius/.config/discord/0.0.113/modules/pending/discord_voice-1.zip: 83%
11/7/2025, 8:55:06 PM GMT-3 [Modules] Streaming discord_voice@1 to /home/vinicius/.config/discord/0.0.113/modules/pending/discord_voice-1.zip: 84%
11/7/2025, 8:55:06 PM GMT-3 [Modules] Streaming discord_voice@1 to /home/vinicius/.config/discord/0.0.113/modules/pending/discord_voice-1.zip: 85%
11/7/2025, 8:55:06 PM GMT-3 [Modules] Streaming discord_voice@1 to /home/vinicius/.config/discord/0.0.113/modules/pending/discord_voice-1.zip: 86%
11/7/2025, 8:55:06 PM GMT-3 [Modules] Streaming discord_voice@1 to /home/vinicius/.config/discord/0.0.113/modules/pending/discord_voice-1.zip: 87%
11/7/2025, 8:55:06 PM GMT-3 [Modules] Streaming discord_voice@1 to /home/vinicius/.config/discord/0.0.113/modules/pending/discord_voice-1.zip: 88%
11/7/2025, 8:55:07 PM GMT-3 [Modules] Streaming discord_voice@1 to /home/vinicius/.config/discord/0.0.113/modules/pending/discord_voice-1.zip: 89%
11/7/2025, 8:55:07 PM GMT-3 [Modules] Streaming discord_voice@1 to /home/vinicius/.config/discord/0.0.113/modules/pending/discord_voice-1.zip: 90%
11/7/2025, 8:55:07 PM GMT-3 [Modules] Streaming discord_voice@1 to /home/vinicius/.config/discord/0.0.113/modules/pending/discord_voice-1.zip: 91%
11/7/2025, 8:55:07 PM GMT-3 [Modules] Streaming discord_voice@1 to /home/vinicius/.config/discord/0.0.113/modules/pending/discord_voice-1.zip: 92%
11/7/2025, 8:55:07 PM GMT-3 [Modules] Streaming discord_voice@1 to /home/vinicius/.config/discord/0.0.113/modules/pending/discord_voice-1.zip: 93%
11/7/2025, 8:55:07 PM GMT-3 [Modules] Streaming discord_voice@1 to /home/vinicius/.config/discord/0.0.113/modules/pending/discord_voice-1.zip: 94%
11/7/2025, 8:55:07 PM GMT-3 [Modules] Streaming discord_voice@1 to /home/vinicius/.config/discord/0.0.113/modules/pending/discord_voice-1.zip: 95%
11/7/2025, 8:55:07 PM GMT-3 [Modules] Streaming discord_voice@1 to /home/vinicius/.config/discord/0.0.113/modules/pending/discord_voice-1.zip: 96%
11/7/2025, 8:55:07 PM GMT-3 [Modules] Streaming discord_voice@1 to /home/vinicius/.config/discord/0.0.113/modules/pending/discord_voice-1.zip: 97%
11/7/2025, 8:55:07 PM GMT-3 [Modules] Streaming discord_voice@1 to /home/vinicius/.config/discord/0.0.113/modules/pending/discord_voice-1.zip: 98%
11/7/2025, 8:55:07 PM GMT-3 [Modules] Streaming discord_voice@1 to /home/vinicius/.config/discord/0.0.113/modules/pending/discord_voice-1.zip: 99%
11/7/2025, 8:55:07 PM GMT-3 [Modules] Streaming discord_voice@1 to /home/vinicius/.config/discord/0.0.113/modules/pending/discord_voice-1.zip: 100%
11/7/2025, 8:55:07 PM GMT-3 [Modules] Fetching discord_zstd@1 from https://discord.com/api/modules/stable/discord_zstd/1
11/7/2025, 8:55:07 PM GMT-3 [Modules] Streaming discord_zstd@1 to /home/vinicius/.config/discord/0.0.113/modules/pending/discord_zstd-1.zip
11/7/2025, 8:55:07 PM GMT-3 [Modules] Streaming discord_zstd@1 to /home/vinicius/.config/discord/0.0.113/modules/pending/discord_zstd-1.zip: 9%
11/7/2025, 8:55:07 PM GMT-3 [Modules] Streaming discord_zstd@1 to /home/vinicius/.config/discord/0.0.113/modules/pending/discord_zstd-1.zip: 17%
11/7/2025, 8:55:07 PM GMT-3 [Modules] Streaming discord_zstd@1 to /home/vinicius/.config/discord/0.0.113/modules/pending/discord_zstd-1.zip: 29%
11/7/2025, 8:55:07 PM GMT-3 [Modules] Streaming discord_zstd@1 to /home/vinicius/.config/discord/0.0.113/modules/pending/discord_zstd-1.zip: 37%
11/7/2025, 8:55:07 PM GMT-3 [Modules] Streaming discord_zstd@1 to /home/vinicius/.config/discord/0.0.113/modules/pending/discord_zstd-1.zip: 38%
11/7/2025, 8:55:07 PM GMT-3 [Modules] Streaming discord_zstd@1 to /home/vinicius/.config/discord/0.0.113/modules/pending/discord_zstd-1.zip: 41%
11/7/2025, 8:55:07 PM GMT-3 [Modules] Streaming discord_zstd@1 to /home/vinicius/.config/discord/0.0.113/modules/pending/discord_zstd-1.zip: 43%
11/7/2025, 8:55:07 PM GMT-3 [Modules] Streaming discord_zstd@1 to /home/vinicius/.config/discord/0.0.113/modules/pending/discord_zstd-1.zip: 46%
11/7/2025, 8:55:07 PM GMT-3 [Modules] Streaming discord_zstd@1 to /home/vinicius/.config/discord/0.0.113/modules/pending/discord_zstd-1.zip: 48%
11/7/2025, 8:55:07 PM GMT-3 [Modules] Streaming discord_zstd@1 to /home/vinicius/.config/discord/0.0.113/modules/pending/discord_zstd-1.zip: 55%
11/7/2025, 8:55:07 PM GMT-3 [Modules] Streaming discord_zstd@1 to /home/vinicius/.config/discord/0.0.113/modules/pending/discord_zstd-1.zip: 56%
11/7/2025, 8:55:07 PM GMT-3 [Modules] Streaming discord_zstd@1 to /home/vinicius/.config/discord/0.0.113/modules/pending/discord_zstd-1.zip: 59%
11/7/2025, 8:55:07 PM GMT-3 [Modules] Streaming discord_zstd@1 to /home/vinicius/.config/discord/0.0.113/modules/pending/discord_zstd-1.zip: 61%
11/7/2025, 8:55:07 PM GMT-3 [Modules] Streaming discord_zstd@1 to /home/vinicius/.config/discord/0.0.113/modules/pending/discord_zstd-1.zip: 63%
11/7/2025, 8:55:07 PM GMT-3 [Modules] Streaming discord_zstd@1 to /home/vinicius/.config/discord/0.0.113/modules/pending/discord_zstd-1.zip: 66%
11/7/2025, 8:55:07 PM GMT-3 [Modules] Streaming discord_zstd@1 to /home/vinicius/.config/discord/0.0.113/modules/pending/discord_zstd-1.zip: 67%
11/7/2025, 8:55:07 PM GMT-3 [Modules] Streaming discord_zstd@1 to /home/vinicius/.config/discord/0.0.113/modules/pending/discord_zstd-1.zip: 69%
11/7/2025, 8:55:07 PM GMT-3 [Modules] Streaming discord_zstd@1 to /home/vinicius/.config/discord/0.0.113/modules/pending/discord_zstd-1.zip: 71%
11/7/2025, 8:55:07 PM GMT-3 [Modules] Streaming discord_zstd@1 to /home/vinicius/.config/discord/0.0.113/modules/pending/discord_zstd-1.zip: 74%
11/7/2025, 8:55:07 PM GMT-3 [Modules] Streaming discord_zstd@1 to /home/vinicius/.config/discord/0.0.113/modules/pending/discord_zstd-1.zip: 76%
11/7/2025, 8:55:07 PM GMT-3 [Modules] Streaming discord_zstd@1 to /home/vinicius/.config/discord/0.0.113/modules/pending/discord_zstd-1.zip: 77%
11/7/2025, 8:55:07 PM GMT-3 [Modules] Streaming discord_zstd@1 to /home/vinicius/.config/discord/0.0.113/modules/pending/discord_zstd-1.zip: 80%
11/7/2025, 8:55:07 PM GMT-3 [Modules] Streaming discord_zstd@1 to /home/vinicius/.config/discord/0.0.113/modules/pending/discord_zstd-1.zip: 82%
11/7/2025, 8:55:07 PM GMT-3 [Modules] Streaming discord_zstd@1 to /home/vinicius/.config/discord/0.0.113/modules/pending/discord_zstd-1.zip: 85%
11/7/2025, 8:55:07 PM GMT-3 [Modules] Streaming discord_zstd@1 to /home/vinicius/.config/discord/0.0.113/modules/pending/discord_zstd-1.zip: 87%
11/7/2025, 8:55:07 PM GMT-3 [Modules] Streaming discord_zstd@1 to /home/vinicius/.config/discord/0.0.113/modules/pending/discord_zstd-1.zip: 88%
11/7/2025, 8:55:07 PM GMT-3 [Modules] Streaming discord_zstd@1 to /home/vinicius/.config/discord/0.0.113/modules/pending/discord_zstd-1.zip: 91%
11/7/2025, 8:55:07 PM GMT-3 [Modules] Streaming discord_zstd@1 to /home/vinicius/.config/discord/0.0.113/modules/pending/discord_zstd-1.zip: 93%
11/7/2025, 8:55:07 PM GMT-3 [Modules] Streaming discord_zstd@1 to /home/vinicius/.config/discord/0.0.113/modules/pending/discord_zstd-1.zip: 95%
11/7/2025, 8:55:07 PM GMT-3 [Modules] Streaming discord_zstd@1 to /home/vinicius/.config/discord/0.0.113/modules/pending/discord_zstd-1.zip: 98%
11/7/2025, 8:55:07 PM GMT-3 [Modules] Streaming discord_zstd@1 to /home/vinicius/.config/discord/0.0.113/modules/pending/discord_zstd-1.zip: 100%
11/7/2025, 8:55:07 PM GMT-3 [Modules] Finished module downloads. [success: 6] [failure: 0]
11/7/2025, 8:55:07 PM GMT-3 [Modules] Installing updates...
11/7/2025, 8:55:07 PM GMT-3 [Modules] Installing discord_desktop_core@1 from /home/vinicius/.config/discord/0.0.113/modules/pending/discord_desktop_core-1.zip
11/7/2025, 8:55:08 PM GMT-3 [Modules] Installing discord_erlpack@1 from /home/vinicius/.config/discord/0.0.113/modules/pending/discord_erlpack-1.zip
11/7/2025, 8:55:08 PM GMT-3 [Modules] Installing discord_spellcheck@1 from /home/vinicius/.config/discord/0.0.113/modules/pending/discord_spellcheck-1.zip
11/7/2025, 8:55:08 PM GMT-3 [Modules] Installing discord_utils@1 from /home/vinicius/.config/discord/0.0.113/modules/pending/discord_utils-1.zip
11/7/2025, 8:55:08 PM GMT-3 [Modules] Installing discord_voice@1 from /home/vinicius/.config/discord/0.0.113/modules/pending/discord_voice-1.zip
11/7/2025, 8:55:09 PM GMT-3 [Modules] Installing discord_zstd@1 from /home/vinicius/.config/discord/0.0.113/modules/pending/discord_zstd-1.zip
11/7/2025, 8:55:09 PM GMT-3 [Modules] Finished module installations. [success: 6] [failure: 0]
11/7/2025, 8:55:09 PM GMT-3 [Modules] Checking for host updates.
11/7/2025, 8:55:09 PM GMT-3 [Modules] Host is up to date.
11/7/2025, 8:55:09 PM GMT-3 [Modules] Checking for module updates at https://discord.com/api/modules/stable/versions.json
11/7/2025, 8:55:09 PM GMT-3 [Modules] No module updates available.
11/7/2025, 8:55:12 PM GMT-3 [Modules] Starting to install discord_krisp...
11/7/2025, 8:55:12 PM GMT-3 [Modules] Fetching discord_krisp@1 from https://discord.com/api/modules/stable/discord_krisp/1
11/7/2025, 8:55:12 PM GMT-3 [Modules] Streaming discord_krisp@1 to /home/vinicius/.config/discord/0.0.113/modules/pending/discord_krisp-1.zip
11/7/2025, 8:55:12 PM GMT-3 [Modules] Starting to install discord_game_utils...
11/7/2025, 8:55:12 PM GMT-3 [Modules] Streaming discord_krisp@1 to /home/vinicius/.config/discord/0.0.113/modules/pending/discord_krisp-1.zip: 1%
11/7/2025, 8:55:12 PM GMT-3 [Modules] Streaming discord_krisp@1 to /home/vinicius/.config/discord/0.0.113/modules/pending/discord_krisp-1.zip: 2%
11/7/2025, 8:55:12 PM GMT-3 [Modules] Streaming discord_krisp@1 to /home/vinicius/.config/discord/0.0.113/modules/pending/discord_krisp-1.zip: 3%
11/7/2025, 8:55:13 PM GMT-3 [Modules] Streaming discord_krisp@1 to /home/vinicius/.config/discord/0.0.113/modules/pending/discord_krisp-1.zip: 4%
11/7/2025, 8:55:13 PM GMT-3 [Modules] Streaming discord_krisp@1 to /home/vinicius/.config/discord/0.0.113/modules/pending/discord_krisp-1.zip: 5%
11/7/2025, 8:55:13 PM GMT-3 [Modules] Streaming discord_krisp@1 to /home/vinicius/.config/discord/0.0.113/modules/pending/discord_krisp-1.zip: 6%
11/7/2025, 8:55:13 PM GMT-3 [Modules] Streaming discord_krisp@1 to /home/vinicius/.config/discord/0.0.113/modules/pending/discord_krisp-1.zip: 7%
11/7/2025, 8:55:13 PM GMT-3 [Modules] Streaming discord_krisp@1 to /home/vinicius/.config/discord/0.0.113/modules/pending/discord_krisp-1.zip: 8%
11/7/2025, 8:55:13 PM GMT-3 [Modules] Streaming discord_krisp@1 to /home/vinicius/.config/discord/0.0.113/modules/pending/discord_krisp-1.zip: 9%
11/7/2025, 8:55:13 PM GMT-3 [Modules] Streaming discord_krisp@1 to /home/vinicius/.config/discord/0.0.113/modules/pending/discord_krisp-1.zip: 10%
11/7/2025, 8:55:13 PM GMT-3 [Modules] Streaming discord_krisp@1 to /home/vinicius/.config/discord/0.0.113/modules/pending/discord_krisp-1.zip: 11%
11/7/2025, 8:55:13 PM GMT-3 [Modules] Streaming discord_krisp@1 to /home/vinicius/.config/discord/0.0.113/modules/pending/discord_krisp-1.zip: 12%
11/7/2025, 8:55:13 PM GMT-3 [Modules] Streaming discord_krisp@1 to /home/vinicius/.config/discord/0.0.113/modules/pending/discord_krisp-1.zip: 13%
11/7/2025, 8:55:13 PM GMT-3 [Modules] Starting to install discord_rpc...
11/7/2025, 8:55:13 PM GMT-3 [Modules] Streaming discord_krisp@1 to /home/vinicius/.config/discord/0.0.113/modules/pending/discord_krisp-1.zip: 14%
11/7/2025, 8:55:13 PM GMT-3 [Modules] Streaming discord_krisp@1 to /home/vinicius/.config/discord/0.0.113/modules/pending/discord_krisp-1.zip: 15%
11/7/2025, 8:55:13 PM GMT-3 [Modules] Streaming discord_krisp@1 to /home/vinicius/.config/discord/0.0.113/modules/pending/discord_krisp-1.zip: 16%
11/7/2025, 8:55:13 PM GMT-3 [Modules] Streaming discord_krisp@1 to /home/vinicius/.config/discord/0.0.113/modules/pending/discord_krisp-1.zip: 17%
11/7/2025, 8:55:13 PM GMT-3 [Modules] Streaming discord_krisp@1 to /home/vinicius/.config/discord/0.0.113/modules/pending/discord_krisp-1.zip: 18%
11/7/2025, 8:55:13 PM GMT-3 [Modules] Streaming discord_krisp@1 to /home/vinicius/.config/discord/0.0.113/modules/pending/discord_krisp-1.zip: 19%
11/7/2025, 8:55:13 PM GMT-3 [Modules] Streaming discord_krisp@1 to /home/vinicius/.config/discord/0.0.113/modules/pending/discord_krisp-1.zip: 20%
11/7/2025, 8:55:13 PM GMT-3 [Modules] Streaming discord_krisp@1 to /home/vinicius/.config/discord/0.0.113/modules/pending/discord_krisp-1.zip: 21%
11/7/2025, 8:55:13 PM GMT-3 [Modules] Streaming discord_krisp@1 to /home/vinicius/.config/discord/0.0.113/modules/pending/discord_krisp-1.zip: 22%
11/7/2025, 8:55:13 PM GMT-3 [Modules] Streaming discord_krisp@1 to /home/vinicius/.config/discord/0.0.113/modules/pending/discord_krisp-1.zip: 23%
11/7/2025, 8:55:13 PM GMT-3 [Modules] Streaming discord_krisp@1 to /home/vinicius/.config/discord/0.0.113/modules/pending/discord_krisp-1.zip: 24%
11/7/2025, 8:55:13 PM GMT-3 [Modules] Streaming discord_krisp@1 to /home/vinicius/.config/discord/0.0.113/modules/pending/discord_krisp-1.zip: 25%
11/7/2025, 8:55:13 PM GMT-3 [Modules] Streaming discord_krisp@1 to /home/vinicius/.config/discord/0.0.113/modules/pending/discord_krisp-1.zip: 26%
11/7/2025, 8:55:13 PM GMT-3 [Modules] Streaming discord_krisp@1 to /home/vinicius/.config/discord/0.0.113/modules/pending/discord_krisp-1.zip: 27%
11/7/2025, 8:55:14 PM GMT-3 [Modules] Streaming discord_krisp@1 to /home/vinicius/.config/discord/0.0.113/modules/pending/discord_krisp-1.zip: 28%
11/7/2025, 8:55:14 PM GMT-3 [Modules] Streaming discord_krisp@1 to /home/vinicius/.config/discord/0.0.113/modules/pending/discord_krisp-1.zip: 29%
11/7/2025, 8:55:14 PM GMT-3 [Modules] Streaming discord_krisp@1 to /home/vinicius/.config/discord/0.0.113/modules/pending/discord_krisp-1.zip: 30%
11/7/2025, 8:55:14 PM GMT-3 [Modules] Streaming discord_krisp@1 to /home/vinicius/.config/discord/0.0.113/modules/pending/discord_krisp-1.zip: 31%
11/7/2025, 8:55:14 PM GMT-3 [Modules] Streaming discord_krisp@1 to /home/vinicius/.config/discord/0.0.113/modules/pending/discord_krisp-1.zip: 32%
11/7/2025, 8:55:14 PM GMT-3 [Modules] Streaming discord_krisp@1 to /home/vinicius/.config/discord/0.0.113/modules/pending/discord_krisp-1.zip: 33%
11/7/2025, 8:55:14 PM GMT-3 [Modules] Streaming discord_krisp@1 to /home/vinicius/.config/discord/0.0.113/modules/pending/discord_krisp-1.zip: 34%
11/7/2025, 8:55:14 PM GMT-3 [Modules] Streaming discord_krisp@1 to /home/vinicius/.config/discord/0.0.113/modules/pending/discord_krisp-1.zip: 35%
11/7/2025, 8:55:14 PM GMT-3 [Modules] Streaming discord_krisp@1 to /home/vinicius/.config/discord/0.0.113/modules/pending/discord_krisp-1.zip: 36%
11/7/2025, 8:55:14 PM GMT-3 [Modules] Streaming discord_krisp@1 to /home/vinicius/.config/discord/0.0.113/modules/pending/discord_krisp-1.zip: 37%
11/7/2025, 8:55:14 PM GMT-3 [Modules] Streaming discord_krisp@1 to /home/vinicius/.config/discord/0.0.113/modules/pending/discord_krisp-1.zip: 38%
11/7/2025, 8:55:14 PM GMT-3 [Modules] Streaming discord_krisp@1 to /home/vinicius/.config/discord/0.0.113/modules/pending/discord_krisp-1.zip: 39%
11/7/2025, 8:55:14 PM GMT-3 [Modules] Streaming discord_krisp@1 to /home/vinicius/.config/discord/0.0.113/modules/pending/discord_krisp-1.zip: 40%
11/7/2025, 8:55:14 PM GMT-3 [Modules] Streaming discord_krisp@1 to /home/vinicius/.config/discord/0.0.113/modules/pending/discord_krisp-1.zip: 41%
11/7/2025, 8:55:14 PM GMT-3 [Modules] Streaming discord_krisp@1 to /home/vinicius/.config/discord/0.0.113/modules/pending/discord_krisp-1.zip: 42%
11/7/2025, 8:55:14 PM GMT-3 [Modules] Streaming discord_krisp@1 to /home/vinicius/.config/discord/0.0.113/modules/pending/discord_krisp-1.zip: 43%
11/7/2025, 8:55:14 PM GMT-3 [Modules] Streaming discord_krisp@1 to /home/vinicius/.config/discord/0.0.113/modules/pending/discord_krisp-1.zip: 44%
11/7/2025, 8:55:14 PM GMT-3 [Modules] Streaming discord_krisp@1 to /home/vinicius/.config/discord/0.0.113/modules/pending/discord_krisp-1.zip: 45%
11/7/2025, 8:55:14 PM GMT-3 [Modules] Streaming discord_krisp@1 to /home/vinicius/.config/discord/0.0.113/modules/pending/discord_krisp-1.zip: 46%
11/7/2025, 8:55:14 PM GMT-3 [Modules] Streaming discord_krisp@1 to /home/vinicius/.config/discord/0.0.113/modules/pending/discord_krisp-1.zip: 47%
11/7/2025, 8:55:14 PM GMT-3 [Modules] Streaming discord_krisp@1 to /home/vinicius/.config/discord/0.0.113/modules/pending/discord_krisp-1.zip: 48%
11/7/2025, 8:55:15 PM GMT-3 [Modules] Streaming discord_krisp@1 to /home/vinicius/.config/discord/0.0.113/modules/pending/discord_krisp-1.zip: 49%
11/7/2025, 8:55:15 PM GMT-3 [Modules] Streaming discord_krisp@1 to /home/vinicius/.config/discord/0.0.113/modules/pending/discord_krisp-1.zip: 50%
11/7/2025, 8:55:15 PM GMT-3 [Modules] Streaming discord_krisp@1 to /home/vinicius/.config/discord/0.0.113/modules/pending/discord_krisp-1.zip: 51%
11/7/2025, 8:55:15 PM GMT-3 [Modules] Streaming discord_krisp@1 to /home/vinicius/.config/discord/0.0.113/modules/pending/discord_krisp-1.zip: 52%
11/7/2025, 8:55:15 PM GMT-3 [Modules] Streaming discord_krisp@1 to /home/vinicius/.config/discord/0.0.113/modules/pending/discord_krisp-1.zip: 53%
11/7/2025, 8:55:15 PM GMT-3 [Modules] Streaming discord_krisp@1 to /home/vinicius/.config/discord/0.0.113/modules/pending/discord_krisp-1.zip: 54%
11/7/2025, 8:55:15 PM GMT-3 [Modules] Streaming discord_krisp@1 to /home/vinicius/.config/discord/0.0.113/modules/pending/discord_krisp-1.zip: 55%
11/7/2025, 8:55:15 PM GMT-3 [Modules] Streaming discord_krisp@1 to /home/vinicius/.config/discord/0.0.113/modules/pending/discord_krisp-1.zip: 56%
11/7/2025, 8:55:15 PM GMT-3 [Modules] Streaming discord_krisp@1 to /home/vinicius/.config/discord/0.0.113/modules/pending/discord_krisp-1.zip: 57%
11/7/2025, 8:55:15 PM GMT-3 [Modules] Streaming discord_krisp@1 to /home/vinicius/.config/discord/0.0.113/modules/pending/discord_krisp-1.zip: 58%
11/7/2025, 8:55:15 PM GMT-3 [Modules] Streaming discord_krisp@1 to /home/vinicius/.config/discord/0.0.113/modules/pending/discord_krisp-1.zip: 59%
11/7/2025, 8:55:15 PM GMT-3 [Modules] Streaming discord_krisp@1 to /home/vinicius/.config/discord/0.0.113/modules/pending/discord_krisp-1.zip: 60%
11/7/2025, 8:55:15 PM GMT-3 [Modules] Streaming discord_krisp@1 to /home/vinicius/.config/discord/0.0.113/modules/pending/discord_krisp-1.zip: 61%
11/7/2025, 8:55:15 PM GMT-3 [Modules] Streaming discord_krisp@1 to /home/vinicius/.config/discord/0.0.113/modules/pending/discord_krisp-1.zip: 62%
11/7/2025, 8:55:15 PM GMT-3 [Modules] Streaming discord_krisp@1 to /home/vinicius/.config/discord/0.0.113/modules/pending/discord_krisp-1.zip: 63%
11/7/2025, 8:55:15 PM GMT-3 [Modules] Streaming discord_krisp@1 to /home/vinicius/.config/discord/0.0.113/modules/pending/discord_krisp-1.zip: 64%
11/7/2025, 8:55:15 PM GMT-3 [Modules] Streaming discord_krisp@1 to /home/vinicius/.config/discord/0.0.113/modules/pending/discord_krisp-1.zip: 65%
11/7/2025, 8:55:15 PM GMT-3 [Modules] Streaming discord_krisp@1 to /home/vinicius/.config/discord/0.0.113/modules/pending/discord_krisp-1.zip: 66%
11/7/2025, 8:55:15 PM GMT-3 [Modules] Streaming discord_krisp@1 to /home/vinicius/.config/discord/0.0.113/modules/pending/discord_krisp-1.zip: 67%
11/7/2025, 8:55:16 PM GMT-3 [Modules] Streaming discord_krisp@1 to /home/vinicius/.config/discord/0.0.113/modules/pending/discord_krisp-1.zip: 68%
11/7/2025, 8:55:16 PM GMT-3 [Modules] Streaming discord_krisp@1 to /home/vinicius/.config/discord/0.0.113/modules/pending/discord_krisp-1.zip: 69%
11/7/2025, 8:55:16 PM GMT-3 [Modules] Streaming discord_krisp@1 to /home/vinicius/.config/discord/0.0.113/modules/pending/discord_krisp-1.zip: 70%
11/7/2025, 8:55:16 PM GMT-3 [Modules] Streaming discord_krisp@1 to /home/vinicius/.config/discord/0.0.113/modules/pending/discord_krisp-1.zip: 71%
11/7/2025, 8:55:16 PM GMT-3 [Modules] Streaming discord_krisp@1 to /home/vinicius/.config/discord/0.0.113/modules/pending/discord_krisp-1.zip: 72%
11/7/2025, 8:55:16 PM GMT-3 [Modules] Streaming discord_krisp@1 to /home/vinicius/.config/discord/0.0.113/modules/pending/discord_krisp-1.zip: 73%
11/7/2025, 8:55:16 PM GMT-3 [Modules] Streaming discord_krisp@1 to /home/vinicius/.config/discord/0.0.113/modules/pending/discord_krisp-1.zip: 74%
11/7/2025, 8:55:16 PM GMT-3 [Modules] Streaming discord_krisp@1 to /home/vinicius/.config/discord/0.0.113/modules/pending/discord_krisp-1.zip: 75%
11/7/2025, 8:55:16 PM GMT-3 [Modules] Streaming discord_krisp@1 to /home/vinicius/.config/discord/0.0.113/modules/pending/discord_krisp-1.zip: 76%
11/7/2025, 8:55:16 PM GMT-3 [Modules] Streaming discord_krisp@1 to /home/vinicius/.config/discord/0.0.113/modules/pending/discord_krisp-1.zip: 77%
11/7/2025, 8:55:16 PM GMT-3 [Modules] Streaming discord_krisp@1 to /home/vinicius/.config/discord/0.0.113/modules/pending/discord_krisp-1.zip: 78%
11/7/2025, 8:55:16 PM GMT-3 [Modules] Streaming discord_krisp@1 to /home/vinicius/.config/discord/0.0.113/modules/pending/discord_krisp-1.zip: 79%
11/7/2025, 8:55:16 PM GMT-3 [Modules] Streaming discord_krisp@1 to /home/vinicius/.config/discord/0.0.113/modules/pending/discord_krisp-1.zip: 80%
11/7/2025, 8:55:16 PM GMT-3 [Modules] Streaming discord_krisp@1 to /home/vinicius/.config/discord/0.0.113/modules/pending/discord_krisp-1.zip: 81%
11/7/2025, 8:55:16 PM GMT-3 [Modules] Streaming discord_krisp@1 to /home/vinicius/.config/discord/0.0.113/modules/pending/discord_krisp-1.zip: 82%
11/7/2025, 8:55:16 PM GMT-3 [Modules] Streaming discord_krisp@1 to /home/vinicius/.config/discord/0.0.113/modules/pending/discord_krisp-1.zip: 83%
11/7/2025, 8:55:17 PM GMT-3 [Modules] Streaming discord_krisp@1 to /home/vinicius/.config/discord/0.0.113/modules/pending/discord_krisp-1.zip: 84%
11/7/2025, 8:55:17 PM GMT-3 [Modules] Streaming discord_krisp@1 to /home/vinicius/.config/discord/0.0.113/modules/pending/discord_krisp-1.zip: 85%
11/7/2025, 8:55:17 PM GMT-3 [Modules] Streaming discord_krisp@1 to /home/vinicius/.config/discord/0.0.113/modules/pending/discord_krisp-1.zip: 86%
11/7/2025, 8:55:17 PM GMT-3 [Modules] Streaming discord_krisp@1 to /home/vinicius/.config/discord/0.0.113/modules/pending/discord_krisp-1.zip: 87%
11/7/2025, 8:55:17 PM GMT-3 [Modules] Streaming discord_krisp@1 to /home/vinicius/.config/discord/0.0.113/modules/pending/discord_krisp-1.zip: 88%
11/7/2025, 8:55:17 PM GMT-3 [Modules] Streaming discord_krisp@1 to /home/vinicius/.config/discord/0.0.113/modules/pending/discord_krisp-1.zip: 89%
11/7/2025, 8:55:17 PM GMT-3 [Modules] Streaming discord_krisp@1 to /home/vinicius/.config/discord/0.0.113/modules/pending/discord_krisp-1.zip: 90%
11/7/2025, 8:55:17 PM GMT-3 [Modules] Streaming discord_krisp@1 to /home/vinicius/.config/discord/0.0.113/modules/pending/discord_krisp-1.zip: 91%
11/7/2025, 8:55:17 PM GMT-3 [Modules] Streaming discord_krisp@1 to /home/vinicius/.config/discord/0.0.113/modules/pending/discord_krisp-1.zip: 92%
11/7/2025, 8:55:17 PM GMT-3 [Modules] Streaming discord_krisp@1 to /home/vinicius/.config/discord/0.0.113/modules/pending/discord_krisp-1.zip: 93%
11/7/2025, 8:55:17 PM GMT-3 [Modules] Streaming discord_krisp@1 to /home/vinicius/.config/discord/0.0.113/modules/pending/discord_krisp-1.zip: 94%
11/7/2025, 8:55:17 PM GMT-3 [Modules] Streaming discord_krisp@1 to /home/vinicius/.config/discord/0.0.113/modules/pending/discord_krisp-1.zip: 95%
11/7/2025, 8:55:17 PM GMT-3 [Modules] Streaming discord_krisp@1 to /home/vinicius/.config/discord/0.0.113/modules/pending/discord_krisp-1.zip: 96%
11/7/2025, 8:55:17 PM GMT-3 [Modules] Streaming discord_krisp@1 to /home/vinicius/.config/discord/0.0.113/modules/pending/discord_krisp-1.zip: 97%
11/7/2025, 8:55:17 PM GMT-3 [Modules] Streaming discord_krisp@1 to /home/vinicius/.config/discord/0.0.113/modules/pending/discord_krisp-1.zip: 98%
11/7/2025, 8:55:17 PM GMT-3 [Modules] Streaming discord_krisp@1 to /home/vinicius/.config/discord/0.0.113/modules/pending/discord_krisp-1.zip: 99%
11/7/2025, 8:55:17 PM GMT-3 [Modules] Streaming discord_krisp@1 to /home/vinicius/.config/discord/0.0.113/modules/pending/discord_krisp-1.zip: 100%
11/7/2025, 8:55:17 PM GMT-3 [Modules] Fetching discord_game_utils@1 from https://discord.com/api/modules/stable/discord_game_utils/1
11/7/2025, 8:55:17 PM GMT-3 [Modules] Streaming discord_game_utils@1 to /home/vinicius/.config/discord/0.0.113/modules/pending/discord_game_utils-1.zip
11/7/2025, 8:55:17 PM GMT-3 [Modules] Installing discord_krisp@1 from /home/vinicius/.config/discord/0.0.113/modules/pending/discord_krisp-1.zip
11/7/2025, 8:55:18 PM GMT-3 [Modules] Streaming discord_game_utils@1 to /home/vinicius/.config/discord/0.0.113/modules/pending/discord_game_utils-1.zip: 1%
11/7/2025, 8:55:18 PM GMT-3 [Modules] Streaming discord_game_utils@1 to /home/vinicius/.config/discord/0.0.113/modules/pending/discord_game_utils-1.zip: 2%
11/7/2025, 8:55:18 PM GMT-3 [Modules] Streaming discord_game_utils@1 to /home/vinicius/.config/discord/0.0.113/modules/pending/discord_game_utils-1.zip: 3%
11/7/2025, 8:55:18 PM GMT-3 [Modules] Streaming discord_game_utils@1 to /home/vinicius/.config/discord/0.0.113/modules/pending/discord_game_utils-1.zip: 4%
11/7/2025, 8:55:18 PM GMT-3 [Modules] Streaming discord_game_utils@1 to /home/vinicius/.config/discord/0.0.113/modules/pending/discord_game_utils-1.zip: 5%
11/7/2025, 8:55:18 PM GMT-3 [Modules] Streaming discord_game_utils@1 to /home/vinicius/.config/discord/0.0.113/modules/pending/discord_game_utils-1.zip: 6%
11/7/2025, 8:55:18 PM GMT-3 [Modules] Streaming discord_game_utils@1 to /home/vinicius/.config/discord/0.0.113/modules/pending/discord_game_utils-1.zip: 7%
11/7/2025, 8:55:18 PM GMT-3 [Modules] Streaming discord_game_utils@1 to /home/vinicius/.config/discord/0.0.113/modules/pending/discord_game_utils-1.zip: 8%
11/7/2025, 8:55:18 PM GMT-3 [Modules] Streaming discord_game_utils@1 to /home/vinicius/.config/discord/0.0.113/modules/pending/discord_game_utils-1.zip: 9%
11/7/2025, 8:55:18 PM GMT-3 [Modules] Streaming discord_game_utils@1 to /home/vinicius/.config/discord/0.0.113/modules/pending/discord_game_utils-1.zip: 10%
11/7/2025, 8:55:18 PM GMT-3 [Modules] Streaming discord_game_utils@1 to /home/vinicius/.config/discord/0.0.113/modules/pending/discord_game_utils-1.zip: 11%
11/7/2025, 8:55:18 PM GMT-3 [Modules] Streaming discord_game_utils@1 to /home/vinicius/.config/discord/0.0.113/modules/pending/discord_game_utils-1.zip: 12%
11/7/2025, 8:55:18 PM GMT-3 [Modules] Streaming discord_game_utils@1 to /home/vinicius/.config/discord/0.0.113/modules/pending/discord_game_utils-1.zip: 13%
11/7/2025, 8:55:18 PM GMT-3 [Modules] Streaming discord_game_utils@1 to /home/vinicius/.config/discord/0.0.113/modules/pending/discord_game_utils-1.zip: 14%
11/7/2025, 8:55:18 PM GMT-3 [Modules] Streaming discord_game_utils@1 to /home/vinicius/.config/discord/0.0.113/modules/pending/discord_game_utils-1.zip: 15%
11/7/2025, 8:55:18 PM GMT-3 [Modules] Streaming discord_game_utils@1 to /home/vinicius/.config/discord/0.0.113/modules/pending/discord_game_utils-1.zip: 16%
11/7/2025, 8:55:18 PM GMT-3 [Modules] Streaming discord_game_utils@1 to /home/vinicius/.config/discord/0.0.113/modules/pending/discord_game_utils-1.zip: 17%
11/7/2025, 8:55:18 PM GMT-3 [Modules] Streaming discord_game_utils@1 to /home/vinicius/.config/discord/0.0.113/modules/pending/discord_game_utils-1.zip: 18%
11/7/2025, 8:55:18 PM GMT-3 [Modules] Streaming discord_game_utils@1 to /home/vinicius/.config/discord/0.0.113/modules/pending/discord_game_utils-1.zip: 19%
11/7/2025, 8:55:18 PM GMT-3 [Modules] Streaming discord_game_utils@1 to /home/vinicius/.config/discord/0.0.113/modules/pending/discord_game_utils-1.zip: 20%
11/7/2025, 8:55:18 PM GMT-3 [Modules] Streaming discord_game_utils@1 to /home/vinicius/.config/discord/0.0.113/modules/pending/discord_game_utils-1.zip: 21%
11/7/2025, 8:55:18 PM GMT-3 [Modules] Streaming discord_game_utils@1 to /home/vinicius/.config/discord/0.0.113/modules/pending/discord_game_utils-1.zip: 22%
11/7/2025, 8:55:18 PM GMT-3 [Modules] Streaming discord_game_utils@1 to /home/vinicius/.config/discord/0.0.113/modules/pending/discord_game_utils-1.zip: 23%
11/7/2025, 8:55:18 PM GMT-3 [Modules] Streaming discord_game_utils@1 to /home/vinicius/.config/discord/0.0.113/modules/pending/discord_game_utils-1.zip: 24%
11/7/2025, 8:55:18 PM GMT-3 [Modules] Streaming discord_game_utils@1 to /home/vinicius/.config/discord/0.0.113/modules/pending/discord_game_utils-1.zip: 25%
11/7/2025, 8:55:18 PM GMT-3 [Modules] Streaming discord_game_utils@1 to /home/vinicius/.config/discord/0.0.113/modules/pending/discord_game_utils-1.zip: 26%
11/7/2025, 8:55:18 PM GMT-3 [Modules] Streaming discord_game_utils@1 to /home/vinicius/.config/discord/0.0.113/modules/pending/discord_game_utils-1.zip: 27%
11/7/2025, 8:55:18 PM GMT-3 [Modules] Streaming discord_game_utils@1 to /home/vinicius/.config/discord/0.0.113/modules/pending/discord_game_utils-1.zip: 28%
11/7/2025, 8:55:18 PM GMT-3 [Modules] Streaming discord_game_utils@1 to /home/vinicius/.config/discord/0.0.113/modules/pending/discord_game_utils-1.zip: 29%
11/7/2025, 8:55:18 PM GMT-3 [Modules] Streaming discord_game_utils@1 to /home/vinicius/.config/discord/0.0.113/modules/pending/discord_game_utils-1.zip: 30%
11/7/2025, 8:55:18 PM GMT-3 [Modules] Streaming discord_game_utils@1 to /home/vinicius/.config/discord/0.0.113/modules/pending/discord_game_utils-1.zip: 31%
11/7/2025, 8:55:18 PM GMT-3 [Modules] Streaming discord_game_utils@1 to /home/vinicius/.config/discord/0.0.113/modules/pending/discord_game_utils-1.zip: 32%
11/7/2025, 8:55:18 PM GMT-3 [Modules] Streaming discord_game_utils@1 to /home/vinicius/.config/discord/0.0.113/modules/pending/discord_game_utils-1.zip: 33%
11/7/2025, 8:55:18 PM GMT-3 [Modules] Streaming discord_game_utils@1 to /home/vinicius/.config/discord/0.0.113/modules/pending/discord_game_utils-1.zip: 34%
11/7/2025, 8:55:18 PM GMT-3 [Modules] Streaming discord_game_utils@1 to /home/vinicius/.config/discord/0.0.113/modules/pending/discord_game_utils-1.zip: 35%
11/7/2025, 8:55:18 PM GMT-3 [Modules] Streaming discord_game_utils@1 to /home/vinicius/.config/discord/0.0.113/modules/pending/discord_game_utils-1.zip: 36%
11/7/2025, 8:55:18 PM GMT-3 [Modules] Streaming discord_game_utils@1 to /home/vinicius/.config/discord/0.0.113/modules/pending/discord_game_utils-1.zip: 37%
11/7/2025, 8:55:18 PM GMT-3 [Modules] Streaming discord_game_utils@1 to /home/vinicius/.config/discord/0.0.113/modules/pending/discord_game_utils-1.zip: 38%
11/7/2025, 8:55:18 PM GMT-3 [Modules] Streaming discord_game_utils@1 to /home/vinicius/.config/discord/0.0.113/modules/pending/discord_game_utils-1.zip: 39%
11/7/2025, 8:55:18 PM GMT-3 [Modules] Streaming discord_game_utils@1 to /home/vinicius/.config/discord/0.0.113/modules/pending/discord_game_utils-1.zip: 40%
11/7/2025, 8:55:18 PM GMT-3 [Modules] Streaming discord_game_utils@1 to /home/vinicius/.config/discord/0.0.113/modules/pending/discord_game_utils-1.zip: 41%
11/7/2025, 8:55:18 PM GMT-3 [Modules] Streaming discord_game_utils@1 to /home/vinicius/.config/discord/0.0.113/modules/pending/discord_game_utils-1.zip: 42%
11/7/2025, 8:55:18 PM GMT-3 [Modules] Streaming discord_game_utils@1 to /home/vinicius/.config/discord/0.0.113/modules/pending/discord_game_utils-1.zip: 43%
11/7/2025, 8:55:18 PM GMT-3 [Modules] Streaming discord_game_utils@1 to /home/vinicius/.config/discord/0.0.113/modules/pending/discord_game_utils-1.zip: 44%
11/7/2025, 8:55:18 PM GMT-3 [Modules] Streaming discord_game_utils@1 to /home/vinicius/.config/discord/0.0.113/modules/pending/discord_game_utils-1.zip: 45%
11/7/2025, 8:55:18 PM GMT-3 [Modules] Streaming discord_game_utils@1 to /home/vinicius/.config/discord/0.0.113/modules/pending/discord_game_utils-1.zip: 46%
11/7/2025, 8:55:18 PM GMT-3 [Modules] Streaming discord_game_utils@1 to /home/vinicius/.config/discord/0.0.113/modules/pending/discord_game_utils-1.zip: 47%
11/7/2025, 8:55:18 PM GMT-3 [Modules] Finished module installations. [success: 1] [failure: 0]
11/7/2025, 8:55:18 PM GMT-3 [Modules] Streaming discord_game_utils@1 to /home/vinicius/.config/discord/0.0.113/modules/pending/discord_game_utils-1.zip: 48%
11/7/2025, 8:55:18 PM GMT-3 [Modules] Streaming discord_game_utils@1 to /home/vinicius/.config/discord/0.0.113/modules/pending/discord_game_utils-1.zip: 49%
11/7/2025, 8:55:18 PM GMT-3 [Modules] Streaming discord_game_utils@1 to /home/vinicius/.config/discord/0.0.113/modules/pending/discord_game_utils-1.zip: 50%
11/7/2025, 8:55:18 PM GMT-3 [Modules] Streaming discord_game_utils@1 to /home/vinicius/.config/discord/0.0.113/modules/pending/discord_game_utils-1.zip: 51%
11/7/2025, 8:55:18 PM GMT-3 [Modules] Streaming discord_game_utils@1 to /home/vinicius/.config/discord/0.0.113/modules/pending/discord_game_utils-1.zip: 52%
11/7/2025, 8:55:18 PM GMT-3 [Modules] Streaming discord_game_utils@1 to /home/vinicius/.config/discord/0.0.113/modules/pending/discord_game_utils-1.zip: 53%
11/7/2025, 8:55:18 PM GMT-3 [Modules] Streaming discord_game_utils@1 to /home/vinicius/.config/discord/0.0.113/modules/pending/discord_game_utils-1.zip: 54%
11/7/2025, 8:55:18 PM GMT-3 [Modules] Streaming discord_game_utils@1 to /home/vinicius/.config/discord/0.0.113/modules/pending/discord_game_utils-1.zip: 55%
11/7/2025, 8:55:18 PM GMT-3 [Modules] Streaming discord_game_utils@1 to /home/vinicius/.config/discord/0.0.113/modules/pending/discord_game_utils-1.zip: 56%
11/7/2025, 8:55:18 PM GMT-3 [Modules] Streaming discord_game_utils@1 to /home/vinicius/.config/discord/0.0.113/modules/pending/discord_game_utils-1.zip: 57%
11/7/2025, 8:55:18 PM GMT-3 [Modules] Streaming discord_game_utils@1 to /home/vinicius/.config/discord/0.0.113/modules/pending/discord_game_utils-1.zip: 58%
11/7/2025, 8:55:18 PM GMT-3 [Modules] Streaming discord_game_utils@1 to /home/vinicius/.config/discord/0.0.113/modules/pending/discord_game_utils-1.zip: 59%
11/7/2025, 8:55:18 PM GMT-3 [Modules] Streaming discord_game_utils@1 to /home/vinicius/.config/discord/0.0.113/modules/pending/discord_game_utils-1.zip: 60%
11/7/2025, 8:55:18 PM GMT-3 [Modules] Streaming discord_game_utils@1 to /home/vinicius/.config/discord/0.0.113/modules/pending/discord_game_utils-1.zip: 61%
11/7/2025, 8:55:18 PM GMT-3 [Modules] Streaming discord_game_utils@1 to /home/vinicius/.config/discord/0.0.113/modules/pending/discord_game_utils-1.zip: 62%
11/7/2025, 8:55:18 PM GMT-3 [Modules] Streaming discord_game_utils@1 to /home/vinicius/.config/discord/0.0.113/modules/pending/discord_game_utils-1.zip: 63%
11/7/2025, 8:55:18 PM GMT-3 [Modules] Streaming discord_game_utils@1 to /home/vinicius/.config/discord/0.0.113/modules/pending/discord_game_utils-1.zip: 64%
11/7/2025, 8:55:18 PM GMT-3 [Modules] Streaming discord_game_utils@1 to /home/vinicius/.config/discord/0.0.113/modules/pending/discord_game_utils-1.zip: 65%
11/7/2025, 8:55:18 PM GMT-3 [Modules] Streaming discord_game_utils@1 to /home/vinicius/.config/discord/0.0.113/modules/pending/discord_game_utils-1.zip: 66%
11/7/2025, 8:55:18 PM GMT-3 [Modules] Streaming discord_game_utils@1 to /home/vinicius/.config/discord/0.0.113/modules/pending/discord_game_utils-1.zip: 67%
11/7/2025, 8:55:18 PM GMT-3 [Modules] Streaming discord_game_utils@1 to /home/vinicius/.config/discord/0.0.113/modules/pending/discord_game_utils-1.zip: 68%
11/7/2025, 8:55:18 PM GMT-3 [Modules] Streaming discord_game_utils@1 to /home/vinicius/.config/discord/0.0.113/modules/pending/discord_game_utils-1.zip: 69%
11/7/2025, 8:55:18 PM GMT-3 [Modules] Streaming discord_game_utils@1 to /home/vinicius/.config/discord/0.0.113/modules/pending/discord_game_utils-1.zip: 70%
11/7/2025, 8:55:18 PM GMT-3 [Modules] Streaming discord_game_utils@1 to /home/vinicius/.config/discord/0.0.113/modules/pending/discord_game_utils-1.zip: 71%
11/7/2025, 8:55:18 PM GMT-3 [Modules] Streaming discord_game_utils@1 to /home/vinicius/.config/discord/0.0.113/modules/pending/discord_game_utils-1.zip: 72%
11/7/2025, 8:55:18 PM GMT-3 [Modules] Streaming discord_game_utils@1 to /home/vinicius/.config/discord/0.0.113/modules/pending/discord_game_utils-1.zip: 73%
11/7/2025, 8:55:18 PM GMT-3 [Modules] Streaming discord_game_utils@1 to /home/vinicius/.config/discord/0.0.113/modules/pending/discord_game_utils-1.zip: 74%
11/7/2025, 8:55:18 PM GMT-3 [Modules] Streaming discord_game_utils@1 to /home/vinicius/.config/discord/0.0.113/modules/pending/discord_game_utils-1.zip: 75%
11/7/2025, 8:55:18 PM GMT-3 [Modules] Streaming discord_game_utils@1 to /home/vinicius/.config/discord/0.0.113/modules/pending/discord_game_utils-1.zip: 76%
11/7/2025, 8:55:18 PM GMT-3 [Modules] Streaming discord_game_utils@1 to /home/vinicius/.config/discord/0.0.113/modules/pending/discord_game_utils-1.zip: 77%
11/7/2025, 8:55:18 PM GMT-3 [Modules] Streaming discord_game_utils@1 to /home/vinicius/.config/discord/0.0.113/modules/pending/discord_game_utils-1.zip: 78%
11/7/2025, 8:55:18 PM GMT-3 [Modules] Streaming discord_game_utils@1 to /home/vinicius/.config/discord/0.0.113/modules/pending/discord_game_utils-1.zip: 79%
11/7/2025, 8:55:18 PM GMT-3 [Modules] Streaming discord_game_utils@1 to /home/vinicius/.config/discord/0.0.113/modules/pending/discord_game_utils-1.zip: 80%
11/7/2025, 8:55:18 PM GMT-3 [Modules] Streaming discord_game_utils@1 to /home/vinicius/.config/discord/0.0.113/modules/pending/discord_game_utils-1.zip: 81%
11/7/2025, 8:55:18 PM GMT-3 [Modules] Streaming discord_game_utils@1 to /home/vinicius/.config/discord/0.0.113/modules/pending/discord_game_utils-1.zip: 82%
11/7/2025, 8:55:18 PM GMT-3 [Modules] Streaming discord_game_utils@1 to /home/vinicius/.config/discord/0.0.113/modules/pending/discord_game_utils-1.zip: 83%
11/7/2025, 8:55:18 PM GMT-3 [Modules] Streaming discord_game_utils@1 to /home/vinicius/.config/discord/0.0.113/modules/pending/discord_game_utils-1.zip: 84%
11/7/2025, 8:55:18 PM GMT-3 [Modules] Streaming discord_game_utils@1 to /home/vinicius/.config/discord/0.0.113/modules/pending/discord_game_utils-1.zip: 85%
11/7/2025, 8:55:18 PM GMT-3 [Modules] Streaming discord_game_utils@1 to /home/vinicius/.config/discord/0.0.113/modules/pending/discord_game_utils-1.zip: 86%
11/7/2025, 8:55:18 PM GMT-3 [Modules] Streaming discord_game_utils@1 to /home/vinicius/.config/discord/0.0.113/modules/pending/discord_game_utils-1.zip: 87%
11/7/2025, 8:55:18 PM GMT-3 [Modules] Streaming discord_game_utils@1 to /home/vinicius/.config/discord/0.0.113/modules/pending/discord_game_utils-1.zip: 88%
11/7/2025, 8:55:18 PM GMT-3 [Modules] Streaming discord_game_utils@1 to /home/vinicius/.config/discord/0.0.113/modules/pending/discord_game_utils-1.zip: 89%
11/7/2025, 8:55:18 PM GMT-3 [Modules] Streaming discord_game_utils@1 to /home/vinicius/.config/discord/0.0.113/modules/pending/discord_game_utils-1.zip: 90%
11/7/2025, 8:55:18 PM GMT-3 [Modules] Streaming discord_game_utils@1 to /home/vinicius/.config/discord/0.0.113/modules/pending/discord_game_utils-1.zip: 91%
11/7/2025, 8:55:18 PM GMT-3 [Modules] Streaming discord_game_utils@1 to /home/vinicius/.config/discord/0.0.113/modules/pending/discord_game_utils-1.zip: 92%
11/7/2025, 8:55:18 PM GMT-3 [Modules] Streaming discord_game_utils@1 to /home/vinicius/.config/discord/0.0.113/modules/pending/discord_game_utils-1.zip: 93%
11/7/2025, 8:55:18 PM GMT-3 [Modules] Streaming discord_game_utils@1 to /home/vinicius/.config/discord/0.0.113/modules/pending/discord_game_utils-1.zip: 94%
11/7/2025, 8:55:18 PM GMT-3 [Modules] Streaming discord_game_utils@1 to /home/vinicius/.config/discord/0.0.113/modules/pending/discord_game_utils-1.zip: 95%
11/7/2025, 8:55:18 PM GMT-3 [Modules] Streaming discord_game_utils@1 to /home/vinicius/.config/discord/0.0.113/modules/pending/discord_game_utils-1.zip: 96%
11/7/2025, 8:55:18 PM GMT-3 [Modules] Streaming discord_game_utils@1 to /home/vinicius/.config/discord/0.0.113/modules/pending/discord_game_utils-1.zip: 97%
11/7/2025, 8:55:18 PM GMT-3 [Modules] Streaming discord_game_utils@1 to /home/vinicius/.config/discord/0.0.113/modules/pending/discord_game_utils-1.zip: 98%
11/7/2025, 8:55:18 PM GMT-3 [Modules] Streaming discord_game_utils@1 to /home/vinicius/.config/discord/0.0.113/modules/pending/discord_game_utils-1.zip: 99%
11/7/2025, 8:55:18 PM GMT-3 [Modules] Streaming discord_game_utils@1 to /home/vinicius/.config/discord/0.0.113/modules/pending/discord_game_utils-1.zip: 100%
11/7/2025, 8:55:18 PM GMT-3 [Modules] Fetching discord_rpc@1 from https://discord.com/api/modules/stable/discord_rpc/1
11/7/2025, 8:55:18 PM GMT-3 [Modules] Streaming discord_rpc@1 to /home/vinicius/.config/discord/0.0.113/modules/pending/discord_rpc-1.zip
11/7/2025, 8:55:18 PM GMT-3 [Modules] Installing discord_game_utils@1 from /home/vinicius/.config/discord/0.0.113/modules/pending/discord_game_utils-1.zip
11/7/2025, 8:55:18 PM GMT-3 [Modules] Finished module installations. [success: 1] [failure: 0]
11/7/2025, 8:55:18 PM GMT-3 [Modules] Streaming discord_rpc@1 to /home/vinicius/.config/discord/0.0.113/modules/pending/discord_rpc-1.zip: 8%
11/7/2025, 8:55:18 PM GMT-3 [Modules] Streaming discord_rpc@1 to /home/vinicius/.config/discord/0.0.113/modules/pending/discord_rpc-1.zip: 23%
11/7/2025, 8:55:18 PM GMT-3 [Modules] Streaming discord_rpc@1 to /home/vinicius/.config/discord/0.0.113/modules/pending/discord_rpc-1.zip: 38%
11/7/2025, 8:55:18 PM GMT-3 [Modules] Streaming discord_rpc@1 to /home/vinicius/.config/discord/0.0.113/modules/pending/discord_rpc-1.zip: 47%
11/7/2025, 8:55:18 PM GMT-3 [Modules] Streaming discord_rpc@1 to /home/vinicius/.config/discord/0.0.113/modules/pending/discord_rpc-1.zip: 53%
11/7/2025, 8:55:18 PM GMT-3 [Modules] Streaming discord_rpc@1 to /home/vinicius/.config/discord/0.0.113/modules/pending/discord_rpc-1.zip: 67%
11/7/2025, 8:55:18 PM GMT-3 [Modules] Streaming discord_rpc@1 to /home/vinicius/.config/discord/0.0.113/modules/pending/discord_rpc-1.zip: 73%
11/7/2025, 8:55:18 PM GMT-3 [Modules] Streaming discord_rpc@1 to /home/vinicius/.config/discord/0.0.113/modules/pending/discord_rpc-1.zip: 82%
11/7/2025, 8:55:18 PM GMT-3 [Modules] Streaming discord_rpc@1 to /home/vinicius/.config/discord/0.0.113/modules/pending/discord_rpc-1.zip: 97%
11/7/2025, 8:55:18 PM GMT-3 [Modules] Streaming discord_rpc@1 to /home/vinicius/.config/discord/0.0.113/modules/pending/discord_rpc-1.zip: 100%
11/7/2025, 8:55:18 PM GMT-3 [Modules] Finished module downloads. [success: 3] [failure: 0]
11/7/2025, 8:55:18 PM GMT-3 [Modules] Installing discord_rpc@1 from /home/vinicius/.config/discord/0.0.113/modules/pending/discord_rpc-1.zip
11/7/2025, 8:55:19 PM GMT-3 [Modules] Finished module installations. [success: 1] [failure: 0]
11/7/2025, 8:55:43 PM GMT-3 [Modules] Checking for host updates.
11/7/2025, 8:55:43 PM GMT-3 [Modules] Host is up to date.
11/7/2025, 8:55:43 PM GMT-3 [Modules] Checking for module updates at https://discord.com/api/modules/stable/versions.json
11/7/2025, 8:55:43 PM GMT-3 [Modules] No module updates available.
11/7/2025, 9:18:28 PM GMT-3 [Modules] Modules initializing
11/7/2025, 9:18:28 PM GMT-3 [Modules] Distribution: remote
11/7/2025, 9:18:28 PM GMT-3 [Modules] Host updates: enabled
11/7/2025, 9:18:28 PM GMT-3 [Modules] Module updates: enabled
11/7/2025, 9:18:28 PM GMT-3 [Modules] Module install path: /home/vinicius/.config/discord/0.0.113/modules
11/7/2025, 9:18:28 PM GMT-3 [Modules] Module installed file path: /home/vinicius/.config/discord/0.0.113/modules/installed.json
11/7/2025, 9:18:28 PM GMT-3 [Modules] Module download path: /home/vinicius/.config/discord/0.0.113/modules/pending
11/7/2025, 9:18:29 PM GMT-3 [Modules] No updates to install
11/7/2025, 9:18:29 PM GMT-3 [Modules] Checking for host updates.
11/7/2025, 9:18:29 PM GMT-3 [Modules] Host is up to date.
11/7/2025, 9:18:29 PM GMT-3 [Modules] Checking for module updates at https://discord.com/api/modules/stable/versions.json
11/7/2025, 9:18:29 PM GMT-3 [Modules] No module updates available.
11/7/2025, 9:18:36 PM GMT-3 [Modules] Checking for host updates.
11/7/2025, 9:18:36 PM GMT-3 [Modules] Host is up to date.
11/7/2025, 9:18:36 PM GMT-3 [Modules] Checking for module updates at https://discord.com/api/modules/stable/versions.json
11/7/2025, 9:18:36 PM GMT-3 [Modules] No module updates available.
11/7/2025, 9:24:19 PM GMT-3 [Modules] Modules initializing
11/7/2025, 9:24:19 PM GMT-3 [Modules] Distribution: remote
11/7/2025, 9:24:19 PM GMT-3 [Modules] Host updates: enabled
11/7/2025, 9:24:19 PM GMT-3 [Modules] Module updates: enabled
11/7/2025, 9:24:19 PM GMT-3 [Modules] Module install path: /home/vinicius/.config/discord/0.0.113/modules
11/7/2025, 9:24:19 PM GMT-3 [Modules] Module installed file path: /home/vinicius/.config/discord/0.0.113/modules/installed.json
11/7/2025, 9:24:19 PM GMT-3 [Modules] Module download path: /home/vinicius/.config/discord/0.0.113/modules/pending
11/7/2025, 9:24:19 PM GMT-3 [Modules] No updates to install
11/7/2025, 9:24:19 PM GMT-3 [Modules] Checking for host updates.
11/7/2025, 9:24:19 PM GMT-3 [Modules] Host is up to date.
11/7/2025, 9:24:19 PM GMT-3 [Modules] Checking for module updates at https://discord.com/api/modules/stable/versions.json
11/7/2025, 9:24:19 PM GMT-3 [Modules] No module updates available.
11/7/2025, 9:24:29 PM GMT-3 [Modules] Checking for host updates.
11/7/2025, 9:24:29 PM GMT-3 [Modules] Host is up to date.
11/7/2025, 9:24:29 PM GMT-3 [Modules] Checking for module updates at https://discord.com/api/modules/stable/versions.json
11/7/2025, 9:24:29 PM GMT-3 [Modules] No module updates available.
11/7/2025, 9:45:22 PM GMT-3 [Modules] Modules initializing
11/7/2025, 9:45:22 PM GMT-3 [Modules] Distribution: remote
11/7/2025, 9:45:22 PM GMT-3 [Modules] Host updates: enabled
11/7/2025, 9:45:22 PM GMT-3 [Modules] Module updates: enabled
11/7/2025, 9:45:22 PM GMT-3 [Modules] Module install path: /home/vinicius/.config/discord/0.0.113/modules
11/7/2025, 9:45:22 PM GMT-3 [Modules] Module installed file path: /home/vinicius/.config/discord/0.0.113/modules/installed.json
11/7/2025, 9:45:22 PM GMT-3 [Modules] Module download path: /home/vinicius/.config/discord/0.0.113/modules/pending
11/7/2025, 9:45:23 PM GMT-3 [Modules] No updates to install
11/7/2025, 9:45:23 PM GMT-3 [Modules] Checking for host updates.
11/7/2025, 9:45:23 PM GMT-3 [Modules] Host is up to date.
11/7/2025, 9:45:23 PM GMT-3 [Modules] Checking for module updates at https://discord.com/api/modules/stable/versions.json
11/7/2025, 9:45:23 PM GMT-3 [Modules] No module updates available.
11/7/2025, 9:45:39 PM GMT-3 [Modules] Checking for host updates.
11/7/2025, 9:45:39 PM GMT-3 [Modules] Host is up to date.
11/7/2025, 9:45:39 PM GMT-3 [Modules] Checking for module updates at https://discord.com/api/modules/stable/versions.json
11/7/2025, 9:45:39 PM GMT-3 [Modules] No module updates available.
11/7/2025, 9:59:13 PM GMT-3 [Modules] Modules initializing
11/7/2025, 9:59:13 PM GMT-3 [Modules] Distribution: remote
11/7/2025, 9:59:13 PM GMT-3 [Modules] Host updates: enabled
11/7/2025, 9:59:13 PM GMT-3 [Modules] Module updates: enabled
11/7/2025, 9:59:13 PM GMT-3 [Modules] Module install path: /home/vinicius/.config/discord/0.0.113/modules
11/7/2025, 9:59:13 PM GMT-3 [Modules] Module installed file path: /home/vinicius/.config/discord/0.0.113/modules/installed.json
11/7/2025, 9:59:13 PM GMT-3 [Modules] Module download path: /home/vinicius/.config/discord/0.0.113/modules/pending
11/7/2025, 9:59:13 PM GMT-3 [Modules] No updates to install
11/7/2025, 9:59:13 PM GMT-3 [Modules] Checking for host updates.
11/7/2025, 9:59:14 PM GMT-3 [Modules] Host is up to date.
11/7/2025, 9:59:14 PM GMT-3 [Modules] Checking for module updates at https://discord.com/api/modules/stable/versions.json
11/7/2025, 9:59:14 PM GMT-3 [Modules] No module updates available.
11/7/2025, 9:59:29 PM GMT-3 [Modules] Checking for host updates.
11/7/2025, 9:59:29 PM GMT-3 [Modules] Host is up to date.
11/7/2025, 9:59:29 PM GMT-3 [Modules] Checking for module updates at https://discord.com/api/modules/stable/versions.json
11/7/2025, 9:59:29 PM GMT-3 [Modules] No module updates available.
11/8/2025, 2:47:07 PM GMT-3 [Modules] Modules initializing
11/8/2025, 2:47:07 PM GMT-3 [Modules] Distribution: remote
11/8/2025, 2:47:07 PM GMT-3 [Modules] Host updates: enabled
11/8/2025, 2:47:07 PM GMT-3 [Modules] Module updates: enabled
11/8/2025, 2:47:07 PM GMT-3 [Modules] Module install path: /home/vinicius/.config/discord/0.0.113/modules
11/8/2025, 2:47:07 PM GMT-3 [Modules] Module installed file path: /home/vinicius/.config/discord/0.0.113/modules/installed.json
11/8/2025, 2:47:07 PM GMT-3 [Modules] Module download path: /home/vinicius/.config/discord/0.0.113/modules/pending
11/8/2025, 2:47:07 PM GMT-3 [Modules] No updates to install
11/8/2025, 2:47:07 PM GMT-3 [Modules] Checking for host updates.
11/8/2025, 2:47:08 PM GMT-3 [Modules] Host is up to date.
11/8/2025, 2:47:08 PM GMT-3 [Modules] Checking for module updates at https://discord.com/api/modules/stable/versions.json
11/8/2025, 2:47:08 PM GMT-3 [Modules] No module updates available.
11/8/2025, 2:47:24 PM GMT-3 [Modules] Checking for host updates.
11/8/2025, 2:47:27 PM GMT-3 [Modules] Host is up to date.
11/8/2025, 2:47:27 PM GMT-3 [Modules] Checking for module updates at https://discord.com/api/modules/stable/versions.json
11/8/2025, 2:47:27 PM GMT-3 [Modules] No module updates available.
11/8/2025, 3:47:24 PM GMT-3 [Modules] Checking for host updates.
11/8/2025, 3:47:25 PM GMT-3 [Modules] Host is up to date.
11/8/2025, 3:47:25 PM GMT-3 [Modules] Checking for module updates at https://discord.com/api/modules/stable/versions.json
11/8/2025, 3:47:25 PM GMT-3 [Modules] No module updates available.
11/8/2025, 4:47:24 PM GMT-3 [Modules] Checking for host updates.
11/8/2025, 4:47:25 PM GMT-3 [Modules] Host is up to date.
11/8/2025, 4:47:25 PM GMT-3 [Modules] Checking for module updates at https://discord.com/api/modules/stable/versions.json
11/8/2025, 4:47:25 PM GMT-3 [Modules] No module updates available.
11/8/2025, 5:47:24 PM GMT-3 [Modules] Checking for host updates.
11/8/2025, 5:47:25 PM GMT-3 [Modules] Host is up to date.
11/8/2025, 5:47:25 PM GMT-3 [Modules] Checking for module updates at https://discord.com/api/modules/stable/versions.json
11/8/2025, 5:47:25 PM GMT-3 [Modules] No module updates available.
11/8/2025, 6:13:41 PM GMT-3 [Modules] Modules initializing
11/8/2025, 6:13:41 PM GMT-3 [Modules] Distribution: remote
11/8/2025, 6:13:41 PM GMT-3 [Modules] Host updates: enabled
11/8/2025, 6:13:41 PM GMT-3 [Modules] Module updates: enabled
11/8/2025, 6:13:41 PM GMT-3 [Modules] Module install path: /home/vinicius/.config/discord/0.0.113/modules
11/8/2025, 6:13:41 PM GMT-3 [Modules] Module installed file path: /home/vinicius/.config/discord/0.0.113/modules/installed.json
11/8/2025, 6:13:41 PM GMT-3 [Modules] Module download path: /home/vinicius/.config/discord/0.0.113/modules/pending
11/8/2025, 6:13:41 PM GMT-3 [Modules] No updates to install
11/8/2025, 6:13:41 PM GMT-3 [Modules] Checking for host updates.
11/8/2025, 6:13:42 PM GMT-3 [Modules] Host is up to date.
11/8/2025, 6:13:42 PM GMT-3 [Modules] Checking for module updates at https://discord.com/api/modules/stable/versions.json
11/8/2025, 6:13:42 PM GMT-3 [Modules] No module updates available.
11/8/2025, 6:13:58 PM GMT-3 [Modules] Checking for host updates.
11/8/2025, 6:13:59 PM GMT-3 [Modules] Host is up to date.
11/8/2025, 6:13:59 PM GMT-3 [Modules] Checking for module updates at https://discord.com/api/modules/stable/versions.json
11/8/2025, 6:13:59 PM GMT-3 [Modules] No module updates available.
11/8/2025, 7:04:54 PM GMT-3 [Modules] Modules initializing
11/8/2025, 7:04:54 PM GMT-3 [Modules] Distribution: remote
11/8/2025, 7:04:54 PM GMT-3 [Modules] Host updates: enabled
11/8/2025, 7:04:54 PM GMT-3 [Modules] Module updates: enabled
11/8/2025, 7:04:54 PM GMT-3 [Modules] Module install path: /home/vinicius/.config/discord/0.0.113/modules
11/8/2025, 7:04:54 PM GMT-3 [Modules] Module installed file path: /home/vinicius/.config/discord/0.0.113/modules/installed.json
11/8/2025, 7:04:54 PM GMT-3 [Modules] Module download path: /home/vinicius/.config/discord/0.0.113/modules/pending
11/8/2025, 7:04:54 PM GMT-3 [Modules] No updates to install
11/8/2025, 7:04:54 PM GMT-3 [Modules] Checking for host updates.
11/8/2025, 7:04:55 PM GMT-3 [Modules] Host is up to date.
11/8/2025, 7:04:55 PM GMT-3 [Modules] Checking for module updates at https://discord.com/api/modules/stable/versions.json
11/8/2025, 7:04:55 PM GMT-3 [Modules] No module updates available.
11/8/2025, 7:05:16 PM GMT-3 [Modules] Checking for host updates.
11/8/2025, 7:05:19 PM GMT-3 [Modules] Host is up to date.
11/8/2025, 7:05:19 PM GMT-3 [Modules] Checking for module updates at https://discord.com/api/modules/stable/versions.json
11/8/2025, 7:05:19 PM GMT-3 [Modules] No module updates available.
11/8/2025, 8:05:16 PM GMT-3 [Modules] Checking for host updates.
11/8/2025, 8:05:16 PM GMT-3 [Modules] Host is up to date.
11/8/2025, 8:05:16 PM GMT-3 [Modules] Checking for module updates at https://discord.com/api/modules/stable/versions.json
11/8/2025, 8:05:16 PM GMT-3 [Modules] No module updates available.
11/8/2025, 9:05:16 PM GMT-3 [Modules] Checking for host updates.
11/8/2025, 9:05:16 PM GMT-3 [Modules] Host is up to date.
11/8/2025, 9:05:16 PM GMT-3 [Modules] Checking for module updates at https://discord.com/api/modules/stable/versions.json
11/8/2025, 9:05:16 PM GMT-3 [Modules] No module updates available.
11/8/2025, 10:05:16 PM GMT-3 [Modules] Checking for host updates.
11/8/2025, 10:05:16 PM GMT-3 [Modules] Host is up to date.
11/8/2025, 10:05:16 PM GMT-3 [Modules] Checking for module updates at https://discord.com/api/modules/stable/versions.json
11/8/2025, 10:05:16 PM GMT-3 [Modules] No module updates available.
11/9/2025, 8:44:49 PM GMT-3 [Modules] Modules initializing
11/9/2025, 8:44:49 PM GMT-3 [Modules] Distribution: remote
11/9/2025, 8:44:49 PM GMT-3 [Modules] Host updates: enabled
11/9/2025, 8:44:49 PM GMT-3 [Modules] Module updates: enabled
11/9/2025, 8:44:49 PM GMT-3 [Modules] Module install path: /home/vinicius/.config/discord/0.0.113/modules
11/9/2025, 8:44:49 PM GMT-3 [Modules] Module installed file path: /home/vinicius/.config/discord/0.0.113/modules/installed.json
11/9/2025, 8:44:49 PM GMT-3 [Modules] Module download path: /home/vinicius/.config/discord/0.0.113/modules/pending
11/9/2025, 8:44:49 PM GMT-3 [Modules] No updates to install
11/9/2025, 8:44:49 PM GMT-3 [Modules] Checking for host updates.
11/9/2025, 8:44:50 PM GMT-3 [Modules] Host is up to date.
11/9/2025, 8:44:50 PM GMT-3 [Modules] Checking for module updates at https://discord.com/api/modules/stable/versions.json
11/9/2025, 8:44:50 PM GMT-3 [Modules] No module updates available.
11/9/2025, 8:45:08 PM GMT-3 [Modules] Checking for host updates.
11/9/2025, 8:45:08 PM GMT-3 [Modules] Host is up to date.
11/9/2025, 8:45:08 PM GMT-3 [Modules] Checking for module updates at https://discord.com/api/modules/stable/versions.json
11/9/2025, 8:45:08 PM GMT-3 [Modules] No module updates available.
11/9/2025, 9:45:08 PM GMT-3 [Modules] Checking for host updates.
11/9/2025, 9:45:08 PM GMT-3 [Modules] Host is up to date.
11/9/2025, 9:45:08 PM GMT-3 [Modules] Checking for module updates at https://discord.com/api/modules/stable/versions.json
11/9/2025, 9:45:08 PM GMT-3 [Modules] No module updates available.
11/11/2025, 8:26:09 PM GMT-3 [Modules] Modules initializing
11/11/2025, 8:26:09 PM GMT-3 [Modules] Distribution: remote
11/11/2025, 8:26:09 PM GMT-3 [Modules] Host updates: enabled
11/11/2025, 8:26:09 PM GMT-3 [Modules] Module updates: enabled
11/11/2025, 8:26:09 PM GMT-3 [Modules] Module install path: /home/vinicius/.config/discord/0.0.114/modules
11/11/2025, 8:26:09 PM GMT-3 [Modules] Module installed file path: /home/vinicius/.config/discord/0.0.114/modules/installed.json
11/11/2025, 8:26:09 PM GMT-3 [Modules] Module download path: /home/vinicius/.config/discord/0.0.114/modules/pending
11/11/2025, 8:26:10 PM GMT-3 [Modules] Bootstrapping...
11/11/2025, 8:26:10 PM GMT-3 [Modules] Installing discord_desktop_core@0 from /opt/discord/resources/bootstrap/discord_desktop_core.zip
11/11/2025, 8:26:10 PM GMT-3 [Modules] Failed installing discord_desktop_core@0: Error: ENOENT: no such file or directory, open '/opt/discord/resources/bootstrap/discord_desktop_core.zip'
11/11/2025, 8:26:10 PM GMT-3 [Modules] Installing discord_erlpack@0 from /opt/discord/resources/bootstrap/discord_erlpack.zip
11/11/2025, 8:26:10 PM GMT-3 [Modules] Failed installing discord_erlpack@0: Error: ENOENT: no such file or directory, open '/opt/discord/resources/bootstrap/discord_erlpack.zip'
11/11/2025, 8:26:10 PM GMT-3 [Modules] Installing discord_spellcheck@0 from /opt/discord/resources/bootstrap/discord_spellcheck.zip
11/11/2025, 8:26:10 PM GMT-3 [Modules] Failed installing discord_spellcheck@0: Error: ENOENT: no such file or directory, open '/opt/discord/resources/bootstrap/discord_spellcheck.zip'
11/11/2025, 8:26:10 PM GMT-3 [Modules] Installing discord_utils@0 from /opt/discord/resources/bootstrap/discord_utils.zip
11/11/2025, 8:26:10 PM GMT-3 [Modules] Failed installing discord_utils@0: Error: ENOENT: no such file or directory, open '/opt/discord/resources/bootstrap/discord_utils.zip'
11/11/2025, 8:26:10 PM GMT-3 [Modules] Installing discord_voice@0 from /opt/discord/resources/bootstrap/discord_voice.zip
11/11/2025, 8:26:10 PM GMT-3 [Modules] Failed installing discord_voice@0: Error: ENOENT: no such file or directory, open '/opt/discord/resources/bootstrap/discord_voice.zip'
11/11/2025, 8:26:10 PM GMT-3 [Modules] Installing discord_zstd@0 from /opt/discord/resources/bootstrap/discord_zstd.zip
11/11/2025, 8:26:10 PM GMT-3 [Modules] Failed installing discord_zstd@0: Error: ENOENT: no such file or directory, open '/opt/discord/resources/bootstrap/discord_zstd.zip'
11/11/2025, 8:26:10 PM GMT-3 [Modules] Finished module installations. [success: 0] [failure: 6]
11/11/2025, 8:26:10 PM GMT-3 [Modules] Checking for host updates.
11/11/2025, 8:26:10 PM GMT-3 [Modules] Host is up to date.
11/11/2025, 8:26:10 PM GMT-3 [Modules] Checking for module updates at https://discord.com/api/modules/stable/versions.json
11/11/2025, 8:26:10 PM GMT-3 [Modules] Module update available: discord_desktop_core@1 [installed: 0]
11/11/2025, 8:26:10 PM GMT-3 [Modules] Module update available: discord_erlpack@1 [installed: 0]
11/11/2025, 8:26:10 PM GMT-3 [Modules] Module update available: discord_spellcheck@1 [installed: 0]
11/11/2025, 8:26:10 PM GMT-3 [Modules] Module update available: discord_utils@1 [installed: 0]
11/11/2025, 8:26:10 PM GMT-3 [Modules] Module update available: discord_voice@1 [installed: 0]
11/11/2025, 8:26:10 PM GMT-3 [Modules] Module update available: discord_zstd@1 [installed: 0]
11/11/2025, 8:26:10 PM GMT-3 [Modules] Fetching discord_desktop_core@1 from https://discord.com/api/modules/stable/discord_desktop_core/1
11/11/2025, 8:26:10 PM GMT-3 [Modules] Streaming discord_desktop_core@1 to /home/vinicius/.config/discord/0.0.114/modules/pending/discord_desktop_core-1.zip
11/11/2025, 8:26:11 PM GMT-3 [Modules] Streaming discord_desktop_core@1 to /home/vinicius/.config/discord/0.0.114/modules/pending/discord_desktop_core-1.zip: 1%
11/11/2025, 8:26:11 PM GMT-3 [Modules] Streaming discord_desktop_core@1 to /home/vinicius/.config/discord/0.0.114/modules/pending/discord_desktop_core-1.zip: 2%
11/11/2025, 8:26:11 PM GMT-3 [Modules] Streaming discord_desktop_core@1 to /home/vinicius/.config/discord/0.0.114/modules/pending/discord_desktop_core-1.zip: 3%
11/11/2025, 8:26:11 PM GMT-3 [Modules] Streaming discord_desktop_core@1 to /home/vinicius/.config/discord/0.0.114/modules/pending/discord_desktop_core-1.zip: 4%
11/11/2025, 8:26:11 PM GMT-3 [Modules] Streaming discord_desktop_core@1 to /home/vinicius/.config/discord/0.0.114/modules/pending/discord_desktop_core-1.zip: 5%
11/11/2025, 8:26:11 PM GMT-3 [Modules] Streaming discord_desktop_core@1 to /home/vinicius/.config/discord/0.0.114/modules/pending/discord_desktop_core-1.zip: 6%
11/11/2025, 8:26:11 PM GMT-3 [Modules] Streaming discord_desktop_core@1 to /home/vinicius/.config/discord/0.0.114/modules/pending/discord_desktop_core-1.zip: 9%
11/11/2025, 8:26:11 PM GMT-3 [Modules] Streaming discord_desktop_core@1 to /home/vinicius/.config/discord/0.0.114/modules/pending/discord_desktop_core-1.zip: 13%
11/11/2025, 8:26:11 PM GMT-3 [Modules] Streaming discord_desktop_core@1 to /home/vinicius/.config/discord/0.0.114/modules/pending/discord_desktop_core-1.zip: 14%
11/11/2025, 8:26:11 PM GMT-3 [Modules] Streaming discord_desktop_core@1 to /home/vinicius/.config/discord/0.0.114/modules/pending/discord_desktop_core-1.zip: 15%
11/11/2025, 8:26:11 PM GMT-3 [Modules] Streaming discord_desktop_core@1 to /home/vinicius/.config/discord/0.0.114/modules/pending/discord_desktop_core-1.zip: 16%
11/11/2025, 8:26:11 PM GMT-3 [Modules] Streaming discord_desktop_core@1 to /home/vinicius/.config/discord/0.0.114/modules/pending/discord_desktop_core-1.zip: 17%
11/11/2025, 8:26:11 PM GMT-3 [Modules] Streaming discord_desktop_core@1 to /home/vinicius/.config/discord/0.0.114/modules/pending/discord_desktop_core-1.zip: 18%
11/11/2025, 8:26:11 PM GMT-3 [Modules] Streaming discord_desktop_core@1 to /home/vinicius/.config/discord/0.0.114/modules/pending/discord_desktop_core-1.zip: 19%
11/11/2025, 8:26:11 PM GMT-3 [Modules] Streaming discord_desktop_core@1 to /home/vinicius/.config/discord/0.0.114/modules/pending/discord_desktop_core-1.zip: 20%
11/11/2025, 8:26:11 PM GMT-3 [Modules] Streaming discord_desktop_core@1 to /home/vinicius/.config/discord/0.0.114/modules/pending/discord_desktop_core-1.zip: 21%
11/11/2025, 8:26:11 PM GMT-3 [Modules] Streaming discord_desktop_core@1 to /home/vinicius/.config/discord/0.0.114/modules/pending/discord_desktop_core-1.zip: 22%
11/11/2025, 8:26:11 PM GMT-3 [Modules] Streaming discord_desktop_core@1 to /home/vinicius/.config/discord/0.0.114/modules/pending/discord_desktop_core-1.zip: 23%
11/11/2025, 8:26:11 PM GMT-3 [Modules] Streaming discord_desktop_core@1 to /home/vinicius/.config/discord/0.0.114/modules/pending/discord_desktop_core-1.zip: 24%
11/11/2025, 8:26:11 PM GMT-3 [Modules] Streaming discord_desktop_core@1 to /home/vinicius/.config/discord/0.0.114/modules/pending/discord_desktop_core-1.zip: 25%
11/11/2025, 8:26:11 PM GMT-3 [Modules] Streaming discord_desktop_core@1 to /home/vinicius/.config/discord/0.0.114/modules/pending/discord_desktop_core-1.zip: 26%
11/11/2025, 8:26:11 PM GMT-3 [Modules] Streaming discord_desktop_core@1 to /home/vinicius/.config/discord/0.0.114/modules/pending/discord_desktop_core-1.zip: 27%
11/11/2025, 8:26:11 PM GMT-3 [Modules] Streaming discord_desktop_core@1 to /home/vinicius/.config/discord/0.0.114/modules/pending/discord_desktop_core-1.zip: 28%
11/11/2025, 8:26:11 PM GMT-3 [Modules] Streaming discord_desktop_core@1 to /home/vinicius/.config/discord/0.0.114/modules/pending/discord_desktop_core-1.zip: 29%
11/11/2025, 8:26:11 PM GMT-3 [Modules] Streaming discord_desktop_core@1 to /home/vinicius/.config/discord/0.0.114/modules/pending/discord_desktop_core-1.zip: 30%
11/11/2025, 8:26:11 PM GMT-3 [Modules] Streaming discord_desktop_core@1 to /home/vinicius/.config/discord/0.0.114/modules/pending/discord_desktop_core-1.zip: 31%
11/11/2025, 8:26:11 PM GMT-3 [Modules] Streaming discord_desktop_core@1 to /home/vinicius/.config/discord/0.0.114/modules/pending/discord_desktop_core-1.zip: 32%
11/11/2025, 8:26:11 PM GMT-3 [Modules] Streaming discord_desktop_core@1 to /home/vinicius/.config/discord/0.0.114/modules/pending/discord_desktop_core-1.zip: 33%
11/11/2025, 8:26:11 PM GMT-3 [Modules] Streaming discord_desktop_core@1 to /home/vinicius/.config/discord/0.0.114/modules/pending/discord_desktop_core-1.zip: 34%
11/11/2025, 8:26:11 PM GMT-3 [Modules] Streaming discord_desktop_core@1 to /home/vinicius/.config/discord/0.0.114/modules/pending/discord_desktop_core-1.zip: 35%
11/11/2025, 8:26:11 PM GMT-3 [Modules] Streaming discord_desktop_core@1 to /home/vinicius/.config/discord/0.0.114/modules/pending/discord_desktop_core-1.zip: 36%
11/11/2025, 8:26:11 PM GMT-3 [Modules] Streaming discord_desktop_core@1 to /home/vinicius/.config/discord/0.0.114/modules/pending/discord_desktop_core-1.zip: 37%
11/11/2025, 8:26:11 PM GMT-3 [Modules] Streaming discord_desktop_core@1 to /home/vinicius/.config/discord/0.0.114/modules/pending/discord_desktop_core-1.zip: 38%
11/11/2025, 8:26:11 PM GMT-3 [Modules] Streaming discord_desktop_core@1 to /home/vinicius/.config/discord/0.0.114/modules/pending/discord_desktop_core-1.zip: 39%
11/11/2025, 8:26:11 PM GMT-3 [Modules] Streaming discord_desktop_core@1 to /home/vinicius/.config/discord/0.0.114/modules/pending/discord_desktop_core-1.zip: 40%
11/11/2025, 8:26:11 PM GMT-3 [Modules] Streaming discord_desktop_core@1 to /home/vinicius/.config/discord/0.0.114/modules/pending/discord_desktop_core-1.zip: 41%
11/11/2025, 8:26:11 PM GMT-3 [Modules] Streaming discord_desktop_core@1 to /home/vinicius/.config/discord/0.0.114/modules/pending/discord_desktop_core-1.zip: 42%
11/11/2025, 8:26:11 PM GMT-3 [Modules] Streaming discord_desktop_core@1 to /home/vinicius/.config/discord/0.0.114/modules/pending/discord_desktop_core-1.zip: 43%
11/11/2025, 8:26:11 PM GMT-3 [Modules] Streaming discord_desktop_core@1 to /home/vinicius/.config/discord/0.0.114/modules/pending/discord_desktop_core-1.zip: 44%
11/11/2025, 8:26:11 PM GMT-3 [Modules] Streaming discord_desktop_core@1 to /home/vinicius/.config/discord/0.0.114/modules/pending/discord_desktop_core-1.zip: 45%
11/11/2025, 8:26:11 PM GMT-3 [Modules] Streaming discord_desktop_core@1 to /home/vinicius/.config/discord/0.0.114/modules/pending/discord_desktop_core-1.zip: 46%
11/11/2025, 8:26:11 PM GMT-3 [Modules] Streaming discord_desktop_core@1 to /home/vinicius/.config/discord/0.0.114/modules/pending/discord_desktop_core-1.zip: 47%
11/11/2025, 8:26:11 PM GMT-3 [Modules] Streaming discord_desktop_core@1 to /home/vinicius/.config/discord/0.0.114/modules/pending/discord_desktop_core-1.zip: 48%
11/11/2025, 8:26:11 PM GMT-3 [Modules] Streaming discord_desktop_core@1 to /home/vinicius/.config/discord/0.0.114/modules/pending/discord_desktop_core-1.zip: 49%
11/11/2025, 8:26:11 PM GMT-3 [Modules] Streaming discord_desktop_core@1 to /home/vinicius/.config/discord/0.0.114/modules/pending/discord_desktop_core-1.zip: 50%
11/11/2025, 8:26:11 PM GMT-3 [Modules] Streaming discord_desktop_core@1 to /home/vinicius/.config/discord/0.0.114/modules/pending/discord_desktop_core-1.zip: 51%
11/11/2025, 8:26:11 PM GMT-3 [Modules] Streaming discord_desktop_core@1 to /home/vinicius/.config/discord/0.0.114/modules/pending/discord_desktop_core-1.zip: 52%
11/11/2025, 8:26:11 PM GMT-3 [Modules] Streaming discord_desktop_core@1 to /home/vinicius/.config/discord/0.0.114/modules/pending/discord_desktop_core-1.zip: 53%
11/11/2025, 8:26:11 PM GMT-3 [Modules] Streaming discord_desktop_core@1 to /home/vinicius/.config/discord/0.0.114/modules/pending/discord_desktop_core-1.zip: 54%
11/11/2025, 8:26:11 PM GMT-3 [Modules] Streaming discord_desktop_core@1 to /home/vinicius/.config/discord/0.0.114/modules/pending/discord_desktop_core-1.zip: 55%
11/11/2025, 8:26:11 PM GMT-3 [Modules] Streaming discord_desktop_core@1 to /home/vinicius/.config/discord/0.0.114/modules/pending/discord_desktop_core-1.zip: 56%
11/11/2025, 8:26:11 PM GMT-3 [Modules] Streaming discord_desktop_core@1 to /home/vinicius/.config/discord/0.0.114/modules/pending/discord_desktop_core-1.zip: 57%
11/11/2025, 8:26:11 PM GMT-3 [Modules] Streaming discord_desktop_core@1 to /home/vinicius/.config/discord/0.0.114/modules/pending/discord_desktop_core-1.zip: 58%
11/11/2025, 8:26:11 PM GMT-3 [Modules] Streaming discord_desktop_core@1 to /home/vinicius/.config/discord/0.0.114/modules/pending/discord_desktop_core-1.zip: 59%
11/11/2025, 8:26:11 PM GMT-3 [Modules] Streaming discord_desktop_core@1 to /home/vinicius/.config/discord/0.0.114/modules/pending/discord_desktop_core-1.zip: 60%
11/11/2025, 8:26:11 PM GMT-3 [Modules] Streaming discord_desktop_core@1 to /home/vinicius/.config/discord/0.0.114/modules/pending/discord_desktop_core-1.zip: 62%
11/11/2025, 8:26:11 PM GMT-3 [Modules] Streaming discord_desktop_core@1 to /home/vinicius/.config/discord/0.0.114/modules/pending/discord_desktop_core-1.zip: 63%
11/11/2025, 8:26:11 PM GMT-3 [Modules] Streaming discord_desktop_core@1 to /home/vinicius/.config/discord/0.0.114/modules/pending/discord_desktop_core-1.zip: 64%
11/11/2025, 8:26:11 PM GMT-3 [Modules] Streaming discord_desktop_core@1 to /home/vinicius/.config/discord/0.0.114/modules/pending/discord_desktop_core-1.zip: 65%
11/11/2025, 8:26:11 PM GMT-3 [Modules] Streaming discord_desktop_core@1 to /home/vinicius/.config/discord/0.0.114/modules/pending/discord_desktop_core-1.zip: 66%
11/11/2025, 8:26:11 PM GMT-3 [Modules] Streaming discord_desktop_core@1 to /home/vinicius/.config/discord/0.0.114/modules/pending/discord_desktop_core-1.zip: 67%
11/11/2025, 8:26:11 PM GMT-3 [Modules] Streaming discord_desktop_core@1 to /home/vinicius/.config/discord/0.0.114/modules/pending/discord_desktop_core-1.zip: 68%
11/11/2025, 8:26:11 PM GMT-3 [Modules] Streaming discord_desktop_core@1 to /home/vinicius/.config/discord/0.0.114/modules/pending/discord_desktop_core-1.zip: 69%
11/11/2025, 8:26:11 PM GMT-3 [Modules] Streaming discord_desktop_core@1 to /home/vinicius/.config/discord/0.0.114/modules/pending/discord_desktop_core-1.zip: 70%
11/11/2025, 8:26:11 PM GMT-3 [Modules] Streaming discord_desktop_core@1 to /home/vinicius/.config/discord/0.0.114/modules/pending/discord_desktop_core-1.zip: 71%
11/11/2025, 8:26:11 PM GMT-3 [Modules] Streaming discord_desktop_core@1 to /home/vinicius/.config/discord/0.0.114/modules/pending/discord_desktop_core-1.zip: 72%
11/11/2025, 8:26:11 PM GMT-3 [Modules] Streaming discord_desktop_core@1 to /home/vinicius/.config/discord/0.0.114/modules/pending/discord_desktop_core-1.zip: 73%
11/11/2025, 8:26:11 PM GMT-3 [Modules] Streaming discord_desktop_core@1 to /home/vinicius/.config/discord/0.0.114/modules/pending/discord_desktop_core-1.zip: 74%
11/11/2025, 8:26:11 PM GMT-3 [Modules] Streaming discord_desktop_core@1 to /home/vinicius/.config/discord/0.0.114/modules/pending/discord_desktop_core-1.zip: 75%
11/11/2025, 8:26:11 PM GMT-3 [Modules] Streaming discord_desktop_core@1 to /home/vinicius/.config/discord/0.0.114/modules/pending/discord_desktop_core-1.zip: 76%
11/11/2025, 8:26:11 PM GMT-3 [Modules] Streaming discord_desktop_core@1 to /home/vinicius/.config/discord/0.0.114/modules/pending/discord_desktop_core-1.zip: 77%
11/11/2025, 8:26:11 PM GMT-3 [Modules] Streaming discord_desktop_core@1 to /home/vinicius/.config/discord/0.0.114/modules/pending/discord_desktop_core-1.zip: 78%
11/11/2025, 8:26:11 PM GMT-3 [Modules] Streaming discord_desktop_core@1 to /home/vinicius/.config/discord/0.0.114/modules/pending/discord_desktop_core-1.zip: 81%
11/11/2025, 8:26:11 PM GMT-3 [Modules] Streaming discord_desktop_core@1 to /home/vinicius/.config/discord/0.0.114/modules/pending/discord_desktop_core-1.zip: 82%
11/11/2025, 8:26:11 PM GMT-3 [Modules] Streaming discord_desktop_core@1 to /home/vinicius/.config/discord/0.0.114/modules/pending/discord_desktop_core-1.zip: 83%
11/11/2025, 8:26:11 PM GMT-3 [Modules] Streaming discord_desktop_core@1 to /home/vinicius/.config/discord/0.0.114/modules/pending/discord_desktop_core-1.zip: 84%
11/11/2025, 8:26:11 PM GMT-3 [Modules] Streaming discord_desktop_core@1 to /home/vinicius/.config/discord/0.0.114/modules/pending/discord_desktop_core-1.zip: 85%
11/11/2025, 8:26:11 PM GMT-3 [Modules] Streaming discord_desktop_core@1 to /home/vinicius/.config/discord/0.0.114/modules/pending/discord_desktop_core-1.zip: 86%
11/11/2025, 8:26:11 PM GMT-3 [Modules] Streaming discord_desktop_core@1 to /home/vinicius/.config/discord/0.0.114/modules/pending/discord_desktop_core-1.zip: 87%
11/11/2025, 8:26:11 PM GMT-3 [Modules] Streaming discord_desktop_core@1 to /home/vinicius/.config/discord/0.0.114/modules/pending/discord_desktop_core-1.zip: 88%
11/11/2025, 8:26:11 PM GMT-3 [Modules] Streaming discord_desktop_core@1 to /home/vinicius/.config/discord/0.0.114/modules/pending/discord_desktop_core-1.zip: 89%
11/11/2025, 8:26:11 PM GMT-3 [Modules] Streaming discord_desktop_core@1 to /home/vinicius/.config/discord/0.0.114/modules/pending/discord_desktop_core-1.zip: 90%
11/11/2025, 8:26:11 PM GMT-3 [Modules] Streaming discord_desktop_core@1 to /home/vinicius/.config/discord/0.0.114/modules/pending/discord_desktop_core-1.zip: 91%
11/11/2025, 8:26:11 PM GMT-3 [Modules] Streaming discord_desktop_core@1 to /home/vinicius/.config/discord/0.0.114/modules/pending/discord_desktop_core-1.zip: 92%
11/11/2025, 8:26:11 PM GMT-3 [Modules] Streaming discord_desktop_core@1 to /home/vinicius/.config/discord/0.0.114/modules/pending/discord_desktop_core-1.zip: 93%
11/11/2025, 8:26:11 PM GMT-3 [Modules] Streaming discord_desktop_core@1 to /home/vinicius/.config/discord/0.0.114/modules/pending/discord_desktop_core-1.zip: 94%
11/11/2025, 8:26:11 PM GMT-3 [Modules] Streaming discord_desktop_core@1 to /home/vinicius/.config/discord/0.0.114/modules/pending/discord_desktop_core-1.zip: 95%
11/11/2025, 8:26:11 PM GMT-3 [Modules] Streaming discord_desktop_core@1 to /home/vinicius/.config/discord/0.0.114/modules/pending/discord_desktop_core-1.zip: 96%
11/11/2025, 8:26:11 PM GMT-3 [Modules] Streaming discord_desktop_core@1 to /home/vinicius/.config/discord/0.0.114/modules/pending/discord_desktop_core-1.zip: 97%
11/11/2025, 8:26:11 PM GMT-3 [Modules] Streaming discord_desktop_core@1 to /home/vinicius/.config/discord/0.0.114/modules/pending/discord_desktop_core-1.zip: 98%
11/11/2025, 8:26:11 PM GMT-3 [Modules] Streaming discord_desktop_core@1 to /home/vinicius/.config/discord/0.0.114/modules/pending/discord_desktop_core-1.zip: 99%
11/11/2025, 8:26:11 PM GMT-3 [Modules] Streaming discord_desktop_core@1 to /home/vinicius/.config/discord/0.0.114/modules/pending/discord_desktop_core-1.zip: 100%
11/11/2025, 8:26:11 PM GMT-3 [Modules] Fetching discord_erlpack@1 from https://discord.com/api/modules/stable/discord_erlpack/1
11/11/2025, 8:26:11 PM GMT-3 [Modules] Streaming discord_erlpack@1 to /home/vinicius/.config/discord/0.0.114/modules/pending/discord_erlpack-1.zip
11/11/2025, 8:26:12 PM GMT-3 [Modules] Streaming discord_erlpack@1 to /home/vinicius/.config/discord/0.0.114/modules/pending/discord_erlpack-1.zip: 1%
11/11/2025, 8:26:12 PM GMT-3 [Modules] Streaming discord_erlpack@1 to /home/vinicius/.config/discord/0.0.114/modules/pending/discord_erlpack-1.zip: 2%
11/11/2025, 8:26:12 PM GMT-3 [Modules] Streaming discord_erlpack@1 to /home/vinicius/.config/discord/0.0.114/modules/pending/discord_erlpack-1.zip: 3%
11/11/2025, 8:26:12 PM GMT-3 [Modules] Streaming discord_erlpack@1 to /home/vinicius/.config/discord/0.0.114/modules/pending/discord_erlpack-1.zip: 4%
11/11/2025, 8:26:12 PM GMT-3 [Modules] Streaming discord_erlpack@1 to /home/vinicius/.config/discord/0.0.114/modules/pending/discord_erlpack-1.zip: 5%
11/11/2025, 8:26:12 PM GMT-3 [Modules] Streaming discord_erlpack@1 to /home/vinicius/.config/discord/0.0.114/modules/pending/discord_erlpack-1.zip: 6%
11/11/2025, 8:26:12 PM GMT-3 [Modules] Streaming discord_erlpack@1 to /home/vinicius/.config/discord/0.0.114/modules/pending/discord_erlpack-1.zip: 7%
11/11/2025, 8:26:12 PM GMT-3 [Modules] Streaming discord_erlpack@1 to /home/vinicius/.config/discord/0.0.114/modules/pending/discord_erlpack-1.zip: 8%
11/11/2025, 8:26:12 PM GMT-3 [Modules] Streaming discord_erlpack@1 to /home/vinicius/.config/discord/0.0.114/modules/pending/discord_erlpack-1.zip: 9%
11/11/2025, 8:26:12 PM GMT-3 [Modules] Streaming discord_erlpack@1 to /home/vinicius/.config/discord/0.0.114/modules/pending/discord_erlpack-1.zip: 10%
11/11/2025, 8:26:12 PM GMT-3 [Modules] Streaming discord_erlpack@1 to /home/vinicius/.config/discord/0.0.114/modules/pending/discord_erlpack-1.zip: 11%
11/11/2025, 8:26:12 PM GMT-3 [Modules] Streaming discord_erlpack@1 to /home/vinicius/.config/discord/0.0.114/modules/pending/discord_erlpack-1.zip: 12%
11/11/2025, 8:26:12 PM GMT-3 [Modules] Streaming discord_erlpack@1 to /home/vinicius/.config/discord/0.0.114/modules/pending/discord_erlpack-1.zip: 13%
11/11/2025, 8:26:12 PM GMT-3 [Modules] Streaming discord_erlpack@1 to /home/vinicius/.config/discord/0.0.114/modules/pending/discord_erlpack-1.zip: 14%
11/11/2025, 8:26:12 PM GMT-3 [Modules] Streaming discord_erlpack@1 to /home/vinicius/.config/discord/0.0.114/modules/pending/discord_erlpack-1.zip: 15%
11/11/2025, 8:26:12 PM GMT-3 [Modules] Streaming discord_erlpack@1 to /home/vinicius/.config/discord/0.0.114/modules/pending/discord_erlpack-1.zip: 16%
11/11/2025, 8:26:12 PM GMT-3 [Modules] Streaming discord_erlpack@1 to /home/vinicius/.config/discord/0.0.114/modules/pending/discord_erlpack-1.zip: 17%
11/11/2025, 8:26:12 PM GMT-3 [Modules] Streaming discord_erlpack@1 to /home/vinicius/.config/discord/0.0.114/modules/pending/discord_erlpack-1.zip: 18%
11/11/2025, 8:26:12 PM GMT-3 [Modules] Streaming discord_erlpack@1 to /home/vinicius/.config/discord/0.0.114/modules/pending/discord_erlpack-1.zip: 19%
11/11/2025, 8:26:12 PM GMT-3 [Modules] Streaming discord_erlpack@1 to /home/vinicius/.config/discord/0.0.114/modules/pending/discord_erlpack-1.zip: 20%
11/11/2025, 8:26:12 PM GMT-3 [Modules] Streaming discord_erlpack@1 to /home/vinicius/.config/discord/0.0.114/modules/pending/discord_erlpack-1.zip: 21%
11/11/2025, 8:26:12 PM GMT-3 [Modules] Streaming discord_erlpack@1 to /home/vinicius/.config/discord/0.0.114/modules/pending/discord_erlpack-1.zip: 22%
11/11/2025, 8:26:12 PM GMT-3 [Modules] Streaming discord_erlpack@1 to /home/vinicius/.config/discord/0.0.114/modules/pending/discord_erlpack-1.zip: 23%
11/11/2025, 8:26:12 PM GMT-3 [Modules] Streaming discord_erlpack@1 to /home/vinicius/.config/discord/0.0.114/modules/pending/discord_erlpack-1.zip: 24%
11/11/2025, 8:26:12 PM GMT-3 [Modules] Streaming discord_erlpack@1 to /home/vinicius/.config/discord/0.0.114/modules/pending/discord_erlpack-1.zip: 25%
11/11/2025, 8:26:12 PM GMT-3 [Modules] Streaming discord_erlpack@1 to /home/vinicius/.config/discord/0.0.114/modules/pending/discord_erlpack-1.zip: 26%
11/11/2025, 8:26:12 PM GMT-3 [Modules] Streaming discord_erlpack@1 to /home/vinicius/.config/discord/0.0.114/modules/pending/discord_erlpack-1.zip: 27%
11/11/2025, 8:26:12 PM GMT-3 [Modules] Streaming discord_erlpack@1 to /home/vinicius/.config/discord/0.0.114/modules/pending/discord_erlpack-1.zip: 29%
11/11/2025, 8:26:12 PM GMT-3 [Modules] Streaming discord_erlpack@1 to /home/vinicius/.config/discord/0.0.114/modules/pending/discord_erlpack-1.zip: 30%
11/11/2025, 8:26:12 PM GMT-3 [Modules] Streaming discord_erlpack@1 to /home/vinicius/.config/discord/0.0.114/modules/pending/discord_erlpack-1.zip: 33%
11/11/2025, 8:26:12 PM GMT-3 [Modules] Streaming discord_erlpack@1 to /home/vinicius/.config/discord/0.0.114/modules/pending/discord_erlpack-1.zip: 41%
11/11/2025, 8:26:12 PM GMT-3 [Modules] Streaming discord_erlpack@1 to /home/vinicius/.config/discord/0.0.114/modules/pending/discord_erlpack-1.zip: 55%
11/11/2025, 8:26:12 PM GMT-3 [Modules] Streaming discord_erlpack@1 to /home/vinicius/.config/discord/0.0.114/modules/pending/discord_erlpack-1.zip: 61%
11/11/2025, 8:26:12 PM GMT-3 [Modules] Streaming discord_erlpack@1 to /home/vinicius/.config/discord/0.0.114/modules/pending/discord_erlpack-1.zip: 62%
11/11/2025, 8:26:12 PM GMT-3 [Modules] Streaming discord_erlpack@1 to /home/vinicius/.config/discord/0.0.114/modules/pending/discord_erlpack-1.zip: 63%
11/11/2025, 8:26:12 PM GMT-3 [Modules] Streaming discord_erlpack@1 to /home/vinicius/.config/discord/0.0.114/modules/pending/discord_erlpack-1.zip: 64%
11/11/2025, 8:26:12 PM GMT-3 [Modules] Streaming discord_erlpack@1 to /home/vinicius/.config/discord/0.0.114/modules/pending/discord_erlpack-1.zip: 65%
11/11/2025, 8:26:12 PM GMT-3 [Modules] Streaming discord_erlpack@1 to /home/vinicius/.config/discord/0.0.114/modules/pending/discord_erlpack-1.zip: 66%
11/11/2025, 8:26:12 PM GMT-3 [Modules] Streaming discord_erlpack@1 to /home/vinicius/.config/discord/0.0.114/modules/pending/discord_erlpack-1.zip: 67%
11/11/2025, 8:26:12 PM GMT-3 [Modules] Streaming discord_erlpack@1 to /home/vinicius/.config/discord/0.0.114/modules/pending/discord_erlpack-1.zip: 68%
11/11/2025, 8:26:12 PM GMT-3 [Modules] Streaming discord_erlpack@1 to /home/vinicius/.config/discord/0.0.114/modules/pending/discord_erlpack-1.zip: 69%
11/11/2025, 8:26:12 PM GMT-3 [Modules] Streaming discord_erlpack@1 to /home/vinicius/.config/discord/0.0.114/modules/pending/discord_erlpack-1.zip: 70%
11/11/2025, 8:26:12 PM GMT-3 [Modules] Streaming discord_erlpack@1 to /home/vinicius/.config/discord/0.0.114/modules/pending/discord_erlpack-1.zip: 71%
11/11/2025, 8:26:12 PM GMT-3 [Modules] Streaming discord_erlpack@1 to /home/vinicius/.config/discord/0.0.114/modules/pending/discord_erlpack-1.zip: 72%
11/11/2025, 8:26:12 PM GMT-3 [Modules] Streaming discord_erlpack@1 to /home/vinicius/.config/discord/0.0.114/modules/pending/discord_erlpack-1.zip: 73%
11/11/2025, 8:26:12 PM GMT-3 [Modules] Streaming discord_erlpack@1 to /home/vinicius/.config/discord/0.0.114/modules/pending/discord_erlpack-1.zip: 74%
11/11/2025, 8:26:12 PM GMT-3 [Modules] Streaming discord_erlpack@1 to /home/vinicius/.config/discord/0.0.114/modules/pending/discord_erlpack-1.zip: 75%
11/11/2025, 8:26:12 PM GMT-3 [Modules] Streaming discord_erlpack@1 to /home/vinicius/.config/discord/0.0.114/modules/pending/discord_erlpack-1.zip: 76%
11/11/2025, 8:26:12 PM GMT-3 [Modules] Streaming discord_erlpack@1 to /home/vinicius/.config/discord/0.0.114/modules/pending/discord_erlpack-1.zip: 77%
11/11/2025, 8:26:12 PM GMT-3 [Modules] Streaming discord_erlpack@1 to /home/vinicius/.config/discord/0.0.114/modules/pending/discord_erlpack-1.zip: 78%
11/11/2025, 8:26:12 PM GMT-3 [Modules] Streaming discord_erlpack@1 to /home/vinicius/.config/discord/0.0.114/modules/pending/discord_erlpack-1.zip: 79%
11/11/2025, 8:26:12 PM GMT-3 [Modules] Streaming discord_erlpack@1 to /home/vinicius/.config/discord/0.0.114/modules/pending/discord_erlpack-1.zip: 80%
11/11/2025, 8:26:12 PM GMT-3 [Modules] Streaming discord_erlpack@1 to /home/vinicius/.config/discord/0.0.114/modules/pending/discord_erlpack-1.zip: 81%
11/11/2025, 8:26:12 PM GMT-3 [Modules] Streaming discord_erlpack@1 to /home/vinicius/.config/discord/0.0.114/modules/pending/discord_erlpack-1.zip: 82%
11/11/2025, 8:26:12 PM GMT-3 [Modules] Streaming discord_erlpack@1 to /home/vinicius/.config/discord/0.0.114/modules/pending/discord_erlpack-1.zip: 83%
11/11/2025, 8:26:12 PM GMT-3 [Modules] Streaming discord_erlpack@1 to /home/vinicius/.config/discord/0.0.114/modules/pending/discord_erlpack-1.zip: 84%
11/11/2025, 8:26:12 PM GMT-3 [Modules] Streaming discord_erlpack@1 to /home/vinicius/.config/discord/0.0.114/modules/pending/discord_erlpack-1.zip: 85%
11/11/2025, 8:26:12 PM GMT-3 [Modules] Streaming discord_erlpack@1 to /home/vinicius/.config/discord/0.0.114/modules/pending/discord_erlpack-1.zip: 86%
11/11/2025, 8:26:12 PM GMT-3 [Modules] Streaming discord_erlpack@1 to /home/vinicius/.config/discord/0.0.114/modules/pending/discord_erlpack-1.zip: 87%
11/11/2025, 8:26:12 PM GMT-3 [Modules] Streaming discord_erlpack@1 to /home/vinicius/.config/discord/0.0.114/modules/pending/discord_erlpack-1.zip: 88%
11/11/2025, 8:26:12 PM GMT-3 [Modules] Streaming discord_erlpack@1 to /home/vinicius/.config/discord/0.0.114/modules/pending/discord_erlpack-1.zip: 89%
11/11/2025, 8:26:12 PM GMT-3 [Modules] Streaming discord_erlpack@1 to /home/vinicius/.config/discord/0.0.114/modules/pending/discord_erlpack-1.zip: 90%
11/11/2025, 8:26:12 PM GMT-3 [Modules] Streaming discord_erlpack@1 to /home/vinicius/.config/discord/0.0.114/modules/pending/discord_erlpack-1.zip: 91%
11/11/2025, 8:26:12 PM GMT-3 [Modules] Streaming discord_erlpack@1 to /home/vinicius/.config/discord/0.0.114/modules/pending/discord_erlpack-1.zip: 92%
11/11/2025, 8:26:12 PM GMT-3 [Modules] Streaming discord_erlpack@1 to /home/vinicius/.config/discord/0.0.114/modules/pending/discord_erlpack-1.zip: 93%
11/11/2025, 8:26:12 PM GMT-3 [Modules] Streaming discord_erlpack@1 to /home/vinicius/.config/discord/0.0.114/modules/pending/discord_erlpack-1.zip: 94%
11/11/2025, 8:26:12 PM GMT-3 [Modules] Streaming discord_erlpack@1 to /home/vinicius/.config/discord/0.0.114/modules/pending/discord_erlpack-1.zip: 95%
11/11/2025, 8:26:12 PM GMT-3 [Modules] Streaming discord_erlpack@1 to /home/vinicius/.config/discord/0.0.114/modules/pending/discord_erlpack-1.zip: 96%
11/11/2025, 8:26:12 PM GMT-3 [Modules] Streaming discord_erlpack@1 to /home/vinicius/.config/discord/0.0.114/modules/pending/discord_erlpack-1.zip: 97%
11/11/2025, 8:26:12 PM GMT-3 [Modules] Streaming discord_erlpack@1 to /home/vinicius/.config/discord/0.0.114/modules/pending/discord_erlpack-1.zip: 98%
11/11/2025, 8:26:12 PM GMT-3 [Modules] Streaming discord_erlpack@1 to /home/vinicius/.config/discord/0.0.114/modules/pending/discord_erlpack-1.zip: 99%
11/11/2025, 8:26:12 PM GMT-3 [Modules] Streaming discord_erlpack@1 to /home/vinicius/.config/discord/0.0.114/modules/pending/discord_erlpack-1.zip: 100%
11/11/2025, 8:26:12 PM GMT-3 [Modules] Fetching discord_spellcheck@1 from https://discord.com/api/modules/stable/discord_spellcheck/1
11/11/2025, 8:26:12 PM GMT-3 [Modules] Streaming discord_spellcheck@1 to /home/vinicius/.config/discord/0.0.114/modules/pending/discord_spellcheck-1.zip
11/11/2025, 8:26:13 PM GMT-3 [Modules] Streaming discord_spellcheck@1 to /home/vinicius/.config/discord/0.0.114/modules/pending/discord_spellcheck-1.zip: 1%
11/11/2025, 8:26:13 PM GMT-3 [Modules] Streaming discord_spellcheck@1 to /home/vinicius/.config/discord/0.0.114/modules/pending/discord_spellcheck-1.zip: 2%
11/11/2025, 8:26:13 PM GMT-3 [Modules] Streaming discord_spellcheck@1 to /home/vinicius/.config/discord/0.0.114/modules/pending/discord_spellcheck-1.zip: 3%
11/11/2025, 8:26:13 PM GMT-3 [Modules] Streaming discord_spellcheck@1 to /home/vinicius/.config/discord/0.0.114/modules/pending/discord_spellcheck-1.zip: 4%
11/11/2025, 8:26:13 PM GMT-3 [Modules] Streaming discord_spellcheck@1 to /home/vinicius/.config/discord/0.0.114/modules/pending/discord_spellcheck-1.zip: 5%
11/11/2025, 8:26:13 PM GMT-3 [Modules] Streaming discord_spellcheck@1 to /home/vinicius/.config/discord/0.0.114/modules/pending/discord_spellcheck-1.zip: 6%
11/11/2025, 8:26:13 PM GMT-3 [Modules] Streaming discord_spellcheck@1 to /home/vinicius/.config/discord/0.0.114/modules/pending/discord_spellcheck-1.zip: 7%
11/11/2025, 8:26:13 PM GMT-3 [Modules] Streaming discord_spellcheck@1 to /home/vinicius/.config/discord/0.0.114/modules/pending/discord_spellcheck-1.zip: 8%
11/11/2025, 8:26:13 PM GMT-3 [Modules] Streaming discord_spellcheck@1 to /home/vinicius/.config/discord/0.0.114/modules/pending/discord_spellcheck-1.zip: 9%
11/11/2025, 8:26:13 PM GMT-3 [Modules] Streaming discord_spellcheck@1 to /home/vinicius/.config/discord/0.0.114/modules/pending/discord_spellcheck-1.zip: 10%
11/11/2025, 8:26:13 PM GMT-3 [Modules] Streaming discord_spellcheck@1 to /home/vinicius/.config/discord/0.0.114/modules/pending/discord_spellcheck-1.zip: 11%
11/11/2025, 8:26:13 PM GMT-3 [Modules] Streaming discord_spellcheck@1 to /home/vinicius/.config/discord/0.0.114/modules/pending/discord_spellcheck-1.zip: 12%
11/11/2025, 8:26:13 PM GMT-3 [Modules] Streaming discord_spellcheck@1 to /home/vinicius/.config/discord/0.0.114/modules/pending/discord_spellcheck-1.zip: 13%
11/11/2025, 8:26:14 PM GMT-3 [Modules] Streaming discord_spellcheck@1 to /home/vinicius/.config/discord/0.0.114/modules/pending/discord_spellcheck-1.zip: 14%
11/11/2025, 8:26:14 PM GMT-3 [Modules] Streaming discord_spellcheck@1 to /home/vinicius/.config/discord/0.0.114/modules/pending/discord_spellcheck-1.zip: 15%
11/11/2025, 8:26:14 PM GMT-3 [Modules] Streaming discord_spellcheck@1 to /home/vinicius/.config/discord/0.0.114/modules/pending/discord_spellcheck-1.zip: 16%
11/11/2025, 8:26:14 PM GMT-3 [Modules] Streaming discord_spellcheck@1 to /home/vinicius/.config/discord/0.0.114/modules/pending/discord_spellcheck-1.zip: 17%
11/11/2025, 8:26:14 PM GMT-3 [Modules] Streaming discord_spellcheck@1 to /home/vinicius/.config/discord/0.0.114/modules/pending/discord_spellcheck-1.zip: 18%
11/11/2025, 8:26:14 PM GMT-3 [Modules] Streaming discord_spellcheck@1 to /home/vinicius/.config/discord/0.0.114/modules/pending/discord_spellcheck-1.zip: 19%
11/11/2025, 8:26:14 PM GMT-3 [Modules] Streaming discord_spellcheck@1 to /home/vinicius/.config/discord/0.0.114/modules/pending/discord_spellcheck-1.zip: 20%
11/11/2025, 8:26:14 PM GMT-3 [Modules] Streaming discord_spellcheck@1 to /home/vinicius/.config/discord/0.0.114/modules/pending/discord_spellcheck-1.zip: 21%
11/11/2025, 8:26:14 PM GMT-3 [Modules] Streaming discord_spellcheck@1 to /home/vinicius/.config/discord/0.0.114/modules/pending/discord_spellcheck-1.zip: 22%
11/11/2025, 8:26:14 PM GMT-3 [Modules] Streaming discord_spellcheck@1 to /home/vinicius/.config/discord/0.0.114/modules/pending/discord_spellcheck-1.zip: 23%
11/11/2025, 8:26:14 PM GMT-3 [Modules] Streaming discord_spellcheck@1 to /home/vinicius/.config/discord/0.0.114/modules/pending/discord_spellcheck-1.zip: 24%
11/11/2025, 8:26:14 PM GMT-3 [Modules] Streaming discord_spellcheck@1 to /home/vinicius/.config/discord/0.0.114/modules/pending/discord_spellcheck-1.zip: 25%
11/11/2025, 8:26:14 PM GMT-3 [Modules] Streaming discord_spellcheck@1 to /home/vinicius/.config/discord/0.0.114/modules/pending/discord_spellcheck-1.zip: 26%
11/11/2025, 8:26:14 PM GMT-3 [Modules] Streaming discord_spellcheck@1 to /home/vinicius/.config/discord/0.0.114/modules/pending/discord_spellcheck-1.zip: 27%
11/11/2025, 8:26:14 PM GMT-3 [Modules] Streaming discord_spellcheck@1 to /home/vinicius/.config/discord/0.0.114/modules/pending/discord_spellcheck-1.zip: 28%
11/11/2025, 8:26:14 PM GMT-3 [Modules] Streaming discord_spellcheck@1 to /home/vinicius/.config/discord/0.0.114/modules/pending/discord_spellcheck-1.zip: 29%
11/11/2025, 8:26:14 PM GMT-3 [Modules] Streaming discord_spellcheck@1 to /home/vinicius/.config/discord/0.0.114/modules/pending/discord_spellcheck-1.zip: 30%
11/11/2025, 8:26:14 PM GMT-3 [Modules] Streaming discord_spellcheck@1 to /home/vinicius/.config/discord/0.0.114/modules/pending/discord_spellcheck-1.zip: 31%
11/11/2025, 8:26:14 PM GMT-3 [Modules] Streaming discord_spellcheck@1 to /home/vinicius/.config/discord/0.0.114/modules/pending/discord_spellcheck-1.zip: 32%
11/11/2025, 8:26:14 PM GMT-3 [Modules] Streaming discord_spellcheck@1 to /home/vinicius/.config/discord/0.0.114/modules/pending/discord_spellcheck-1.zip: 33%
11/11/2025, 8:26:14 PM GMT-3 [Modules] Streaming discord_spellcheck@1 to /home/vinicius/.config/discord/0.0.114/modules/pending/discord_spellcheck-1.zip: 34%
11/11/2025, 8:26:14 PM GMT-3 [Modules] Streaming discord_spellcheck@1 to /home/vinicius/.config/discord/0.0.114/modules/pending/discord_spellcheck-1.zip: 35%
11/11/2025, 8:26:14 PM GMT-3 [Modules] Streaming discord_spellcheck@1 to /home/vinicius/.config/discord/0.0.114/modules/pending/discord_spellcheck-1.zip: 36%
11/11/2025, 8:26:14 PM GMT-3 [Modules] Streaming discord_spellcheck@1 to /home/vinicius/.config/discord/0.0.114/modules/pending/discord_spellcheck-1.zip: 37%
11/11/2025, 8:26:14 PM GMT-3 [Modules] Streaming discord_spellcheck@1 to /home/vinicius/.config/discord/0.0.114/modules/pending/discord_spellcheck-1.zip: 38%
11/11/2025, 8:26:14 PM GMT-3 [Modules] Streaming discord_spellcheck@1 to /home/vinicius/.config/discord/0.0.114/modules/pending/discord_spellcheck-1.zip: 39%
11/11/2025, 8:26:14 PM GMT-3 [Modules] Streaming discord_spellcheck@1 to /home/vinicius/.config/discord/0.0.114/modules/pending/discord_spellcheck-1.zip: 40%
11/11/2025, 8:26:14 PM GMT-3 [Modules] Streaming discord_spellcheck@1 to /home/vinicius/.config/discord/0.0.114/modules/pending/discord_spellcheck-1.zip: 41%
11/11/2025, 8:26:14 PM GMT-3 [Modules] Streaming discord_spellcheck@1 to /home/vinicius/.config/discord/0.0.114/modules/pending/discord_spellcheck-1.zip: 42%
11/11/2025, 8:26:14 PM GMT-3 [Modules] Streaming discord_spellcheck@1 to /home/vinicius/.config/discord/0.0.114/modules/pending/discord_spellcheck-1.zip: 43%
11/11/2025, 8:26:14 PM GMT-3 [Modules] Streaming discord_spellcheck@1 to /home/vinicius/.config/discord/0.0.114/modules/pending/discord_spellcheck-1.zip: 44%
11/11/2025, 8:26:14 PM GMT-3 [Modules] Streaming discord_spellcheck@1 to /home/vinicius/.config/discord/0.0.114/modules/pending/discord_spellcheck-1.zip: 45%
11/11/2025, 8:26:14 PM GMT-3 [Modules] Streaming discord_spellcheck@1 to /home/vinicius/.config/discord/0.0.114/modules/pending/discord_spellcheck-1.zip: 46%
11/11/2025, 8:26:14 PM GMT-3 [Modules] Streaming discord_spellcheck@1 to /home/vinicius/.config/discord/0.0.114/modules/pending/discord_spellcheck-1.zip: 47%
11/11/2025, 8:26:14 PM GMT-3 [Modules] Streaming discord_spellcheck@1 to /home/vinicius/.config/discord/0.0.114/modules/pending/discord_spellcheck-1.zip: 48%
11/11/2025, 8:26:14 PM GMT-3 [Modules] Streaming discord_spellcheck@1 to /home/vinicius/.config/discord/0.0.114/modules/pending/discord_spellcheck-1.zip: 49%
11/11/2025, 8:26:14 PM GMT-3 [Modules] Streaming discord_spellcheck@1 to /home/vinicius/.config/discord/0.0.114/modules/pending/discord_spellcheck-1.zip: 50%
11/11/2025, 8:26:14 PM GMT-3 [Modules] Streaming discord_spellcheck@1 to /home/vinicius/.config/discord/0.0.114/modules/pending/discord_spellcheck-1.zip: 51%
11/11/2025, 8:26:14 PM GMT-3 [Modules] Streaming discord_spellcheck@1 to /home/vinicius/.config/discord/0.0.114/modules/pending/discord_spellcheck-1.zip: 52%
11/11/2025, 8:26:14 PM GMT-3 [Modules] Streaming discord_spellcheck@1 to /home/vinicius/.config/discord/0.0.114/modules/pending/discord_spellcheck-1.zip: 53%
11/11/2025, 8:26:14 PM GMT-3 [Modules] Streaming discord_spellcheck@1 to /home/vinicius/.config/discord/0.0.114/modules/pending/discord_spellcheck-1.zip: 54%
11/11/2025, 8:26:14 PM GMT-3 [Modules] Streaming discord_spellcheck@1 to /home/vinicius/.config/discord/0.0.114/modules/pending/discord_spellcheck-1.zip: 55%
11/11/2025, 8:26:14 PM GMT-3 [Modules] Streaming discord_spellcheck@1 to /home/vinicius/.config/discord/0.0.114/modules/pending/discord_spellcheck-1.zip: 56%
11/11/2025, 8:26:14 PM GMT-3 [Modules] Streaming discord_spellcheck@1 to /home/vinicius/.config/discord/0.0.114/modules/pending/discord_spellcheck-1.zip: 57%
11/11/2025, 8:26:14 PM GMT-3 [Modules] Streaming discord_spellcheck@1 to /home/vinicius/.config/discord/0.0.114/modules/pending/discord_spellcheck-1.zip: 58%
11/11/2025, 8:26:14 PM GMT-3 [Modules] Streaming discord_spellcheck@1 to /home/vinicius/.config/discord/0.0.114/modules/pending/discord_spellcheck-1.zip: 59%
11/11/2025, 8:26:14 PM GMT-3 [Modules] Streaming discord_spellcheck@1 to /home/vinicius/.config/discord/0.0.114/modules/pending/discord_spellcheck-1.zip: 60%
11/11/2025, 8:26:14 PM GMT-3 [Modules] Streaming discord_spellcheck@1 to /home/vinicius/.config/discord/0.0.114/modules/pending/discord_spellcheck-1.zip: 61%
11/11/2025, 8:26:14 PM GMT-3 [Modules] Streaming discord_spellcheck@1 to /home/vinicius/.config/discord/0.0.114/modules/pending/discord_spellcheck-1.zip: 62%
11/11/2025, 8:26:14 PM GMT-3 [Modules] Streaming discord_spellcheck@1 to /home/vinicius/.config/discord/0.0.114/modules/pending/discord_spellcheck-1.zip: 63%
11/11/2025, 8:26:14 PM GMT-3 [Modules] Streaming discord_spellcheck@1 to /home/vinicius/.config/discord/0.0.114/modules/pending/discord_spellcheck-1.zip: 64%
11/11/2025, 8:26:14 PM GMT-3 [Modules] Streaming discord_spellcheck@1 to /home/vinicius/.config/discord/0.0.114/modules/pending/discord_spellcheck-1.zip: 65%
11/11/2025, 8:26:14 PM GMT-3 [Modules] Streaming discord_spellcheck@1 to /home/vinicius/.config/discord/0.0.114/modules/pending/discord_spellcheck-1.zip: 66%
11/11/2025, 8:26:14 PM GMT-3 [Modules] Streaming discord_spellcheck@1 to /home/vinicius/.config/discord/0.0.114/modules/pending/discord_spellcheck-1.zip: 67%
11/11/2025, 8:26:14 PM GMT-3 [Modules] Streaming discord_spellcheck@1 to /home/vinicius/.config/discord/0.0.114/modules/pending/discord_spellcheck-1.zip: 68%
11/11/2025, 8:26:14 PM GMT-3 [Modules] Streaming discord_spellcheck@1 to /home/vinicius/.config/discord/0.0.114/modules/pending/discord_spellcheck-1.zip: 69%
11/11/2025, 8:26:14 PM GMT-3 [Modules] Streaming discord_spellcheck@1 to /home/vinicius/.config/discord/0.0.114/modules/pending/discord_spellcheck-1.zip: 70%
11/11/2025, 8:26:14 PM GMT-3 [Modules] Streaming discord_spellcheck@1 to /home/vinicius/.config/discord/0.0.114/modules/pending/discord_spellcheck-1.zip: 71%
11/11/2025, 8:26:14 PM GMT-3 [Modules] Streaming discord_spellcheck@1 to /home/vinicius/.config/discord/0.0.114/modules/pending/discord_spellcheck-1.zip: 72%
11/11/2025, 8:26:14 PM GMT-3 [Modules] Streaming discord_spellcheck@1 to /home/vinicius/.config/discord/0.0.114/modules/pending/discord_spellcheck-1.zip: 73%
11/11/2025, 8:26:14 PM GMT-3 [Modules] Streaming discord_spellcheck@1 to /home/vinicius/.config/discord/0.0.114/modules/pending/discord_spellcheck-1.zip: 74%
11/11/2025, 8:26:14 PM GMT-3 [Modules] Streaming discord_spellcheck@1 to /home/vinicius/.config/discord/0.0.114/modules/pending/discord_spellcheck-1.zip: 75%
11/11/2025, 8:26:14 PM GMT-3 [Modules] Streaming discord_spellcheck@1 to /home/vinicius/.config/discord/0.0.114/modules/pending/discord_spellcheck-1.zip: 76%
11/11/2025, 8:26:14 PM GMT-3 [Modules] Streaming discord_spellcheck@1 to /home/vinicius/.config/discord/0.0.114/modules/pending/discord_spellcheck-1.zip: 77%
11/11/2025, 8:26:14 PM GMT-3 [Modules] Streaming discord_spellcheck@1 to /home/vinicius/.config/discord/0.0.114/modules/pending/discord_spellcheck-1.zip: 78%
11/11/2025, 8:26:14 PM GMT-3 [Modules] Streaming discord_spellcheck@1 to /home/vinicius/.config/discord/0.0.114/modules/pending/discord_spellcheck-1.zip: 79%
11/11/2025, 8:26:14 PM GMT-3 [Modules] Streaming discord_spellcheck@1 to /home/vinicius/.config/discord/0.0.114/modules/pending/discord_spellcheck-1.zip: 80%
11/11/2025, 8:26:14 PM GMT-3 [Modules] Streaming discord_spellcheck@1 to /home/vinicius/.config/discord/0.0.114/modules/pending/discord_spellcheck-1.zip: 81%
11/11/2025, 8:26:14 PM GMT-3 [Modules] Streaming discord_spellcheck@1 to /home/vinicius/.config/discord/0.0.114/modules/pending/discord_spellcheck-1.zip: 82%
11/11/2025, 8:26:15 PM GMT-3 [Modules] Streaming discord_spellcheck@1 to /home/vinicius/.config/discord/0.0.114/modules/pending/discord_spellcheck-1.zip: 83%
11/11/2025, 8:26:15 PM GMT-3 [Modules] Streaming discord_spellcheck@1 to /home/vinicius/.config/discord/0.0.114/modules/pending/discord_spellcheck-1.zip: 84%
11/11/2025, 8:26:15 PM GMT-3 [Modules] Streaming discord_spellcheck@1 to /home/vinicius/.config/discord/0.0.114/modules/pending/discord_spellcheck-1.zip: 85%
11/11/2025, 8:26:15 PM GMT-3 [Modules] Streaming discord_spellcheck@1 to /home/vinicius/.config/discord/0.0.114/modules/pending/discord_spellcheck-1.zip: 86%
11/11/2025, 8:26:15 PM GMT-3 [Modules] Streaming discord_spellcheck@1 to /home/vinicius/.config/discord/0.0.114/modules/pending/discord_spellcheck-1.zip: 87%
11/11/2025, 8:26:15 PM GMT-3 [Modules] Streaming discord_spellcheck@1 to /home/vinicius/.config/discord/0.0.114/modules/pending/discord_spellcheck-1.zip: 88%
11/11/2025, 8:26:15 PM GMT-3 [Modules] Streaming discord_spellcheck@1 to /home/vinicius/.config/discord/0.0.114/modules/pending/discord_spellcheck-1.zip: 89%
11/11/2025, 8:26:15 PM GMT-3 [Modules] Streaming discord_spellcheck@1 to /home/vinicius/.config/discord/0.0.114/modules/pending/discord_spellcheck-1.zip: 90%
11/11/2025, 8:26:15 PM GMT-3 [Modules] Streaming discord_spellcheck@1 to /home/vinicius/.config/discord/0.0.114/modules/pending/discord_spellcheck-1.zip: 91%
11/11/2025, 8:26:15 PM GMT-3 [Modules] Streaming discord_spellcheck@1 to /home/vinicius/.config/discord/0.0.114/modules/pending/discord_spellcheck-1.zip: 92%
11/11/2025, 8:26:15 PM GMT-3 [Modules] Streaming discord_spellcheck@1 to /home/vinicius/.config/discord/0.0.114/modules/pending/discord_spellcheck-1.zip: 93%
11/11/2025, 8:26:15 PM GMT-3 [Modules] Streaming discord_spellcheck@1 to /home/vinicius/.config/discord/0.0.114/modules/pending/discord_spellcheck-1.zip: 94%
11/11/2025, 8:26:15 PM GMT-3 [Modules] Streaming discord_spellcheck@1 to /home/vinicius/.config/discord/0.0.114/modules/pending/discord_spellcheck-1.zip: 95%
11/11/2025, 8:26:15 PM GMT-3 [Modules] Streaming discord_spellcheck@1 to /home/vinicius/.config/discord/0.0.114/modules/pending/discord_spellcheck-1.zip: 96%
11/11/2025, 8:26:15 PM GMT-3 [Modules] Streaming discord_spellcheck@1 to /home/vinicius/.config/discord/0.0.114/modules/pending/discord_spellcheck-1.zip: 97%
11/11/2025, 8:26:15 PM GMT-3 [Modules] Streaming discord_spellcheck@1 to /home/vinicius/.config/discord/0.0.114/modules/pending/discord_spellcheck-1.zip: 98%
11/11/2025, 8:26:15 PM GMT-3 [Modules] Streaming discord_spellcheck@1 to /home/vinicius/.config/discord/0.0.114/modules/pending/discord_spellcheck-1.zip: 99%
11/11/2025, 8:26:15 PM GMT-3 [Modules] Streaming discord_spellcheck@1 to /home/vinicius/.config/discord/0.0.114/modules/pending/discord_spellcheck-1.zip: 100%
11/11/2025, 8:26:15 PM GMT-3 [Modules] Fetching discord_utils@1 from https://discord.com/api/modules/stable/discord_utils/1
11/11/2025, 8:26:15 PM GMT-3 [Modules] Streaming discord_utils@1 to /home/vinicius/.config/discord/0.0.114/modules/pending/discord_utils-1.zip
11/11/2025, 8:26:15 PM GMT-3 [Modules] Streaming discord_utils@1 to /home/vinicius/.config/discord/0.0.114/modules/pending/discord_utils-1.zip: 1%
11/11/2025, 8:26:15 PM GMT-3 [Modules] Streaming discord_utils@1 to /home/vinicius/.config/discord/0.0.114/modules/pending/discord_utils-1.zip: 2%
11/11/2025, 8:26:15 PM GMT-3 [Modules] Streaming discord_utils@1 to /home/vinicius/.config/discord/0.0.114/modules/pending/discord_utils-1.zip: 3%
11/11/2025, 8:26:15 PM GMT-3 [Modules] Streaming discord_utils@1 to /home/vinicius/.config/discord/0.0.114/modules/pending/discord_utils-1.zip: 4%
11/11/2025, 8:26:15 PM GMT-3 [Modules] Streaming discord_utils@1 to /home/vinicius/.config/discord/0.0.114/modules/pending/discord_utils-1.zip: 5%
11/11/2025, 8:26:15 PM GMT-3 [Modules] Streaming discord_utils@1 to /home/vinicius/.config/discord/0.0.114/modules/pending/discord_utils-1.zip: 6%
11/11/2025, 8:26:15 PM GMT-3 [Modules] Streaming discord_utils@1 to /home/vinicius/.config/discord/0.0.114/modules/pending/discord_utils-1.zip: 7%
11/11/2025, 8:26:15 PM GMT-3 [Modules] Streaming discord_utils@1 to /home/vinicius/.config/discord/0.0.114/modules/pending/discord_utils-1.zip: 8%
11/11/2025, 8:26:15 PM GMT-3 [Modules] Streaming discord_utils@1 to /home/vinicius/.config/discord/0.0.114/modules/pending/discord_utils-1.zip: 9%
11/11/2025, 8:26:15 PM GMT-3 [Modules] Streaming discord_utils@1 to /home/vinicius/.config/discord/0.0.114/modules/pending/discord_utils-1.zip: 10%
11/11/2025, 8:26:15 PM GMT-3 [Modules] Streaming discord_utils@1 to /home/vinicius/.config/discord/0.0.114/modules/pending/discord_utils-1.zip: 11%
11/11/2025, 8:26:15 PM GMT-3 [Modules] Streaming discord_utils@1 to /home/vinicius/.config/discord/0.0.114/modules/pending/discord_utils-1.zip: 12%
11/11/2025, 8:26:15 PM GMT-3 [Modules] Streaming discord_utils@1 to /home/vinicius/.config/discord/0.0.114/modules/pending/discord_utils-1.zip: 13%
11/11/2025, 8:26:15 PM GMT-3 [Modules] Streaming discord_utils@1 to /home/vinicius/.config/discord/0.0.114/modules/pending/discord_utils-1.zip: 14%
11/11/2025, 8:26:15 PM GMT-3 [Modules] Streaming discord_utils@1 to /home/vinicius/.config/discord/0.0.114/modules/pending/discord_utils-1.zip: 15%
11/11/2025, 8:26:15 PM GMT-3 [Modules] Streaming discord_utils@1 to /home/vinicius/.config/discord/0.0.114/modules/pending/discord_utils-1.zip: 16%
11/11/2025, 8:26:15 PM GMT-3 [Modules] Streaming discord_utils@1 to /home/vinicius/.config/discord/0.0.114/modules/pending/discord_utils-1.zip: 17%
11/11/2025, 8:26:15 PM GMT-3 [Modules] Streaming discord_utils@1 to /home/vinicius/.config/discord/0.0.114/modules/pending/discord_utils-1.zip: 18%
11/11/2025, 8:26:15 PM GMT-3 [Modules] Streaming discord_utils@1 to /home/vinicius/.config/discord/0.0.114/modules/pending/discord_utils-1.zip: 19%
11/11/2025, 8:26:15 PM GMT-3 [Modules] Streaming discord_utils@1 to /home/vinicius/.config/discord/0.0.114/modules/pending/discord_utils-1.zip: 20%
11/11/2025, 8:26:15 PM GMT-3 [Modules] Streaming discord_utils@1 to /home/vinicius/.config/discord/0.0.114/modules/pending/discord_utils-1.zip: 21%
11/11/2025, 8:26:15 PM GMT-3 [Modules] Streaming discord_utils@1 to /home/vinicius/.config/discord/0.0.114/modules/pending/discord_utils-1.zip: 22%
11/11/2025, 8:26:15 PM GMT-3 [Modules] Streaming discord_utils@1 to /home/vinicius/.config/discord/0.0.114/modules/pending/discord_utils-1.zip: 23%
11/11/2025, 8:26:15 PM GMT-3 [Modules] Streaming discord_utils@1 to /home/vinicius/.config/discord/0.0.114/modules/pending/discord_utils-1.zip: 24%
11/11/2025, 8:26:15 PM GMT-3 [Modules] Streaming discord_utils@1 to /home/vinicius/.config/discord/0.0.114/modules/pending/discord_utils-1.zip: 25%
11/11/2025, 8:26:15 PM GMT-3 [Modules] Streaming discord_utils@1 to /home/vinicius/.config/discord/0.0.114/modules/pending/discord_utils-1.zip: 26%
11/11/2025, 8:26:15 PM GMT-3 [Modules] Streaming discord_utils@1 to /home/vinicius/.config/discord/0.0.114/modules/pending/discord_utils-1.zip: 27%
11/11/2025, 8:26:15 PM GMT-3 [Modules] Streaming discord_utils@1 to /home/vinicius/.config/discord/0.0.114/modules/pending/discord_utils-1.zip: 28%
11/11/2025, 8:26:15 PM GMT-3 [Modules] Streaming discord_utils@1 to /home/vinicius/.config/discord/0.0.114/modules/pending/discord_utils-1.zip: 29%
11/11/2025, 8:26:15 PM GMT-3 [Modules] Streaming discord_utils@1 to /home/vinicius/.config/discord/0.0.114/modules/pending/discord_utils-1.zip: 31%
11/11/2025, 8:26:15 PM GMT-3 [Modules] Streaming discord_utils@1 to /home/vinicius/.config/discord/0.0.114/modules/pending/discord_utils-1.zip: 32%
11/11/2025, 8:26:15 PM GMT-3 [Modules] Streaming discord_utils@1 to /home/vinicius/.config/discord/0.0.114/modules/pending/discord_utils-1.zip: 33%
11/11/2025, 8:26:15 PM GMT-3 [Modules] Streaming discord_utils@1 to /home/vinicius/.config/discord/0.0.114/modules/pending/discord_utils-1.zip: 34%
11/11/2025, 8:26:15 PM GMT-3 [Modules] Streaming discord_utils@1 to /home/vinicius/.config/discord/0.0.114/modules/pending/discord_utils-1.zip: 35%
11/11/2025, 8:26:15 PM GMT-3 [Modules] Streaming discord_utils@1 to /home/vinicius/.config/discord/0.0.114/modules/pending/discord_utils-1.zip: 36%
11/11/2025, 8:26:15 PM GMT-3 [Modules] Streaming discord_utils@1 to /home/vinicius/.config/discord/0.0.114/modules/pending/discord_utils-1.zip: 37%
11/11/2025, 8:26:15 PM GMT-3 [Modules] Streaming discord_utils@1 to /home/vinicius/.config/discord/0.0.114/modules/pending/discord_utils-1.zip: 38%
11/11/2025, 8:26:15 PM GMT-3 [Modules] Streaming discord_utils@1 to /home/vinicius/.config/discord/0.0.114/modules/pending/discord_utils-1.zip: 40%
11/11/2025, 8:26:16 PM GMT-3 [Modules] Streaming discord_utils@1 to /home/vinicius/.config/discord/0.0.114/modules/pending/discord_utils-1.zip: 41%
11/11/2025, 8:26:16 PM GMT-3 [Modules] Streaming discord_utils@1 to /home/vinicius/.config/discord/0.0.114/modules/pending/discord_utils-1.zip: 42%
11/11/2025, 8:26:16 PM GMT-3 [Modules] Streaming discord_utils@1 to /home/vinicius/.config/discord/0.0.114/modules/pending/discord_utils-1.zip: 44%
11/11/2025, 8:26:16 PM GMT-3 [Modules] Streaming discord_utils@1 to /home/vinicius/.config/discord/0.0.114/modules/pending/discord_utils-1.zip: 45%
11/11/2025, 8:26:16 PM GMT-3 [Modules] Streaming discord_utils@1 to /home/vinicius/.config/discord/0.0.114/modules/pending/discord_utils-1.zip: 46%
11/11/2025, 8:26:16 PM GMT-3 [Modules] Streaming discord_utils@1 to /home/vinicius/.config/discord/0.0.114/modules/pending/discord_utils-1.zip: 47%
11/11/2025, 8:26:16 PM GMT-3 [Modules] Streaming discord_utils@1 to /home/vinicius/.config/discord/0.0.114/modules/pending/discord_utils-1.zip: 48%
11/11/2025, 8:26:16 PM GMT-3 [Modules] Streaming discord_utils@1 to /home/vinicius/.config/discord/0.0.114/modules/pending/discord_utils-1.zip: 49%
11/11/2025, 8:26:16 PM GMT-3 [Modules] Streaming discord_utils@1 to /home/vinicius/.config/discord/0.0.114/modules/pending/discord_utils-1.zip: 51%
11/11/2025, 8:26:16 PM GMT-3 [Modules] Streaming discord_utils@1 to /home/vinicius/.config/discord/0.0.114/modules/pending/discord_utils-1.zip: 52%
11/11/2025, 8:26:16 PM GMT-3 [Modules] Streaming discord_utils@1 to /home/vinicius/.config/discord/0.0.114/modules/pending/discord_utils-1.zip: 53%
11/11/2025, 8:26:16 PM GMT-3 [Modules] Streaming discord_utils@1 to /home/vinicius/.config/discord/0.0.114/modules/pending/discord_utils-1.zip: 54%
11/11/2025, 8:26:16 PM GMT-3 [Modules] Streaming discord_utils@1 to /home/vinicius/.config/discord/0.0.114/modules/pending/discord_utils-1.zip: 55%
11/11/2025, 8:26:16 PM GMT-3 [Modules] Streaming discord_utils@1 to /home/vinicius/.config/discord/0.0.114/modules/pending/discord_utils-1.zip: 57%
11/11/2025, 8:26:16 PM GMT-3 [Modules] Streaming discord_utils@1 to /home/vinicius/.config/discord/0.0.114/modules/pending/discord_utils-1.zip: 58%
11/11/2025, 8:26:16 PM GMT-3 [Modules] Streaming discord_utils@1 to /home/vinicius/.config/discord/0.0.114/modules/pending/discord_utils-1.zip: 59%
11/11/2025, 8:26:16 PM GMT-3 [Modules] Streaming discord_utils@1 to /home/vinicius/.config/discord/0.0.114/modules/pending/discord_utils-1.zip: 61%
11/11/2025, 8:26:16 PM GMT-3 [Modules] Streaming discord_utils@1 to /home/vinicius/.config/discord/0.0.114/modules/pending/discord_utils-1.zip: 63%
11/11/2025, 8:26:16 PM GMT-3 [Modules] Streaming discord_utils@1 to /home/vinicius/.config/discord/0.0.114/modules/pending/discord_utils-1.zip: 64%
11/11/2025, 8:26:16 PM GMT-3 [Modules] Streaming discord_utils@1 to /home/vinicius/.config/discord/0.0.114/modules/pending/discord_utils-1.zip: 66%
11/11/2025, 8:26:16 PM GMT-3 [Modules] Streaming discord_utils@1 to /home/vinicius/.config/discord/0.0.114/modules/pending/discord_utils-1.zip: 68%
11/11/2025, 8:26:16 PM GMT-3 [Modules] Streaming discord_utils@1 to /home/vinicius/.config/discord/0.0.114/modules/pending/discord_utils-1.zip: 71%
11/11/2025, 8:26:16 PM GMT-3 [Modules] Streaming discord_utils@1 to /home/vinicius/.config/discord/0.0.114/modules/pending/discord_utils-1.zip: 74%
11/11/2025, 8:26:16 PM GMT-3 [Modules] Streaming discord_utils@1 to /home/vinicius/.config/discord/0.0.114/modules/pending/discord_utils-1.zip: 75%
11/11/2025, 8:26:16 PM GMT-3 [Modules] Streaming discord_utils@1 to /home/vinicius/.config/discord/0.0.114/modules/pending/discord_utils-1.zip: 76%
11/11/2025, 8:26:16 PM GMT-3 [Modules] Streaming discord_utils@1 to /home/vinicius/.config/discord/0.0.114/modules/pending/discord_utils-1.zip: 78%
11/11/2025, 8:26:16 PM GMT-3 [Modules] Streaming discord_utils@1 to /home/vinicius/.config/discord/0.0.114/modules/pending/discord_utils-1.zip: 79%
11/11/2025, 8:26:16 PM GMT-3 [Modules] Streaming discord_utils@1 to /home/vinicius/.config/discord/0.0.114/modules/pending/discord_utils-1.zip: 81%
11/11/2025, 8:26:16 PM GMT-3 [Modules] Streaming discord_utils@1 to /home/vinicius/.config/discord/0.0.114/modules/pending/discord_utils-1.zip: 82%
11/11/2025, 8:26:16 PM GMT-3 [Modules] Streaming discord_utils@1 to /home/vinicius/.config/discord/0.0.114/modules/pending/discord_utils-1.zip: 83%
11/11/2025, 8:26:16 PM GMT-3 [Modules] Streaming discord_utils@1 to /home/vinicius/.config/discord/0.0.114/modules/pending/discord_utils-1.zip: 84%
11/11/2025, 8:26:16 PM GMT-3 [Modules] Streaming discord_utils@1 to /home/vinicius/.config/discord/0.0.114/modules/pending/discord_utils-1.zip: 85%
11/11/2025, 8:26:16 PM GMT-3 [Modules] Streaming discord_utils@1 to /home/vinicius/.config/discord/0.0.114/modules/pending/discord_utils-1.zip: 86%
11/11/2025, 8:26:16 PM GMT-3 [Modules] Streaming discord_utils@1 to /home/vinicius/.config/discord/0.0.114/modules/pending/discord_utils-1.zip: 88%
11/11/2025, 8:26:16 PM GMT-3 [Modules] Streaming discord_utils@1 to /home/vinicius/.config/discord/0.0.114/modules/pending/discord_utils-1.zip: 89%
11/11/2025, 8:26:16 PM GMT-3 [Modules] Streaming discord_utils@1 to /home/vinicius/.config/discord/0.0.114/modules/pending/discord_utils-1.zip: 90%
11/11/2025, 8:26:16 PM GMT-3 [Modules] Streaming discord_utils@1 to /home/vinicius/.config/discord/0.0.114/modules/pending/discord_utils-1.zip: 91%
11/11/2025, 8:26:16 PM GMT-3 [Modules] Streaming discord_utils@1 to /home/vinicius/.config/discord/0.0.114/modules/pending/discord_utils-1.zip: 93%
11/11/2025, 8:26:16 PM GMT-3 [Modules] Streaming discord_utils@1 to /home/vinicius/.config/discord/0.0.114/modules/pending/discord_utils-1.zip: 94%
11/11/2025, 8:26:16 PM GMT-3 [Modules] Streaming discord_utils@1 to /home/vinicius/.config/discord/0.0.114/modules/pending/discord_utils-1.zip: 95%
11/11/2025, 8:26:16 PM GMT-3 [Modules] Streaming discord_utils@1 to /home/vinicius/.config/discord/0.0.114/modules/pending/discord_utils-1.zip: 96%
11/11/2025, 8:26:16 PM GMT-3 [Modules] Streaming discord_utils@1 to /home/vinicius/.config/discord/0.0.114/modules/pending/discord_utils-1.zip: 97%
11/11/2025, 8:26:16 PM GMT-3 [Modules] Streaming discord_utils@1 to /home/vinicius/.config/discord/0.0.114/modules/pending/discord_utils-1.zip: 99%
11/11/2025, 8:26:16 PM GMT-3 [Modules] Streaming discord_utils@1 to /home/vinicius/.config/discord/0.0.114/modules/pending/discord_utils-1.zip: 100%
11/11/2025, 8:26:16 PM GMT-3 [Modules] Fetching discord_voice@1 from https://discord.com/api/modules/stable/discord_voice/1
11/11/2025, 8:26:16 PM GMT-3 [Modules] Streaming discord_voice@1 to /home/vinicius/.config/discord/0.0.114/modules/pending/discord_voice-1.zip
11/11/2025, 8:26:16 PM GMT-3 [Modules] Streaming discord_voice@1 to /home/vinicius/.config/discord/0.0.114/modules/pending/discord_voice-1.zip: 1%
11/11/2025, 8:26:16 PM GMT-3 [Modules] Streaming discord_voice@1 to /home/vinicius/.config/discord/0.0.114/modules/pending/discord_voice-1.zip: 2%
11/11/2025, 8:26:16 PM GMT-3 [Modules] Streaming discord_voice@1 to /home/vinicius/.config/discord/0.0.114/modules/pending/discord_voice-1.zip: 3%
11/11/2025, 8:26:16 PM GMT-3 [Modules] Streaming discord_voice@1 to /home/vinicius/.config/discord/0.0.114/modules/pending/discord_voice-1.zip: 4%
11/11/2025, 8:26:16 PM GMT-3 [Modules] Streaming discord_voice@1 to /home/vinicius/.config/discord/0.0.114/modules/pending/discord_voice-1.zip: 5%
11/11/2025, 8:26:16 PM GMT-3 [Modules] Streaming discord_voice@1 to /home/vinicius/.config/discord/0.0.114/modules/pending/discord_voice-1.zip: 6%
11/11/2025, 8:26:16 PM GMT-3 [Modules] Streaming discord_voice@1 to /home/vinicius/.config/discord/0.0.114/modules/pending/discord_voice-1.zip: 7%
11/11/2025, 8:26:16 PM GMT-3 [Modules] Streaming discord_voice@1 to /home/vinicius/.config/discord/0.0.114/modules/pending/discord_voice-1.zip: 8%
11/11/2025, 8:26:16 PM GMT-3 [Modules] Streaming discord_voice@1 to /home/vinicius/.config/discord/0.0.114/modules/pending/discord_voice-1.zip: 9%
11/11/2025, 8:26:16 PM GMT-3 [Modules] Streaming discord_voice@1 to /home/vinicius/.config/discord/0.0.114/modules/pending/discord_voice-1.zip: 10%
11/11/2025, 8:26:16 PM GMT-3 [Modules] Streaming discord_voice@1 to /home/vinicius/.config/discord/0.0.114/modules/pending/discord_voice-1.zip: 11%
11/11/2025, 8:26:17 PM GMT-3 [Modules] Streaming discord_voice@1 to /home/vinicius/.config/discord/0.0.114/modules/pending/discord_voice-1.zip: 12%
11/11/2025, 8:26:17 PM GMT-3 [Modules] Streaming discord_voice@1 to /home/vinicius/.config/discord/0.0.114/modules/pending/discord_voice-1.zip: 13%
11/11/2025, 8:26:17 PM GMT-3 [Modules] Streaming discord_voice@1 to /home/vinicius/.config/discord/0.0.114/modules/pending/discord_voice-1.zip: 14%
11/11/2025, 8:26:17 PM GMT-3 [Modules] Streaming discord_voice@1 to /home/vinicius/.config/discord/0.0.114/modules/pending/discord_voice-1.zip: 15%
11/11/2025, 8:26:17 PM GMT-3 [Modules] Streaming discord_voice@1 to /home/vinicius/.config/discord/0.0.114/modules/pending/discord_voice-1.zip: 16%
11/11/2025, 8:26:17 PM GMT-3 [Modules] Streaming discord_voice@1 to /home/vinicius/.config/discord/0.0.114/modules/pending/discord_voice-1.zip: 17%
11/11/2025, 8:26:17 PM GMT-3 [Modules] Streaming discord_voice@1 to /home/vinicius/.config/discord/0.0.114/modules/pending/discord_voice-1.zip: 18%
11/11/2025, 8:26:17 PM GMT-3 [Modules] Streaming discord_voice@1 to /home/vinicius/.config/discord/0.0.114/modules/pending/discord_voice-1.zip: 19%
11/11/2025, 8:26:17 PM GMT-3 [Modules] Streaming discord_voice@1 to /home/vinicius/.config/discord/0.0.114/modules/pending/discord_voice-1.zip: 20%
11/11/2025, 8:26:17 PM GMT-3 [Modules] Streaming discord_voice@1 to /home/vinicius/.config/discord/0.0.114/modules/pending/discord_voice-1.zip: 21%
11/11/2025, 8:26:17 PM GMT-3 [Modules] Streaming discord_voice@1 to /home/vinicius/.config/discord/0.0.114/modules/pending/discord_voice-1.zip: 22%
11/11/2025, 8:26:17 PM GMT-3 [Modules] Streaming discord_voice@1 to /home/vinicius/.config/discord/0.0.114/modules/pending/discord_voice-1.zip: 23%
11/11/2025, 8:26:17 PM GMT-3 [Modules] Streaming discord_voice@1 to /home/vinicius/.config/discord/0.0.114/modules/pending/discord_voice-1.zip: 24%
11/11/2025, 8:26:17 PM GMT-3 [Modules] Streaming discord_voice@1 to /home/vinicius/.config/discord/0.0.114/modules/pending/discord_voice-1.zip: 25%
11/11/2025, 8:26:17 PM GMT-3 [Modules] Streaming discord_voice@1 to /home/vinicius/.config/discord/0.0.114/modules/pending/discord_voice-1.zip: 26%
11/11/2025, 8:26:17 PM GMT-3 [Modules] Streaming discord_voice@1 to /home/vinicius/.config/discord/0.0.114/modules/pending/discord_voice-1.zip: 27%
11/11/2025, 8:26:17 PM GMT-3 [Modules] Streaming discord_voice@1 to /home/vinicius/.config/discord/0.0.114/modules/pending/discord_voice-1.zip: 28%
11/11/2025, 8:26:17 PM GMT-3 [Modules] Streaming discord_voice@1 to /home/vinicius/.config/discord/0.0.114/modules/pending/discord_voice-1.zip: 29%
11/11/2025, 8:26:17 PM GMT-3 [Modules] Streaming discord_voice@1 to /home/vinicius/.config/discord/0.0.114/modules/pending/discord_voice-1.zip: 30%
11/11/2025, 8:26:17 PM GMT-3 [Modules] Streaming discord_voice@1 to /home/vinicius/.config/discord/0.0.114/modules/pending/discord_voice-1.zip: 31%
11/11/2025, 8:26:17 PM GMT-3 [Modules] Streaming discord_voice@1 to /home/vinicius/.config/discord/0.0.114/modules/pending/discord_voice-1.zip: 32%
11/11/2025, 8:26:17 PM GMT-3 [Modules] Streaming discord_voice@1 to /home/vinicius/.config/discord/0.0.114/modules/pending/discord_voice-1.zip: 33%
11/11/2025, 8:26:17 PM GMT-3 [Modules] Streaming discord_voice@1 to /home/vinicius/.config/discord/0.0.114/modules/pending/discord_voice-1.zip: 34%
11/11/2025, 8:26:17 PM GMT-3 [Modules] Streaming discord_voice@1 to /home/vinicius/.config/discord/0.0.114/modules/pending/discord_voice-1.zip: 35%
11/11/2025, 8:26:17 PM GMT-3 [Modules] Streaming discord_voice@1 to /home/vinicius/.config/discord/0.0.114/modules/pending/discord_voice-1.zip: 36%
11/11/2025, 8:26:17 PM GMT-3 [Modules] Streaming discord_voice@1 to /home/vinicius/.config/discord/0.0.114/modules/pending/discord_voice-1.zip: 37%
11/11/2025, 8:26:17 PM GMT-3 [Modules] Streaming discord_voice@1 to /home/vinicius/.config/discord/0.0.114/modules/pending/discord_voice-1.zip: 38%
11/11/2025, 8:26:17 PM GMT-3 [Modules] Streaming discord_voice@1 to /home/vinicius/.config/discord/0.0.114/modules/pending/discord_voice-1.zip: 39%
11/11/2025, 8:26:17 PM GMT-3 [Modules] Streaming discord_voice@1 to /home/vinicius/.config/discord/0.0.114/modules/pending/discord_voice-1.zip: 40%
11/11/2025, 8:26:17 PM GMT-3 [Modules] Streaming discord_voice@1 to /home/vinicius/.config/discord/0.0.114/modules/pending/discord_voice-1.zip: 41%
11/11/2025, 8:26:17 PM GMT-3 [Modules] Streaming discord_voice@1 to /home/vinicius/.config/discord/0.0.114/modules/pending/discord_voice-1.zip: 42%
11/11/2025, 8:26:17 PM GMT-3 [Modules] Streaming discord_voice@1 to /home/vinicius/.config/discord/0.0.114/modules/pending/discord_voice-1.zip: 43%
11/11/2025, 8:26:17 PM GMT-3 [Modules] Streaming discord_voice@1 to /home/vinicius/.config/discord/0.0.114/modules/pending/discord_voice-1.zip: 44%
11/11/2025, 8:26:17 PM GMT-3 [Modules] Streaming discord_voice@1 to /home/vinicius/.config/discord/0.0.114/modules/pending/discord_voice-1.zip: 45%
11/11/2025, 8:26:17 PM GMT-3 [Modules] Streaming discord_voice@1 to /home/vinicius/.config/discord/0.0.114/modules/pending/discord_voice-1.zip: 46%
11/11/2025, 8:26:17 PM GMT-3 [Modules] Streaming discord_voice@1 to /home/vinicius/.config/discord/0.0.114/modules/pending/discord_voice-1.zip: 47%
11/11/2025, 8:26:17 PM GMT-3 [Modules] Streaming discord_voice@1 to /home/vinicius/.config/discord/0.0.114/modules/pending/discord_voice-1.zip: 48%
11/11/2025, 8:26:17 PM GMT-3 [Modules] Streaming discord_voice@1 to /home/vinicius/.config/discord/0.0.114/modules/pending/discord_voice-1.zip: 49%
11/11/2025, 8:26:17 PM GMT-3 [Modules] Streaming discord_voice@1 to /home/vinicius/.config/discord/0.0.114/modules/pending/discord_voice-1.zip: 50%
11/11/2025, 8:26:17 PM GMT-3 [Modules] Streaming discord_voice@1 to /home/vinicius/.config/discord/0.0.114/modules/pending/discord_voice-1.zip: 51%
11/11/2025, 8:26:17 PM GMT-3 [Modules] Streaming discord_voice@1 to /home/vinicius/.config/discord/0.0.114/modules/pending/discord_voice-1.zip: 52%
11/11/2025, 8:26:18 PM GMT-3 [Modules] Streaming discord_voice@1 to /home/vinicius/.config/discord/0.0.114/modules/pending/discord_voice-1.zip: 53%
11/11/2025, 8:26:18 PM GMT-3 [Modules] Streaming discord_voice@1 to /home/vinicius/.config/discord/0.0.114/modules/pending/discord_voice-1.zip: 54%
11/11/2025, 8:26:18 PM GMT-3 [Modules] Streaming discord_voice@1 to /home/vinicius/.config/discord/0.0.114/modules/pending/discord_voice-1.zip: 55%
11/11/2025, 8:26:18 PM GMT-3 [Modules] Streaming discord_voice@1 to /home/vinicius/.config/discord/0.0.114/modules/pending/discord_voice-1.zip: 56%
11/11/2025, 8:26:18 PM GMT-3 [Modules] Streaming discord_voice@1 to /home/vinicius/.config/discord/0.0.114/modules/pending/discord_voice-1.zip: 57%
11/11/2025, 8:26:18 PM GMT-3 [Modules] Streaming discord_voice@1 to /home/vinicius/.config/discord/0.0.114/modules/pending/discord_voice-1.zip: 58%
11/11/2025, 8:26:18 PM GMT-3 [Modules] Streaming discord_voice@1 to /home/vinicius/.config/discord/0.0.114/modules/pending/discord_voice-1.zip: 59%
11/11/2025, 8:26:18 PM GMT-3 [Modules] Streaming discord_voice@1 to /home/vinicius/.config/discord/0.0.114/modules/pending/discord_voice-1.zip: 60%
11/11/2025, 8:26:18 PM GMT-3 [Modules] Streaming discord_voice@1 to /home/vinicius/.config/discord/0.0.114/modules/pending/discord_voice-1.zip: 61%
11/11/2025, 8:26:18 PM GMT-3 [Modules] Streaming discord_voice@1 to /home/vinicius/.config/discord/0.0.114/modules/pending/discord_voice-1.zip: 62%
11/11/2025, 8:26:18 PM GMT-3 [Modules] Streaming discord_voice@1 to /home/vinicius/.config/discord/0.0.114/modules/pending/discord_voice-1.zip: 63%
11/11/2025, 8:26:18 PM GMT-3 [Modules] Streaming discord_voice@1 to /home/vinicius/.config/discord/0.0.114/modules/pending/discord_voice-1.zip: 64%
11/11/2025, 8:26:18 PM GMT-3 [Modules] Streaming discord_voice@1 to /home/vinicius/.config/discord/0.0.114/modules/pending/discord_voice-1.zip: 65%
11/11/2025, 8:26:18 PM GMT-3 [Modules] Streaming discord_voice@1 to /home/vinicius/.config/discord/0.0.114/modules/pending/discord_voice-1.zip: 66%
11/11/2025, 8:26:18 PM GMT-3 [Modules] Streaming discord_voice@1 to /home/vinicius/.config/discord/0.0.114/modules/pending/discord_voice-1.zip: 67%
11/11/2025, 8:26:18 PM GMT-3 [Modules] Streaming discord_voice@1 to /home/vinicius/.config/discord/0.0.114/modules/pending/discord_voice-1.zip: 68%
11/11/2025, 8:26:18 PM GMT-3 [Modules] Streaming discord_voice@1 to /home/vinicius/.config/discord/0.0.114/modules/pending/discord_voice-1.zip: 69%
11/11/2025, 8:26:18 PM GMT-3 [Modules] Streaming discord_voice@1 to /home/vinicius/.config/discord/0.0.114/modules/pending/discord_voice-1.zip: 70%
11/11/2025, 8:26:18 PM GMT-3 [Modules] Streaming discord_voice@1 to /home/vinicius/.config/discord/0.0.114/modules/pending/discord_voice-1.zip: 71%
11/11/2025, 8:26:18 PM GMT-3 [Modules] Streaming discord_voice@1 to /home/vinicius/.config/discord/0.0.114/modules/pending/discord_voice-1.zip: 72%
11/11/2025, 8:26:18 PM GMT-3 [Modules] Streaming discord_voice@1 to /home/vinicius/.config/discord/0.0.114/modules/pending/discord_voice-1.zip: 73%
11/11/2025, 8:26:18 PM GMT-3 [Modules] Streaming discord_voice@1 to /home/vinicius/.config/discord/0.0.114/modules/pending/discord_voice-1.zip: 74%
11/11/2025, 8:26:18 PM GMT-3 [Modules] Streaming discord_voice@1 to /home/vinicius/.config/discord/0.0.114/modules/pending/discord_voice-1.zip: 75%
11/11/2025, 8:26:18 PM GMT-3 [Modules] Streaming discord_voice@1 to /home/vinicius/.config/discord/0.0.114/modules/pending/discord_voice-1.zip: 76%
11/11/2025, 8:26:18 PM GMT-3 [Modules] Streaming discord_voice@1 to /home/vinicius/.config/discord/0.0.114/modules/pending/discord_voice-1.zip: 77%
11/11/2025, 8:26:18 PM GMT-3 [Modules] Streaming discord_voice@1 to /home/vinicius/.config/discord/0.0.114/modules/pending/discord_voice-1.zip: 78%
11/11/2025, 8:26:18 PM GMT-3 [Modules] Streaming discord_voice@1 to /home/vinicius/.config/discord/0.0.114/modules/pending/discord_voice-1.zip: 79%
11/11/2025, 8:26:18 PM GMT-3 [Modules] Streaming discord_voice@1 to /home/vinicius/.config/discord/0.0.114/modules/pending/discord_voice-1.zip: 80%
11/11/2025, 8:26:18 PM GMT-3 [Modules] Streaming discord_voice@1 to /home/vinicius/.config/discord/0.0.114/modules/pending/discord_voice-1.zip: 81%
11/11/2025, 8:26:18 PM GMT-3 [Modules] Streaming discord_voice@1 to /home/vinicius/.config/discord/0.0.114/modules/pending/discord_voice-1.zip: 82%
11/11/2025, 8:26:18 PM GMT-3 [Modules] Streaming discord_voice@1 to /home/vinicius/.config/discord/0.0.114/modules/pending/discord_voice-1.zip: 83%
11/11/2025, 8:26:18 PM GMT-3 [Modules] Streaming discord_voice@1 to /home/vinicius/.config/discord/0.0.114/modules/pending/discord_voice-1.zip: 84%
11/11/2025, 8:26:18 PM GMT-3 [Modules] Streaming discord_voice@1 to /home/vinicius/.config/discord/0.0.114/modules/pending/discord_voice-1.zip: 85%
11/11/2025, 8:26:18 PM GMT-3 [Modules] Streaming discord_voice@1 to /home/vinicius/.config/discord/0.0.114/modules/pending/discord_voice-1.zip: 86%
11/11/2025, 8:26:18 PM GMT-3 [Modules] Streaming discord_voice@1 to /home/vinicius/.config/discord/0.0.114/modules/pending/discord_voice-1.zip: 87%
11/11/2025, 8:26:18 PM GMT-3 [Modules] Streaming discord_voice@1 to /home/vinicius/.config/discord/0.0.114/modules/pending/discord_voice-1.zip: 88%
11/11/2025, 8:26:18 PM GMT-3 [Modules] Streaming discord_voice@1 to /home/vinicius/.config/discord/0.0.114/modules/pending/discord_voice-1.zip: 89%
11/11/2025, 8:26:18 PM GMT-3 [Modules] Streaming discord_voice@1 to /home/vinicius/.config/discord/0.0.114/modules/pending/discord_voice-1.zip: 90%
11/11/2025, 8:26:18 PM GMT-3 [Modules] Streaming discord_voice@1 to /home/vinicius/.config/discord/0.0.114/modules/pending/discord_voice-1.zip: 91%
11/11/2025, 8:26:19 PM GMT-3 [Modules] Streaming discord_voice@1 to /home/vinicius/.config/discord/0.0.114/modules/pending/discord_voice-1.zip: 92%
11/11/2025, 8:26:19 PM GMT-3 [Modules] Streaming discord_voice@1 to /home/vinicius/.config/discord/0.0.114/modules/pending/discord_voice-1.zip: 93%
11/11/2025, 8:26:19 PM GMT-3 [Modules] Streaming discord_voice@1 to /home/vinicius/.config/discord/0.0.114/modules/pending/discord_voice-1.zip: 94%
11/11/2025, 8:26:19 PM GMT-3 [Modules] Streaming discord_voice@1 to /home/vinicius/.config/discord/0.0.114/modules/pending/discord_voice-1.zip: 95%
11/11/2025, 8:26:19 PM GMT-3 [Modules] Streaming discord_voice@1 to /home/vinicius/.config/discord/0.0.114/modules/pending/discord_voice-1.zip: 96%
11/11/2025, 8:26:19 PM GMT-3 [Modules] Streaming discord_voice@1 to /home/vinicius/.config/discord/0.0.114/modules/pending/discord_voice-1.zip: 97%
11/11/2025, 8:26:19 PM GMT-3 [Modules] Streaming discord_voice@1 to /home/vinicius/.config/discord/0.0.114/modules/pending/discord_voice-1.zip: 98%
11/11/2025, 8:26:19 PM GMT-3 [Modules] Streaming discord_voice@1 to /home/vinicius/.config/discord/0.0.114/modules/pending/discord_voice-1.zip: 99%
11/11/2025, 8:26:19 PM GMT-3 [Modules] Streaming discord_voice@1 to /home/vinicius/.config/discord/0.0.114/modules/pending/discord_voice-1.zip: 100%
11/11/2025, 8:26:19 PM GMT-3 [Modules] Fetching discord_zstd@1 from https://discord.com/api/modules/stable/discord_zstd/1
11/11/2025, 8:26:19 PM GMT-3 [Modules] Streaming discord_zstd@1 to /home/vinicius/.config/discord/0.0.114/modules/pending/discord_zstd-1.zip
11/11/2025, 8:26:19 PM GMT-3 [Modules] Streaming discord_zstd@1 to /home/vinicius/.config/discord/0.0.114/modules/pending/discord_zstd-1.zip: 1%
11/11/2025, 8:26:19 PM GMT-3 [Modules] Streaming discord_zstd@1 to /home/vinicius/.config/discord/0.0.114/modules/pending/discord_zstd-1.zip: 2%
11/11/2025, 8:26:19 PM GMT-3 [Modules] Streaming discord_zstd@1 to /home/vinicius/.config/discord/0.0.114/modules/pending/discord_zstd-1.zip: 4%
11/11/2025, 8:26:19 PM GMT-3 [Modules] Streaming discord_zstd@1 to /home/vinicius/.config/discord/0.0.114/modules/pending/discord_zstd-1.zip: 6%
11/11/2025, 8:26:19 PM GMT-3 [Modules] Streaming discord_zstd@1 to /home/vinicius/.config/discord/0.0.114/modules/pending/discord_zstd-1.zip: 7%
11/11/2025, 8:26:19 PM GMT-3 [Modules] Streaming discord_zstd@1 to /home/vinicius/.config/discord/0.0.114/modules/pending/discord_zstd-1.zip: 8%
11/11/2025, 8:26:19 PM GMT-3 [Modules] Streaming discord_zstd@1 to /home/vinicius/.config/discord/0.0.114/modules/pending/discord_zstd-1.zip: 9%
11/11/2025, 8:26:19 PM GMT-3 [Modules] Streaming discord_zstd@1 to /home/vinicius/.config/discord/0.0.114/modules/pending/discord_zstd-1.zip: 11%
11/11/2025, 8:26:19 PM GMT-3 [Modules] Streaming discord_zstd@1 to /home/vinicius/.config/discord/0.0.114/modules/pending/discord_zstd-1.zip: 12%
11/11/2025, 8:26:19 PM GMT-3 [Modules] Streaming discord_zstd@1 to /home/vinicius/.config/discord/0.0.114/modules/pending/discord_zstd-1.zip: 13%
11/11/2025, 8:26:19 PM GMT-3 [Modules] Streaming discord_zstd@1 to /home/vinicius/.config/discord/0.0.114/modules/pending/discord_zstd-1.zip: 15%
11/11/2025, 8:26:19 PM GMT-3 [Modules] Streaming discord_zstd@1 to /home/vinicius/.config/discord/0.0.114/modules/pending/discord_zstd-1.zip: 17%
11/11/2025, 8:26:19 PM GMT-3 [Modules] Streaming discord_zstd@1 to /home/vinicius/.config/discord/0.0.114/modules/pending/discord_zstd-1.zip: 19%
11/11/2025, 8:26:19 PM GMT-3 [Modules] Streaming discord_zstd@1 to /home/vinicius/.config/discord/0.0.114/modules/pending/discord_zstd-1.zip: 20%
11/11/2025, 8:26:19 PM GMT-3 [Modules] Streaming discord_zstd@1 to /home/vinicius/.config/discord/0.0.114/modules/pending/discord_zstd-1.zip: 21%
11/11/2025, 8:26:19 PM GMT-3 [Modules] Streaming discord_zstd@1 to /home/vinicius/.config/discord/0.0.114/modules/pending/discord_zstd-1.zip: 22%
11/11/2025, 8:26:19 PM GMT-3 [Modules] Streaming discord_zstd@1 to /home/vinicius/.config/discord/0.0.114/modules/pending/discord_zstd-1.zip: 25%
11/11/2025, 8:26:19 PM GMT-3 [Modules] Streaming discord_zstd@1 to /home/vinicius/.config/discord/0.0.114/modules/pending/discord_zstd-1.zip: 27%
11/11/2025, 8:26:19 PM GMT-3 [Modules] Streaming discord_zstd@1 to /home/vinicius/.config/discord/0.0.114/modules/pending/discord_zstd-1.zip: 28%
11/11/2025, 8:26:19 PM GMT-3 [Modules] Streaming discord_zstd@1 to /home/vinicius/.config/discord/0.0.114/modules/pending/discord_zstd-1.zip: 29%
11/11/2025, 8:26:19 PM GMT-3 [Modules] Streaming discord_zstd@1 to /home/vinicius/.config/discord/0.0.114/modules/pending/discord_zstd-1.zip: 31%
11/11/2025, 8:26:19 PM GMT-3 [Modules] Streaming discord_zstd@1 to /home/vinicius/.config/discord/0.0.114/modules/pending/discord_zstd-1.zip: 34%
11/11/2025, 8:26:19 PM GMT-3 [Modules] Streaming discord_zstd@1 to /home/vinicius/.config/discord/0.0.114/modules/pending/discord_zstd-1.zip: 35%
11/11/2025, 8:26:19 PM GMT-3 [Modules] Streaming discord_zstd@1 to /home/vinicius/.config/discord/0.0.114/modules/pending/discord_zstd-1.zip: 37%
11/11/2025, 8:26:19 PM GMT-3 [Modules] Streaming discord_zstd@1 to /home/vinicius/.config/discord/0.0.114/modules/pending/discord_zstd-1.zip: 38%
11/11/2025, 8:26:19 PM GMT-3 [Modules] Streaming discord_zstd@1 to /home/vinicius/.config/discord/0.0.114/modules/pending/discord_zstd-1.zip: 39%
11/11/2025, 8:26:19 PM GMT-3 [Modules] Streaming discord_zstd@1 to /home/vinicius/.config/discord/0.0.114/modules/pending/discord_zstd-1.zip: 40%
11/11/2025, 8:26:19 PM GMT-3 [Modules] Streaming discord_zstd@1 to /home/vinicius/.config/discord/0.0.114/modules/pending/discord_zstd-1.zip: 41%
11/11/2025, 8:26:19 PM GMT-3 [Modules] Streaming discord_zstd@1 to /home/vinicius/.config/discord/0.0.114/modules/pending/discord_zstd-1.zip: 42%
11/11/2025, 8:26:19 PM GMT-3 [Modules] Streaming discord_zstd@1 to /home/vinicius/.config/discord/0.0.114/modules/pending/discord_zstd-1.zip: 44%
11/11/2025, 8:26:19 PM GMT-3 [Modules] Streaming discord_zstd@1 to /home/vinicius/.config/discord/0.0.114/modules/pending/discord_zstd-1.zip: 46%
11/11/2025, 8:26:19 PM GMT-3 [Modules] Streaming discord_zstd@1 to /home/vinicius/.config/discord/0.0.114/modules/pending/discord_zstd-1.zip: 47%
11/11/2025, 8:26:19 PM GMT-3 [Modules] Streaming discord_zstd@1 to /home/vinicius/.config/discord/0.0.114/modules/pending/discord_zstd-1.zip: 48%
11/11/2025, 8:26:19 PM GMT-3 [Modules] Streaming discord_zstd@1 to /home/vinicius/.config/discord/0.0.114/modules/pending/discord_zstd-1.zip: 49%
11/11/2025, 8:26:19 PM GMT-3 [Modules] Streaming discord_zstd@1 to /home/vinicius/.config/discord/0.0.114/modules/pending/discord_zstd-1.zip: 51%
11/11/2025, 8:26:19 PM GMT-3 [Modules] Streaming discord_zstd@1 to /home/vinicius/.config/discord/0.0.114/modules/pending/discord_zstd-1.zip: 53%
11/11/2025, 8:26:19 PM GMT-3 [Modules] Streaming discord_zstd@1 to /home/vinicius/.config/discord/0.0.114/modules/pending/discord_zstd-1.zip: 55%
11/11/2025, 8:26:20 PM GMT-3 [Modules] Streaming discord_zstd@1 to /home/vinicius/.config/discord/0.0.114/modules/pending/discord_zstd-1.zip: 56%
11/11/2025, 8:26:20 PM GMT-3 [Modules] Streaming discord_zstd@1 to /home/vinicius/.config/discord/0.0.114/modules/pending/discord_zstd-1.zip: 57%
11/11/2025, 8:26:20 PM GMT-3 [Modules] Streaming discord_zstd@1 to /home/vinicius/.config/discord/0.0.114/modules/pending/discord_zstd-1.zip: 59%
11/11/2025, 8:26:20 PM GMT-3 [Modules] Streaming discord_zstd@1 to /home/vinicius/.config/discord/0.0.114/modules/pending/discord_zstd-1.zip: 60%
11/11/2025, 8:26:20 PM GMT-3 [Modules] Streaming discord_zstd@1 to /home/vinicius/.config/discord/0.0.114/modules/pending/discord_zstd-1.zip: 62%
11/11/2025, 8:26:20 PM GMT-3 [Modules] Streaming discord_zstd@1 to /home/vinicius/.config/discord/0.0.114/modules/pending/discord_zstd-1.zip: 63%
11/11/2025, 8:26:20 PM GMT-3 [Modules] Streaming discord_zstd@1 to /home/vinicius/.config/discord/0.0.114/modules/pending/discord_zstd-1.zip: 64%
11/11/2025, 8:26:20 PM GMT-3 [Modules] Streaming discord_zstd@1 to /home/vinicius/.config/discord/0.0.114/modules/pending/discord_zstd-1.zip: 65%
11/11/2025, 8:26:20 PM GMT-3 [Modules] Streaming discord_zstd@1 to /home/vinicius/.config/discord/0.0.114/modules/pending/discord_zstd-1.zip: 66%
11/11/2025, 8:26:20 PM GMT-3 [Modules] Streaming discord_zstd@1 to /home/vinicius/.config/discord/0.0.114/modules/pending/discord_zstd-1.zip: 68%
11/11/2025, 8:26:20 PM GMT-3 [Modules] Streaming discord_zstd@1 to /home/vinicius/.config/discord/0.0.114/modules/pending/discord_zstd-1.zip: 69%
11/11/2025, 8:26:20 PM GMT-3 [Modules] Streaming discord_zstd@1 to /home/vinicius/.config/discord/0.0.114/modules/pending/discord_zstd-1.zip: 71%
11/11/2025, 8:26:20 PM GMT-3 [Modules] Streaming discord_zstd@1 to /home/vinicius/.config/discord/0.0.114/modules/pending/discord_zstd-1.zip: 72%
11/11/2025, 8:26:20 PM GMT-3 [Modules] Streaming discord_zstd@1 to /home/vinicius/.config/discord/0.0.114/modules/pending/discord_zstd-1.zip: 73%
11/11/2025, 8:26:20 PM GMT-3 [Modules] Streaming discord_zstd@1 to /home/vinicius/.config/discord/0.0.114/modules/pending/discord_zstd-1.zip: 75%
11/11/2025, 8:26:20 PM GMT-3 [Modules] Streaming discord_zstd@1 to /home/vinicius/.config/discord/0.0.114/modules/pending/discord_zstd-1.zip: 77%
11/11/2025, 8:26:20 PM GMT-3 [Modules] Streaming discord_zstd@1 to /home/vinicius/.config/discord/0.0.114/modules/pending/discord_zstd-1.zip: 79%
11/11/2025, 8:26:20 PM GMT-3 [Modules] Streaming discord_zstd@1 to /home/vinicius/.config/discord/0.0.114/modules/pending/discord_zstd-1.zip: 81%
11/11/2025, 8:26:20 PM GMT-3 [Modules] Streaming discord_zstd@1 to /home/vinicius/.config/discord/0.0.114/modules/pending/discord_zstd-1.zip: 83%
11/11/2025, 8:26:20 PM GMT-3 [Modules] Streaming discord_zstd@1 to /home/vinicius/.config/discord/0.0.114/modules/pending/discord_zstd-1.zip: 84%
11/11/2025, 8:26:20 PM GMT-3 [Modules] Streaming discord_zstd@1 to /home/vinicius/.config/discord/0.0.114/modules/pending/discord_zstd-1.zip: 85%
11/11/2025, 8:26:20 PM GMT-3 [Modules] Streaming discord_zstd@1 to /home/vinicius/.config/discord/0.0.114/modules/pending/discord_zstd-1.zip: 86%
11/11/2025, 8:26:20 PM GMT-3 [Modules] Streaming discord_zstd@1 to /home/vinicius/.config/discord/0.0.114/modules/pending/discord_zstd-1.zip: 88%
11/11/2025, 8:26:20 PM GMT-3 [Modules] Streaming discord_zstd@1 to /home/vinicius/.config/discord/0.0.114/modules/pending/discord_zstd-1.zip: 89%
11/11/2025, 8:26:20 PM GMT-3 [Modules] Streaming discord_zstd@1 to /home/vinicius/.config/discord/0.0.114/modules/pending/discord_zstd-1.zip: 91%
11/11/2025, 8:26:20 PM GMT-3 [Modules] Streaming discord_zstd@1 to /home/vinicius/.config/discord/0.0.114/modules/pending/discord_zstd-1.zip: 92%
11/11/2025, 8:26:20 PM GMT-3 [Modules] Streaming discord_zstd@1 to /home/vinicius/.config/discord/0.0.114/modules/pending/discord_zstd-1.zip: 94%
11/11/2025, 8:26:20 PM GMT-3 [Modules] Streaming discord_zstd@1 to /home/vinicius/.config/discord/0.0.114/modules/pending/discord_zstd-1.zip: 96%
11/11/2025, 8:26:20 PM GMT-3 [Modules] Streaming discord_zstd@1 to /home/vinicius/.config/discord/0.0.114/modules/pending/discord_zstd-1.zip: 97%
11/11/2025, 8:26:20 PM GMT-3 [Modules] Streaming discord_zstd@1 to /home/vinicius/.config/discord/0.0.114/modules/pending/discord_zstd-1.zip: 98%
11/11/2025, 8:26:20 PM GMT-3 [Modules] Streaming discord_zstd@1 to /home/vinicius/.config/discord/0.0.114/modules/pending/discord_zstd-1.zip: 100%
11/11/2025, 8:26:20 PM GMT-3 [Modules] Finished module downloads. [success: 6] [failure: 0]
11/11/2025, 8:26:20 PM GMT-3 [Modules] Installing updates...
11/11/2025, 8:26:20 PM GMT-3 [Modules] Installing discord_desktop_core@1 from /home/vinicius/.config/discord/0.0.114/modules/pending/discord_desktop_core-1.zip
11/11/2025, 8:26:20 PM GMT-3 [Modules] Installing discord_erlpack@1 from /home/vinicius/.config/discord/0.0.114/modules/pending/discord_erlpack-1.zip
11/11/2025, 8:26:20 PM GMT-3 [Modules] Installing discord_spellcheck@1 from /home/vinicius/.config/discord/0.0.114/modules/pending/discord_spellcheck-1.zip
11/11/2025, 8:26:20 PM GMT-3 [Modules] Installing discord_utils@1 from /home/vinicius/.config/discord/0.0.114/modules/pending/discord_utils-1.zip
11/11/2025, 8:26:20 PM GMT-3 [Modules] Installing discord_voice@1 from /home/vinicius/.config/discord/0.0.114/modules/pending/discord_voice-1.zip
11/11/2025, 8:26:21 PM GMT-3 [Modules] Installing discord_zstd@1 from /home/vinicius/.config/discord/0.0.114/modules/pending/discord_zstd-1.zip
11/11/2025, 8:26:21 PM GMT-3 [Modules] Finished module installations. [success: 6] [failure: 0]
11/11/2025, 8:26:21 PM GMT-3 [Modules] Checking for host updates.
11/11/2025, 8:26:21 PM GMT-3 [Modules] Host is up to date.
11/11/2025, 8:26:21 PM GMT-3 [Modules] Checking for module updates at https://discord.com/api/modules/stable/versions.json
11/11/2025, 8:26:21 PM GMT-3 [Modules] No module updates available.
11/11/2025, 8:26:25 PM GMT-3 [Modules] Starting to install discord_krisp...
11/11/2025, 8:26:25 PM GMT-3 [Modules] Fetching discord_krisp@1 from https://discord.com/api/modules/stable/discord_krisp/1
11/11/2025, 8:26:25 PM GMT-3 [Modules] Streaming discord_krisp@1 to /home/vinicius/.config/discord/0.0.114/modules/pending/discord_krisp-1.zip
11/11/2025, 8:26:25 PM GMT-3 [Modules] Starting to install discord_game_utils...
11/11/2025, 8:26:25 PM GMT-3 [Modules] Streaming discord_krisp@1 to /home/vinicius/.config/discord/0.0.114/modules/pending/discord_krisp-1.zip: 1%
11/11/2025, 8:26:25 PM GMT-3 [Modules] Streaming discord_krisp@1 to /home/vinicius/.config/discord/0.0.114/modules/pending/discord_krisp-1.zip: 2%
11/11/2025, 8:26:26 PM GMT-3 [Modules] Streaming discord_krisp@1 to /home/vinicius/.config/discord/0.0.114/modules/pending/discord_krisp-1.zip: 3%
11/11/2025, 8:26:26 PM GMT-3 [Modules] Streaming discord_krisp@1 to /home/vinicius/.config/discord/0.0.114/modules/pending/discord_krisp-1.zip: 4%
11/11/2025, 8:26:26 PM GMT-3 [Modules] Streaming discord_krisp@1 to /home/vinicius/.config/discord/0.0.114/modules/pending/discord_krisp-1.zip: 5%
11/11/2025, 8:26:26 PM GMT-3 [Modules] Streaming discord_krisp@1 to /home/vinicius/.config/discord/0.0.114/modules/pending/discord_krisp-1.zip: 6%
11/11/2025, 8:26:26 PM GMT-3 [Modules] Streaming discord_krisp@1 to /home/vinicius/.config/discord/0.0.114/modules/pending/discord_krisp-1.zip: 7%
11/11/2025, 8:26:26 PM GMT-3 [Modules] Streaming discord_krisp@1 to /home/vinicius/.config/discord/0.0.114/modules/pending/discord_krisp-1.zip: 8%
11/11/2025, 8:26:26 PM GMT-3 [Modules] Streaming discord_krisp@1 to /home/vinicius/.config/discord/0.0.114/modules/pending/discord_krisp-1.zip: 9%
11/11/2025, 8:26:26 PM GMT-3 [Modules] Streaming discord_krisp@1 to /home/vinicius/.config/discord/0.0.114/modules/pending/discord_krisp-1.zip: 10%
11/11/2025, 8:26:26 PM GMT-3 [Modules] Streaming discord_krisp@1 to /home/vinicius/.config/discord/0.0.114/modules/pending/discord_krisp-1.zip: 11%
11/11/2025, 8:26:27 PM GMT-3 [Modules] Streaming discord_krisp@1 to /home/vinicius/.config/discord/0.0.114/modules/pending/discord_krisp-1.zip: 12%
11/11/2025, 8:26:27 PM GMT-3 [Modules] Streaming discord_krisp@1 to /home/vinicius/.config/discord/0.0.114/modules/pending/discord_krisp-1.zip: 13%
11/11/2025, 8:26:27 PM GMT-3 [Modules] Streaming discord_krisp@1 to /home/vinicius/.config/discord/0.0.114/modules/pending/discord_krisp-1.zip: 14%
11/11/2025, 8:26:27 PM GMT-3 [Modules] Streaming discord_krisp@1 to /home/vinicius/.config/discord/0.0.114/modules/pending/discord_krisp-1.zip: 15%
11/11/2025, 8:26:27 PM GMT-3 [Modules] Streaming discord_krisp@1 to /home/vinicius/.config/discord/0.0.114/modules/pending/discord_krisp-1.zip: 16%
11/11/2025, 8:26:27 PM GMT-3 [Modules] Streaming discord_krisp@1 to /home/vinicius/.config/discord/0.0.114/modules/pending/discord_krisp-1.zip: 17%
11/11/2025, 8:26:27 PM GMT-3 [Modules] Streaming discord_krisp@1 to /home/vinicius/.config/discord/0.0.114/modules/pending/discord_krisp-1.zip: 18%
11/11/2025, 8:26:27 PM GMT-3 [Modules] Streaming discord_krisp@1 to /home/vinicius/.config/discord/0.0.114/modules/pending/discord_krisp-1.zip: 19%
11/11/2025, 8:26:28 PM GMT-3 [Modules] Streaming discord_krisp@1 to /home/vinicius/.config/discord/0.0.114/modules/pending/discord_krisp-1.zip: 20%
11/11/2025, 8:26:28 PM GMT-3 [Modules] Streaming discord_krisp@1 to /home/vinicius/.config/discord/0.0.114/modules/pending/discord_krisp-1.zip: 21%
11/11/2025, 8:26:28 PM GMT-3 [Modules] Streaming discord_krisp@1 to /home/vinicius/.config/discord/0.0.114/modules/pending/discord_krisp-1.zip: 22%
11/11/2025, 8:26:28 PM GMT-3 [Modules] Streaming discord_krisp@1 to /home/vinicius/.config/discord/0.0.114/modules/pending/discord_krisp-1.zip: 23%
11/11/2025, 8:26:28 PM GMT-3 [Modules] Streaming discord_krisp@1 to /home/vinicius/.config/discord/0.0.114/modules/pending/discord_krisp-1.zip: 24%
11/11/2025, 8:26:28 PM GMT-3 [Modules] Streaming discord_krisp@1 to /home/vinicius/.config/discord/0.0.114/modules/pending/discord_krisp-1.zip: 25%
11/11/2025, 8:26:28 PM GMT-3 [Modules] Streaming discord_krisp@1 to /home/vinicius/.config/discord/0.0.114/modules/pending/discord_krisp-1.zip: 26%
11/11/2025, 8:26:28 PM GMT-3 [Modules] Streaming discord_krisp@1 to /home/vinicius/.config/discord/0.0.114/modules/pending/discord_krisp-1.zip: 27%
11/11/2025, 8:26:28 PM GMT-3 [Modules] Streaming discord_krisp@1 to /home/vinicius/.config/discord/0.0.114/modules/pending/discord_krisp-1.zip: 28%
11/11/2025, 8:26:29 PM GMT-3 [Modules] Streaming discord_krisp@1 to /home/vinicius/.config/discord/0.0.114/modules/pending/discord_krisp-1.zip: 29%
11/11/2025, 8:26:29 PM GMT-3 [Modules] Streaming discord_krisp@1 to /home/vinicius/.config/discord/0.0.114/modules/pending/discord_krisp-1.zip: 30%
11/11/2025, 8:26:29 PM GMT-3 [Modules] Streaming discord_krisp@1 to /home/vinicius/.config/discord/0.0.114/modules/pending/discord_krisp-1.zip: 31%
11/11/2025, 8:26:29 PM GMT-3 [Modules] Streaming discord_krisp@1 to /home/vinicius/.config/discord/0.0.114/modules/pending/discord_krisp-1.zip: 32%
11/11/2025, 8:26:29 PM GMT-3 [Modules] Streaming discord_krisp@1 to /home/vinicius/.config/discord/0.0.114/modules/pending/discord_krisp-1.zip: 33%
11/11/2025, 8:26:29 PM GMT-3 [Modules] Streaming discord_krisp@1 to /home/vinicius/.config/discord/0.0.114/modules/pending/discord_krisp-1.zip: 34%
11/11/2025, 8:26:29 PM GMT-3 [Modules] Streaming discord_krisp@1 to /home/vinicius/.config/discord/0.0.114/modules/pending/discord_krisp-1.zip: 35%
11/11/2025, 8:26:29 PM GMT-3 [Modules] Streaming discord_krisp@1 to /home/vinicius/.config/discord/0.0.114/modules/pending/discord_krisp-1.zip: 36%
11/11/2025, 8:26:29 PM GMT-3 [Modules] Streaming discord_krisp@1 to /home/vinicius/.config/discord/0.0.114/modules/pending/discord_krisp-1.zip: 37%
11/11/2025, 8:26:29 PM GMT-3 [Modules] Streaming discord_krisp@1 to /home/vinicius/.config/discord/0.0.114/modules/pending/discord_krisp-1.zip: 38%
11/11/2025, 8:26:29 PM GMT-3 [Modules] Streaming discord_krisp@1 to /home/vinicius/.config/discord/0.0.114/modules/pending/discord_krisp-1.zip: 39%
11/11/2025, 8:26:29 PM GMT-3 [Modules] Streaming discord_krisp@1 to /home/vinicius/.config/discord/0.0.114/modules/pending/discord_krisp-1.zip: 40%
11/11/2025, 8:26:30 PM GMT-3 [Modules] Streaming discord_krisp@1 to /home/vinicius/.config/discord/0.0.114/modules/pending/discord_krisp-1.zip: 41%
11/11/2025, 8:26:31 PM GMT-3 [Modules] Streaming discord_krisp@1 to /home/vinicius/.config/discord/0.0.114/modules/pending/discord_krisp-1.zip: 42%
11/11/2025, 8:26:31 PM GMT-3 [Modules] Streaming discord_krisp@1 to /home/vinicius/.config/discord/0.0.114/modules/pending/discord_krisp-1.zip: 43%
11/11/2025, 8:26:31 PM GMT-3 [Modules] Streaming discord_krisp@1 to /home/vinicius/.config/discord/0.0.114/modules/pending/discord_krisp-1.zip: 44%
11/11/2025, 8:26:31 PM GMT-3 [Modules] Streaming discord_krisp@1 to /home/vinicius/.config/discord/0.0.114/modules/pending/discord_krisp-1.zip: 45%
11/11/2025, 8:26:31 PM GMT-3 [Modules] Streaming discord_krisp@1 to /home/vinicius/.config/discord/0.0.114/modules/pending/discord_krisp-1.zip: 46%
11/11/2025, 8:26:31 PM GMT-3 [Modules] Streaming discord_krisp@1 to /home/vinicius/.config/discord/0.0.114/modules/pending/discord_krisp-1.zip: 47%
11/11/2025, 8:26:31 PM GMT-3 [Modules] Streaming discord_krisp@1 to /home/vinicius/.config/discord/0.0.114/modules/pending/discord_krisp-1.zip: 48%
11/11/2025, 8:26:31 PM GMT-3 [Modules] Streaming discord_krisp@1 to /home/vinicius/.config/discord/0.0.114/modules/pending/discord_krisp-1.zip: 49%
11/11/2025, 8:26:31 PM GMT-3 [Modules] Streaming discord_krisp@1 to /home/vinicius/.config/discord/0.0.114/modules/pending/discord_krisp-1.zip: 50%
11/11/2025, 8:26:31 PM GMT-3 [Modules] Streaming discord_krisp@1 to /home/vinicius/.config/discord/0.0.114/modules/pending/discord_krisp-1.zip: 51%
11/11/2025, 8:26:31 PM GMT-3 [Modules] Streaming discord_krisp@1 to /home/vinicius/.config/discord/0.0.114/modules/pending/discord_krisp-1.zip: 52%
11/11/2025, 8:26:32 PM GMT-3 [Modules] Streaming discord_krisp@1 to /home/vinicius/.config/discord/0.0.114/modules/pending/discord_krisp-1.zip: 53%
11/11/2025, 8:26:32 PM GMT-3 [Modules] Streaming discord_krisp@1 to /home/vinicius/.config/discord/0.0.114/modules/pending/discord_krisp-1.zip: 54%
11/11/2025, 8:26:32 PM GMT-3 [Modules] Streaming discord_krisp@1 to /home/vinicius/.config/discord/0.0.114/modules/pending/discord_krisp-1.zip: 55%
11/11/2025, 8:26:32 PM GMT-3 [Modules] Streaming discord_krisp@1 to /home/vinicius/.config/discord/0.0.114/modules/pending/discord_krisp-1.zip: 56%
11/11/2025, 8:26:32 PM GMT-3 [Modules] Streaming discord_krisp@1 to /home/vinicius/.config/discord/0.0.114/modules/pending/discord_krisp-1.zip: 57%
11/11/2025, 8:26:32 PM GMT-3 [Modules] Streaming discord_krisp@1 to /home/vinicius/.config/discord/0.0.114/modules/pending/discord_krisp-1.zip: 58%
11/11/2025, 8:26:32 PM GMT-3 [Modules] Streaming discord_krisp@1 to /home/vinicius/.config/discord/0.0.114/modules/pending/discord_krisp-1.zip: 59%
11/11/2025, 8:26:32 PM GMT-3 [Modules] Streaming discord_krisp@1 to /home/vinicius/.config/discord/0.0.114/modules/pending/discord_krisp-1.zip: 60%
11/11/2025, 8:26:32 PM GMT-3 [Modules] Streaming discord_krisp@1 to /home/vinicius/.config/discord/0.0.114/modules/pending/discord_krisp-1.zip: 61%
11/11/2025, 8:26:32 PM GMT-3 [Modules] Streaming discord_krisp@1 to /home/vinicius/.config/discord/0.0.114/modules/pending/discord_krisp-1.zip: 62%
11/11/2025, 8:26:32 PM GMT-3 [Modules] Streaming discord_krisp@1 to /home/vinicius/.config/discord/0.0.114/modules/pending/discord_krisp-1.zip: 63%
11/11/2025, 8:26:32 PM GMT-3 [Modules] Streaming discord_krisp@1 to /home/vinicius/.config/discord/0.0.114/modules/pending/discord_krisp-1.zip: 64%
11/11/2025, 8:26:32 PM GMT-3 [Modules] Streaming discord_krisp@1 to /home/vinicius/.config/discord/0.0.114/modules/pending/discord_krisp-1.zip: 65%
11/11/2025, 8:26:32 PM GMT-3 [Modules] Streaming discord_krisp@1 to /home/vinicius/.config/discord/0.0.114/modules/pending/discord_krisp-1.zip: 66%
11/11/2025, 8:26:32 PM GMT-3 [Modules] Streaming discord_krisp@1 to /home/vinicius/.config/discord/0.0.114/modules/pending/discord_krisp-1.zip: 67%
11/11/2025, 8:26:32 PM GMT-3 [Modules] Streaming discord_krisp@1 to /home/vinicius/.config/discord/0.0.114/modules/pending/discord_krisp-1.zip: 68%
11/11/2025, 8:26:32 PM GMT-3 [Modules] Streaming discord_krisp@1 to /home/vinicius/.config/discord/0.0.114/modules/pending/discord_krisp-1.zip: 69%
11/11/2025, 8:26:33 PM GMT-3 [Modules] Streaming discord_krisp@1 to /home/vinicius/.config/discord/0.0.114/modules/pending/discord_krisp-1.zip: 70%
11/11/2025, 8:26:33 PM GMT-3 [Modules] Streaming discord_krisp@1 to /home/vinicius/.config/discord/0.0.114/modules/pending/discord_krisp-1.zip: 71%
11/11/2025, 8:26:33 PM GMT-3 [Modules] Streaming discord_krisp@1 to /home/vinicius/.config/discord/0.0.114/modules/pending/discord_krisp-1.zip: 72%
11/11/2025, 8:26:33 PM GMT-3 [Modules] Streaming discord_krisp@1 to /home/vinicius/.config/discord/0.0.114/modules/pending/discord_krisp-1.zip: 73%
11/11/2025, 8:26:33 PM GMT-3 [Modules] Streaming discord_krisp@1 to /home/vinicius/.config/discord/0.0.114/modules/pending/discord_krisp-1.zip: 74%
11/11/2025, 8:26:33 PM GMT-3 [Modules] Streaming discord_krisp@1 to /home/vinicius/.config/discord/0.0.114/modules/pending/discord_krisp-1.zip: 75%
11/11/2025, 8:26:33 PM GMT-3 [Modules] Streaming discord_krisp@1 to /home/vinicius/.config/discord/0.0.114/modules/pending/discord_krisp-1.zip: 76%
11/11/2025, 8:26:33 PM GMT-3 [Modules] Streaming discord_krisp@1 to /home/vinicius/.config/discord/0.0.114/modules/pending/discord_krisp-1.zip: 77%
11/11/2025, 8:26:33 PM GMT-3 [Modules] Streaming discord_krisp@1 to /home/vinicius/.config/discord/0.0.114/modules/pending/discord_krisp-1.zip: 78%
11/11/2025, 8:26:33 PM GMT-3 [Modules] Streaming discord_krisp@1 to /home/vinicius/.config/discord/0.0.114/modules/pending/discord_krisp-1.zip: 79%
11/11/2025, 8:26:34 PM GMT-3 [Modules] Streaming discord_krisp@1 to /home/vinicius/.config/discord/0.0.114/modules/pending/discord_krisp-1.zip: 80%
11/11/2025, 8:26:34 PM GMT-3 [Modules] Streaming discord_krisp@1 to /home/vinicius/.config/discord/0.0.114/modules/pending/discord_krisp-1.zip: 81%
11/11/2025, 8:26:34 PM GMT-3 [Modules] Streaming discord_krisp@1 to /home/vinicius/.config/discord/0.0.114/modules/pending/discord_krisp-1.zip: 82%
11/11/2025, 8:26:34 PM GMT-3 [Modules] Streaming discord_krisp@1 to /home/vinicius/.config/discord/0.0.114/modules/pending/discord_krisp-1.zip: 83%
11/11/2025, 8:26:34 PM GMT-3 [Modules] Streaming discord_krisp@1 to /home/vinicius/.config/discord/0.0.114/modules/pending/discord_krisp-1.zip: 84%
11/11/2025, 8:26:34 PM GMT-3 [Modules] Streaming discord_krisp@1 to /home/vinicius/.config/discord/0.0.114/modules/pending/discord_krisp-1.zip: 85%
11/11/2025, 8:26:34 PM GMT-3 [Modules] Streaming discord_krisp@1 to /home/vinicius/.config/discord/0.0.114/modules/pending/discord_krisp-1.zip: 86%
11/11/2025, 8:26:34 PM GMT-3 [Modules] Streaming discord_krisp@1 to /home/vinicius/.config/discord/0.0.114/modules/pending/discord_krisp-1.zip: 87%
11/11/2025, 8:26:34 PM GMT-3 [Modules] Streaming discord_krisp@1 to /home/vinicius/.config/discord/0.0.114/modules/pending/discord_krisp-1.zip: 88%
11/11/2025, 8:26:34 PM GMT-3 [Modules] Streaming discord_krisp@1 to /home/vinicius/.config/discord/0.0.114/modules/pending/discord_krisp-1.zip: 89%
11/11/2025, 8:26:34 PM GMT-3 [Modules] Streaming discord_krisp@1 to /home/vinicius/.config/discord/0.0.114/modules/pending/discord_krisp-1.zip: 90%
11/11/2025, 8:26:34 PM GMT-3 [Modules] Streaming discord_krisp@1 to /home/vinicius/.config/discord/0.0.114/modules/pending/discord_krisp-1.zip: 91%
11/11/2025, 8:26:34 PM GMT-3 [Modules] Streaming discord_krisp@1 to /home/vinicius/.config/discord/0.0.114/modules/pending/discord_krisp-1.zip: 92%
11/11/2025, 8:26:34 PM GMT-3 [Modules] Streaming discord_krisp@1 to /home/vinicius/.config/discord/0.0.114/modules/pending/discord_krisp-1.zip: 93%
11/11/2025, 8:26:34 PM GMT-3 [Modules] Streaming discord_krisp@1 to /home/vinicius/.config/discord/0.0.114/modules/pending/discord_krisp-1.zip: 94%
11/11/2025, 8:26:34 PM GMT-3 [Modules] Streaming discord_krisp@1 to /home/vinicius/.config/discord/0.0.114/modules/pending/discord_krisp-1.zip: 95%
11/11/2025, 8:26:34 PM GMT-3 [Modules] Streaming discord_krisp@1 to /home/vinicius/.config/discord/0.0.114/modules/pending/discord_krisp-1.zip: 96%
11/11/2025, 8:26:34 PM GMT-3 [Modules] Streaming discord_krisp@1 to /home/vinicius/.config/discord/0.0.114/modules/pending/discord_krisp-1.zip: 97%
11/11/2025, 8:26:35 PM GMT-3 [Modules] Starting to install discord_rpc...
11/11/2025, 8:26:36 PM GMT-3 [Modules] Streaming discord_krisp@1 to /home/vinicius/.config/discord/0.0.114/modules/pending/discord_krisp-1.zip: 98%
11/11/2025, 8:26:36 PM GMT-3 [Modules] Streaming discord_krisp@1 to /home/vinicius/.config/discord/0.0.114/modules/pending/discord_krisp-1.zip: 99%
11/11/2025, 8:26:36 PM GMT-3 [Modules] Streaming discord_krisp@1 to /home/vinicius/.config/discord/0.0.114/modules/pending/discord_krisp-1.zip: 100%
11/11/2025, 8:26:36 PM GMT-3 [Modules] Fetching discord_game_utils@1 from https://discord.com/api/modules/stable/discord_game_utils/1
11/11/2025, 8:26:36 PM GMT-3 [Modules] Streaming discord_game_utils@1 to /home/vinicius/.config/discord/0.0.114/modules/pending/discord_game_utils-1.zip
11/11/2025, 8:26:36 PM GMT-3 [Modules] Installing discord_krisp@1 from /home/vinicius/.config/discord/0.0.114/modules/pending/discord_krisp-1.zip
11/11/2025, 8:26:37 PM GMT-3 [Modules] Streaming discord_game_utils@1 to /home/vinicius/.config/discord/0.0.114/modules/pending/discord_game_utils-1.zip: 1%
11/11/2025, 8:26:37 PM GMT-3 [Modules] Streaming discord_game_utils@1 to /home/vinicius/.config/discord/0.0.114/modules/pending/discord_game_utils-1.zip: 2%
11/11/2025, 8:26:37 PM GMT-3 [Modules] Streaming discord_game_utils@1 to /home/vinicius/.config/discord/0.0.114/modules/pending/discord_game_utils-1.zip: 3%
11/11/2025, 8:26:37 PM GMT-3 [Modules] Streaming discord_game_utils@1 to /home/vinicius/.config/discord/0.0.114/modules/pending/discord_game_utils-1.zip: 4%
11/11/2025, 8:26:37 PM GMT-3 [Modules] Streaming discord_game_utils@1 to /home/vinicius/.config/discord/0.0.114/modules/pending/discord_game_utils-1.zip: 5%
11/11/2025, 8:26:37 PM GMT-3 [Modules] Finished module installations. [success: 1] [failure: 0]
11/11/2025, 8:26:37 PM GMT-3 [Modules] Streaming discord_game_utils@1 to /home/vinicius/.config/discord/0.0.114/modules/pending/discord_game_utils-1.zip: 6%
11/11/2025, 8:26:37 PM GMT-3 [Modules] Streaming discord_game_utils@1 to /home/vinicius/.config/discord/0.0.114/modules/pending/discord_game_utils-1.zip: 8%
11/11/2025, 8:26:37 PM GMT-3 [Modules] Streaming discord_game_utils@1 to /home/vinicius/.config/discord/0.0.114/modules/pending/discord_game_utils-1.zip: 10%
11/11/2025, 8:26:37 PM GMT-3 [Modules] Streaming discord_game_utils@1 to /home/vinicius/.config/discord/0.0.114/modules/pending/discord_game_utils-1.zip: 11%
11/11/2025, 8:26:37 PM GMT-3 [Modules] Streaming discord_game_utils@1 to /home/vinicius/.config/discord/0.0.114/modules/pending/discord_game_utils-1.zip: 13%
11/11/2025, 8:26:37 PM GMT-3 [Modules] Streaming discord_game_utils@1 to /home/vinicius/.config/discord/0.0.114/modules/pending/discord_game_utils-1.zip: 14%
11/11/2025, 8:26:37 PM GMT-3 [Modules] Streaming discord_game_utils@1 to /home/vinicius/.config/discord/0.0.114/modules/pending/discord_game_utils-1.zip: 20%
11/11/2025, 8:26:37 PM GMT-3 [Modules] Streaming discord_game_utils@1 to /home/vinicius/.config/discord/0.0.114/modules/pending/discord_game_utils-1.zip: 24%
11/11/2025, 8:26:37 PM GMT-3 [Modules] Streaming discord_game_utils@1 to /home/vinicius/.config/discord/0.0.114/modules/pending/discord_game_utils-1.zip: 31%
11/11/2025, 8:26:37 PM GMT-3 [Modules] Streaming discord_game_utils@1 to /home/vinicius/.config/discord/0.0.114/modules/pending/discord_game_utils-1.zip: 33%
11/11/2025, 8:26:37 PM GMT-3 [Modules] Streaming discord_game_utils@1 to /home/vinicius/.config/discord/0.0.114/modules/pending/discord_game_utils-1.zip: 34%
11/11/2025, 8:26:37 PM GMT-3 [Modules] Streaming discord_game_utils@1 to /home/vinicius/.config/discord/0.0.114/modules/pending/discord_game_utils-1.zip: 36%
11/11/2025, 8:26:37 PM GMT-3 [Modules] Streaming discord_game_utils@1 to /home/vinicius/.config/discord/0.0.114/modules/pending/discord_game_utils-1.zip: 37%
11/11/2025, 8:26:37 PM GMT-3 [Modules] Streaming discord_game_utils@1 to /home/vinicius/.config/discord/0.0.114/modules/pending/discord_game_utils-1.zip: 39%
11/11/2025, 8:26:37 PM GMT-3 [Modules] Streaming discord_game_utils@1 to /home/vinicius/.config/discord/0.0.114/modules/pending/discord_game_utils-1.zip: 40%
11/11/2025, 8:26:37 PM GMT-3 [Modules] Streaming discord_game_utils@1 to /home/vinicius/.config/discord/0.0.114/modules/pending/discord_game_utils-1.zip: 42%
11/11/2025, 8:26:37 PM GMT-3 [Modules] Streaming discord_game_utils@1 to /home/vinicius/.config/discord/0.0.114/modules/pending/discord_game_utils-1.zip: 43%
11/11/2025, 8:26:37 PM GMT-3 [Modules] Streaming discord_game_utils@1 to /home/vinicius/.config/discord/0.0.114/modules/pending/discord_game_utils-1.zip: 45%
11/11/2025, 8:26:37 PM GMT-3 [Modules] Streaming discord_game_utils@1 to /home/vinicius/.config/discord/0.0.114/modules/pending/discord_game_utils-1.zip: 49%
11/11/2025, 8:26:37 PM GMT-3 [Modules] Streaming discord_game_utils@1 to /home/vinicius/.config/discord/0.0.114/modules/pending/discord_game_utils-1.zip: 53%
11/11/2025, 8:26:37 PM GMT-3 [Modules] Streaming discord_game_utils@1 to /home/vinicius/.config/discord/0.0.114/modules/pending/discord_game_utils-1.zip: 56%
11/11/2025, 8:26:37 PM GMT-3 [Modules] Streaming discord_game_utils@1 to /home/vinicius/.config/discord/0.0.114/modules/pending/discord_game_utils-1.zip: 58%
11/11/2025, 8:26:37 PM GMT-3 [Modules] Streaming discord_game_utils@1 to /home/vinicius/.config/discord/0.0.114/modules/pending/discord_game_utils-1.zip: 60%
11/11/2025, 8:26:37 PM GMT-3 [Modules] Streaming discord_game_utils@1 to /home/vinicius/.config/discord/0.0.114/modules/pending/discord_game_utils-1.zip: 63%
11/11/2025, 8:26:37 PM GMT-3 [Modules] Streaming discord_game_utils@1 to /home/vinicius/.config/discord/0.0.114/modules/pending/discord_game_utils-1.zip: 65%
11/11/2025, 8:26:37 PM GMT-3 [Modules] Streaming discord_game_utils@1 to /home/vinicius/.config/discord/0.0.114/modules/pending/discord_game_utils-1.zip: 71%
11/11/2025, 8:26:37 PM GMT-3 [Modules] Streaming discord_game_utils@1 to /home/vinicius/.config/discord/0.0.114/modules/pending/discord_game_utils-1.zip: 75%
11/11/2025, 8:26:37 PM GMT-3 [Modules] Streaming discord_game_utils@1 to /home/vinicius/.config/discord/0.0.114/modules/pending/discord_game_utils-1.zip: 78%
11/11/2025, 8:26:37 PM GMT-3 [Modules] Streaming discord_game_utils@1 to /home/vinicius/.config/discord/0.0.114/modules/pending/discord_game_utils-1.zip: 79%
11/11/2025, 8:26:37 PM GMT-3 [Modules] Streaming discord_game_utils@1 to /home/vinicius/.config/discord/0.0.114/modules/pending/discord_game_utils-1.zip: 81%
11/11/2025, 8:26:37 PM GMT-3 [Modules] Streaming discord_game_utils@1 to /home/vinicius/.config/discord/0.0.114/modules/pending/discord_game_utils-1.zip: 83%
11/11/2025, 8:26:37 PM GMT-3 [Modules] Streaming discord_game_utils@1 to /home/vinicius/.config/discord/0.0.114/modules/pending/discord_game_utils-1.zip: 89%
11/11/2025, 8:26:37 PM GMT-3 [Modules] Streaming discord_game_utils@1 to /home/vinicius/.config/discord/0.0.114/modules/pending/discord_game_utils-1.zip: 93%
11/11/2025, 8:26:37 PM GMT-3 [Modules] Streaming discord_game_utils@1 to /home/vinicius/.config/discord/0.0.114/modules/pending/discord_game_utils-1.zip: 96%
11/11/2025, 8:26:37 PM GMT-3 [Modules] Streaming discord_game_utils@1 to /home/vinicius/.config/discord/0.0.114/modules/pending/discord_game_utils-1.zip: 100%
11/11/2025, 8:26:37 PM GMT-3 [Modules] Fetching discord_rpc@1 from https://discord.com/api/modules/stable/discord_rpc/1
11/11/2025, 8:26:37 PM GMT-3 [Modules] Streaming discord_rpc@1 to /home/vinicius/.config/discord/0.0.114/modules/pending/discord_rpc-1.zip
11/11/2025, 8:26:37 PM GMT-3 [Modules] Installing discord_game_utils@1 from /home/vinicius/.config/discord/0.0.114/modules/pending/discord_game_utils-1.zip
11/11/2025, 8:26:37 PM GMT-3 [Modules] Finished module installations. [success: 1] [failure: 0]
11/11/2025, 8:26:38 PM GMT-3 [Modules] Streaming discord_rpc@1 to /home/vinicius/.config/discord/0.0.114/modules/pending/discord_rpc-1.zip: 14%
11/11/2025, 8:26:38 PM GMT-3 [Modules] Streaming discord_rpc@1 to /home/vinicius/.config/discord/0.0.114/modules/pending/discord_rpc-1.zip: 26%
11/11/2025, 8:26:38 PM GMT-3 [Modules] Streaming discord_rpc@1 to /home/vinicius/.config/discord/0.0.114/modules/pending/discord_rpc-1.zip: 41%
11/11/2025, 8:26:38 PM GMT-3 [Modules] Streaming discord_rpc@1 to /home/vinicius/.config/discord/0.0.114/modules/pending/discord_rpc-1.zip: 50%
11/11/2025, 8:26:38 PM GMT-3 [Modules] Streaming discord_rpc@1 to /home/vinicius/.config/discord/0.0.114/modules/pending/discord_rpc-1.zip: 56%
11/11/2025, 8:26:38 PM GMT-3 [Modules] Streaming discord_rpc@1 to /home/vinicius/.config/discord/0.0.114/modules/pending/discord_rpc-1.zip: 64%
11/11/2025, 8:26:38 PM GMT-3 [Modules] Streaming discord_rpc@1 to /home/vinicius/.config/discord/0.0.114/modules/pending/discord_rpc-1.zip: 67%
11/11/2025, 8:26:38 PM GMT-3 [Modules] Streaming discord_rpc@1 to /home/vinicius/.config/discord/0.0.114/modules/pending/discord_rpc-1.zip: 73%
11/11/2025, 8:26:38 PM GMT-3 [Modules] Streaming discord_rpc@1 to /home/vinicius/.config/discord/0.0.114/modules/pending/discord_rpc-1.zip: 79%
11/11/2025, 8:26:38 PM GMT-3 [Modules] Streaming discord_rpc@1 to /home/vinicius/.config/discord/0.0.114/modules/pending/discord_rpc-1.zip: 94%
11/11/2025, 8:26:38 PM GMT-3 [Modules] Streaming discord_rpc@1 to /home/vinicius/.config/discord/0.0.114/modules/pending/discord_rpc-1.zip: 100%
11/11/2025, 8:26:38 PM GMT-3 [Modules] Finished module downloads. [success: 3] [failure: 0]
11/11/2025, 8:26:38 PM GMT-3 [Modules] Installing discord_rpc@1 from /home/vinicius/.config/discord/0.0.114/modules/pending/discord_rpc-1.zip
11/11/2025, 8:26:38 PM GMT-3 [Modules] Finished module installations. [success: 1] [failure: 0]
11/11/2025, 8:26:39 PM GMT-3 [Modules] Checking for host updates.
11/11/2025, 10:13:10 PM GMT-3 [Modules] Modules initializing
11/11/2025, 10:13:10 PM GMT-3 [Modules] Distribution: remote
11/11/2025, 10:13:10 PM GMT-3 [Modules] Host updates: enabled
11/11/2025, 10:13:10 PM GMT-3 [Modules] Module updates: enabled
11/11/2025, 10:13:10 PM GMT-3 [Modules] Module install path: /home/vinicius/.config/discord/0.0.114/modules
11/11/2025, 10:13:10 PM GMT-3 [Modules] Module installed file path: /home/vinicius/.config/discord/0.0.114/modules/installed.json
11/11/2025, 10:13:10 PM GMT-3 [Modules] Module download path: /home/vinicius/.config/discord/0.0.114/modules/pending
11/11/2025, 10:13:11 PM GMT-3 [Modules] No updates to install
11/11/2025, 10:13:11 PM GMT-3 [Modules] Checking for host updates.
11/11/2025, 10:13:11 PM GMT-3 [Modules] Host is up to date.
11/11/2025, 10:13:11 PM GMT-3 [Modules] Checking for module updates at https://discord.com/api/modules/stable/versions.json
11/11/2025, 10:13:11 PM GMT-3 [Modules] No module updates available.
11/11/2025, 10:13:18 PM GMT-3 [Modules] Checking for host updates.
11/11/2025, 10:13:19 PM GMT-3 [Modules] Host is up to date.
11/11/2025, 10:13:19 PM GMT-3 [Modules] Checking for module updates at https://discord.com/api/modules/stable/versions.json
11/11/2025, 10:13:19 PM GMT-3 [Modules] No module updates available.
11/13/2025, 9:16:21 PM GMT-3 [Modules] Modules initializing
11/13/2025, 9:16:21 PM GMT-3 [Modules] Distribution: remote
11/13/2025, 9:16:21 PM GMT-3 [Modules] Host updates: enabled
11/13/2025, 9:16:21 PM GMT-3 [Modules] Module updates: enabled
11/13/2025, 9:16:21 PM GMT-3 [Modules] Module install path: /home/vinicius/.config/discord/0.0.114/modules
11/13/2025, 9:16:21 PM GMT-3 [Modules] Module installed file path: /home/vinicius/.config/discord/0.0.114/modules/installed.json
11/13/2025, 9:16:21 PM GMT-3 [Modules] Module download path: /home/vinicius/.config/discord/0.0.114/modules/pending
11/13/2025, 9:16:22 PM GMT-3 [Modules] No updates to install
11/13/2025, 9:16:22 PM GMT-3 [Modules] Checking for host updates.
11/13/2025, 9:16:22 PM GMT-3 [Modules] Host is up to date.
11/13/2025, 9:16:22 PM GMT-3 [Modules] Checking for module updates at https://discord.com/api/modules/stable/versions.json
11/13/2025, 9:16:23 PM GMT-3 [Modules] No module updates available.
11/13/2025, 9:16:31 PM GMT-3 [Modules] Checking for host updates.
11/13/2025, 9:16:32 PM GMT-3 [Modules] Host is up to date.
11/13/2025, 9:16:32 PM GMT-3 [Modules] Checking for module updates at https://discord.com/api/modules/stable/versions.json
11/13/2025, 9:16:32 PM GMT-3 [Modules] No module updates available.
11/13/2025, 9:27:28 PM GMT-3 [Modules] Modules initializing
11/13/2025, 9:27:28 PM GMT-3 [Modules] Distribution: remote
11/13/2025, 9:27:28 PM GMT-3 [Modules] Host updates: enabled
11/13/2025, 9:27:28 PM GMT-3 [Modules] Module updates: enabled
11/13/2025, 9:27:28 PM GMT-3 [Modules] Module install path: /home/vinicius/.config/discord/0.0.114/modules
11/13/2025, 9:27:28 PM GMT-3 [Modules] Module installed file path: /home/vinicius/.config/discord/0.0.114/modules/installed.json
11/13/2025, 9:27:28 PM GMT-3 [Modules] Module download path: /home/vinicius/.config/discord/0.0.114/modules/pending
11/13/2025, 9:27:28 PM GMT-3 [Modules] No updates to install
11/13/2025, 9:27:28 PM GMT-3 [Modules] Checking for host updates.
11/13/2025, 9:27:29 PM GMT-3 [Modules] Host is up to date.
11/13/2025, 9:27:29 PM GMT-3 [Modules] Checking for module updates at https://discord.com/api/modules/stable/versions.json
11/13/2025, 9:27:29 PM GMT-3 [Modules] No module updates available.
11/13/2025, 9:27:42 PM GMT-3 [Modules] Checking for host updates.
11/13/2025, 9:27:42 PM GMT-3 [Modules] Host is up to date.
11/13/2025, 9:27:42 PM GMT-3 [Modules] Checking for module updates at https://discord.com/api/modules/stable/versions.json
11/13/2025, 9:27:42 PM GMT-3 [Modules] No module updates available.
11/13/2025, 9:41:54 PM GMT-3 [Modules] Modules initializing
11/13/2025, 9:41:54 PM GMT-3 [Modules] Distribution: remote
11/13/2025, 9:41:54 PM GMT-3 [Modules] Host updates: enabled
11/13/2025, 9:41:54 PM GMT-3 [Modules] Module updates: enabled
11/13/2025, 9:41:54 PM GMT-3 [Modules] Module install path: /home/vinicius/.config/discord/0.0.114/modules
11/13/2025, 9:41:54 PM GMT-3 [Modules] Module installed file path: /home/vinicius/.config/discord/0.0.114/modules/installed.json
11/13/2025, 9:41:54 PM GMT-3 [Modules] Module download path: /home/vinicius/.config/discord/0.0.114/modules/pending
11/13/2025, 9:41:55 PM GMT-3 [Modules] No updates to install
11/13/2025, 9:41:55 PM GMT-3 [Modules] Checking for host updates.
11/13/2025, 9:41:55 PM GMT-3 [Modules] Host is up to date.
11/13/2025, 9:41:55 PM GMT-3 [Modules] Checking for module updates at https://discord.com/api/modules/stable/versions.json
11/13/2025, 9:41:55 PM GMT-3 [Modules] No module updates available.
11/13/2025, 9:42:03 PM GMT-3 [Modules] Checking for host updates.
11/13/2025, 9:42:03 PM GMT-3 [Modules] Host is up to date.
11/13/2025, 9:42:03 PM GMT-3 [Modules] Checking for module updates at https://discord.com/api/modules/stable/versions.json
11/13/2025, 9:42:03 PM GMT-3 [Modules] No module updates available.
11/13/2025, 9:53:52 PM GMT-3 [Modules] Modules initializing
11/13/2025, 9:53:52 PM GMT-3 [Modules] Distribution: remote
11/13/2025, 9:53:52 PM GMT-3 [Modules] Host updates: enabled
11/13/2025, 9:53:52 PM GMT-3 [Modules] Module updates: enabled
11/13/2025, 9:53:52 PM GMT-3 [Modules] Module install path: /home/vinicius/.config/discord/0.0.114/modules
11/13/2025, 9:53:52 PM GMT-3 [Modules] Module installed file path: /home/vinicius/.config/discord/0.0.114/modules/installed.json
11/13/2025, 9:53:52 PM GMT-3 [Modules] Module download path: /home/vinicius/.config/discord/0.0.114/modules/pending
11/13/2025, 9:53:52 PM GMT-3 [Modules] No updates to install
11/13/2025, 9:53:52 PM GMT-3 [Modules] Checking for host updates.
11/13/2025, 9:53:53 PM GMT-3 [Modules] Host is up to date.
11/13/2025, 9:53:53 PM GMT-3 [Modules] Checking for module updates at https://discord.com/api/modules/stable/versions.json
11/13/2025, 9:53:53 PM GMT-3 [Modules] No module updates available.
11/13/2025, 9:54:01 PM GMT-3 [Modules] Checking for host updates.
11/13/2025, 9:54:06 PM GMT-3 [Modules] Host is up to date.
11/13/2025, 9:54:06 PM GMT-3 [Modules] Checking for module updates at https://discord.com/api/modules/stable/versions.json
11/13/2025, 9:54:06 PM GMT-3 [Modules] No module updates available.
11/13/2025, 9:57:21 PM GMT-3 [Modules] Checking for host updates.
11/13/2025, 9:57:22 PM GMT-3 [Modules] Host is up to date.
11/13/2025, 9:57:22 PM GMT-3 [Modules] Checking for module updates at https://discord.com/api/modules/stable/versions.json
11/13/2025, 9:57:22 PM GMT-3 [Modules] No module updates available.
11/13/2025, 10:27:55 PM GMT-3 [Modules] Modules initializing
11/13/2025, 10:27:55 PM GMT-3 [Modules] Distribution: remote
11/13/2025, 10:27:55 PM GMT-3 [Modules] Host updates: enabled
11/13/2025, 10:27:55 PM GMT-3 [Modules] Module updates: enabled
11/13/2025, 10:27:55 PM GMT-3 [Modules] Module install path: /home/vinicius/.config/discord/0.0.114/modules
11/13/2025, 10:27:55 PM GMT-3 [Modules] Module installed file path: /home/vinicius/.config/discord/0.0.114/modules/installed.json
11/13/2025, 10:27:55 PM GMT-3 [Modules] Module download path: /home/vinicius/.config/discord/0.0.114/modules/pending
11/13/2025, 10:27:55 PM GMT-3 [Modules] No updates to install
11/13/2025, 10:27:55 PM GMT-3 [Modules] Checking for host updates.
11/13/2025, 10:27:56 PM GMT-3 [Modules] Host is up to date.
11/13/2025, 10:27:56 PM GMT-3 [Modules] Checking for module updates at https://discord.com/api/modules/stable/versions.json
11/13/2025, 10:27:56 PM GMT-3 [Modules] No module updates available.
11/13/2025, 10:28:03 PM GMT-3 [Modules] Checking for host updates.
11/13/2025, 10:28:05 PM GMT-3 [Modules] Host is up to date.
11/13/2025, 10:28:05 PM GMT-3 [Modules] Checking for module updates at https://discord.com/api/modules/stable/versions.json
11/13/2025, 10:28:05 PM GMT-3 [Modules] No module updates available.
11/15/2025, 12:06:56 PM GMT-3 [Modules] Modules initializing
11/15/2025, 12:06:56 PM GMT-3 [Modules] Distribution: remote
11/15/2025, 12:06:56 PM GMT-3 [Modules] Host updates: enabled
11/15/2025, 12:06:56 PM GMT-3 [Modules] Module updates: enabled
11/15/2025, 12:06:56 PM GMT-3 [Modules] Module install path: /home/vinicius/.config/discord/0.0.114/modules
11/15/2025, 12:06:56 PM GMT-3 [Modules] Module installed file path: /home/vinicius/.config/discord/0.0.114/modules/installed.json
11/15/2025, 12:06:56 PM GMT-3 [Modules] Module download path: /home/vinicius/.config/discord/0.0.114/modules/pending
11/15/2025, 12:06:56 PM GMT-3 [Modules] No updates to install
11/15/2025, 12:06:56 PM GMT-3 [Modules] Checking for host updates.
11/15/2025, 12:06:56 PM GMT-3 [Modules] Host is up to date.
11/15/2025, 12:06:56 PM GMT-3 [Modules] Checking for module updates at https://discord.com/api/modules/stable/versions.json
11/15/2025, 12:06:56 PM GMT-3 [Modules] No module updates available.
11/15/2025, 12:07:25 PM GMT-3 [Modules] Checking for host updates.
11/15/2025, 12:07:26 PM GMT-3 [Modules] Host is up to date.
11/15/2025, 12:07:26 PM GMT-3 [Modules] Checking for module updates at https://discord.com/api/modules/stable/versions.json
11/15/2025, 12:07:26 PM GMT-3 [Modules] No module updates available.
11/15/2025, 2:21:30 PM GMT-3 [Modules] Modules initializing
11/15/2025, 2:21:30 PM GMT-3 [Modules] Distribution: remote
11/15/2025, 2:21:30 PM GMT-3 [Modules] Host updates: enabled
11/15/2025, 2:21:30 PM GMT-3 [Modules] Module updates: enabled
11/15/2025, 2:21:30 PM GMT-3 [Modules] Module install path: /home/vinicius/.config/discord/0.0.114/modules
11/15/2025, 2:21:30 PM GMT-3 [Modules] Module installed file path: /home/vinicius/.config/discord/0.0.114/modules/installed.json
11/15/2025, 2:21:30 PM GMT-3 [Modules] Module download path: /home/vinicius/.config/discord/0.0.114/modules/pending
11/15/2025, 2:21:30 PM GMT-3 [Modules] No updates to install
11/15/2025, 2:21:30 PM GMT-3 [Modules] Checking for host updates.
11/15/2025, 2:21:31 PM GMT-3 [Modules] Host is up to date.
11/15/2025, 2:21:31 PM GMT-3 [Modules] Checking for module updates at https://discord.com/api/modules/stable/versions.json
11/15/2025, 2:21:31 PM GMT-3 [Modules] No module updates available.
11/15/2025, 2:21:37 PM GMT-3 [Modules] Checking for host updates.
11/15/2025, 2:21:38 PM GMT-3 [Modules] Host is up to date.
11/15/2025, 2:21:38 PM GMT-3 [Modules] Checking for module updates at https://discord.com/api/modules/stable/versions.json
11/15/2025, 2:21:38 PM GMT-3 [Modules] No module updates available.
11/15/2025, 3:57:58 PM GMT-3 [Modules] Modules initializing
11/15/2025, 3:57:58 PM GMT-3 [Modules] Distribution: remote
11/15/2025, 3:57:58 PM GMT-3 [Modules] Host updates: enabled
11/15/2025, 3:57:58 PM GMT-3 [Modules] Module updates: enabled
11/15/2025, 3:57:58 PM GMT-3 [Modules] Module install path: /home/vinicius/.config/discord/0.0.114/modules
11/15/2025, 3:57:58 PM GMT-3 [Modules] Module installed file path: /home/vinicius/.config/discord/0.0.114/modules/installed.json
11/15/2025, 3:57:58 PM GMT-3 [Modules] Module download path: /home/vinicius/.config/discord/0.0.114/modules/pending
11/15/2025, 3:57:58 PM GMT-3 [Modules] No updates to install
11/15/2025, 3:57:58 PM GMT-3 [Modules] Checking for host updates.
11/15/2025, 3:57:59 PM GMT-3 [Modules] Host is up to date.
11/15/2025, 3:57:59 PM GMT-3 [Modules] Checking for module updates at https://discord.com/api/modules/stable/versions.json
11/15/2025, 3:57:59 PM GMT-3 [Modules] No module updates available.
11/15/2025, 3:58:09 PM GMT-3 [Modules] Checking for host updates.
11/15/2025, 3:58:09 PM GMT-3 [Modules] Host is up to date.
11/15/2025, 3:58:09 PM GMT-3 [Modules] Checking for module updates at https://discord.com/api/modules/stable/versions.json
11/15/2025, 3:58:09 PM GMT-3 [Modules] No module updates available.
11/15/2025, 4:24:08 PM GMT-3 [Modules] Modules initializing
11/15/2025, 4:24:08 PM GMT-3 [Modules] Distribution: remote
11/15/2025, 4:24:08 PM GMT-3 [Modules] Host updates: enabled
11/15/2025, 4:24:08 PM GMT-3 [Modules] Module updates: enabled
11/15/2025, 4:24:08 PM GMT-3 [Modules] Module install path: /home/vinicius/.config/discord/0.0.114/modules
11/15/2025, 4:24:08 PM GMT-3 [Modules] Module installed file path: /home/vinicius/.config/discord/0.0.114/modules/installed.json
11/15/2025, 4:24:08 PM GMT-3 [Modules] Module download path: /home/vinicius/.config/discord/0.0.114/modules/pending
11/15/2025, 4:24:08 PM GMT-3 [Modules] No updates to install
11/15/2025, 4:24:08 PM GMT-3 [Modules] Checking for host updates.
11/15/2025, 4:24:08 PM GMT-3 [Modules] Host is up to date.
11/15/2025, 4:24:08 PM GMT-3 [Modules] Checking for module updates at https://discord.com/api/modules/stable/versions.json
11/15/2025, 4:24:08 PM GMT-3 [Modules] No module updates available.
11/15/2025, 4:24:16 PM GMT-3 [Modules] Checking for host updates.
11/15/2025, 4:24:16 PM GMT-3 [Modules] Host is up to date.
11/15/2025, 4:24:16 PM GMT-3 [Modules] Checking for module updates at https://discord.com/api/modules/stable/versions.json
11/15/2025, 4:24:16 PM GMT-3 [Modules] No module updates available.
11/15/2025, 4:53:03 PM GMT-3 [Modules] Modules initializing
11/15/2025, 4:53:03 PM GMT-3 [Modules] Distribution: remote
11/15/2025, 4:53:03 PM GMT-3 [Modules] Host updates: enabled
11/15/2025, 4:53:03 PM GMT-3 [Modules] Module updates: enabled
11/15/2025, 4:53:03 PM GMT-3 [Modules] Module install path: /home/vinicius/.config/discord/0.0.114/modules
11/15/2025, 4:53:03 PM GMT-3 [Modules] Module installed file path: /home/vinicius/.config/discord/0.0.114/modules/installed.json
11/15/2025, 4:53:03 PM GMT-3 [Modules] Module download path: /home/vinicius/.config/discord/0.0.114/modules/pending
11/15/2025, 4:53:04 PM GMT-3 [Modules] No updates to install
11/15/2025, 4:53:04 PM GMT-3 [Modules] Checking for host updates.
11/15/2025, 4:53:04 PM GMT-3 [Modules] Host is up to date.
11/15/2025, 4:53:04 PM GMT-3 [Modules] Checking for module updates at https://discord.com/api/modules/stable/versions.json
11/15/2025, 4:53:05 PM GMT-3 [Modules] No module updates available.
11/15/2025, 4:53:13 PM GMT-3 [Modules] Checking for host updates.
11/15/2025, 4:53:15 PM GMT-3 [Modules] Host is up to date.
11/15/2025, 4:53:15 PM GMT-3 [Modules] Checking for module updates at https://discord.com/api/modules/stable/versions.json
11/15/2025, 4:53:15 PM GMT-3 [Modules] No module updates available.
11/15/2025, 8:38:53 PM GMT-3 [Modules] Modules initializing
11/15/2025, 8:38:53 PM GMT-3 [Modules] Distribution: remote
11/15/2025, 8:38:53 PM GMT-3 [Modules] Host updates: enabled
11/15/2025, 8:38:53 PM GMT-3 [Modules] Module updates: enabled
11/15/2025, 8:38:53 PM GMT-3 [Modules] Module install path: /home/vinicius/.config/discord/0.0.114/modules
11/15/2025, 8:38:53 PM GMT-3 [Modules] Module installed file path: /home/vinicius/.config/discord/0.0.114/modules/installed.json
11/15/2025, 8:38:53 PM GMT-3 [Modules] Module download path: /home/vinicius/.config/discord/0.0.114/modules/pending
11/15/2025, 8:38:54 PM GMT-3 [Modules] No updates to install
11/15/2025, 8:38:54 PM GMT-3 [Modules] Checking for host updates.
11/15/2025, 8:38:54 PM GMT-3 [Modules] Host is up to date.
11/15/2025, 8:38:54 PM GMT-3 [Modules] Checking for module updates at https://discord.com/api/modules/stable/versions.json
11/15/2025, 8:38:54 PM GMT-3 [Modules] No module updates available.
11/15/2025, 8:39:01 PM GMT-3 [Modules] Checking for host updates.
11/15/2025, 8:39:03 PM GMT-3 [Modules] Host is up to date.
11/15/2025, 8:39:03 PM GMT-3 [Modules] Checking for module updates at https://discord.com/api/modules/stable/versions.json
11/15/2025, 8:39:03 PM GMT-3 [Modules] No module updates available.
11/15/2025, 9:39:01 PM GMT-3 [Modules] Checking for host updates.
11/15/2025, 9:39:02 PM GMT-3 [Modules] Host is up to date.
11/15/2025, 9:39:02 PM GMT-3 [Modules] Checking for module updates at https://discord.com/api/modules/stable/versions.json
11/15/2025, 9:39:02 PM GMT-3 [Modules] No module updates available.
11/15/2025, 10:08:24 PM GMT-3 [Modules] Modules initializing
11/15/2025, 10:08:24 PM GMT-3 [Modules] Distribution: remote
11/15/2025, 10:08:24 PM GMT-3 [Modules] Host updates: enabled
11/15/2025, 10:08:24 PM GMT-3 [Modules] Module updates: enabled
11/15/2025, 10:08:24 PM GMT-3 [Modules] Module install path: /home/vinicius/.config/discord/0.0.114/modules
11/15/2025, 10:08:24 PM GMT-3 [Modules] Module installed file path: /home/vinicius/.config/discord/0.0.114/modules/installed.json
11/15/2025, 10:08:24 PM GMT-3 [Modules] Module download path: /home/vinicius/.config/discord/0.0.114/modules/pending
11/15/2025, 10:08:24 PM GMT-3 [Modules] No updates to install
11/15/2025, 10:08:24 PM GMT-3 [Modules] Checking for host updates.
11/15/2025, 10:08:25 PM GMT-3 [Modules] Host is up to date.
11/15/2025, 10:08:25 PM GMT-3 [Modules] Checking for module updates at https://discord.com/api/modules/stable/versions.json
11/15/2025, 10:08:25 PM GMT-3 [Modules] No module updates available.
11/15/2025, 10:08:32 PM GMT-3 [Modules] Checking for host updates.
11/15/2025, 10:08:33 PM GMT-3 [Modules] Host is up to date.
11/15/2025, 10:08:33 PM GMT-3 [Modules] Checking for module updates at https://discord.com/api/modules/stable/versions.json
11/15/2025, 10:08:33 PM GMT-3 [Modules] No module updates available.
11/15/2025, 10:18:24 PM GMT-3 [Modules] Modules initializing
11/15/2025, 10:18:24 PM GMT-3 [Modules] Distribution: remote
11/15/2025, 10:18:24 PM GMT-3 [Modules] Host updates: enabled
11/15/2025, 10:18:24 PM GMT-3 [Modules] Module updates: enabled
11/15/2025, 10:18:24 PM GMT-3 [Modules] Module install path: /home/vinicius/.config/discord/0.0.114/modules
11/15/2025, 10:18:24 PM GMT-3 [Modules] Module installed file path: /home/vinicius/.config/discord/0.0.114/modules/installed.json
11/15/2025, 10:18:24 PM GMT-3 [Modules] Module download path: /home/vinicius/.config/discord/0.0.114/modules/pending
11/15/2025, 10:18:24 PM GMT-3 [Modules] No updates to install
11/15/2025, 10:18:24 PM GMT-3 [Modules] Checking for host updates.
11/15/2025, 10:18:25 PM GMT-3 [Modules] Host is up to date.
11/15/2025, 10:18:25 PM GMT-3 [Modules] Checking for module updates at https://discord.com/api/modules/stable/versions.json
11/15/2025, 10:18:25 PM GMT-3 [Modules] No module updates available.
11/15/2025, 10:18:32 PM GMT-3 [Modules] Checking for host updates.
11/16/2025, 8:35:13 PM GMT-3 [Modules] Modules initializing
11/16/2025, 8:35:13 PM GMT-3 [Modules] Distribution: remote
11/16/2025, 8:35:13 PM GMT-3 [Modules] Host updates: enabled
11/16/2025, 8:35:13 PM GMT-3 [Modules] Module updates: enabled
11/16/2025, 8:35:13 PM GMT-3 [Modules] Module install path: /home/vinicius/.config/discord/0.0.114/modules
11/16/2025, 8:35:13 PM GMT-3 [Modules] Module installed file path: /home/vinicius/.config/discord/0.0.114/modules/installed.json
11/16/2025, 8:35:13 PM GMT-3 [Modules] Module download path: /home/vinicius/.config/discord/0.0.114/modules/pending
11/16/2025, 8:35:13 PM GMT-3 [Modules] No updates to install
11/16/2025, 8:35:13 PM GMT-3 [Modules] Checking for host updates.
11/16/2025, 8:35:14 PM GMT-3 [Modules] Host is up to date.
11/16/2025, 8:35:14 PM GMT-3 [Modules] Checking for module updates at https://discord.com/api/modules/stable/versions.json
11/16/2025, 8:35:14 PM GMT-3 [Modules] No module updates available.
11/16/2025, 8:35:23 PM GMT-3 [Modules] Checking for host updates.
11/16/2025, 8:35:23 PM GMT-3 [Modules] Host is up to date.
11/16/2025, 8:35:23 PM GMT-3 [Modules] Checking for module updates at https://discord.com/api/modules/stable/versions.json
11/16/2025, 8:35:23 PM GMT-3 [Modules] No module updates available.
11/16/2025, 9:35:23 PM GMT-3 [Modules] Checking for host updates.
11/16/2025, 9:35:23 PM GMT-3 [Modules] Host is up to date.
11/16/2025, 9:35:23 PM GMT-3 [Modules] Checking for module updates at https://discord.com/api/modules/stable/versions.json
11/16/2025, 9:35:23 PM GMT-3 [Modules] No module updates available.
11/17/2025, 8:49:30 PM GMT-3 [Modules] Modules initializing
11/17/2025, 8:49:30 PM GMT-3 [Modules] Distribution: remote
11/17/2025, 8:49:30 PM GMT-3 [Modules] Host updates: enabled
11/17/2025, 8:49:30 PM GMT-3 [Modules] Module updates: enabled
11/17/2025, 8:49:30 PM GMT-3 [Modules] Module install path: /home/vinicius/.config/discord/0.0.114/modules
11/17/2025, 8:49:30 PM GMT-3 [Modules] Module installed file path: /home/vinicius/.config/discord/0.0.114/modules/installed.json
11/17/2025, 8:49:30 PM GMT-3 [Modules] Module download path: /home/vinicius/.config/discord/0.0.114/modules/pending
11/17/2025, 8:49:31 PM GMT-3 [Modules] No updates to install
11/17/2025, 8:49:31 PM GMT-3 [Modules] Checking for host updates.
11/17/2025, 8:49:31 PM GMT-3 [Modules] Host is up to date.
11/17/2025, 8:49:31 PM GMT-3 [Modules] Checking for module updates at https://discord.com/api/modules/stable/versions.json
11/17/2025, 8:49:31 PM GMT-3 [Modules] No module updates available.
11/17/2025, 8:49:44 PM GMT-3 [Modules] Checking for host updates.
11/17/2025, 8:49:46 PM GMT-3 [Modules] Host is up to date.
11/17/2025, 8:49:46 PM GMT-3 [Modules] Checking for module updates at https://discord.com/api/modules/stable/versions.json
11/17/2025, 8:49:46 PM GMT-3 [Modules] No module updates available.
11/17/2025, 9:49:44 PM GMT-3 [Modules] Checking for host updates.
11/17/2025, 9:49:44 PM GMT-3 [Modules] Host is up to date.
11/17/2025, 9:49:44 PM GMT-3 [Modules] Checking for module updates at https://discord.com/api/modules/stable/versions.json
11/17/2025, 9:49:44 PM GMT-3 [Modules] No module updates available.
11/18/2025, 9:41:44 PM GMT-3 [Modules] Modules initializing
11/18/2025, 9:41:44 PM GMT-3 [Modules] Distribution: remote
11/18/2025, 9:41:44 PM GMT-3 [Modules] Host updates: enabled
11/18/2025, 9:41:44 PM GMT-3 [Modules] Module updates: enabled
11/18/2025, 9:41:44 PM GMT-3 [Modules] Module install path: /home/vinicius/.config/discord/0.0.115/modules
11/18/2025, 9:41:44 PM GMT-3 [Modules] Module installed file path: /home/vinicius/.config/discord/0.0.115/modules/installed.json
11/18/2025, 9:41:44 PM GMT-3 [Modules] Module download path: /home/vinicius/.config/discord/0.0.115/modules/pending
11/18/2025, 9:41:44 PM GMT-3 [Modules] Bootstrapping...
11/18/2025, 9:41:44 PM GMT-3 [Modules] Installing discord_desktop_core@0 from /opt/discord/resources/bootstrap/discord_desktop_core.zip
11/18/2025, 9:41:44 PM GMT-3 [Modules] Failed installing discord_desktop_core@0: Error: ENOENT: no such file or directory, open '/opt/discord/resources/bootstrap/discord_desktop_core.zip'
11/18/2025, 9:41:44 PM GMT-3 [Modules] Installing discord_erlpack@0 from /opt/discord/resources/bootstrap/discord_erlpack.zip
11/18/2025, 9:41:44 PM GMT-3 [Modules] Failed installing discord_erlpack@0: Error: ENOENT: no such file or directory, open '/opt/discord/resources/bootstrap/discord_erlpack.zip'
11/18/2025, 9:41:44 PM GMT-3 [Modules] Installing discord_spellcheck@0 from /opt/discord/resources/bootstrap/discord_spellcheck.zip
11/18/2025, 9:41:44 PM GMT-3 [Modules] Failed installing discord_spellcheck@0: Error: ENOENT: no such file or directory, open '/opt/discord/resources/bootstrap/discord_spellcheck.zip'
11/18/2025, 9:41:44 PM GMT-3 [Modules] Installing discord_utils@0 from /opt/discord/resources/bootstrap/discord_utils.zip
11/18/2025, 9:41:44 PM GMT-3 [Modules] Failed installing discord_utils@0: Error: ENOENT: no such file or directory, open '/opt/discord/resources/bootstrap/discord_utils.zip'
11/18/2025, 9:41:44 PM GMT-3 [Modules] Installing discord_voice@0 from /opt/discord/resources/bootstrap/discord_voice.zip
11/18/2025, 9:41:44 PM GMT-3 [Modules] Failed installing discord_voice@0: Error: ENOENT: no such file or directory, open '/opt/discord/resources/bootstrap/discord_voice.zip'
11/18/2025, 9:41:44 PM GMT-3 [Modules] Installing discord_zstd@0 from /opt/discord/resources/bootstrap/discord_zstd.zip
11/18/2025, 9:41:44 PM GMT-3 [Modules] Failed installing discord_zstd@0: Error: ENOENT: no such file or directory, open '/opt/discord/resources/bootstrap/discord_zstd.zip'
11/18/2025, 9:41:44 PM GMT-3 [Modules] Finished module installations. [success: 0] [failure: 6]
11/18/2025, 9:41:44 PM GMT-3 [Modules] Checking for host updates.
11/18/2025, 9:41:45 PM GMT-3 [Modules] Host is up to date.
11/18/2025, 9:41:45 PM GMT-3 [Modules] Checking for module updates at https://discord.com/api/modules/stable/versions.json
11/18/2025, 9:41:45 PM GMT-3 [Modules] Module update available: discord_desktop_core@1 [installed: 0]
11/18/2025, 9:41:45 PM GMT-3 [Modules] Module update available: discord_erlpack@1 [installed: 0]
11/18/2025, 9:41:45 PM GMT-3 [Modules] Module update available: discord_spellcheck@1 [installed: 0]
11/18/2025, 9:41:45 PM GMT-3 [Modules] Module update available: discord_utils@1 [installed: 0]
11/18/2025, 9:41:45 PM GMT-3 [Modules] Module update available: discord_voice@1 [installed: 0]
11/18/2025, 9:41:45 PM GMT-3 [Modules] Module update available: discord_zstd@1 [installed: 0]
11/18/2025, 9:41:45 PM GMT-3 [Modules] Fetching discord_desktop_core@1 from https://discord.com/api/modules/stable/discord_desktop_core/1
11/18/2025, 9:41:45 PM GMT-3 [Modules] Streaming discord_desktop_core@1 to /home/vinicius/.config/discord/0.0.115/modules/pending/discord_desktop_core-1.zip
11/18/2025, 9:41:46 PM GMT-3 [Modules] Streaming discord_desktop_core@1 to /home/vinicius/.config/discord/0.0.115/modules/pending/discord_desktop_core-1.zip: 1%
11/18/2025, 9:41:46 PM GMT-3 [Modules] Streaming discord_desktop_core@1 to /home/vinicius/.config/discord/0.0.115/modules/pending/discord_desktop_core-1.zip: 2%
11/18/2025, 9:41:46 PM GMT-3 [Modules] Streaming discord_desktop_core@1 to /home/vinicius/.config/discord/0.0.115/modules/pending/discord_desktop_core-1.zip: 3%
11/18/2025, 9:41:46 PM GMT-3 [Modules] Streaming discord_desktop_core@1 to /home/vinicius/.config/discord/0.0.115/modules/pending/discord_desktop_core-1.zip: 4%
11/18/2025, 9:41:46 PM GMT-3 [Modules] Streaming discord_desktop_core@1 to /home/vinicius/.config/discord/0.0.115/modules/pending/discord_desktop_core-1.zip: 5%
11/18/2025, 9:41:46 PM GMT-3 [Modules] Streaming discord_desktop_core@1 to /home/vinicius/.config/discord/0.0.115/modules/pending/discord_desktop_core-1.zip: 6%
11/18/2025, 9:41:46 PM GMT-3 [Modules] Streaming discord_desktop_core@1 to /home/vinicius/.config/discord/0.0.115/modules/pending/discord_desktop_core-1.zip: 7%
11/18/2025, 9:41:46 PM GMT-3 [Modules] Streaming discord_desktop_core@1 to /home/vinicius/.config/discord/0.0.115/modules/pending/discord_desktop_core-1.zip: 10%
11/18/2025, 9:41:46 PM GMT-3 [Modules] Streaming discord_desktop_core@1 to /home/vinicius/.config/discord/0.0.115/modules/pending/discord_desktop_core-1.zip: 14%
11/18/2025, 9:41:46 PM GMT-3 [Modules] Streaming discord_desktop_core@1 to /home/vinicius/.config/discord/0.0.115/modules/pending/discord_desktop_core-1.zip: 15%
11/18/2025, 9:41:46 PM GMT-3 [Modules] Streaming discord_desktop_core@1 to /home/vinicius/.config/discord/0.0.115/modules/pending/discord_desktop_core-1.zip: 16%
11/18/2025, 9:41:46 PM GMT-3 [Modules] Streaming discord_desktop_core@1 to /home/vinicius/.config/discord/0.0.115/modules/pending/discord_desktop_core-1.zip: 17%
11/18/2025, 9:41:46 PM GMT-3 [Modules] Streaming discord_desktop_core@1 to /home/vinicius/.config/discord/0.0.115/modules/pending/discord_desktop_core-1.zip: 18%
11/18/2025, 9:41:46 PM GMT-3 [Modules] Streaming discord_desktop_core@1 to /home/vinicius/.config/discord/0.0.115/modules/pending/discord_desktop_core-1.zip: 19%
11/18/2025, 9:41:46 PM GMT-3 [Modules] Streaming discord_desktop_core@1 to /home/vinicius/.config/discord/0.0.115/modules/pending/discord_desktop_core-1.zip: 20%
11/18/2025, 9:41:46 PM GMT-3 [Modules] Streaming discord_desktop_core@1 to /home/vinicius/.config/discord/0.0.115/modules/pending/discord_desktop_core-1.zip: 21%
11/18/2025, 9:41:46 PM GMT-3 [Modules] Streaming discord_desktop_core@1 to /home/vinicius/.config/discord/0.0.115/modules/pending/discord_desktop_core-1.zip: 22%
11/18/2025, 9:41:47 PM GMT-3 [Modules] Streaming discord_desktop_core@1 to /home/vinicius/.config/discord/0.0.115/modules/pending/discord_desktop_core-1.zip: 23%
11/18/2025, 9:41:47 PM GMT-3 [Modules] Streaming discord_desktop_core@1 to /home/vinicius/.config/discord/0.0.115/modules/pending/discord_desktop_core-1.zip: 25%
11/18/2025, 9:41:47 PM GMT-3 [Modules] Streaming discord_desktop_core@1 to /home/vinicius/.config/discord/0.0.115/modules/pending/discord_desktop_core-1.zip: 28%
11/18/2025, 9:41:47 PM GMT-3 [Modules] Streaming discord_desktop_core@1 to /home/vinicius/.config/discord/0.0.115/modules/pending/discord_desktop_core-1.zip: 31%
11/18/2025, 9:41:47 PM GMT-3 [Modules] Streaming discord_desktop_core@1 to /home/vinicius/.config/discord/0.0.115/modules/pending/discord_desktop_core-1.zip: 34%
11/18/2025, 9:41:47 PM GMT-3 [Modules] Streaming discord_desktop_core@1 to /home/vinicius/.config/discord/0.0.115/modules/pending/discord_desktop_core-1.zip: 35%
11/18/2025, 9:41:47 PM GMT-3 [Modules] Streaming discord_desktop_core@1 to /home/vinicius/.config/discord/0.0.115/modules/pending/discord_desktop_core-1.zip: 38%
11/18/2025, 9:41:47 PM GMT-3 [Modules] Streaming discord_desktop_core@1 to /home/vinicius/.config/discord/0.0.115/modules/pending/discord_desktop_core-1.zip: 39%
11/18/2025, 9:41:47 PM GMT-3 [Modules] Streaming discord_desktop_core@1 to /home/vinicius/.config/discord/0.0.115/modules/pending/discord_desktop_core-1.zip: 40%
11/18/2025, 9:41:47 PM GMT-3 [Modules] Streaming discord_desktop_core@1 to /home/vinicius/.config/discord/0.0.115/modules/pending/discord_desktop_core-1.zip: 41%
11/18/2025, 9:41:47 PM GMT-3 [Modules] Streaming discord_desktop_core@1 to /home/vinicius/.config/discord/0.0.115/modules/pending/discord_desktop_core-1.zip: 42%
11/18/2025, 9:41:47 PM GMT-3 [Modules] Streaming discord_desktop_core@1 to /home/vinicius/.config/discord/0.0.115/modules/pending/discord_desktop_core-1.zip: 43%
11/18/2025, 9:41:47 PM GMT-3 [Modules] Streaming discord_desktop_core@1 to /home/vinicius/.config/discord/0.0.115/modules/pending/discord_desktop_core-1.zip: 44%
11/18/2025, 9:41:47 PM GMT-3 [Modules] Streaming discord_desktop_core@1 to /home/vinicius/.config/discord/0.0.115/modules/pending/discord_desktop_core-1.zip: 45%
11/18/2025, 9:41:47 PM GMT-3 [Modules] Streaming discord_desktop_core@1 to /home/vinicius/.config/discord/0.0.115/modules/pending/discord_desktop_core-1.zip: 46%
11/18/2025, 9:41:47 PM GMT-3 [Modules] Streaming discord_desktop_core@1 to /home/vinicius/.config/discord/0.0.115/modules/pending/discord_desktop_core-1.zip: 47%
11/18/2025, 9:41:47 PM GMT-3 [Modules] Streaming discord_desktop_core@1 to /home/vinicius/.config/discord/0.0.115/modules/pending/discord_desktop_core-1.zip: 48%
11/18/2025, 9:41:47 PM GMT-3 [Modules] Streaming discord_desktop_core@1 to /home/vinicius/.config/discord/0.0.115/modules/pending/discord_desktop_core-1.zip: 49%
11/18/2025, 9:41:47 PM GMT-3 [Modules] Streaming discord_desktop_core@1 to /home/vinicius/.config/discord/0.0.115/modules/pending/discord_desktop_core-1.zip: 50%
11/18/2025, 9:41:47 PM GMT-3 [Modules] Streaming discord_desktop_core@1 to /home/vinicius/.config/discord/0.0.115/modules/pending/discord_desktop_core-1.zip: 51%
11/18/2025, 9:41:47 PM GMT-3 [Modules] Streaming discord_desktop_core@1 to /home/vinicius/.config/discord/0.0.115/modules/pending/discord_desktop_core-1.zip: 52%
11/18/2025, 9:41:47 PM GMT-3 [Modules] Streaming discord_desktop_core@1 to /home/vinicius/.config/discord/0.0.115/modules/pending/discord_desktop_core-1.zip: 53%
11/18/2025, 9:41:47 PM GMT-3 [Modules] Streaming discord_desktop_core@1 to /home/vinicius/.config/discord/0.0.115/modules/pending/discord_desktop_core-1.zip: 54%
11/18/2025, 9:41:47 PM GMT-3 [Modules] Streaming discord_desktop_core@1 to /home/vinicius/.config/discord/0.0.115/modules/pending/discord_desktop_core-1.zip: 55%
11/18/2025, 9:41:47 PM GMT-3 [Modules] Streaming discord_desktop_core@1 to /home/vinicius/.config/discord/0.0.115/modules/pending/discord_desktop_core-1.zip: 56%
11/18/2025, 9:41:47 PM GMT-3 [Modules] Streaming discord_desktop_core@1 to /home/vinicius/.config/discord/0.0.115/modules/pending/discord_desktop_core-1.zip: 57%
11/18/2025, 9:41:47 PM GMT-3 [Modules] Streaming discord_desktop_core@1 to /home/vinicius/.config/discord/0.0.115/modules/pending/discord_desktop_core-1.zip: 58%
11/18/2025, 9:41:47 PM GMT-3 [Modules] Streaming discord_desktop_core@1 to /home/vinicius/.config/discord/0.0.115/modules/pending/discord_desktop_core-1.zip: 59%
11/18/2025, 9:41:47 PM GMT-3 [Modules] Streaming discord_desktop_core@1 to /home/vinicius/.config/discord/0.0.115/modules/pending/discord_desktop_core-1.zip: 60%
11/18/2025, 9:41:47 PM GMT-3 [Modules] Streaming discord_desktop_core@1 to /home/vinicius/.config/discord/0.0.115/modules/pending/discord_desktop_core-1.zip: 61%
11/18/2025, 9:41:47 PM GMT-3 [Modules] Streaming discord_desktop_core@1 to /home/vinicius/.config/discord/0.0.115/modules/pending/discord_desktop_core-1.zip: 62%
11/18/2025, 9:41:47 PM GMT-3 [Modules] Streaming discord_desktop_core@1 to /home/vinicius/.config/discord/0.0.115/modules/pending/discord_desktop_core-1.zip: 63%
11/18/2025, 9:41:47 PM GMT-3 [Modules] Streaming discord_desktop_core@1 to /home/vinicius/.config/discord/0.0.115/modules/pending/discord_desktop_core-1.zip: 64%
11/18/2025, 9:41:47 PM GMT-3 [Modules] Streaming discord_desktop_core@1 to /home/vinicius/.config/discord/0.0.115/modules/pending/discord_desktop_core-1.zip: 65%
11/18/2025, 9:41:47 PM GMT-3 [Modules] Streaming discord_desktop_core@1 to /home/vinicius/.config/discord/0.0.115/modules/pending/discord_desktop_core-1.zip: 66%
11/18/2025, 9:41:47 PM GMT-3 [Modules] Streaming discord_desktop_core@1 to /home/vinicius/.config/discord/0.0.115/modules/pending/discord_desktop_core-1.zip: 67%
11/18/2025, 9:41:47 PM GMT-3 [Modules] Streaming discord_desktop_core@1 to /home/vinicius/.config/discord/0.0.115/modules/pending/discord_desktop_core-1.zip: 68%
11/18/2025, 9:41:47 PM GMT-3 [Modules] Streaming discord_desktop_core@1 to /home/vinicius/.config/discord/0.0.115/modules/pending/discord_desktop_core-1.zip: 69%
11/18/2025, 9:41:47 PM GMT-3 [Modules] Streaming discord_desktop_core@1 to /home/vinicius/.config/discord/0.0.115/modules/pending/discord_desktop_core-1.zip: 70%
11/18/2025, 9:41:47 PM GMT-3 [Modules] Streaming discord_desktop_core@1 to /home/vinicius/.config/discord/0.0.115/modules/pending/discord_desktop_core-1.zip: 71%
11/18/2025, 9:41:47 PM GMT-3 [Modules] Streaming discord_desktop_core@1 to /home/vinicius/.config/discord/0.0.115/modules/pending/discord_desktop_core-1.zip: 72%
11/18/2025, 9:41:47 PM GMT-3 [Modules] Streaming discord_desktop_core@1 to /home/vinicius/.config/discord/0.0.115/modules/pending/discord_desktop_core-1.zip: 73%
11/18/2025, 9:41:47 PM GMT-3 [Modules] Streaming discord_desktop_core@1 to /home/vinicius/.config/discord/0.0.115/modules/pending/discord_desktop_core-1.zip: 74%
11/18/2025, 9:41:47 PM GMT-3 [Modules] Streaming discord_desktop_core@1 to /home/vinicius/.config/discord/0.0.115/modules/pending/discord_desktop_core-1.zip: 75%
11/18/2025, 9:41:47 PM GMT-3 [Modules] Streaming discord_desktop_core@1 to /home/vinicius/.config/discord/0.0.115/modules/pending/discord_desktop_core-1.zip: 76%
11/18/2025, 9:41:47 PM GMT-3 [Modules] Streaming discord_desktop_core@1 to /home/vinicius/.config/discord/0.0.115/modules/pending/discord_desktop_core-1.zip: 77%
11/18/2025, 9:41:47 PM GMT-3 [Modules] Streaming discord_desktop_core@1 to /home/vinicius/.config/discord/0.0.115/modules/pending/discord_desktop_core-1.zip: 78%
11/18/2025, 9:41:47 PM GMT-3 [Modules] Streaming discord_desktop_core@1 to /home/vinicius/.config/discord/0.0.115/modules/pending/discord_desktop_core-1.zip: 79%
11/18/2025, 9:41:47 PM GMT-3 [Modules] Streaming discord_desktop_core@1 to /home/vinicius/.config/discord/0.0.115/modules/pending/discord_desktop_core-1.zip: 80%
11/18/2025, 9:41:47 PM GMT-3 [Modules] Streaming discord_desktop_core@1 to /home/vinicius/.config/discord/0.0.115/modules/pending/discord_desktop_core-1.zip: 81%
11/18/2025, 9:41:47 PM GMT-3 [Modules] Streaming discord_desktop_core@1 to /home/vinicius/.config/discord/0.0.115/modules/pending/discord_desktop_core-1.zip: 82%
11/18/2025, 9:41:47 PM GMT-3 [Modules] Streaming discord_desktop_core@1 to /home/vinicius/.config/discord/0.0.115/modules/pending/discord_desktop_core-1.zip: 83%
11/18/2025, 9:41:47 PM GMT-3 [Modules] Streaming discord_desktop_core@1 to /home/vinicius/.config/discord/0.0.115/modules/pending/discord_desktop_core-1.zip: 84%
11/18/2025, 9:41:47 PM GMT-3 [Modules] Streaming discord_desktop_core@1 to /home/vinicius/.config/discord/0.0.115/modules/pending/discord_desktop_core-1.zip: 86%
11/18/2025, 9:41:47 PM GMT-3 [Modules] Streaming discord_desktop_core@1 to /home/vinicius/.config/discord/0.0.115/modules/pending/discord_desktop_core-1.zip: 87%
11/18/2025, 9:41:47 PM GMT-3 [Modules] Streaming discord_desktop_core@1 to /home/vinicius/.config/discord/0.0.115/modules/pending/discord_desktop_core-1.zip: 88%
11/18/2025, 9:41:47 PM GMT-3 [Modules] Streaming discord_desktop_core@1 to /home/vinicius/.config/discord/0.0.115/modules/pending/discord_desktop_core-1.zip: 89%
11/18/2025, 9:41:47 PM GMT-3 [Modules] Streaming discord_desktop_core@1 to /home/vinicius/.config/discord/0.0.115/modules/pending/discord_desktop_core-1.zip: 90%
11/18/2025, 9:41:47 PM GMT-3 [Modules] Streaming discord_desktop_core@1 to /home/vinicius/.config/discord/0.0.115/modules/pending/discord_desktop_core-1.zip: 91%
11/18/2025, 9:41:47 PM GMT-3 [Modules] Streaming discord_desktop_core@1 to /home/vinicius/.config/discord/0.0.115/modules/pending/discord_desktop_core-1.zip: 92%
11/18/2025, 9:41:47 PM GMT-3 [Modules] Streaming discord_desktop_core@1 to /home/vinicius/.config/discord/0.0.115/modules/pending/discord_desktop_core-1.zip: 93%
11/18/2025, 9:41:47 PM GMT-3 [Modules] Streaming discord_desktop_core@1 to /home/vinicius/.config/discord/0.0.115/modules/pending/discord_desktop_core-1.zip: 94%
11/18/2025, 9:41:47 PM GMT-3 [Modules] Streaming discord_desktop_core@1 to /home/vinicius/.config/discord/0.0.115/modules/pending/discord_desktop_core-1.zip: 95%
11/18/2025, 9:41:47 PM GMT-3 [Modules] Streaming discord_desktop_core@1 to /home/vinicius/.config/discord/0.0.115/modules/pending/discord_desktop_core-1.zip: 96%
11/18/2025, 9:41:47 PM GMT-3 [Modules] Streaming discord_desktop_core@1 to /home/vinicius/.config/discord/0.0.115/modules/pending/discord_desktop_core-1.zip: 97%
11/18/2025, 9:41:47 PM GMT-3 [Modules] Streaming discord_desktop_core@1 to /home/vinicius/.config/discord/0.0.115/modules/pending/discord_desktop_core-1.zip: 98%
11/18/2025, 9:41:47 PM GMT-3 [Modules] Streaming discord_desktop_core@1 to /home/vinicius/.config/discord/0.0.115/modules/pending/discord_desktop_core-1.zip: 99%
11/18/2025, 9:41:47 PM GMT-3 [Modules] Streaming discord_desktop_core@1 to /home/vinicius/.config/discord/0.0.115/modules/pending/discord_desktop_core-1.zip: 100%
11/18/2025, 9:41:47 PM GMT-3 [Modules] Fetching discord_erlpack@1 from https://discord.com/api/modules/stable/discord_erlpack/1
11/18/2025, 9:41:47 PM GMT-3 [Modules] Streaming discord_erlpack@1 to /home/vinicius/.config/discord/0.0.115/modules/pending/discord_erlpack-1.zip
11/18/2025, 9:41:48 PM GMT-3 [Modules] Streaming discord_erlpack@1 to /home/vinicius/.config/discord/0.0.115/modules/pending/discord_erlpack-1.zip: 1%
11/18/2025, 9:41:48 PM GMT-3 [Modules] Streaming discord_erlpack@1 to /home/vinicius/.config/discord/0.0.115/modules/pending/discord_erlpack-1.zip: 2%
11/18/2025, 9:41:48 PM GMT-3 [Modules] Streaming discord_erlpack@1 to /home/vinicius/.config/discord/0.0.115/modules/pending/discord_erlpack-1.zip: 3%
11/18/2025, 9:41:48 PM GMT-3 [Modules] Streaming discord_erlpack@1 to /home/vinicius/.config/discord/0.0.115/modules/pending/discord_erlpack-1.zip: 4%
11/18/2025, 9:41:48 PM GMT-3 [Modules] Streaming discord_erlpack@1 to /home/vinicius/.config/discord/0.0.115/modules/pending/discord_erlpack-1.zip: 5%
11/18/2025, 9:41:48 PM GMT-3 [Modules] Streaming discord_erlpack@1 to /home/vinicius/.config/discord/0.0.115/modules/pending/discord_erlpack-1.zip: 6%
11/18/2025, 9:41:48 PM GMT-3 [Modules] Streaming discord_erlpack@1 to /home/vinicius/.config/discord/0.0.115/modules/pending/discord_erlpack-1.zip: 7%
11/18/2025, 9:41:48 PM GMT-3 [Modules] Streaming discord_erlpack@1 to /home/vinicius/.config/discord/0.0.115/modules/pending/discord_erlpack-1.zip: 8%
11/18/2025, 9:41:48 PM GMT-3 [Modules] Streaming discord_erlpack@1 to /home/vinicius/.config/discord/0.0.115/modules/pending/discord_erlpack-1.zip: 9%
11/18/2025, 9:41:48 PM GMT-3 [Modules] Streaming discord_erlpack@1 to /home/vinicius/.config/discord/0.0.115/modules/pending/discord_erlpack-1.zip: 10%
11/18/2025, 9:41:48 PM GMT-3 [Modules] Streaming discord_erlpack@1 to /home/vinicius/.config/discord/0.0.115/modules/pending/discord_erlpack-1.zip: 11%
11/18/2025, 9:41:48 PM GMT-3 [Modules] Streaming discord_erlpack@1 to /home/vinicius/.config/discord/0.0.115/modules/pending/discord_erlpack-1.zip: 12%
11/18/2025, 9:41:48 PM GMT-3 [Modules] Streaming discord_erlpack@1 to /home/vinicius/.config/discord/0.0.115/modules/pending/discord_erlpack-1.zip: 13%
11/18/2025, 9:41:48 PM GMT-3 [Modules] Streaming discord_erlpack@1 to /home/vinicius/.config/discord/0.0.115/modules/pending/discord_erlpack-1.zip: 14%
11/18/2025, 9:41:48 PM GMT-3 [Modules] Streaming discord_erlpack@1 to /home/vinicius/.config/discord/0.0.115/modules/pending/discord_erlpack-1.zip: 15%
11/18/2025, 9:41:48 PM GMT-3 [Modules] Streaming discord_erlpack@1 to /home/vinicius/.config/discord/0.0.115/modules/pending/discord_erlpack-1.zip: 16%
11/18/2025, 9:41:48 PM GMT-3 [Modules] Streaming discord_erlpack@1 to /home/vinicius/.config/discord/0.0.115/modules/pending/discord_erlpack-1.zip: 17%
11/18/2025, 9:41:48 PM GMT-3 [Modules] Streaming discord_erlpack@1 to /home/vinicius/.config/discord/0.0.115/modules/pending/discord_erlpack-1.zip: 18%
11/18/2025, 9:41:48 PM GMT-3 [Modules] Streaming discord_erlpack@1 to /home/vinicius/.config/discord/0.0.115/modules/pending/discord_erlpack-1.zip: 19%
11/18/2025, 9:41:48 PM GMT-3 [Modules] Streaming discord_erlpack@1 to /home/vinicius/.config/discord/0.0.115/modules/pending/discord_erlpack-1.zip: 20%
11/18/2025, 9:41:48 PM GMT-3 [Modules] Streaming discord_erlpack@1 to /home/vinicius/.config/discord/0.0.115/modules/pending/discord_erlpack-1.zip: 21%
11/18/2025, 9:41:48 PM GMT-3 [Modules] Streaming discord_erlpack@1 to /home/vinicius/.config/discord/0.0.115/modules/pending/discord_erlpack-1.zip: 22%
11/18/2025, 9:41:48 PM GMT-3 [Modules] Streaming discord_erlpack@1 to /home/vinicius/.config/discord/0.0.115/modules/pending/discord_erlpack-1.zip: 23%
11/18/2025, 9:41:48 PM GMT-3 [Modules] Streaming discord_erlpack@1 to /home/vinicius/.config/discord/0.0.115/modules/pending/discord_erlpack-1.zip: 24%
11/18/2025, 9:41:48 PM GMT-3 [Modules] Streaming discord_erlpack@1 to /home/vinicius/.config/discord/0.0.115/modules/pending/discord_erlpack-1.zip: 25%
11/18/2025, 9:41:48 PM GMT-3 [Modules] Streaming discord_erlpack@1 to /home/vinicius/.config/discord/0.0.115/modules/pending/discord_erlpack-1.zip: 26%
11/18/2025, 9:41:48 PM GMT-3 [Modules] Streaming discord_erlpack@1 to /home/vinicius/.config/discord/0.0.115/modules/pending/discord_erlpack-1.zip: 27%
11/18/2025, 9:41:48 PM GMT-3 [Modules] Streaming discord_erlpack@1 to /home/vinicius/.config/discord/0.0.115/modules/pending/discord_erlpack-1.zip: 28%
11/18/2025, 9:41:48 PM GMT-3 [Modules] Streaming discord_erlpack@1 to /home/vinicius/.config/discord/0.0.115/modules/pending/discord_erlpack-1.zip: 29%
11/18/2025, 9:41:48 PM GMT-3 [Modules] Streaming discord_erlpack@1 to /home/vinicius/.config/discord/0.0.115/modules/pending/discord_erlpack-1.zip: 30%
11/18/2025, 9:41:48 PM GMT-3 [Modules] Streaming discord_erlpack@1 to /home/vinicius/.config/discord/0.0.115/modules/pending/discord_erlpack-1.zip: 31%
11/18/2025, 9:41:48 PM GMT-3 [Modules] Streaming discord_erlpack@1 to /home/vinicius/.config/discord/0.0.115/modules/pending/discord_erlpack-1.zip: 32%
11/18/2025, 9:41:48 PM GMT-3 [Modules] Streaming discord_erlpack@1 to /home/vinicius/.config/discord/0.0.115/modules/pending/discord_erlpack-1.zip: 33%
11/18/2025, 9:41:48 PM GMT-3 [Modules] Streaming discord_erlpack@1 to /home/vinicius/.config/discord/0.0.115/modules/pending/discord_erlpack-1.zip: 34%
11/18/2025, 9:41:48 PM GMT-3 [Modules] Streaming discord_erlpack@1 to /home/vinicius/.config/discord/0.0.115/modules/pending/discord_erlpack-1.zip: 35%
11/18/2025, 9:41:48 PM GMT-3 [Modules] Streaming discord_erlpack@1 to /home/vinicius/.config/discord/0.0.115/modules/pending/discord_erlpack-1.zip: 36%
11/18/2025, 9:41:48 PM GMT-3 [Modules] Streaming discord_erlpack@1 to /home/vinicius/.config/discord/0.0.115/modules/pending/discord_erlpack-1.zip: 37%
11/18/2025, 9:41:48 PM GMT-3 [Modules] Streaming discord_erlpack@1 to /home/vinicius/.config/discord/0.0.115/modules/pending/discord_erlpack-1.zip: 38%
11/18/2025, 9:41:48 PM GMT-3 [Modules] Streaming discord_erlpack@1 to /home/vinicius/.config/discord/0.0.115/modules/pending/discord_erlpack-1.zip: 39%
11/18/2025, 9:41:48 PM GMT-3 [Modules] Streaming discord_erlpack@1 to /home/vinicius/.config/discord/0.0.115/modules/pending/discord_erlpack-1.zip: 40%
11/18/2025, 9:41:48 PM GMT-3 [Modules] Streaming discord_erlpack@1 to /home/vinicius/.config/discord/0.0.115/modules/pending/discord_erlpack-1.zip: 41%
11/18/2025, 9:41:48 PM GMT-3 [Modules] Streaming discord_erlpack@1 to /home/vinicius/.config/discord/0.0.115/modules/pending/discord_erlpack-1.zip: 42%
11/18/2025, 9:41:48 PM GMT-3 [Modules] Streaming discord_erlpack@1 to /home/vinicius/.config/discord/0.0.115/modules/pending/discord_erlpack-1.zip: 43%
11/18/2025, 9:41:48 PM GMT-3 [Modules] Streaming discord_erlpack@1 to /home/vinicius/.config/discord/0.0.115/modules/pending/discord_erlpack-1.zip: 44%
11/18/2025, 9:41:48 PM GMT-3 [Modules] Streaming discord_erlpack@1 to /home/vinicius/.config/discord/0.0.115/modules/pending/discord_erlpack-1.zip: 45%
11/18/2025, 9:41:48 PM GMT-3 [Modules] Streaming discord_erlpack@1 to /home/vinicius/.config/discord/0.0.115/modules/pending/discord_erlpack-1.zip: 46%
11/18/2025, 9:41:48 PM GMT-3 [Modules] Streaming discord_erlpack@1 to /home/vinicius/.config/discord/0.0.115/modules/pending/discord_erlpack-1.zip: 47%
11/18/2025, 9:41:48 PM GMT-3 [Modules] Streaming discord_erlpack@1 to /home/vinicius/.config/discord/0.0.115/modules/pending/discord_erlpack-1.zip: 48%
11/18/2025, 9:41:48 PM GMT-3 [Modules] Streaming discord_erlpack@1 to /home/vinicius/.config/discord/0.0.115/modules/pending/discord_erlpack-1.zip: 49%
11/18/2025, 9:41:48 PM GMT-3 [Modules] Streaming discord_erlpack@1 to /home/vinicius/.config/discord/0.0.115/modules/pending/discord_erlpack-1.zip: 50%
11/18/2025, 9:41:48 PM GMT-3 [Modules] Streaming discord_erlpack@1 to /home/vinicius/.config/discord/0.0.115/modules/pending/discord_erlpack-1.zip: 51%
11/18/2025, 9:41:48 PM GMT-3 [Modules] Streaming discord_erlpack@1 to /home/vinicius/.config/discord/0.0.115/modules/pending/discord_erlpack-1.zip: 52%
11/18/2025, 9:41:48 PM GMT-3 [Modules] Streaming discord_erlpack@1 to /home/vinicius/.config/discord/0.0.115/modules/pending/discord_erlpack-1.zip: 53%
11/18/2025, 9:41:48 PM GMT-3 [Modules] Streaming discord_erlpack@1 to /home/vinicius/.config/discord/0.0.115/modules/pending/discord_erlpack-1.zip: 54%
11/18/2025, 9:41:48 PM GMT-3 [Modules] Streaming discord_erlpack@1 to /home/vinicius/.config/discord/0.0.115/modules/pending/discord_erlpack-1.zip: 55%
11/18/2025, 9:41:48 PM GMT-3 [Modules] Streaming discord_erlpack@1 to /home/vinicius/.config/discord/0.0.115/modules/pending/discord_erlpack-1.zip: 56%
11/18/2025, 9:41:48 PM GMT-3 [Modules] Streaming discord_erlpack@1 to /home/vinicius/.config/discord/0.0.115/modules/pending/discord_erlpack-1.zip: 57%
11/18/2025, 9:41:48 PM GMT-3 [Modules] Streaming discord_erlpack@1 to /home/vinicius/.config/discord/0.0.115/modules/pending/discord_erlpack-1.zip: 58%
11/18/2025, 9:41:48 PM GMT-3 [Modules] Streaming discord_erlpack@1 to /home/vinicius/.config/discord/0.0.115/modules/pending/discord_erlpack-1.zip: 59%
11/18/2025, 9:41:48 PM GMT-3 [Modules] Streaming discord_erlpack@1 to /home/vinicius/.config/discord/0.0.115/modules/pending/discord_erlpack-1.zip: 60%
11/18/2025, 9:41:48 PM GMT-3 [Modules] Streaming discord_erlpack@1 to /home/vinicius/.config/discord/0.0.115/modules/pending/discord_erlpack-1.zip: 61%
11/18/2025, 9:41:48 PM GMT-3 [Modules] Streaming discord_erlpack@1 to /home/vinicius/.config/discord/0.0.115/modules/pending/discord_erlpack-1.zip: 62%
11/18/2025, 9:41:48 PM GMT-3 [Modules] Streaming discord_erlpack@1 to /home/vinicius/.config/discord/0.0.115/modules/pending/discord_erlpack-1.zip: 63%
11/18/2025, 9:41:48 PM GMT-3 [Modules] Streaming discord_erlpack@1 to /home/vinicius/.config/discord/0.0.115/modules/pending/discord_erlpack-1.zip: 64%
11/18/2025, 9:41:48 PM GMT-3 [Modules] Streaming discord_erlpack@1 to /home/vinicius/.config/discord/0.0.115/modules/pending/discord_erlpack-1.zip: 65%
11/18/2025, 9:41:48 PM GMT-3 [Modules] Streaming discord_erlpack@1 to /home/vinicius/.config/discord/0.0.115/modules/pending/discord_erlpack-1.zip: 66%
11/18/2025, 9:41:48 PM GMT-3 [Modules] Streaming discord_erlpack@1 to /home/vinicius/.config/discord/0.0.115/modules/pending/discord_erlpack-1.zip: 67%
11/18/2025, 9:41:48 PM GMT-3 [Modules] Streaming discord_erlpack@1 to /home/vinicius/.config/discord/0.0.115/modules/pending/discord_erlpack-1.zip: 68%
11/18/2025, 9:41:48 PM GMT-3 [Modules] Streaming discord_erlpack@1 to /home/vinicius/.config/discord/0.0.115/modules/pending/discord_erlpack-1.zip: 69%
11/18/2025, 9:41:48 PM GMT-3 [Modules] Streaming discord_erlpack@1 to /home/vinicius/.config/discord/0.0.115/modules/pending/discord_erlpack-1.zip: 70%
11/18/2025, 9:41:48 PM GMT-3 [Modules] Streaming discord_erlpack@1 to /home/vinicius/.config/discord/0.0.115/modules/pending/discord_erlpack-1.zip: 71%
11/18/2025, 9:41:48 PM GMT-3 [Modules] Streaming discord_erlpack@1 to /home/vinicius/.config/discord/0.0.115/modules/pending/discord_erlpack-1.zip: 72%
11/18/2025, 9:41:48 PM GMT-3 [Modules] Streaming discord_erlpack@1 to /home/vinicius/.config/discord/0.0.115/modules/pending/discord_erlpack-1.zip: 73%
11/18/2025, 9:41:48 PM GMT-3 [Modules] Streaming discord_erlpack@1 to /home/vinicius/.config/discord/0.0.115/modules/pending/discord_erlpack-1.zip: 74%
11/18/2025, 9:41:48 PM GMT-3 [Modules] Streaming discord_erlpack@1 to /home/vinicius/.config/discord/0.0.115/modules/pending/discord_erlpack-1.zip: 75%
11/18/2025, 9:41:48 PM GMT-3 [Modules] Streaming discord_erlpack@1 to /home/vinicius/.config/discord/0.0.115/modules/pending/discord_erlpack-1.zip: 76%
11/18/2025, 9:41:48 PM GMT-3 [Modules] Streaming discord_erlpack@1 to /home/vinicius/.config/discord/0.0.115/modules/pending/discord_erlpack-1.zip: 77%
11/18/2025, 9:41:48 PM GMT-3 [Modules] Streaming discord_erlpack@1 to /home/vinicius/.config/discord/0.0.115/modules/pending/discord_erlpack-1.zip: 78%
11/18/2025, 9:41:48 PM GMT-3 [Modules] Streaming discord_erlpack@1 to /home/vinicius/.config/discord/0.0.115/modules/pending/discord_erlpack-1.zip: 79%
11/18/2025, 9:41:48 PM GMT-3 [Modules] Streaming discord_erlpack@1 to /home/vinicius/.config/discord/0.0.115/modules/pending/discord_erlpack-1.zip: 80%
11/18/2025, 9:41:48 PM GMT-3 [Modules] Streaming discord_erlpack@1 to /home/vinicius/.config/discord/0.0.115/modules/pending/discord_erlpack-1.zip: 81%
11/18/2025, 9:41:48 PM GMT-3 [Modules] Streaming discord_erlpack@1 to /home/vinicius/.config/discord/0.0.115/modules/pending/discord_erlpack-1.zip: 82%
11/18/2025, 9:41:48 PM GMT-3 [Modules] Streaming discord_erlpack@1 to /home/vinicius/.config/discord/0.0.115/modules/pending/discord_erlpack-1.zip: 83%
11/18/2025, 9:41:48 PM GMT-3 [Modules] Streaming discord_erlpack@1 to /home/vinicius/.config/discord/0.0.115/modules/pending/discord_erlpack-1.zip: 84%
11/18/2025, 9:41:48 PM GMT-3 [Modules] Streaming discord_erlpack@1 to /home/vinicius/.config/discord/0.0.115/modules/pending/discord_erlpack-1.zip: 85%
11/18/2025, 9:41:48 PM GMT-3 [Modules] Streaming discord_erlpack@1 to /home/vinicius/.config/discord/0.0.115/modules/pending/discord_erlpack-1.zip: 86%
11/18/2025, 9:41:48 PM GMT-3 [Modules] Streaming discord_erlpack@1 to /home/vinicius/.config/discord/0.0.115/modules/pending/discord_erlpack-1.zip: 87%
11/18/2025, 9:41:48 PM GMT-3 [Modules] Streaming discord_erlpack@1 to /home/vinicius/.config/discord/0.0.115/modules/pending/discord_erlpack-1.zip: 88%
11/18/2025, 9:41:48 PM GMT-3 [Modules] Streaming discord_erlpack@1 to /home/vinicius/.config/discord/0.0.115/modules/pending/discord_erlpack-1.zip: 89%
11/18/2025, 9:41:49 PM GMT-3 [Modules] Streaming discord_erlpack@1 to /home/vinicius/.config/discord/0.0.115/modules/pending/discord_erlpack-1.zip: 90%
11/18/2025, 9:41:49 PM GMT-3 [Modules] Streaming discord_erlpack@1 to /home/vinicius/.config/discord/0.0.115/modules/pending/discord_erlpack-1.zip: 91%
11/18/2025, 9:41:49 PM GMT-3 [Modules] Streaming discord_erlpack@1 to /home/vinicius/.config/discord/0.0.115/modules/pending/discord_erlpack-1.zip: 92%
11/18/2025, 9:41:49 PM GMT-3 [Modules] Streaming discord_erlpack@1 to /home/vinicius/.config/discord/0.0.115/modules/pending/discord_erlpack-1.zip: 93%
11/18/2025, 9:41:49 PM GMT-3 [Modules] Streaming discord_erlpack@1 to /home/vinicius/.config/discord/0.0.115/modules/pending/discord_erlpack-1.zip: 94%
11/18/2025, 9:41:49 PM GMT-3 [Modules] Streaming discord_erlpack@1 to /home/vinicius/.config/discord/0.0.115/modules/pending/discord_erlpack-1.zip: 95%
11/18/2025, 9:41:49 PM GMT-3 [Modules] Streaming discord_erlpack@1 to /home/vinicius/.config/discord/0.0.115/modules/pending/discord_erlpack-1.zip: 98%
11/18/2025, 9:41:49 PM GMT-3 [Modules] Streaming discord_erlpack@1 to /home/vinicius/.config/discord/0.0.115/modules/pending/discord_erlpack-1.zip: 100%
11/18/2025, 9:41:49 PM GMT-3 [Modules] Fetching discord_spellcheck@1 from https://discord.com/api/modules/stable/discord_spellcheck/1
11/18/2025, 9:41:49 PM GMT-3 [Modules] Streaming discord_spellcheck@1 to /home/vinicius/.config/discord/0.0.115/modules/pending/discord_spellcheck-1.zip
11/18/2025, 9:41:49 PM GMT-3 [Modules] Streaming discord_spellcheck@1 to /home/vinicius/.config/discord/0.0.115/modules/pending/discord_spellcheck-1.zip: 1%
11/18/2025, 9:41:49 PM GMT-3 [Modules] Streaming discord_spellcheck@1 to /home/vinicius/.config/discord/0.0.115/modules/pending/discord_spellcheck-1.zip: 2%
11/18/2025, 9:41:49 PM GMT-3 [Modules] Streaming discord_spellcheck@1 to /home/vinicius/.config/discord/0.0.115/modules/pending/discord_spellcheck-1.zip: 3%
11/18/2025, 9:41:49 PM GMT-3 [Modules] Streaming discord_spellcheck@1 to /home/vinicius/.config/discord/0.0.115/modules/pending/discord_spellcheck-1.zip: 4%
11/18/2025, 9:41:49 PM GMT-3 [Modules] Streaming discord_spellcheck@1 to /home/vinicius/.config/discord/0.0.115/modules/pending/discord_spellcheck-1.zip: 5%
11/18/2025, 9:41:49 PM GMT-3 [Modules] Streaming discord_spellcheck@1 to /home/vinicius/.config/discord/0.0.115/modules/pending/discord_spellcheck-1.zip: 6%
11/18/2025, 9:41:49 PM GMT-3 [Modules] Streaming discord_spellcheck@1 to /home/vinicius/.config/discord/0.0.115/modules/pending/discord_spellcheck-1.zip: 7%
11/18/2025, 9:41:49 PM GMT-3 [Modules] Streaming discord_spellcheck@1 to /home/vinicius/.config/discord/0.0.115/modules/pending/discord_spellcheck-1.zip: 8%
11/18/2025, 9:41:49 PM GMT-3 [Modules] Streaming discord_spellcheck@1 to /home/vinicius/.config/discord/0.0.115/modules/pending/discord_spellcheck-1.zip: 9%
11/18/2025, 9:41:49 PM GMT-3 [Modules] Streaming discord_spellcheck@1 to /home/vinicius/.config/discord/0.0.115/modules/pending/discord_spellcheck-1.zip: 10%
11/18/2025, 9:41:49 PM GMT-3 [Modules] Streaming discord_spellcheck@1 to /home/vinicius/.config/discord/0.0.115/modules/pending/discord_spellcheck-1.zip: 11%
11/18/2025, 9:41:49 PM GMT-3 [Modules] Streaming discord_spellcheck@1 to /home/vinicius/.config/discord/0.0.115/modules/pending/discord_spellcheck-1.zip: 12%
11/18/2025, 9:41:49 PM GMT-3 [Modules] Streaming discord_spellcheck@1 to /home/vinicius/.config/discord/0.0.115/modules/pending/discord_spellcheck-1.zip: 13%
11/18/2025, 9:41:49 PM GMT-3 [Modules] Streaming discord_spellcheck@1 to /home/vinicius/.config/discord/0.0.115/modules/pending/discord_spellcheck-1.zip: 14%
11/18/2025, 9:41:49 PM GMT-3 [Modules] Streaming discord_spellcheck@1 to /home/vinicius/.config/discord/0.0.115/modules/pending/discord_spellcheck-1.zip: 15%
11/18/2025, 9:41:49 PM GMT-3 [Modules] Streaming discord_spellcheck@1 to /home/vinicius/.config/discord/0.0.115/modules/pending/discord_spellcheck-1.zip: 16%
11/18/2025, 9:41:49 PM GMT-3 [Modules] Streaming discord_spellcheck@1 to /home/vinicius/.config/discord/0.0.115/modules/pending/discord_spellcheck-1.zip: 17%
11/18/2025, 9:41:49 PM GMT-3 [Modules] Streaming discord_spellcheck@1 to /home/vinicius/.config/discord/0.0.115/modules/pending/discord_spellcheck-1.zip: 18%
11/18/2025, 9:41:49 PM GMT-3 [Modules] Streaming discord_spellcheck@1 to /home/vinicius/.config/discord/0.0.115/modules/pending/discord_spellcheck-1.zip: 19%
11/18/2025, 9:41:49 PM GMT-3 [Modules] Streaming discord_spellcheck@1 to /home/vinicius/.config/discord/0.0.115/modules/pending/discord_spellcheck-1.zip: 20%
11/18/2025, 9:41:49 PM GMT-3 [Modules] Streaming discord_spellcheck@1 to /home/vinicius/.config/discord/0.0.115/modules/pending/discord_spellcheck-1.zip: 21%
11/18/2025, 9:41:50 PM GMT-3 [Modules] Streaming discord_spellcheck@1 to /home/vinicius/.config/discord/0.0.115/modules/pending/discord_spellcheck-1.zip: 22%
11/18/2025, 9:41:50 PM GMT-3 [Modules] Streaming discord_spellcheck@1 to /home/vinicius/.config/discord/0.0.115/modules/pending/discord_spellcheck-1.zip: 23%
11/18/2025, 9:41:50 PM GMT-3 [Modules] Streaming discord_spellcheck@1 to /home/vinicius/.config/discord/0.0.115/modules/pending/discord_spellcheck-1.zip: 24%
11/18/2025, 9:41:50 PM GMT-3 [Modules] Streaming discord_spellcheck@1 to /home/vinicius/.config/discord/0.0.115/modules/pending/discord_spellcheck-1.zip: 25%
11/18/2025, 9:41:50 PM GMT-3 [Modules] Streaming discord_spellcheck@1 to /home/vinicius/.config/discord/0.0.115/modules/pending/discord_spellcheck-1.zip: 26%
11/18/2025, 9:41:50 PM GMT-3 [Modules] Streaming discord_spellcheck@1 to /home/vinicius/.config/discord/0.0.115/modules/pending/discord_spellcheck-1.zip: 27%
11/18/2025, 9:41:50 PM GMT-3 [Modules] Streaming discord_spellcheck@1 to /home/vinicius/.config/discord/0.0.115/modules/pending/discord_spellcheck-1.zip: 28%
11/18/2025, 9:41:50 PM GMT-3 [Modules] Streaming discord_spellcheck@1 to /home/vinicius/.config/discord/0.0.115/modules/pending/discord_spellcheck-1.zip: 29%
11/18/2025, 9:41:50 PM GMT-3 [Modules] Streaming discord_spellcheck@1 to /home/vinicius/.config/discord/0.0.115/modules/pending/discord_spellcheck-1.zip: 30%
11/18/2025, 9:41:50 PM GMT-3 [Modules] Streaming discord_spellcheck@1 to /home/vinicius/.config/discord/0.0.115/modules/pending/discord_spellcheck-1.zip: 31%
11/18/2025, 9:41:50 PM GMT-3 [Modules] Streaming discord_spellcheck@1 to /home/vinicius/.config/discord/0.0.115/modules/pending/discord_spellcheck-1.zip: 32%
11/18/2025, 9:41:50 PM GMT-3 [Modules] Streaming discord_spellcheck@1 to /home/vinicius/.config/discord/0.0.115/modules/pending/discord_spellcheck-1.zip: 33%
11/18/2025, 9:41:50 PM GMT-3 [Modules] Streaming discord_spellcheck@1 to /home/vinicius/.config/discord/0.0.115/modules/pending/discord_spellcheck-1.zip: 34%
11/18/2025, 9:41:50 PM GMT-3 [Modules] Streaming discord_spellcheck@1 to /home/vinicius/.config/discord/0.0.115/modules/pending/discord_spellcheck-1.zip: 35%
11/18/2025, 9:41:50 PM GMT-3 [Modules] Streaming discord_spellcheck@1 to /home/vinicius/.config/discord/0.0.115/modules/pending/discord_spellcheck-1.zip: 36%
11/18/2025, 9:41:50 PM GMT-3 [Modules] Streaming discord_spellcheck@1 to /home/vinicius/.config/discord/0.0.115/modules/pending/discord_spellcheck-1.zip: 37%
11/18/2025, 9:41:50 PM GMT-3 [Modules] Streaming discord_spellcheck@1 to /home/vinicius/.config/discord/0.0.115/modules/pending/discord_spellcheck-1.zip: 38%
11/18/2025, 9:41:50 PM GMT-3 [Modules] Streaming discord_spellcheck@1 to /home/vinicius/.config/discord/0.0.115/modules/pending/discord_spellcheck-1.zip: 39%
11/18/2025, 9:41:50 PM GMT-3 [Modules] Streaming discord_spellcheck@1 to /home/vinicius/.config/discord/0.0.115/modules/pending/discord_spellcheck-1.zip: 40%
11/18/2025, 9:41:50 PM GMT-3 [Modules] Streaming discord_spellcheck@1 to /home/vinicius/.config/discord/0.0.115/modules/pending/discord_spellcheck-1.zip: 41%
11/18/2025, 9:41:50 PM GMT-3 [Modules] Streaming discord_spellcheck@1 to /home/vinicius/.config/discord/0.0.115/modules/pending/discord_spellcheck-1.zip: 42%
11/18/2025, 9:41:50 PM GMT-3 [Modules] Streaming discord_spellcheck@1 to /home/vinicius/.config/discord/0.0.115/modules/pending/discord_spellcheck-1.zip: 43%
11/18/2025, 9:41:50 PM GMT-3 [Modules] Streaming discord_spellcheck@1 to /home/vinicius/.config/discord/0.0.115/modules/pending/discord_spellcheck-1.zip: 44%
11/18/2025, 9:41:50 PM GMT-3 [Modules] Streaming discord_spellcheck@1 to /home/vinicius/.config/discord/0.0.115/modules/pending/discord_spellcheck-1.zip: 45%
11/18/2025, 9:41:50 PM GMT-3 [Modules] Streaming discord_spellcheck@1 to /home/vinicius/.config/discord/0.0.115/modules/pending/discord_spellcheck-1.zip: 46%
11/18/2025, 9:41:50 PM GMT-3 [Modules] Streaming discord_spellcheck@1 to /home/vinicius/.config/discord/0.0.115/modules/pending/discord_spellcheck-1.zip: 47%
11/18/2025, 9:41:50 PM GMT-3 [Modules] Streaming discord_spellcheck@1 to /home/vinicius/.config/discord/0.0.115/modules/pending/discord_spellcheck-1.zip: 48%
11/18/2025, 9:41:50 PM GMT-3 [Modules] Streaming discord_spellcheck@1 to /home/vinicius/.config/discord/0.0.115/modules/pending/discord_spellcheck-1.zip: 49%
11/18/2025, 9:41:50 PM GMT-3 [Modules] Streaming discord_spellcheck@1 to /home/vinicius/.config/discord/0.0.115/modules/pending/discord_spellcheck-1.zip: 50%
11/18/2025, 9:41:50 PM GMT-3 [Modules] Streaming discord_spellcheck@1 to /home/vinicius/.config/discord/0.0.115/modules/pending/discord_spellcheck-1.zip: 51%
11/18/2025, 9:41:50 PM GMT-3 [Modules] Streaming discord_spellcheck@1 to /home/vinicius/.config/discord/0.0.115/modules/pending/discord_spellcheck-1.zip: 52%
11/18/2025, 9:41:50 PM GMT-3 [Modules] Streaming discord_spellcheck@1 to /home/vinicius/.config/discord/0.0.115/modules/pending/discord_spellcheck-1.zip: 53%
11/18/2025, 9:41:50 PM GMT-3 [Modules] Streaming discord_spellcheck@1 to /home/vinicius/.config/discord/0.0.115/modules/pending/discord_spellcheck-1.zip: 54%
11/18/2025, 9:41:50 PM GMT-3 [Modules] Streaming discord_spellcheck@1 to /home/vinicius/.config/discord/0.0.115/modules/pending/discord_spellcheck-1.zip: 55%
11/18/2025, 9:41:50 PM GMT-3 [Modules] Streaming discord_spellcheck@1 to /home/vinicius/.config/discord/0.0.115/modules/pending/discord_spellcheck-1.zip: 56%
11/18/2025, 9:41:50 PM GMT-3 [Modules] Streaming discord_spellcheck@1 to /home/vinicius/.config/discord/0.0.115/modules/pending/discord_spellcheck-1.zip: 57%
11/18/2025, 9:41:50 PM GMT-3 [Modules] Streaming discord_spellcheck@1 to /home/vinicius/.config/discord/0.0.115/modules/pending/discord_spellcheck-1.zip: 58%
11/18/2025, 9:41:50 PM GMT-3 [Modules] Streaming discord_spellcheck@1 to /home/vinicius/.config/discord/0.0.115/modules/pending/discord_spellcheck-1.zip: 59%
11/18/2025, 9:41:50 PM GMT-3 [Modules] Streaming discord_spellcheck@1 to /home/vinicius/.config/discord/0.0.115/modules/pending/discord_spellcheck-1.zip: 60%
11/18/2025, 9:41:50 PM GMT-3 [Modules] Streaming discord_spellcheck@1 to /home/vinicius/.config/discord/0.0.115/modules/pending/discord_spellcheck-1.zip: 61%
11/18/2025, 9:41:50 PM GMT-3 [Modules] Streaming discord_spellcheck@1 to /home/vinicius/.config/discord/0.0.115/modules/pending/discord_spellcheck-1.zip: 62%
11/18/2025, 9:41:50 PM GMT-3 [Modules] Streaming discord_spellcheck@1 to /home/vinicius/.config/discord/0.0.115/modules/pending/discord_spellcheck-1.zip: 63%
11/18/2025, 9:41:50 PM GMT-3 [Modules] Streaming discord_spellcheck@1 to /home/vinicius/.config/discord/0.0.115/modules/pending/discord_spellcheck-1.zip: 64%
11/18/2025, 9:41:50 PM GMT-3 [Modules] Streaming discord_spellcheck@1 to /home/vinicius/.config/discord/0.0.115/modules/pending/discord_spellcheck-1.zip: 65%
11/18/2025, 9:41:50 PM GMT-3 [Modules] Streaming discord_spellcheck@1 to /home/vinicius/.config/discord/0.0.115/modules/pending/discord_spellcheck-1.zip: 66%
11/18/2025, 9:41:50 PM GMT-3 [Modules] Streaming discord_spellcheck@1 to /home/vinicius/.config/discord/0.0.115/modules/pending/discord_spellcheck-1.zip: 67%
11/18/2025, 9:41:50 PM GMT-3 [Modules] Streaming discord_spellcheck@1 to /home/vinicius/.config/discord/0.0.115/modules/pending/discord_spellcheck-1.zip: 68%
11/18/2025, 9:41:50 PM GMT-3 [Modules] Streaming discord_spellcheck@1 to /home/vinicius/.config/discord/0.0.115/modules/pending/discord_spellcheck-1.zip: 69%
11/18/2025, 9:41:50 PM GMT-3 [Modules] Streaming discord_spellcheck@1 to /home/vinicius/.config/discord/0.0.115/modules/pending/discord_spellcheck-1.zip: 70%
11/18/2025, 9:41:50 PM GMT-3 [Modules] Streaming discord_spellcheck@1 to /home/vinicius/.config/discord/0.0.115/modules/pending/discord_spellcheck-1.zip: 71%
11/18/2025, 9:41:50 PM GMT-3 [Modules] Streaming discord_spellcheck@1 to /home/vinicius/.config/discord/0.0.115/modules/pending/discord_spellcheck-1.zip: 72%
11/18/2025, 9:41:50 PM GMT-3 [Modules] Streaming discord_spellcheck@1 to /home/vinicius/.config/discord/0.0.115/modules/pending/discord_spellcheck-1.zip: 73%
11/18/2025, 9:41:50 PM GMT-3 [Modules] Streaming discord_spellcheck@1 to /home/vinicius/.config/discord/0.0.115/modules/pending/discord_spellcheck-1.zip: 74%
11/18/2025, 9:41:50 PM GMT-3 [Modules] Streaming discord_spellcheck@1 to /home/vinicius/.config/discord/0.0.115/modules/pending/discord_spellcheck-1.zip: 75%
11/18/2025, 9:41:50 PM GMT-3 [Modules] Streaming discord_spellcheck@1 to /home/vinicius/.config/discord/0.0.115/modules/pending/discord_spellcheck-1.zip: 76%
11/18/2025, 9:41:50 PM GMT-3 [Modules] Streaming discord_spellcheck@1 to /home/vinicius/.config/discord/0.0.115/modules/pending/discord_spellcheck-1.zip: 77%
11/18/2025, 9:41:50 PM GMT-3 [Modules] Streaming discord_spellcheck@1 to /home/vinicius/.config/discord/0.0.115/modules/pending/discord_spellcheck-1.zip: 78%
11/18/2025, 9:41:50 PM GMT-3 [Modules] Streaming discord_spellcheck@1 to /home/vinicius/.config/discord/0.0.115/modules/pending/discord_spellcheck-1.zip: 79%
11/18/2025, 9:41:50 PM GMT-3 [Modules] Streaming discord_spellcheck@1 to /home/vinicius/.config/discord/0.0.115/modules/pending/discord_spellcheck-1.zip: 80%
11/18/2025, 9:41:50 PM GMT-3 [Modules] Streaming discord_spellcheck@1 to /home/vinicius/.config/discord/0.0.115/modules/pending/discord_spellcheck-1.zip: 81%
11/18/2025, 9:41:50 PM GMT-3 [Modules] Streaming discord_spellcheck@1 to /home/vinicius/.config/discord/0.0.115/modules/pending/discord_spellcheck-1.zip: 82%
11/18/2025, 9:41:51 PM GMT-3 [Modules] Streaming discord_spellcheck@1 to /home/vinicius/.config/discord/0.0.115/modules/pending/discord_spellcheck-1.zip: 83%
11/18/2025, 9:41:51 PM GMT-3 [Modules] Streaming discord_spellcheck@1 to /home/vinicius/.config/discord/0.0.115/modules/pending/discord_spellcheck-1.zip: 84%
11/18/2025, 9:41:51 PM GMT-3 [Modules] Streaming discord_spellcheck@1 to /home/vinicius/.config/discord/0.0.115/modules/pending/discord_spellcheck-1.zip: 85%
11/18/2025, 9:41:51 PM GMT-3 [Modules] Streaming discord_spellcheck@1 to /home/vinicius/.config/discord/0.0.115/modules/pending/discord_spellcheck-1.zip: 86%
11/18/2025, 9:41:51 PM GMT-3 [Modules] Streaming discord_spellcheck@1 to /home/vinicius/.config/discord/0.0.115/modules/pending/discord_spellcheck-1.zip: 87%
11/18/2025, 9:41:51 PM GMT-3 [Modules] Streaming discord_spellcheck@1 to /home/vinicius/.config/discord/0.0.115/modules/pending/discord_spellcheck-1.zip: 88%
11/18/2025, 9:41:51 PM GMT-3 [Modules] Streaming discord_spellcheck@1 to /home/vinicius/.config/discord/0.0.115/modules/pending/discord_spellcheck-1.zip: 89%
11/18/2025, 9:41:51 PM GMT-3 [Modules] Streaming discord_spellcheck@1 to /home/vinicius/.config/discord/0.0.115/modules/pending/discord_spellcheck-1.zip: 90%
11/18/2025, 9:41:51 PM GMT-3 [Modules] Streaming discord_spellcheck@1 to /home/vinicius/.config/discord/0.0.115/modules/pending/discord_spellcheck-1.zip: 91%
11/18/2025, 9:41:51 PM GMT-3 [Modules] Streaming discord_spellcheck@1 to /home/vinicius/.config/discord/0.0.115/modules/pending/discord_spellcheck-1.zip: 92%
11/18/2025, 9:41:51 PM GMT-3 [Modules] Streaming discord_spellcheck@1 to /home/vinicius/.config/discord/0.0.115/modules/pending/discord_spellcheck-1.zip: 93%
11/18/2025, 9:41:51 PM GMT-3 [Modules] Streaming discord_spellcheck@1 to /home/vinicius/.config/discord/0.0.115/modules/pending/discord_spellcheck-1.zip: 94%
11/18/2025, 9:41:51 PM GMT-3 [Modules] Streaming discord_spellcheck@1 to /home/vinicius/.config/discord/0.0.115/modules/pending/discord_spellcheck-1.zip: 95%
11/18/2025, 9:41:51 PM GMT-3 [Modules] Streaming discord_spellcheck@1 to /home/vinicius/.config/discord/0.0.115/modules/pending/discord_spellcheck-1.zip: 96%
11/18/2025, 9:41:51 PM GMT-3 [Modules] Streaming discord_spellcheck@1 to /home/vinicius/.config/discord/0.0.115/modules/pending/discord_spellcheck-1.zip: 97%
11/18/2025, 9:41:51 PM GMT-3 [Modules] Streaming discord_spellcheck@1 to /home/vinicius/.config/discord/0.0.115/modules/pending/discord_spellcheck-1.zip: 98%
11/18/2025, 9:41:51 PM GMT-3 [Modules] Streaming discord_spellcheck@1 to /home/vinicius/.config/discord/0.0.115/modules/pending/discord_spellcheck-1.zip: 99%
11/18/2025, 9:41:51 PM GMT-3 [Modules] Streaming discord_spellcheck@1 to /home/vinicius/.config/discord/0.0.115/modules/pending/discord_spellcheck-1.zip: 100%
11/18/2025, 9:41:51 PM GMT-3 [Modules] Fetching discord_utils@1 from https://discord.com/api/modules/stable/discord_utils/1
11/18/2025, 9:41:51 PM GMT-3 [Modules] Streaming discord_utils@1 to /home/vinicius/.config/discord/0.0.115/modules/pending/discord_utils-1.zip
11/18/2025, 9:41:51 PM GMT-3 [Modules] Streaming discord_utils@1 to /home/vinicius/.config/discord/0.0.115/modules/pending/discord_utils-1.zip: 1%
11/18/2025, 9:41:51 PM GMT-3 [Modules] Streaming discord_utils@1 to /home/vinicius/.config/discord/0.0.115/modules/pending/discord_utils-1.zip: 2%
11/18/2025, 9:41:51 PM GMT-3 [Modules] Streaming discord_utils@1 to /home/vinicius/.config/discord/0.0.115/modules/pending/discord_utils-1.zip: 3%
11/18/2025, 9:41:51 PM GMT-3 [Modules] Streaming discord_utils@1 to /home/vinicius/.config/discord/0.0.115/modules/pending/discord_utils-1.zip: 4%
11/18/2025, 9:41:51 PM GMT-3 [Modules] Streaming discord_utils@1 to /home/vinicius/.config/discord/0.0.115/modules/pending/discord_utils-1.zip: 5%
11/18/2025, 9:41:51 PM GMT-3 [Modules] Streaming discord_utils@1 to /home/vinicius/.config/discord/0.0.115/modules/pending/discord_utils-1.zip: 6%
11/18/2025, 9:41:51 PM GMT-3 [Modules] Streaming discord_utils@1 to /home/vinicius/.config/discord/0.0.115/modules/pending/discord_utils-1.zip: 7%
11/18/2025, 9:41:51 PM GMT-3 [Modules] Streaming discord_utils@1 to /home/vinicius/.config/discord/0.0.115/modules/pending/discord_utils-1.zip: 8%
11/18/2025, 9:41:51 PM GMT-3 [Modules] Streaming discord_utils@1 to /home/vinicius/.config/discord/0.0.115/modules/pending/discord_utils-1.zip: 9%
11/18/2025, 9:41:51 PM GMT-3 [Modules] Streaming discord_utils@1 to /home/vinicius/.config/discord/0.0.115/modules/pending/discord_utils-1.zip: 10%
11/18/2025, 9:41:51 PM GMT-3 [Modules] Streaming discord_utils@1 to /home/vinicius/.config/discord/0.0.115/modules/pending/discord_utils-1.zip: 11%
11/18/2025, 9:41:51 PM GMT-3 [Modules] Streaming discord_utils@1 to /home/vinicius/.config/discord/0.0.115/modules/pending/discord_utils-1.zip: 12%
11/18/2025, 9:41:51 PM GMT-3 [Modules] Streaming discord_utils@1 to /home/vinicius/.config/discord/0.0.115/modules/pending/discord_utils-1.zip: 13%
11/18/2025, 9:41:51 PM GMT-3 [Modules] Streaming discord_utils@1 to /home/vinicius/.config/discord/0.0.115/modules/pending/discord_utils-1.zip: 14%
11/18/2025, 9:41:51 PM GMT-3 [Modules] Streaming discord_utils@1 to /home/vinicius/.config/discord/0.0.115/modules/pending/discord_utils-1.zip: 15%
11/18/2025, 9:41:51 PM GMT-3 [Modules] Streaming discord_utils@1 to /home/vinicius/.config/discord/0.0.115/modules/pending/discord_utils-1.zip: 16%
11/18/2025, 9:41:51 PM GMT-3 [Modules] Streaming discord_utils@1 to /home/vinicius/.config/discord/0.0.115/modules/pending/discord_utils-1.zip: 17%
11/18/2025, 9:41:51 PM GMT-3 [Modules] Streaming discord_utils@1 to /home/vinicius/.config/discord/0.0.115/modules/pending/discord_utils-1.zip: 18%
11/18/2025, 9:41:51 PM GMT-3 [Modules] Streaming discord_utils@1 to /home/vinicius/.config/discord/0.0.115/modules/pending/discord_utils-1.zip: 19%
11/18/2025, 9:41:51 PM GMT-3 [Modules] Streaming discord_utils@1 to /home/vinicius/.config/discord/0.0.115/modules/pending/discord_utils-1.zip: 20%
11/18/2025, 9:41:51 PM GMT-3 [Modules] Streaming discord_utils@1 to /home/vinicius/.config/discord/0.0.115/modules/pending/discord_utils-1.zip: 21%
11/18/2025, 9:41:51 PM GMT-3 [Modules] Streaming discord_utils@1 to /home/vinicius/.config/discord/0.0.115/modules/pending/discord_utils-1.zip: 22%
11/18/2025, 9:41:51 PM GMT-3 [Modules] Streaming discord_utils@1 to /home/vinicius/.config/discord/0.0.115/modules/pending/discord_utils-1.zip: 23%
11/18/2025, 9:41:51 PM GMT-3 [Modules] Streaming discord_utils@1 to /home/vinicius/.config/discord/0.0.115/modules/pending/discord_utils-1.zip: 24%
11/18/2025, 9:41:51 PM GMT-3 [Modules] Streaming discord_utils@1 to /home/vinicius/.config/discord/0.0.115/modules/pending/discord_utils-1.zip: 25%
11/18/2025, 9:41:51 PM GMT-3 [Modules] Streaming discord_utils@1 to /home/vinicius/.config/discord/0.0.115/modules/pending/discord_utils-1.zip: 26%
11/18/2025, 9:41:51 PM GMT-3 [Modules] Streaming discord_utils@1 to /home/vinicius/.config/discord/0.0.115/modules/pending/discord_utils-1.zip: 27%
11/18/2025, 9:41:51 PM GMT-3 [Modules] Streaming discord_utils@1 to /home/vinicius/.config/discord/0.0.115/modules/pending/discord_utils-1.zip: 28%
11/18/2025, 9:41:51 PM GMT-3 [Modules] Streaming discord_utils@1 to /home/vinicius/.config/discord/0.0.115/modules/pending/discord_utils-1.zip: 29%
11/18/2025, 9:41:51 PM GMT-3 [Modules] Streaming discord_utils@1 to /home/vinicius/.config/discord/0.0.115/modules/pending/discord_utils-1.zip: 30%
11/18/2025, 9:41:51 PM GMT-3 [Modules] Streaming discord_utils@1 to /home/vinicius/.config/discord/0.0.115/modules/pending/discord_utils-1.zip: 31%
11/18/2025, 9:41:51 PM GMT-3 [Modules] Streaming discord_utils@1 to /home/vinicius/.config/discord/0.0.115/modules/pending/discord_utils-1.zip: 32%
11/18/2025, 9:41:51 PM GMT-3 [Modules] Streaming discord_utils@1 to /home/vinicius/.config/discord/0.0.115/modules/pending/discord_utils-1.zip: 33%
11/18/2025, 9:41:51 PM GMT-3 [Modules] Streaming discord_utils@1 to /home/vinicius/.config/discord/0.0.115/modules/pending/discord_utils-1.zip: 34%
11/18/2025, 9:41:51 PM GMT-3 [Modules] Streaming discord_utils@1 to /home/vinicius/.config/discord/0.0.115/modules/pending/discord_utils-1.zip: 35%
11/18/2025, 9:41:51 PM GMT-3 [Modules] Streaming discord_utils@1 to /home/vinicius/.config/discord/0.0.115/modules/pending/discord_utils-1.zip: 36%
11/18/2025, 9:41:51 PM GMT-3 [Modules] Streaming discord_utils@1 to /home/vinicius/.config/discord/0.0.115/modules/pending/discord_utils-1.zip: 37%
11/18/2025, 9:41:51 PM GMT-3 [Modules] Streaming discord_utils@1 to /home/vinicius/.config/discord/0.0.115/modules/pending/discord_utils-1.zip: 38%
11/18/2025, 9:41:51 PM GMT-3 [Modules] Streaming discord_utils@1 to /home/vinicius/.config/discord/0.0.115/modules/pending/discord_utils-1.zip: 39%
11/18/2025, 9:41:51 PM GMT-3 [Modules] Streaming discord_utils@1 to /home/vinicius/.config/discord/0.0.115/modules/pending/discord_utils-1.zip: 40%
11/18/2025, 9:41:51 PM GMT-3 [Modules] Streaming discord_utils@1 to /home/vinicius/.config/discord/0.0.115/modules/pending/discord_utils-1.zip: 41%
11/18/2025, 9:41:51 PM GMT-3 [Modules] Streaming discord_utils@1 to /home/vinicius/.config/discord/0.0.115/modules/pending/discord_utils-1.zip: 42%
11/18/2025, 9:41:51 PM GMT-3 [Modules] Streaming discord_utils@1 to /home/vinicius/.config/discord/0.0.115/modules/pending/discord_utils-1.zip: 43%
11/18/2025, 9:41:51 PM GMT-3 [Modules] Streaming discord_utils@1 to /home/vinicius/.config/discord/0.0.115/modules/pending/discord_utils-1.zip: 44%
11/18/2025, 9:41:51 PM GMT-3 [Modules] Streaming discord_utils@1 to /home/vinicius/.config/discord/0.0.115/modules/pending/discord_utils-1.zip: 45%
11/18/2025, 9:41:51 PM GMT-3 [Modules] Streaming discord_utils@1 to /home/vinicius/.config/discord/0.0.115/modules/pending/discord_utils-1.zip: 46%
11/18/2025, 9:41:51 PM GMT-3 [Modules] Streaming discord_utils@1 to /home/vinicius/.config/discord/0.0.115/modules/pending/discord_utils-1.zip: 47%
11/18/2025, 9:41:51 PM GMT-3 [Modules] Streaming discord_utils@1 to /home/vinicius/.config/discord/0.0.115/modules/pending/discord_utils-1.zip: 48%
11/18/2025, 9:41:51 PM GMT-3 [Modules] Streaming discord_utils@1 to /home/vinicius/.config/discord/0.0.115/modules/pending/discord_utils-1.zip: 49%
11/18/2025, 9:41:51 PM GMT-3 [Modules] Streaming discord_utils@1 to /home/vinicius/.config/discord/0.0.115/modules/pending/discord_utils-1.zip: 50%
11/18/2025, 9:41:52 PM GMT-3 [Modules] Streaming discord_utils@1 to /home/vinicius/.config/discord/0.0.115/modules/pending/discord_utils-1.zip: 51%
11/18/2025, 9:41:52 PM GMT-3 [Modules] Streaming discord_utils@1 to /home/vinicius/.config/discord/0.0.115/modules/pending/discord_utils-1.zip: 52%
11/18/2025, 9:41:52 PM GMT-3 [Modules] Streaming discord_utils@1 to /home/vinicius/.config/discord/0.0.115/modules/pending/discord_utils-1.zip: 53%
11/18/2025, 9:41:52 PM GMT-3 [Modules] Streaming discord_utils@1 to /home/vinicius/.config/discord/0.0.115/modules/pending/discord_utils-1.zip: 54%
11/18/2025, 9:41:52 PM GMT-3 [Modules] Streaming discord_utils@1 to /home/vinicius/.config/discord/0.0.115/modules/pending/discord_utils-1.zip: 55%
11/18/2025, 9:41:52 PM GMT-3 [Modules] Streaming discord_utils@1 to /home/vinicius/.config/discord/0.0.115/modules/pending/discord_utils-1.zip: 56%
11/18/2025, 9:41:52 PM GMT-3 [Modules] Streaming discord_utils@1 to /home/vinicius/.config/discord/0.0.115/modules/pending/discord_utils-1.zip: 57%
11/18/2025, 9:41:52 PM GMT-3 [Modules] Streaming discord_utils@1 to /home/vinicius/.config/discord/0.0.115/modules/pending/discord_utils-1.zip: 58%
11/18/2025, 9:41:52 PM GMT-3 [Modules] Streaming discord_utils@1 to /home/vinicius/.config/discord/0.0.115/modules/pending/discord_utils-1.zip: 59%
11/18/2025, 9:41:52 PM GMT-3 [Modules] Streaming discord_utils@1 to /home/vinicius/.config/discord/0.0.115/modules/pending/discord_utils-1.zip: 60%
11/18/2025, 9:41:52 PM GMT-3 [Modules] Streaming discord_utils@1 to /home/vinicius/.config/discord/0.0.115/modules/pending/discord_utils-1.zip: 61%
11/18/2025, 9:41:52 PM GMT-3 [Modules] Streaming discord_utils@1 to /home/vinicius/.config/discord/0.0.115/modules/pending/discord_utils-1.zip: 62%
11/18/2025, 9:41:52 PM GMT-3 [Modules] Streaming discord_utils@1 to /home/vinicius/.config/discord/0.0.115/modules/pending/discord_utils-1.zip: 63%
11/18/2025, 9:41:52 PM GMT-3 [Modules] Streaming discord_utils@1 to /home/vinicius/.config/discord/0.0.115/modules/pending/discord_utils-1.zip: 64%
11/18/2025, 9:41:52 PM GMT-3 [Modules] Streaming discord_utils@1 to /home/vinicius/.config/discord/0.0.115/modules/pending/discord_utils-1.zip: 65%
11/18/2025, 9:41:52 PM GMT-3 [Modules] Streaming discord_utils@1 to /home/vinicius/.config/discord/0.0.115/modules/pending/discord_utils-1.zip: 66%
11/18/2025, 9:41:52 PM GMT-3 [Modules] Streaming discord_utils@1 to /home/vinicius/.config/discord/0.0.115/modules/pending/discord_utils-1.zip: 67%
11/18/2025, 9:41:52 PM GMT-3 [Modules] Streaming discord_utils@1 to /home/vinicius/.config/discord/0.0.115/modules/pending/discord_utils-1.zip: 68%
11/18/2025, 9:41:52 PM GMT-3 [Modules] Streaming discord_utils@1 to /home/vinicius/.config/discord/0.0.115/modules/pending/discord_utils-1.zip: 69%
11/18/2025, 9:41:52 PM GMT-3 [Modules] Streaming discord_utils@1 to /home/vinicius/.config/discord/0.0.115/modules/pending/discord_utils-1.zip: 70%
11/18/2025, 9:41:52 PM GMT-3 [Modules] Streaming discord_utils@1 to /home/vinicius/.config/discord/0.0.115/modules/pending/discord_utils-1.zip: 71%
11/18/2025, 9:41:52 PM GMT-3 [Modules] Streaming discord_utils@1 to /home/vinicius/.config/discord/0.0.115/modules/pending/discord_utils-1.zip: 72%
11/18/2025, 9:41:52 PM GMT-3 [Modules] Streaming discord_utils@1 to /home/vinicius/.config/discord/0.0.115/modules/pending/discord_utils-1.zip: 73%
11/18/2025, 9:41:52 PM GMT-3 [Modules] Streaming discord_utils@1 to /home/vinicius/.config/discord/0.0.115/modules/pending/discord_utils-1.zip: 74%
11/18/2025, 9:41:52 PM GMT-3 [Modules] Streaming discord_utils@1 to /home/vinicius/.config/discord/0.0.115/modules/pending/discord_utils-1.zip: 75%
11/18/2025, 9:41:52 PM GMT-3 [Modules] Streaming discord_utils@1 to /home/vinicius/.config/discord/0.0.115/modules/pending/discord_utils-1.zip: 76%
11/18/2025, 9:41:52 PM GMT-3 [Modules] Streaming discord_utils@1 to /home/vinicius/.config/discord/0.0.115/modules/pending/discord_utils-1.zip: 78%
11/18/2025, 9:41:52 PM GMT-3 [Modules] Streaming discord_utils@1 to /home/vinicius/.config/discord/0.0.115/modules/pending/discord_utils-1.zip: 79%
11/18/2025, 9:41:52 PM GMT-3 [Modules] Streaming discord_utils@1 to /home/vinicius/.config/discord/0.0.115/modules/pending/discord_utils-1.zip: 80%
11/18/2025, 9:41:52 PM GMT-3 [Modules] Streaming discord_utils@1 to /home/vinicius/.config/discord/0.0.115/modules/pending/discord_utils-1.zip: 81%
11/18/2025, 9:41:52 PM GMT-3 [Modules] Streaming discord_utils@1 to /home/vinicius/.config/discord/0.0.115/modules/pending/discord_utils-1.zip: 82%
11/18/2025, 9:41:52 PM GMT-3 [Modules] Streaming discord_utils@1 to /home/vinicius/.config/discord/0.0.115/modules/pending/discord_utils-1.zip: 83%
11/18/2025, 9:41:52 PM GMT-3 [Modules] Streaming discord_utils@1 to /home/vinicius/.config/discord/0.0.115/modules/pending/discord_utils-1.zip: 84%
11/18/2025, 9:41:52 PM GMT-3 [Modules] Streaming discord_utils@1 to /home/vinicius/.config/discord/0.0.115/modules/pending/discord_utils-1.zip: 85%
11/18/2025, 9:41:52 PM GMT-3 [Modules] Streaming discord_utils@1 to /home/vinicius/.config/discord/0.0.115/modules/pending/discord_utils-1.zip: 86%
11/18/2025, 9:41:52 PM GMT-3 [Modules] Streaming discord_utils@1 to /home/vinicius/.config/discord/0.0.115/modules/pending/discord_utils-1.zip: 87%
11/18/2025, 9:41:52 PM GMT-3 [Modules] Streaming discord_utils@1 to /home/vinicius/.config/discord/0.0.115/modules/pending/discord_utils-1.zip: 88%
11/18/2025, 9:41:52 PM GMT-3 [Modules] Streaming discord_utils@1 to /home/vinicius/.config/discord/0.0.115/modules/pending/discord_utils-1.zip: 89%
11/18/2025, 9:41:52 PM GMT-3 [Modules] Streaming discord_utils@1 to /home/vinicius/.config/discord/0.0.115/modules/pending/discord_utils-1.zip: 90%
11/18/2025, 9:41:52 PM GMT-3 [Modules] Streaming discord_utils@1 to /home/vinicius/.config/discord/0.0.115/modules/pending/discord_utils-1.zip: 91%
11/18/2025, 9:41:52 PM GMT-3 [Modules] Streaming discord_utils@1 to /home/vinicius/.config/discord/0.0.115/modules/pending/discord_utils-1.zip: 92%
11/18/2025, 9:41:52 PM GMT-3 [Modules] Streaming discord_utils@1 to /home/vinicius/.config/discord/0.0.115/modules/pending/discord_utils-1.zip: 93%
11/18/2025, 9:41:52 PM GMT-3 [Modules] Streaming discord_utils@1 to /home/vinicius/.config/discord/0.0.115/modules/pending/discord_utils-1.zip: 94%
11/18/2025, 9:41:52 PM GMT-3 [Modules] Streaming discord_utils@1 to /home/vinicius/.config/discord/0.0.115/modules/pending/discord_utils-1.zip: 95%
11/18/2025, 9:41:52 PM GMT-3 [Modules] Streaming discord_utils@1 to /home/vinicius/.config/discord/0.0.115/modules/pending/discord_utils-1.zip: 96%
11/18/2025, 9:41:52 PM GMT-3 [Modules] Streaming discord_utils@1 to /home/vinicius/.config/discord/0.0.115/modules/pending/discord_utils-1.zip: 97%
11/18/2025, 9:41:52 PM GMT-3 [Modules] Streaming discord_utils@1 to /home/vinicius/.config/discord/0.0.115/modules/pending/discord_utils-1.zip: 98%
11/18/2025, 9:41:52 PM GMT-3 [Modules] Streaming discord_utils@1 to /home/vinicius/.config/discord/0.0.115/modules/pending/discord_utils-1.zip: 99%
11/18/2025, 9:41:52 PM GMT-3 [Modules] Streaming discord_utils@1 to /home/vinicius/.config/discord/0.0.115/modules/pending/discord_utils-1.zip: 100%
11/18/2025, 9:41:52 PM GMT-3 [Modules] Fetching discord_voice@1 from https://discord.com/api/modules/stable/discord_voice/1
11/18/2025, 9:41:52 PM GMT-3 [Modules] Streaming discord_voice@1 to /home/vinicius/.config/discord/0.0.115/modules/pending/discord_voice-1.zip
11/18/2025, 9:41:52 PM GMT-3 [Modules] Streaming discord_voice@1 to /home/vinicius/.config/discord/0.0.115/modules/pending/discord_voice-1.zip: 1%
11/18/2025, 9:41:52 PM GMT-3 [Modules] Streaming discord_voice@1 to /home/vinicius/.config/discord/0.0.115/modules/pending/discord_voice-1.zip: 2%
11/18/2025, 9:41:52 PM GMT-3 [Modules] Streaming discord_voice@1 to /home/vinicius/.config/discord/0.0.115/modules/pending/discord_voice-1.zip: 3%
11/18/2025, 9:41:52 PM GMT-3 [Modules] Streaming discord_voice@1 to /home/vinicius/.config/discord/0.0.115/modules/pending/discord_voice-1.zip: 4%
11/18/2025, 9:41:52 PM GMT-3 [Modules] Streaming discord_voice@1 to /home/vinicius/.config/discord/0.0.115/modules/pending/discord_voice-1.zip: 5%
11/18/2025, 9:41:52 PM GMT-3 [Modules] Streaming discord_voice@1 to /home/vinicius/.config/discord/0.0.115/modules/pending/discord_voice-1.zip: 6%
11/18/2025, 9:41:52 PM GMT-3 [Modules] Streaming discord_voice@1 to /home/vinicius/.config/discord/0.0.115/modules/pending/discord_voice-1.zip: 7%
11/18/2025, 9:41:53 PM GMT-3 [Modules] Streaming discord_voice@1 to /home/vinicius/.config/discord/0.0.115/modules/pending/discord_voice-1.zip: 8%
11/18/2025, 9:41:53 PM GMT-3 [Modules] Streaming discord_voice@1 to /home/vinicius/.config/discord/0.0.115/modules/pending/discord_voice-1.zip: 9%
11/18/2025, 9:41:53 PM GMT-3 [Modules] Streaming discord_voice@1 to /home/vinicius/.config/discord/0.0.115/modules/pending/discord_voice-1.zip: 10%
11/18/2025, 9:41:53 PM GMT-3 [Modules] Streaming discord_voice@1 to /home/vinicius/.config/discord/0.0.115/modules/pending/discord_voice-1.zip: 11%
11/18/2025, 9:41:53 PM GMT-3 [Modules] Streaming discord_voice@1 to /home/vinicius/.config/discord/0.0.115/modules/pending/discord_voice-1.zip: 12%
11/18/2025, 9:41:53 PM GMT-3 [Modules] Streaming discord_voice@1 to /home/vinicius/.config/discord/0.0.115/modules/pending/discord_voice-1.zip: 13%
11/18/2025, 9:41:53 PM GMT-3 [Modules] Streaming discord_voice@1 to /home/vinicius/.config/discord/0.0.115/modules/pending/discord_voice-1.zip: 14%
11/18/2025, 9:41:53 PM GMT-3 [Modules] Streaming discord_voice@1 to /home/vinicius/.config/discord/0.0.115/modules/pending/discord_voice-1.zip: 15%
11/18/2025, 9:41:53 PM GMT-3 [Modules] Streaming discord_voice@1 to /home/vinicius/.config/discord/0.0.115/modules/pending/discord_voice-1.zip: 16%
11/18/2025, 9:41:53 PM GMT-3 [Modules] Streaming discord_voice@1 to /home/vinicius/.config/discord/0.0.115/modules/pending/discord_voice-1.zip: 17%
11/18/2025, 9:41:53 PM GMT-3 [Modules] Streaming discord_voice@1 to /home/vinicius/.config/discord/0.0.115/modules/pending/discord_voice-1.zip: 18%
11/18/2025, 9:41:53 PM GMT-3 [Modules] Streaming discord_voice@1 to /home/vinicius/.config/discord/0.0.115/modules/pending/discord_voice-1.zip: 19%
11/18/2025, 9:41:53 PM GMT-3 [Modules] Streaming discord_voice@1 to /home/vinicius/.config/discord/0.0.115/modules/pending/discord_voice-1.zip: 20%
11/18/2025, 9:41:53 PM GMT-3 [Modules] Streaming discord_voice@1 to /home/vinicius/.config/discord/0.0.115/modules/pending/discord_voice-1.zip: 21%
11/18/2025, 9:41:53 PM GMT-3 [Modules] Streaming discord_voice@1 to /home/vinicius/.config/discord/0.0.115/modules/pending/discord_voice-1.zip: 22%
11/18/2025, 9:41:54 PM GMT-3 [Modules] Streaming discord_voice@1 to /home/vinicius/.config/discord/0.0.115/modules/pending/discord_voice-1.zip: 23%
11/18/2025, 9:41:54 PM GMT-3 [Modules] Streaming discord_voice@1 to /home/vinicius/.config/discord/0.0.115/modules/pending/discord_voice-1.zip: 24%
11/18/2025, 9:41:54 PM GMT-3 [Modules] Streaming discord_voice@1 to /home/vinicius/.config/discord/0.0.115/modules/pending/discord_voice-1.zip: 25%
11/18/2025, 9:41:54 PM GMT-3 [Modules] Streaming discord_voice@1 to /home/vinicius/.config/discord/0.0.115/modules/pending/discord_voice-1.zip: 26%
11/18/2025, 9:41:54 PM GMT-3 [Modules] Streaming discord_voice@1 to /home/vinicius/.config/discord/0.0.115/modules/pending/discord_voice-1.zip: 27%
11/18/2025, 9:41:54 PM GMT-3 [Modules] Streaming discord_voice@1 to /home/vinicius/.config/discord/0.0.115/modules/pending/discord_voice-1.zip: 28%
11/18/2025, 9:41:54 PM GMT-3 [Modules] Streaming discord_voice@1 to /home/vinicius/.config/discord/0.0.115/modules/pending/discord_voice-1.zip: 29%
11/18/2025, 9:41:54 PM GMT-3 [Modules] Streaming discord_voice@1 to /home/vinicius/.config/discord/0.0.115/modules/pending/discord_voice-1.zip: 30%
11/18/2025, 9:41:54 PM GMT-3 [Modules] Streaming discord_voice@1 to /home/vinicius/.config/discord/0.0.115/modules/pending/discord_voice-1.zip: 31%
11/18/2025, 9:41:54 PM GMT-3 [Modules] Streaming discord_voice@1 to /home/vinicius/.config/discord/0.0.115/modules/pending/discord_voice-1.zip: 32%
11/18/2025, 9:41:54 PM GMT-3 [Modules] Streaming discord_voice@1 to /home/vinicius/.config/discord/0.0.115/modules/pending/discord_voice-1.zip: 33%
11/18/2025, 9:41:54 PM GMT-3 [Modules] Streaming discord_voice@1 to /home/vinicius/.config/discord/0.0.115/modules/pending/discord_voice-1.zip: 34%
11/18/2025, 9:41:54 PM GMT-3 [Modules] Streaming discord_voice@1 to /home/vinicius/.config/discord/0.0.115/modules/pending/discord_voice-1.zip: 35%
11/18/2025, 9:41:54 PM GMT-3 [Modules] Streaming discord_voice@1 to /home/vinicius/.config/discord/0.0.115/modules/pending/discord_voice-1.zip: 36%
11/18/2025, 9:41:54 PM GMT-3 [Modules] Streaming discord_voice@1 to /home/vinicius/.config/discord/0.0.115/modules/pending/discord_voice-1.zip: 37%
11/18/2025, 9:41:54 PM GMT-3 [Modules] Streaming discord_voice@1 to /home/vinicius/.config/discord/0.0.115/modules/pending/discord_voice-1.zip: 38%
11/18/2025, 9:41:54 PM GMT-3 [Modules] Streaming discord_voice@1 to /home/vinicius/.config/discord/0.0.115/modules/pending/discord_voice-1.zip: 39%
11/18/2025, 9:41:54 PM GMT-3 [Modules] Streaming discord_voice@1 to /home/vinicius/.config/discord/0.0.115/modules/pending/discord_voice-1.zip: 40%
11/18/2025, 9:41:54 PM GMT-3 [Modules] Streaming discord_voice@1 to /home/vinicius/.config/discord/0.0.115/modules/pending/discord_voice-1.zip: 41%
11/18/2025, 9:41:54 PM GMT-3 [Modules] Streaming discord_voice@1 to /home/vinicius/.config/discord/0.0.115/modules/pending/discord_voice-1.zip: 42%
11/18/2025, 9:41:54 PM GMT-3 [Modules] Streaming discord_voice@1 to /home/vinicius/.config/discord/0.0.115/modules/pending/discord_voice-1.zip: 43%
11/18/2025, 9:41:54 PM GMT-3 [Modules] Streaming discord_voice@1 to /home/vinicius/.config/discord/0.0.115/modules/pending/discord_voice-1.zip: 44%
11/18/2025, 9:41:54 PM GMT-3 [Modules] Streaming discord_voice@1 to /home/vinicius/.config/discord/0.0.115/modules/pending/discord_voice-1.zip: 45%
11/18/2025, 9:41:55 PM GMT-3 [Modules] Streaming discord_voice@1 to /home/vinicius/.config/discord/0.0.115/modules/pending/discord_voice-1.zip: 46%
11/18/2025, 9:41:55 PM GMT-3 [Modules] Streaming discord_voice@1 to /home/vinicius/.config/discord/0.0.115/modules/pending/discord_voice-1.zip: 47%
11/18/2025, 9:41:55 PM GMT-3 [Modules] Streaming discord_voice@1 to /home/vinicius/.config/discord/0.0.115/modules/pending/discord_voice-1.zip: 48%
11/18/2025, 9:41:55 PM GMT-3 [Modules] Streaming discord_voice@1 to /home/vinicius/.config/discord/0.0.115/modules/pending/discord_voice-1.zip: 49%
11/18/2025, 9:41:55 PM GMT-3 [Modules] Streaming discord_voice@1 to /home/vinicius/.config/discord/0.0.115/modules/pending/discord_voice-1.zip: 50%
11/18/2025, 9:41:55 PM GMT-3 [Modules] Streaming discord_voice@1 to /home/vinicius/.config/discord/0.0.115/modules/pending/discord_voice-1.zip: 51%
11/18/2025, 9:41:55 PM GMT-3 [Modules] Streaming discord_voice@1 to /home/vinicius/.config/discord/0.0.115/modules/pending/discord_voice-1.zip: 52%
11/18/2025, 9:41:55 PM GMT-3 [Modules] Streaming discord_voice@1 to /home/vinicius/.config/discord/0.0.115/modules/pending/discord_voice-1.zip: 53%
11/18/2025, 9:41:55 PM GMT-3 [Modules] Streaming discord_voice@1 to /home/vinicius/.config/discord/0.0.115/modules/pending/discord_voice-1.zip: 54%
11/18/2025, 9:41:55 PM GMT-3 [Modules] Streaming discord_voice@1 to /home/vinicius/.config/discord/0.0.115/modules/pending/discord_voice-1.zip: 55%
11/18/2025, 9:41:55 PM GMT-3 [Modules] Streaming discord_voice@1 to /home/vinicius/.config/discord/0.0.115/modules/pending/discord_voice-1.zip: 56%
11/18/2025, 9:41:55 PM GMT-3 [Modules] Streaming discord_voice@1 to /home/vinicius/.config/discord/0.0.115/modules/pending/discord_voice-1.zip: 57%
11/18/2025, 9:41:55 PM GMT-3 [Modules] Streaming discord_voice@1 to /home/vinicius/.config/discord/0.0.115/modules/pending/discord_voice-1.zip: 58%
11/18/2025, 9:41:55 PM GMT-3 [Modules] Streaming discord_voice@1 to /home/vinicius/.config/discord/0.0.115/modules/pending/discord_voice-1.zip: 59%
11/18/2025, 9:41:55 PM GMT-3 [Modules] Streaming discord_voice@1 to /home/vinicius/.config/discord/0.0.115/modules/pending/discord_voice-1.zip: 60%
11/18/2025, 9:41:55 PM GMT-3 [Modules] Streaming discord_voice@1 to /home/vinicius/.config/discord/0.0.115/modules/pending/discord_voice-1.zip: 61%
11/18/2025, 9:41:55 PM GMT-3 [Modules] Streaming discord_voice@1 to /home/vinicius/.config/discord/0.0.115/modules/pending/discord_voice-1.zip: 62%
11/18/2025, 9:41:55 PM GMT-3 [Modules] Streaming discord_voice@1 to /home/vinicius/.config/discord/0.0.115/modules/pending/discord_voice-1.zip: 63%
11/18/2025, 9:41:55 PM GMT-3 [Modules] Streaming discord_voice@1 to /home/vinicius/.config/discord/0.0.115/modules/pending/discord_voice-1.zip: 64%
11/18/2025, 9:41:55 PM GMT-3 [Modules] Streaming discord_voice@1 to /home/vinicius/.config/discord/0.0.115/modules/pending/discord_voice-1.zip: 65%
11/18/2025, 9:41:55 PM GMT-3 [Modules] Streaming discord_voice@1 to /home/vinicius/.config/discord/0.0.115/modules/pending/discord_voice-1.zip: 66%
11/18/2025, 9:41:55 PM GMT-3 [Modules] Streaming discord_voice@1 to /home/vinicius/.config/discord/0.0.115/modules/pending/discord_voice-1.zip: 67%
11/18/2025, 9:41:55 PM GMT-3 [Modules] Streaming discord_voice@1 to /home/vinicius/.config/discord/0.0.115/modules/pending/discord_voice-1.zip: 68%
11/18/2025, 9:41:55 PM GMT-3 [Modules] Streaming discord_voice@1 to /home/vinicius/.config/discord/0.0.115/modules/pending/discord_voice-1.zip: 69%
11/18/2025, 9:41:55 PM GMT-3 [Modules] Streaming discord_voice@1 to /home/vinicius/.config/discord/0.0.115/modules/pending/discord_voice-1.zip: 70%
11/18/2025, 9:41:55 PM GMT-3 [Modules] Streaming discord_voice@1 to /home/vinicius/.config/discord/0.0.115/modules/pending/discord_voice-1.zip: 71%
11/18/2025, 9:41:55 PM GMT-3 [Modules] Streaming discord_voice@1 to /home/vinicius/.config/discord/0.0.115/modules/pending/discord_voice-1.zip: 72%
11/18/2025, 9:41:55 PM GMT-3 [Modules] Streaming discord_voice@1 to /home/vinicius/.config/discord/0.0.115/modules/pending/discord_voice-1.zip: 73%
11/18/2025, 9:41:55 PM GMT-3 [Modules] Streaming discord_voice@1 to /home/vinicius/.config/discord/0.0.115/modules/pending/discord_voice-1.zip: 74%
11/18/2025, 9:41:56 PM GMT-3 [Modules] Streaming discord_voice@1 to /home/vinicius/.config/discord/0.0.115/modules/pending/discord_voice-1.zip: 75%
11/18/2025, 9:41:56 PM GMT-3 [Modules] Streaming discord_voice@1 to /home/vinicius/.config/discord/0.0.115/modules/pending/discord_voice-1.zip: 76%
11/18/2025, 9:41:56 PM GMT-3 [Modules] Streaming discord_voice@1 to /home/vinicius/.config/discord/0.0.115/modules/pending/discord_voice-1.zip: 77%
11/18/2025, 9:41:56 PM GMT-3 [Modules] Streaming discord_voice@1 to /home/vinicius/.config/discord/0.0.115/modules/pending/discord_voice-1.zip: 78%
11/18/2025, 9:41:56 PM GMT-3 [Modules] Streaming discord_voice@1 to /home/vinicius/.config/discord/0.0.115/modules/pending/discord_voice-1.zip: 79%
11/18/2025, 9:41:56 PM GMT-3 [Modules] Streaming discord_voice@1 to /home/vinicius/.config/discord/0.0.115/modules/pending/discord_voice-1.zip: 80%
11/18/2025, 9:41:56 PM GMT-3 [Modules] Streaming discord_voice@1 to /home/vinicius/.config/discord/0.0.115/modules/pending/discord_voice-1.zip: 81%
11/18/2025, 9:41:56 PM GMT-3 [Modules] Streaming discord_voice@1 to /home/vinicius/.config/discord/0.0.115/modules/pending/discord_voice-1.zip: 82%
11/18/2025, 9:41:56 PM GMT-3 [Modules] Streaming discord_voice@1 to /home/vinicius/.config/discord/0.0.115/modules/pending/discord_voice-1.zip: 83%
11/18/2025, 9:41:56 PM GMT-3 [Modules] Streaming discord_voice@1 to /home/vinicius/.config/discord/0.0.115/modules/pending/discord_voice-1.zip: 84%
11/18/2025, 9:41:56 PM GMT-3 [Modules] Streaming discord_voice@1 to /home/vinicius/.config/discord/0.0.115/modules/pending/discord_voice-1.zip: 85%
11/18/2025, 9:41:56 PM GMT-3 [Modules] Streaming discord_voice@1 to /home/vinicius/.config/discord/0.0.115/modules/pending/discord_voice-1.zip: 86%
11/18/2025, 9:41:56 PM GMT-3 [Modules] Streaming discord_voice@1 to /home/vinicius/.config/discord/0.0.115/modules/pending/discord_voice-1.zip: 87%
11/18/2025, 9:41:56 PM GMT-3 [Modules] Streaming discord_voice@1 to /home/vinicius/.config/discord/0.0.115/modules/pending/discord_voice-1.zip: 88%
11/18/2025, 9:41:56 PM GMT-3 [Modules] Streaming discord_voice@1 to /home/vinicius/.config/discord/0.0.115/modules/pending/discord_voice-1.zip: 89%
11/18/2025, 9:41:56 PM GMT-3 [Modules] Streaming discord_voice@1 to /home/vinicius/.config/discord/0.0.115/modules/pending/discord_voice-1.zip: 90%
11/18/2025, 9:41:56 PM GMT-3 [Modules] Streaming discord_voice@1 to /home/vinicius/.config/discord/0.0.115/modules/pending/discord_voice-1.zip: 91%
11/18/2025, 9:41:57 PM GMT-3 [Modules] Streaming discord_voice@1 to /home/vinicius/.config/discord/0.0.115/modules/pending/discord_voice-1.zip: 92%
11/18/2025, 9:41:57 PM GMT-3 [Modules] Streaming discord_voice@1 to /home/vinicius/.config/discord/0.0.115/modules/pending/discord_voice-1.zip: 93%
11/18/2025, 9:41:57 PM GMT-3 [Modules] Streaming discord_voice@1 to /home/vinicius/.config/discord/0.0.115/modules/pending/discord_voice-1.zip: 94%
11/18/2025, 9:41:57 PM GMT-3 [Modules] Streaming discord_voice@1 to /home/vinicius/.config/discord/0.0.115/modules/pending/discord_voice-1.zip: 95%
11/18/2025, 9:41:57 PM GMT-3 [Modules] Streaming discord_voice@1 to /home/vinicius/.config/discord/0.0.115/modules/pending/discord_voice-1.zip: 96%
11/18/2025, 9:41:57 PM GMT-3 [Modules] Streaming discord_voice@1 to /home/vinicius/.config/discord/0.0.115/modules/pending/discord_voice-1.zip: 97%
11/18/2025, 9:41:57 PM GMT-3 [Modules] Streaming discord_voice@1 to /home/vinicius/.config/discord/0.0.115/modules/pending/discord_voice-1.zip: 98%
11/18/2025, 9:41:57 PM GMT-3 [Modules] Streaming discord_voice@1 to /home/vinicius/.config/discord/0.0.115/modules/pending/discord_voice-1.zip: 99%
11/18/2025, 9:41:57 PM GMT-3 [Modules] Streaming discord_voice@1 to /home/vinicius/.config/discord/0.0.115/modules/pending/discord_voice-1.zip: 100%
11/18/2025, 9:41:57 PM GMT-3 [Modules] Fetching discord_zstd@1 from https://discord.com/api/modules/stable/discord_zstd/1
11/18/2025, 9:41:57 PM GMT-3 [Modules] Streaming discord_zstd@1 to /home/vinicius/.config/discord/0.0.115/modules/pending/discord_zstd-1.zip
11/18/2025, 9:41:58 PM GMT-3 [Modules] Streaming discord_zstd@1 to /home/vinicius/.config/discord/0.0.115/modules/pending/discord_zstd-1.zip: 1%
11/18/2025, 9:41:58 PM GMT-3 [Modules] Streaming discord_zstd@1 to /home/vinicius/.config/discord/0.0.115/modules/pending/discord_zstd-1.zip: 2%
11/18/2025, 9:41:58 PM GMT-3 [Modules] Streaming discord_zstd@1 to /home/vinicius/.config/discord/0.0.115/modules/pending/discord_zstd-1.zip: 5%
11/18/2025, 9:41:58 PM GMT-3 [Modules] Streaming discord_zstd@1 to /home/vinicius/.config/discord/0.0.115/modules/pending/discord_zstd-1.zip: 7%
11/18/2025, 9:41:58 PM GMT-3 [Modules] Streaming discord_zstd@1 to /home/vinicius/.config/discord/0.0.115/modules/pending/discord_zstd-1.zip: 9%
11/18/2025, 9:41:58 PM GMT-3 [Modules] Streaming discord_zstd@1 to /home/vinicius/.config/discord/0.0.115/modules/pending/discord_zstd-1.zip: 11%
11/18/2025, 9:41:58 PM GMT-3 [Modules] Streaming discord_zstd@1 to /home/vinicius/.config/discord/0.0.115/modules/pending/discord_zstd-1.zip: 12%
11/18/2025, 9:41:58 PM GMT-3 [Modules] Streaming discord_zstd@1 to /home/vinicius/.config/discord/0.0.115/modules/pending/discord_zstd-1.zip: 13%
11/18/2025, 9:41:58 PM GMT-3 [Modules] Streaming discord_zstd@1 to /home/vinicius/.config/discord/0.0.115/modules/pending/discord_zstd-1.zip: 14%
11/18/2025, 9:41:58 PM GMT-3 [Modules] Streaming discord_zstd@1 to /home/vinicius/.config/discord/0.0.115/modules/pending/discord_zstd-1.zip: 17%
11/18/2025, 9:41:58 PM GMT-3 [Modules] Streaming discord_zstd@1 to /home/vinicius/.config/discord/0.0.115/modules/pending/discord_zstd-1.zip: 19%
11/18/2025, 9:41:58 PM GMT-3 [Modules] Streaming discord_zstd@1 to /home/vinicius/.config/discord/0.0.115/modules/pending/discord_zstd-1.zip: 22%
11/18/2025, 9:41:58 PM GMT-3 [Modules] Streaming discord_zstd@1 to /home/vinicius/.config/discord/0.0.115/modules/pending/discord_zstd-1.zip: 24%
11/18/2025, 9:41:58 PM GMT-3 [Modules] Streaming discord_zstd@1 to /home/vinicius/.config/discord/0.0.115/modules/pending/discord_zstd-1.zip: 26%
11/18/2025, 9:41:58 PM GMT-3 [Modules] Streaming discord_zstd@1 to /home/vinicius/.config/discord/0.0.115/modules/pending/discord_zstd-1.zip: 29%
11/18/2025, 9:41:58 PM GMT-3 [Modules] Streaming discord_zstd@1 to /home/vinicius/.config/discord/0.0.115/modules/pending/discord_zstd-1.zip: 31%
11/18/2025, 9:41:58 PM GMT-3 [Modules] Streaming discord_zstd@1 to /home/vinicius/.config/discord/0.0.115/modules/pending/discord_zstd-1.zip: 34%
11/18/2025, 9:41:58 PM GMT-3 [Modules] Streaming discord_zstd@1 to /home/vinicius/.config/discord/0.0.115/modules/pending/discord_zstd-1.zip: 36%
11/18/2025, 9:41:58 PM GMT-3 [Modules] Streaming discord_zstd@1 to /home/vinicius/.config/discord/0.0.115/modules/pending/discord_zstd-1.zip: 38%
11/18/2025, 9:41:58 PM GMT-3 [Modules] Streaming discord_zstd@1 to /home/vinicius/.config/discord/0.0.115/modules/pending/discord_zstd-1.zip: 41%
11/18/2025, 9:41:58 PM GMT-3 [Modules] Streaming discord_zstd@1 to /home/vinicius/.config/discord/0.0.115/modules/pending/discord_zstd-1.zip: 42%
11/18/2025, 9:41:58 PM GMT-3 [Modules] Streaming discord_zstd@1 to /home/vinicius/.config/discord/0.0.115/modules/pending/discord_zstd-1.zip: 44%
11/18/2025, 9:41:58 PM GMT-3 [Modules] Streaming discord_zstd@1 to /home/vinicius/.config/discord/0.0.115/modules/pending/discord_zstd-1.zip: 46%
11/18/2025, 9:41:58 PM GMT-3 [Modules] Streaming discord_zstd@1 to /home/vinicius/.config/discord/0.0.115/modules/pending/discord_zstd-1.zip: 48%
11/18/2025, 9:41:58 PM GMT-3 [Modules] Streaming discord_zstd@1 to /home/vinicius/.config/discord/0.0.115/modules/pending/discord_zstd-1.zip: 51%
11/18/2025, 9:41:58 PM GMT-3 [Modules] Streaming discord_zstd@1 to /home/vinicius/.config/discord/0.0.115/modules/pending/discord_zstd-1.zip: 53%
11/18/2025, 9:41:58 PM GMT-3 [Modules] Streaming discord_zstd@1 to /home/vinicius/.config/discord/0.0.115/modules/pending/discord_zstd-1.zip: 55%
11/18/2025, 9:41:58 PM GMT-3 [Modules] Streaming discord_zstd@1 to /home/vinicius/.config/discord/0.0.115/modules/pending/discord_zstd-1.zip: 58%
11/18/2025, 9:41:58 PM GMT-3 [Modules] Streaming discord_zstd@1 to /home/vinicius/.config/discord/0.0.115/modules/pending/discord_zstd-1.zip: 61%
11/18/2025, 9:41:58 PM GMT-3 [Modules] Streaming discord_zstd@1 to /home/vinicius/.config/discord/0.0.115/modules/pending/discord_zstd-1.zip: 63%
11/18/2025, 9:41:58 PM GMT-3 [Modules] Streaming discord_zstd@1 to /home/vinicius/.config/discord/0.0.115/modules/pending/discord_zstd-1.zip: 65%
11/18/2025, 9:41:58 PM GMT-3 [Modules] Streaming discord_zstd@1 to /home/vinicius/.config/discord/0.0.115/modules/pending/discord_zstd-1.zip: 67%
11/18/2025, 9:41:58 PM GMT-3 [Modules] Streaming discord_zstd@1 to /home/vinicius/.config/discord/0.0.115/modules/pending/discord_zstd-1.zip: 69%
11/18/2025, 9:41:58 PM GMT-3 [Modules] Streaming discord_zstd@1 to /home/vinicius/.config/discord/0.0.115/modules/pending/discord_zstd-1.zip: 72%
11/18/2025, 9:41:58 PM GMT-3 [Modules] Streaming discord_zstd@1 to /home/vinicius/.config/discord/0.0.115/modules/pending/discord_zstd-1.zip: 73%
11/18/2025, 9:41:58 PM GMT-3 [Modules] Streaming discord_zstd@1 to /home/vinicius/.config/discord/0.0.115/modules/pending/discord_zstd-1.zip: 76%
11/18/2025, 9:41:58 PM GMT-3 [Modules] Streaming discord_zstd@1 to /home/vinicius/.config/discord/0.0.115/modules/pending/discord_zstd-1.zip: 78%
11/18/2025, 9:41:58 PM GMT-3 [Modules] Streaming discord_zstd@1 to /home/vinicius/.config/discord/0.0.115/modules/pending/discord_zstd-1.zip: 79%
11/18/2025, 9:41:58 PM GMT-3 [Modules] Streaming discord_zstd@1 to /home/vinicius/.config/discord/0.0.115/modules/pending/discord_zstd-1.zip: 82%
11/18/2025, 9:41:58 PM GMT-3 [Modules] Streaming discord_zstd@1 to /home/vinicius/.config/discord/0.0.115/modules/pending/discord_zstd-1.zip: 84%
11/18/2025, 9:41:58 PM GMT-3 [Modules] Streaming discord_zstd@1 to /home/vinicius/.config/discord/0.0.115/modules/pending/discord_zstd-1.zip: 86%
11/18/2025, 9:41:58 PM GMT-3 [Modules] Streaming discord_zstd@1 to /home/vinicius/.config/discord/0.0.115/modules/pending/discord_zstd-1.zip: 88%
11/18/2025, 9:41:58 PM GMT-3 [Modules] Streaming discord_zstd@1 to /home/vinicius/.config/discord/0.0.115/modules/pending/discord_zstd-1.zip: 90%
11/18/2025, 9:41:58 PM GMT-3 [Modules] Streaming discord_zstd@1 to /home/vinicius/.config/discord/0.0.115/modules/pending/discord_zstd-1.zip: 93%
11/18/2025, 9:41:58 PM GMT-3 [Modules] Streaming discord_zstd@1 to /home/vinicius/.config/discord/0.0.115/modules/pending/discord_zstd-1.zip: 95%
11/18/2025, 9:41:58 PM GMT-3 [Modules] Streaming discord_zstd@1 to /home/vinicius/.config/discord/0.0.115/modules/pending/discord_zstd-1.zip: 97%
11/18/2025, 9:41:58 PM GMT-3 [Modules] Streaming discord_zstd@1 to /home/vinicius/.config/discord/0.0.115/modules/pending/discord_zstd-1.zip: 100%
11/18/2025, 9:41:58 PM GMT-3 [Modules] Finished module downloads. [success: 6] [failure: 0]
11/18/2025, 9:41:58 PM GMT-3 [Modules] Installing updates...
11/18/2025, 9:41:58 PM GMT-3 [Modules] Installing discord_desktop_core@1 from /home/vinicius/.config/discord/0.0.115/modules/pending/discord_desktop_core-1.zip
11/18/2025, 9:41:58 PM GMT-3 [Modules] Installing discord_erlpack@1 from /home/vinicius/.config/discord/0.0.115/modules/pending/discord_erlpack-1.zip
11/18/2025, 9:41:58 PM GMT-3 [Modules] Installing discord_spellcheck@1 from /home/vinicius/.config/discord/0.0.115/modules/pending/discord_spellcheck-1.zip
11/18/2025, 9:41:59 PM GMT-3 [Modules] Installing discord_utils@1 from /home/vinicius/.config/discord/0.0.115/modules/pending/discord_utils-1.zip
11/18/2025, 9:41:59 PM GMT-3 [Modules] Installing discord_voice@1 from /home/vinicius/.config/discord/0.0.115/modules/pending/discord_voice-1.zip
11/18/2025, 9:41:59 PM GMT-3 [Modules] Installing discord_zstd@1 from /home/vinicius/.config/discord/0.0.115/modules/pending/discord_zstd-1.zip
11/18/2025, 9:41:59 PM GMT-3 [Modules] Finished module installations. [success: 6] [failure: 0]
11/18/2025, 9:41:59 PM GMT-3 [Modules] Checking for host updates.
11/18/2025, 9:42:00 PM GMT-3 [Modules] Host is up to date.
11/18/2025, 9:42:00 PM GMT-3 [Modules] Checking for module updates at https://discord.com/api/modules/stable/versions.json
11/18/2025, 9:42:00 PM GMT-3 [Modules] No module updates available.
11/18/2025, 9:42:03 PM GMT-3 [Modules] Starting to install discord_krisp...
11/18/2025, 9:42:03 PM GMT-3 [Modules] Fetching discord_krisp@1 from https://discord.com/api/modules/stable/discord_krisp/1
11/18/2025, 9:42:03 PM GMT-3 [Modules] Streaming discord_krisp@1 to /home/vinicius/.config/discord/0.0.115/modules/pending/discord_krisp-1.zip
11/18/2025, 9:42:03 PM GMT-3 [Modules] Starting to install discord_game_utils...
11/18/2025, 9:42:03 PM GMT-3 [Modules] Streaming discord_krisp@1 to /home/vinicius/.config/discord/0.0.115/modules/pending/discord_krisp-1.zip: 1%
11/18/2025, 9:42:03 PM GMT-3 [Modules] Streaming discord_krisp@1 to /home/vinicius/.config/discord/0.0.115/modules/pending/discord_krisp-1.zip: 2%
11/18/2025, 9:42:03 PM GMT-3 [Modules] Streaming discord_krisp@1 to /home/vinicius/.config/discord/0.0.115/modules/pending/discord_krisp-1.zip: 3%
11/18/2025, 9:42:03 PM GMT-3 [Modules] Streaming discord_krisp@1 to /home/vinicius/.config/discord/0.0.115/modules/pending/discord_krisp-1.zip: 4%
11/18/2025, 9:42:04 PM GMT-3 [Modules] Streaming discord_krisp@1 to /home/vinicius/.config/discord/0.0.115/modules/pending/discord_krisp-1.zip: 5%
11/18/2025, 9:42:04 PM GMT-3 [Modules] Streaming discord_krisp@1 to /home/vinicius/.config/discord/0.0.115/modules/pending/discord_krisp-1.zip: 6%
11/18/2025, 9:42:04 PM GMT-3 [Modules] Streaming discord_krisp@1 to /home/vinicius/.config/discord/0.0.115/modules/pending/discord_krisp-1.zip: 7%
11/18/2025, 9:42:04 PM GMT-3 [Modules] Streaming discord_krisp@1 to /home/vinicius/.config/discord/0.0.115/modules/pending/discord_krisp-1.zip: 8%
11/18/2025, 9:42:04 PM GMT-3 [Modules] Streaming discord_krisp@1 to /home/vinicius/.config/discord/0.0.115/modules/pending/discord_krisp-1.zip: 9%
11/18/2025, 9:42:04 PM GMT-3 [Modules] Streaming discord_krisp@1 to /home/vinicius/.config/discord/0.0.115/modules/pending/discord_krisp-1.zip: 10%
11/18/2025, 9:42:04 PM GMT-3 [Modules] Streaming discord_krisp@1 to /home/vinicius/.config/discord/0.0.115/modules/pending/discord_krisp-1.zip: 11%
11/18/2025, 9:42:04 PM GMT-3 [Modules] Streaming discord_krisp@1 to /home/vinicius/.config/discord/0.0.115/modules/pending/discord_krisp-1.zip: 12%
11/18/2025, 9:42:04 PM GMT-3 [Modules] Streaming discord_krisp@1 to /home/vinicius/.config/discord/0.0.115/modules/pending/discord_krisp-1.zip: 13%
11/18/2025, 9:42:04 PM GMT-3 [Modules] Streaming discord_krisp@1 to /home/vinicius/.config/discord/0.0.115/modules/pending/discord_krisp-1.zip: 14%
11/18/2025, 9:42:04 PM GMT-3 [Modules] Streaming discord_krisp@1 to /home/vinicius/.config/discord/0.0.115/modules/pending/discord_krisp-1.zip: 15%
11/18/2025, 9:42:04 PM GMT-3 [Modules] Streaming discord_krisp@1 to /home/vinicius/.config/discord/0.0.115/modules/pending/discord_krisp-1.zip: 16%
11/18/2025, 9:42:04 PM GMT-3 [Modules] Streaming discord_krisp@1 to /home/vinicius/.config/discord/0.0.115/modules/pending/discord_krisp-1.zip: 17%
11/18/2025, 9:42:04 PM GMT-3 [Modules] Streaming discord_krisp@1 to /home/vinicius/.config/discord/0.0.115/modules/pending/discord_krisp-1.zip: 18%
11/18/2025, 9:42:04 PM GMT-3 [Modules] Streaming discord_krisp@1 to /home/vinicius/.config/discord/0.0.115/modules/pending/discord_krisp-1.zip: 19%
11/18/2025, 9:42:04 PM GMT-3 [Modules] Streaming discord_krisp@1 to /home/vinicius/.config/discord/0.0.115/modules/pending/discord_krisp-1.zip: 20%
11/18/2025, 9:42:04 PM GMT-3 [Modules] Streaming discord_krisp@1 to /home/vinicius/.config/discord/0.0.115/modules/pending/discord_krisp-1.zip: 21%
11/18/2025, 9:42:04 PM GMT-3 [Modules] Streaming discord_krisp@1 to /home/vinicius/.config/discord/0.0.115/modules/pending/discord_krisp-1.zip: 22%
11/18/2025, 9:42:04 PM GMT-3 [Modules] Streaming discord_krisp@1 to /home/vinicius/.config/discord/0.0.115/modules/pending/discord_krisp-1.zip: 23%
11/18/2025, 9:42:04 PM GMT-3 [Modules] Streaming discord_krisp@1 to /home/vinicius/.config/discord/0.0.115/modules/pending/discord_krisp-1.zip: 24%
11/18/2025, 9:42:04 PM GMT-3 [Modules] Streaming discord_krisp@1 to /home/vinicius/.config/discord/0.0.115/modules/pending/discord_krisp-1.zip: 25%
11/18/2025, 9:42:04 PM GMT-3 [Modules] Streaming discord_krisp@1 to /home/vinicius/.config/discord/0.0.115/modules/pending/discord_krisp-1.zip: 26%
11/18/2025, 9:42:05 PM GMT-3 [Modules] Streaming discord_krisp@1 to /home/vinicius/.config/discord/0.0.115/modules/pending/discord_krisp-1.zip: 27%
11/18/2025, 9:42:05 PM GMT-3 [Modules] Streaming discord_krisp@1 to /home/vinicius/.config/discord/0.0.115/modules/pending/discord_krisp-1.zip: 28%
11/18/2025, 9:42:05 PM GMT-3 [Modules] Streaming discord_krisp@1 to /home/vinicius/.config/discord/0.0.115/modules/pending/discord_krisp-1.zip: 29%
11/18/2025, 9:42:05 PM GMT-3 [Modules] Streaming discord_krisp@1 to /home/vinicius/.config/discord/0.0.115/modules/pending/discord_krisp-1.zip: 30%
11/18/2025, 9:42:05 PM GMT-3 [Modules] Streaming discord_krisp@1 to /home/vinicius/.config/discord/0.0.115/modules/pending/discord_krisp-1.zip: 31%
11/18/2025, 9:42:05 PM GMT-3 [Modules] Streaming discord_krisp@1 to /home/vinicius/.config/discord/0.0.115/modules/pending/discord_krisp-1.zip: 32%
11/18/2025, 9:42:05 PM GMT-3 [Modules] Streaming discord_krisp@1 to /home/vinicius/.config/discord/0.0.115/modules/pending/discord_krisp-1.zip: 33%
11/18/2025, 9:42:05 PM GMT-3 [Modules] Streaming discord_krisp@1 to /home/vinicius/.config/discord/0.0.115/modules/pending/discord_krisp-1.zip: 34%
11/18/2025, 9:42:05 PM GMT-3 [Modules] Streaming discord_krisp@1 to /home/vinicius/.config/discord/0.0.115/modules/pending/discord_krisp-1.zip: 35%
11/18/2025, 9:42:05 PM GMT-3 [Modules] Streaming discord_krisp@1 to /home/vinicius/.config/discord/0.0.115/modules/pending/discord_krisp-1.zip: 36%
11/18/2025, 9:42:05 PM GMT-3 [Modules] Streaming discord_krisp@1 to /home/vinicius/.config/discord/0.0.115/modules/pending/discord_krisp-1.zip: 37%
11/18/2025, 9:42:05 PM GMT-3 [Modules] Streaming discord_krisp@1 to /home/vinicius/.config/discord/0.0.115/modules/pending/discord_krisp-1.zip: 38%
11/18/2025, 9:42:05 PM GMT-3 [Modules] Streaming discord_krisp@1 to /home/vinicius/.config/discord/0.0.115/modules/pending/discord_krisp-1.zip: 39%
11/18/2025, 9:42:05 PM GMT-3 [Modules] Streaming discord_krisp@1 to /home/vinicius/.config/discord/0.0.115/modules/pending/discord_krisp-1.zip: 40%
11/18/2025, 9:42:05 PM GMT-3 [Modules] Streaming discord_krisp@1 to /home/vinicius/.config/discord/0.0.115/modules/pending/discord_krisp-1.zip: 41%
11/18/2025, 9:42:05 PM GMT-3 [Modules] Streaming discord_krisp@1 to /home/vinicius/.config/discord/0.0.115/modules/pending/discord_krisp-1.zip: 42%
11/18/2025, 9:42:05 PM GMT-3 [Modules] Streaming discord_krisp@1 to /home/vinicius/.config/discord/0.0.115/modules/pending/discord_krisp-1.zip: 43%
11/18/2025, 9:42:05 PM GMT-3 [Modules] Streaming discord_krisp@1 to /home/vinicius/.config/discord/0.0.115/modules/pending/discord_krisp-1.zip: 44%
11/18/2025, 9:42:05 PM GMT-3 [Modules] Streaming discord_krisp@1 to /home/vinicius/.config/discord/0.0.115/modules/pending/discord_krisp-1.zip: 45%
11/18/2025, 9:42:05 PM GMT-3 [Modules] Streaming discord_krisp@1 to /home/vinicius/.config/discord/0.0.115/modules/pending/discord_krisp-1.zip: 46%
11/18/2025, 9:42:06 PM GMT-3 [Modules] Streaming discord_krisp@1 to /home/vinicius/.config/discord/0.0.115/modules/pending/discord_krisp-1.zip: 47%
11/18/2025, 9:42:06 PM GMT-3 [Modules] Streaming discord_krisp@1 to /home/vinicius/.config/discord/0.0.115/modules/pending/discord_krisp-1.zip: 48%
11/18/2025, 9:42:06 PM GMT-3 [Modules] Streaming discord_krisp@1 to /home/vinicius/.config/discord/0.0.115/modules/pending/discord_krisp-1.zip: 49%
11/18/2025, 9:42:06 PM GMT-3 [Modules] Streaming discord_krisp@1 to /home/vinicius/.config/discord/0.0.115/modules/pending/discord_krisp-1.zip: 50%
11/18/2025, 9:42:06 PM GMT-3 [Modules] Streaming discord_krisp@1 to /home/vinicius/.config/discord/0.0.115/modules/pending/discord_krisp-1.zip: 51%
11/18/2025, 9:42:06 PM GMT-3 [Modules] Streaming discord_krisp@1 to /home/vinicius/.config/discord/0.0.115/modules/pending/discord_krisp-1.zip: 52%
11/18/2025, 9:42:06 PM GMT-3 [Modules] Streaming discord_krisp@1 to /home/vinicius/.config/discord/0.0.115/modules/pending/discord_krisp-1.zip: 53%
11/18/2025, 9:42:06 PM GMT-3 [Modules] Streaming discord_krisp@1 to /home/vinicius/.config/discord/0.0.115/modules/pending/discord_krisp-1.zip: 54%
11/18/2025, 9:42:06 PM GMT-3 [Modules] Streaming discord_krisp@1 to /home/vinicius/.config/discord/0.0.115/modules/pending/discord_krisp-1.zip: 55%
11/18/2025, 9:42:06 PM GMT-3 [Modules] Streaming discord_krisp@1 to /home/vinicius/.config/discord/0.0.115/modules/pending/discord_krisp-1.zip: 56%
11/18/2025, 9:42:06 PM GMT-3 [Modules] Streaming discord_krisp@1 to /home/vinicius/.config/discord/0.0.115/modules/pending/discord_krisp-1.zip: 57%
11/18/2025, 9:42:06 PM GMT-3 [Modules] Starting to install discord_rpc...
11/18/2025, 9:42:06 PM GMT-3 [Modules] Streaming discord_krisp@1 to /home/vinicius/.config/discord/0.0.115/modules/pending/discord_krisp-1.zip: 58%
11/18/2025, 9:42:06 PM GMT-3 [Modules] Streaming discord_krisp@1 to /home/vinicius/.config/discord/0.0.115/modules/pending/discord_krisp-1.zip: 59%
11/18/2025, 9:42:06 PM GMT-3 [Modules] Streaming discord_krisp@1 to /home/vinicius/.config/discord/0.0.115/modules/pending/discord_krisp-1.zip: 60%
11/18/2025, 9:42:06 PM GMT-3 [Modules] Streaming discord_krisp@1 to /home/vinicius/.config/discord/0.0.115/modules/pending/discord_krisp-1.zip: 61%
11/18/2025, 9:42:06 PM GMT-3 [Modules] Streaming discord_krisp@1 to /home/vinicius/.config/discord/0.0.115/modules/pending/discord_krisp-1.zip: 62%
11/18/2025, 9:42:06 PM GMT-3 [Modules] Streaming discord_krisp@1 to /home/vinicius/.config/discord/0.0.115/modules/pending/discord_krisp-1.zip: 63%
11/18/2025, 9:42:06 PM GMT-3 [Modules] Streaming discord_krisp@1 to /home/vinicius/.config/discord/0.0.115/modules/pending/discord_krisp-1.zip: 64%
11/18/2025, 9:42:06 PM GMT-3 [Modules] Streaming discord_krisp@1 to /home/vinicius/.config/discord/0.0.115/modules/pending/discord_krisp-1.zip: 65%
11/18/2025, 9:42:06 PM GMT-3 [Modules] Streaming discord_krisp@1 to /home/vinicius/.config/discord/0.0.115/modules/pending/discord_krisp-1.zip: 66%
11/18/2025, 9:42:06 PM GMT-3 [Modules] Streaming discord_krisp@1 to /home/vinicius/.config/discord/0.0.115/modules/pending/discord_krisp-1.zip: 67%
11/18/2025, 9:42:06 PM GMT-3 [Modules] Streaming discord_krisp@1 to /home/vinicius/.config/discord/0.0.115/modules/pending/discord_krisp-1.zip: 68%
11/18/2025, 9:42:06 PM GMT-3 [Modules] Streaming discord_krisp@1 to /home/vinicius/.config/discord/0.0.115/modules/pending/discord_krisp-1.zip: 69%
11/18/2025, 9:42:06 PM GMT-3 [Modules] Streaming discord_krisp@1 to /home/vinicius/.config/discord/0.0.115/modules/pending/discord_krisp-1.zip: 70%
11/18/2025, 9:42:07 PM GMT-3 [Modules] Streaming discord_krisp@1 to /home/vinicius/.config/discord/0.0.115/modules/pending/discord_krisp-1.zip: 71%
11/18/2025, 9:42:07 PM GMT-3 [Modules] Streaming discord_krisp@1 to /home/vinicius/.config/discord/0.0.115/modules/pending/discord_krisp-1.zip: 72%
11/18/2025, 9:42:07 PM GMT-3 [Modules] Streaming discord_krisp@1 to /home/vinicius/.config/discord/0.0.115/modules/pending/discord_krisp-1.zip: 73%
11/18/2025, 9:42:07 PM GMT-3 [Modules] Streaming discord_krisp@1 to /home/vinicius/.config/discord/0.0.115/modules/pending/discord_krisp-1.zip: 74%
11/18/2025, 9:42:07 PM GMT-3 [Modules] Streaming discord_krisp@1 to /home/vinicius/.config/discord/0.0.115/modules/pending/discord_krisp-1.zip: 75%
11/18/2025, 9:42:07 PM GMT-3 [Modules] Streaming discord_krisp@1 to /home/vinicius/.config/discord/0.0.115/modules/pending/discord_krisp-1.zip: 76%
11/18/2025, 9:42:07 PM GMT-3 [Modules] Streaming discord_krisp@1 to /home/vinicius/.config/discord/0.0.115/modules/pending/discord_krisp-1.zip: 77%
11/18/2025, 9:42:07 PM GMT-3 [Modules] Streaming discord_krisp@1 to /home/vinicius/.config/discord/0.0.115/modules/pending/discord_krisp-1.zip: 78%
11/18/2025, 9:42:07 PM GMT-3 [Modules] Streaming discord_krisp@1 to /home/vinicius/.config/discord/0.0.115/modules/pending/discord_krisp-1.zip: 79%
11/18/2025, 9:42:07 PM GMT-3 [Modules] Streaming discord_krisp@1 to /home/vinicius/.config/discord/0.0.115/modules/pending/discord_krisp-1.zip: 80%
11/18/2025, 9:42:07 PM GMT-3 [Modules] Streaming discord_krisp@1 to /home/vinicius/.config/discord/0.0.115/modules/pending/discord_krisp-1.zip: 81%
11/18/2025, 9:42:07 PM GMT-3 [Modules] Streaming discord_krisp@1 to /home/vinicius/.config/discord/0.0.115/modules/pending/discord_krisp-1.zip: 82%
11/18/2025, 9:42:07 PM GMT-3 [Modules] Streaming discord_krisp@1 to /home/vinicius/.config/discord/0.0.115/modules/pending/discord_krisp-1.zip: 83%
11/18/2025, 9:42:07 PM GMT-3 [Modules] Streaming discord_krisp@1 to /home/vinicius/.config/discord/0.0.115/modules/pending/discord_krisp-1.zip: 84%
11/18/2025, 9:42:07 PM GMT-3 [Modules] Streaming discord_krisp@1 to /home/vinicius/.config/discord/0.0.115/modules/pending/discord_krisp-1.zip: 85%
11/18/2025, 9:42:07 PM GMT-3 [Modules] Streaming discord_krisp@1 to /home/vinicius/.config/discord/0.0.115/modules/pending/discord_krisp-1.zip: 86%
11/18/2025, 9:42:07 PM GMT-3 [Modules] Streaming discord_krisp@1 to /home/vinicius/.config/discord/0.0.115/modules/pending/discord_krisp-1.zip: 87%
11/18/2025, 9:42:07 PM GMT-3 [Modules] Streaming discord_krisp@1 to /home/vinicius/.config/discord/0.0.115/modules/pending/discord_krisp-1.zip: 88%
11/18/2025, 9:42:07 PM GMT-3 [Modules] Streaming discord_krisp@1 to /home/vinicius/.config/discord/0.0.115/modules/pending/discord_krisp-1.zip: 89%
11/18/2025, 9:42:07 PM GMT-3 [Modules] Streaming discord_krisp@1 to /home/vinicius/.config/discord/0.0.115/modules/pending/discord_krisp-1.zip: 90%
11/18/2025, 9:42:07 PM GMT-3 [Modules] Streaming discord_krisp@1 to /home/vinicius/.config/discord/0.0.115/modules/pending/discord_krisp-1.zip: 91%
11/18/2025, 9:42:07 PM GMT-3 [Modules] Streaming discord_krisp@1 to /home/vinicius/.config/discord/0.0.115/modules/pending/discord_krisp-1.zip: 92%
11/18/2025, 9:42:07 PM GMT-3 [Modules] Streaming discord_krisp@1 to /home/vinicius/.config/discord/0.0.115/modules/pending/discord_krisp-1.zip: 93%
11/18/2025, 9:42:07 PM GMT-3 [Modules] Streaming discord_krisp@1 to /home/vinicius/.config/discord/0.0.115/modules/pending/discord_krisp-1.zip: 94%
11/18/2025, 9:42:07 PM GMT-3 [Modules] Streaming discord_krisp@1 to /home/vinicius/.config/discord/0.0.115/modules/pending/discord_krisp-1.zip: 95%
11/18/2025, 9:42:08 PM GMT-3 [Modules] Streaming discord_krisp@1 to /home/vinicius/.config/discord/0.0.115/modules/pending/discord_krisp-1.zip: 96%
11/18/2025, 9:42:08 PM GMT-3 [Modules] Streaming discord_krisp@1 to /home/vinicius/.config/discord/0.0.115/modules/pending/discord_krisp-1.zip: 97%
11/18/2025, 9:42:08 PM GMT-3 [Modules] Streaming discord_krisp@1 to /home/vinicius/.config/discord/0.0.115/modules/pending/discord_krisp-1.zip: 98%
11/18/2025, 9:42:08 PM GMT-3 [Modules] Streaming discord_krisp@1 to /home/vinicius/.config/discord/0.0.115/modules/pending/discord_krisp-1.zip: 99%
11/18/2025, 9:42:08 PM GMT-3 [Modules] Streaming discord_krisp@1 to /home/vinicius/.config/discord/0.0.115/modules/pending/discord_krisp-1.zip: 100%
11/18/2025, 9:42:08 PM GMT-3 [Modules] Fetching discord_game_utils@1 from https://discord.com/api/modules/stable/discord_game_utils/1
11/18/2025, 9:42:08 PM GMT-3 [Modules] Streaming discord_game_utils@1 to /home/vinicius/.config/discord/0.0.115/modules/pending/discord_game_utils-1.zip
11/18/2025, 9:42:08 PM GMT-3 [Modules] Installing discord_krisp@1 from /home/vinicius/.config/discord/0.0.115/modules/pending/discord_krisp-1.zip
11/18/2025, 9:42:08 PM GMT-3 [Modules] Streaming discord_game_utils@1 to /home/vinicius/.config/discord/0.0.115/modules/pending/discord_game_utils-1.zip: 1%
11/18/2025, 9:42:08 PM GMT-3 [Modules] Streaming discord_game_utils@1 to /home/vinicius/.config/discord/0.0.115/modules/pending/discord_game_utils-1.zip: 2%
11/18/2025, 9:42:08 PM GMT-3 [Modules] Streaming discord_game_utils@1 to /home/vinicius/.config/discord/0.0.115/modules/pending/discord_game_utils-1.zip: 3%
11/18/2025, 9:42:08 PM GMT-3 [Modules] Streaming discord_game_utils@1 to /home/vinicius/.config/discord/0.0.115/modules/pending/discord_game_utils-1.zip: 4%
11/18/2025, 9:42:08 PM GMT-3 [Modules] Streaming discord_game_utils@1 to /home/vinicius/.config/discord/0.0.115/modules/pending/discord_game_utils-1.zip: 5%
11/18/2025, 9:42:08 PM GMT-3 [Modules] Streaming discord_game_utils@1 to /home/vinicius/.config/discord/0.0.115/modules/pending/discord_game_utils-1.zip: 6%
11/18/2025, 9:42:08 PM GMT-3 [Modules] Streaming discord_game_utils@1 to /home/vinicius/.config/discord/0.0.115/modules/pending/discord_game_utils-1.zip: 7%
11/18/2025, 9:42:08 PM GMT-3 [Modules] Streaming discord_game_utils@1 to /home/vinicius/.config/discord/0.0.115/modules/pending/discord_game_utils-1.zip: 8%
11/18/2025, 9:42:08 PM GMT-3 [Modules] Streaming discord_game_utils@1 to /home/vinicius/.config/discord/0.0.115/modules/pending/discord_game_utils-1.zip: 9%
11/18/2025, 9:42:08 PM GMT-3 [Modules] Streaming discord_game_utils@1 to /home/vinicius/.config/discord/0.0.115/modules/pending/discord_game_utils-1.zip: 10%
11/18/2025, 9:42:08 PM GMT-3 [Modules] Streaming discord_game_utils@1 to /home/vinicius/.config/discord/0.0.115/modules/pending/discord_game_utils-1.zip: 11%
11/18/2025, 9:42:08 PM GMT-3 [Modules] Streaming discord_game_utils@1 to /home/vinicius/.config/discord/0.0.115/modules/pending/discord_game_utils-1.zip: 12%
11/18/2025, 9:42:08 PM GMT-3 [Modules] Streaming discord_game_utils@1 to /home/vinicius/.config/discord/0.0.115/modules/pending/discord_game_utils-1.zip: 13%
11/18/2025, 9:42:08 PM GMT-3 [Modules] Streaming discord_game_utils@1 to /home/vinicius/.config/discord/0.0.115/modules/pending/discord_game_utils-1.zip: 14%
11/18/2025, 9:42:08 PM GMT-3 [Modules] Streaming discord_game_utils@1 to /home/vinicius/.config/discord/0.0.115/modules/pending/discord_game_utils-1.zip: 15%
11/18/2025, 9:42:08 PM GMT-3 [Modules] Streaming discord_game_utils@1 to /home/vinicius/.config/discord/0.0.115/modules/pending/discord_game_utils-1.zip: 16%
11/18/2025, 9:42:08 PM GMT-3 [Modules] Streaming discord_game_utils@1 to /home/vinicius/.config/discord/0.0.115/modules/pending/discord_game_utils-1.zip: 17%
11/18/2025, 9:42:08 PM GMT-3 [Modules] Streaming discord_game_utils@1 to /home/vinicius/.config/discord/0.0.115/modules/pending/discord_game_utils-1.zip: 18%
11/18/2025, 9:42:08 PM GMT-3 [Modules] Streaming discord_game_utils@1 to /home/vinicius/.config/discord/0.0.115/modules/pending/discord_game_utils-1.zip: 19%
11/18/2025, 9:42:08 PM GMT-3 [Modules] Streaming discord_game_utils@1 to /home/vinicius/.config/discord/0.0.115/modules/pending/discord_game_utils-1.zip: 20%
11/18/2025, 9:42:08 PM GMT-3 [Modules] Streaming discord_game_utils@1 to /home/vinicius/.config/discord/0.0.115/modules/pending/discord_game_utils-1.zip: 21%
11/18/2025, 9:42:08 PM GMT-3 [Modules] Streaming discord_game_utils@1 to /home/vinicius/.config/discord/0.0.115/modules/pending/discord_game_utils-1.zip: 22%
11/18/2025, 9:42:08 PM GMT-3 [Modules] Streaming discord_game_utils@1 to /home/vinicius/.config/discord/0.0.115/modules/pending/discord_game_utils-1.zip: 23%
11/18/2025, 9:42:08 PM GMT-3 [Modules] Streaming discord_game_utils@1 to /home/vinicius/.config/discord/0.0.115/modules/pending/discord_game_utils-1.zip: 24%
11/18/2025, 9:42:08 PM GMT-3 [Modules] Streaming discord_game_utils@1 to /home/vinicius/.config/discord/0.0.115/modules/pending/discord_game_utils-1.zip: 25%
11/18/2025, 9:42:08 PM GMT-3 [Modules] Streaming discord_game_utils@1 to /home/vinicius/.config/discord/0.0.115/modules/pending/discord_game_utils-1.zip: 26%
11/18/2025, 9:42:08 PM GMT-3 [Modules] Streaming discord_game_utils@1 to /home/vinicius/.config/discord/0.0.115/modules/pending/discord_game_utils-1.zip: 27%
11/18/2025, 9:42:08 PM GMT-3 [Modules] Finished module installations. [success: 1] [failure: 0]
11/18/2025, 9:42:08 PM GMT-3 [Modules] Streaming discord_game_utils@1 to /home/vinicius/.config/discord/0.0.115/modules/pending/discord_game_utils-1.zip: 28%
11/18/2025, 9:42:08 PM GMT-3 [Modules] Streaming discord_game_utils@1 to /home/vinicius/.config/discord/0.0.115/modules/pending/discord_game_utils-1.zip: 29%
11/18/2025, 9:42:08 PM GMT-3 [Modules] Streaming discord_game_utils@1 to /home/vinicius/.config/discord/0.0.115/modules/pending/discord_game_utils-1.zip: 30%
11/18/2025, 9:42:08 PM GMT-3 [Modules] Streaming discord_game_utils@1 to /home/vinicius/.config/discord/0.0.115/modules/pending/discord_game_utils-1.zip: 31%
11/18/2025, 9:42:08 PM GMT-3 [Modules] Streaming discord_game_utils@1 to /home/vinicius/.config/discord/0.0.115/modules/pending/discord_game_utils-1.zip: 32%
11/18/2025, 9:42:08 PM GMT-3 [Modules] Streaming discord_game_utils@1 to /home/vinicius/.config/discord/0.0.115/modules/pending/discord_game_utils-1.zip: 33%
11/18/2025, 9:42:08 PM GMT-3 [Modules] Streaming discord_game_utils@1 to /home/vinicius/.config/discord/0.0.115/modules/pending/discord_game_utils-1.zip: 34%
11/18/2025, 9:42:08 PM GMT-3 [Modules] Streaming discord_game_utils@1 to /home/vinicius/.config/discord/0.0.115/modules/pending/discord_game_utils-1.zip: 35%
11/18/2025, 9:42:08 PM GMT-3 [Modules] Streaming discord_game_utils@1 to /home/vinicius/.config/discord/0.0.115/modules/pending/discord_game_utils-1.zip: 36%
11/18/2025, 9:42:08 PM GMT-3 [Modules] Streaming discord_game_utils@1 to /home/vinicius/.config/discord/0.0.115/modules/pending/discord_game_utils-1.zip: 37%
11/18/2025, 9:42:08 PM GMT-3 [Modules] Streaming discord_game_utils@1 to /home/vinicius/.config/discord/0.0.115/modules/pending/discord_game_utils-1.zip: 38%
11/18/2025, 9:42:08 PM GMT-3 [Modules] Streaming discord_game_utils@1 to /home/vinicius/.config/discord/0.0.115/modules/pending/discord_game_utils-1.zip: 39%
11/18/2025, 9:42:08 PM GMT-3 [Modules] Streaming discord_game_utils@1 to /home/vinicius/.config/discord/0.0.115/modules/pending/discord_game_utils-1.zip: 40%
11/18/2025, 9:42:08 PM GMT-3 [Modules] Streaming discord_game_utils@1 to /home/vinicius/.config/discord/0.0.115/modules/pending/discord_game_utils-1.zip: 41%
11/18/2025, 9:42:08 PM GMT-3 [Modules] Streaming discord_game_utils@1 to /home/vinicius/.config/discord/0.0.115/modules/pending/discord_game_utils-1.zip: 42%
11/18/2025, 9:42:08 PM GMT-3 [Modules] Streaming discord_game_utils@1 to /home/vinicius/.config/discord/0.0.115/modules/pending/discord_game_utils-1.zip: 43%
11/18/2025, 9:42:08 PM GMT-3 [Modules] Streaming discord_game_utils@1 to /home/vinicius/.config/discord/0.0.115/modules/pending/discord_game_utils-1.zip: 44%
11/18/2025, 9:42:08 PM GMT-3 [Modules] Streaming discord_game_utils@1 to /home/vinicius/.config/discord/0.0.115/modules/pending/discord_game_utils-1.zip: 45%
11/18/2025, 9:42:08 PM GMT-3 [Modules] Streaming discord_game_utils@1 to /home/vinicius/.config/discord/0.0.115/modules/pending/discord_game_utils-1.zip: 46%
11/18/2025, 9:42:08 PM GMT-3 [Modules] Streaming discord_game_utils@1 to /home/vinicius/.config/discord/0.0.115/modules/pending/discord_game_utils-1.zip: 47%
11/18/2025, 9:42:08 PM GMT-3 [Modules] Streaming discord_game_utils@1 to /home/vinicius/.config/discord/0.0.115/modules/pending/discord_game_utils-1.zip: 48%
11/18/2025, 9:42:08 PM GMT-3 [Modules] Streaming discord_game_utils@1 to /home/vinicius/.config/discord/0.0.115/modules/pending/discord_game_utils-1.zip: 49%
11/18/2025, 9:42:08 PM GMT-3 [Modules] Streaming discord_game_utils@1 to /home/vinicius/.config/discord/0.0.115/modules/pending/discord_game_utils-1.zip: 50%
11/18/2025, 9:42:08 PM GMT-3 [Modules] Streaming discord_game_utils@1 to /home/vinicius/.config/discord/0.0.115/modules/pending/discord_game_utils-1.zip: 51%
11/18/2025, 9:42:08 PM GMT-3 [Modules] Streaming discord_game_utils@1 to /home/vinicius/.config/discord/0.0.115/modules/pending/discord_game_utils-1.zip: 52%
11/18/2025, 9:42:08 PM GMT-3 [Modules] Streaming discord_game_utils@1 to /home/vinicius/.config/discord/0.0.115/modules/pending/discord_game_utils-1.zip: 53%
11/18/2025, 9:42:08 PM GMT-3 [Modules] Streaming discord_game_utils@1 to /home/vinicius/.config/discord/0.0.115/modules/pending/discord_game_utils-1.zip: 54%
11/18/2025, 9:42:08 PM GMT-3 [Modules] Streaming discord_game_utils@1 to /home/vinicius/.config/discord/0.0.115/modules/pending/discord_game_utils-1.zip: 55%
11/18/2025, 9:42:08 PM GMT-3 [Modules] Streaming discord_game_utils@1 to /home/vinicius/.config/discord/0.0.115/modules/pending/discord_game_utils-1.zip: 57%
11/18/2025, 9:42:08 PM GMT-3 [Modules] Streaming discord_game_utils@1 to /home/vinicius/.config/discord/0.0.115/modules/pending/discord_game_utils-1.zip: 58%
11/18/2025, 9:42:08 PM GMT-3 [Modules] Streaming discord_game_utils@1 to /home/vinicius/.config/discord/0.0.115/modules/pending/discord_game_utils-1.zip: 60%
11/18/2025, 9:42:08 PM GMT-3 [Modules] Streaming discord_game_utils@1 to /home/vinicius/.config/discord/0.0.115/modules/pending/discord_game_utils-1.zip: 63%
11/18/2025, 9:42:08 PM GMT-3 [Modules] Streaming discord_game_utils@1 to /home/vinicius/.config/discord/0.0.115/modules/pending/discord_game_utils-1.zip: 67%
11/18/2025, 9:42:08 PM GMT-3 [Modules] Streaming discord_game_utils@1 to /home/vinicius/.config/discord/0.0.115/modules/pending/discord_game_utils-1.zip: 71%
11/18/2025, 9:42:08 PM GMT-3 [Modules] Streaming discord_game_utils@1 to /home/vinicius/.config/discord/0.0.115/modules/pending/discord_game_utils-1.zip: 72%
11/18/2025, 9:42:08 PM GMT-3 [Modules] Streaming discord_game_utils@1 to /home/vinicius/.config/discord/0.0.115/modules/pending/discord_game_utils-1.zip: 74%
11/18/2025, 9:42:08 PM GMT-3 [Modules] Streaming discord_game_utils@1 to /home/vinicius/.config/discord/0.0.115/modules/pending/discord_game_utils-1.zip: 75%
11/18/2025, 9:42:08 PM GMT-3 [Modules] Streaming discord_game_utils@1 to /home/vinicius/.config/discord/0.0.115/modules/pending/discord_game_utils-1.zip: 76%
11/18/2025, 9:42:08 PM GMT-3 [Modules] Streaming discord_game_utils@1 to /home/vinicius/.config/discord/0.0.115/modules/pending/discord_game_utils-1.zip: 77%
11/18/2025, 9:42:08 PM GMT-3 [Modules] Streaming discord_game_utils@1 to /home/vinicius/.config/discord/0.0.115/modules/pending/discord_game_utils-1.zip: 78%
11/18/2025, 9:42:08 PM GMT-3 [Modules] Streaming discord_game_utils@1 to /home/vinicius/.config/discord/0.0.115/modules/pending/discord_game_utils-1.zip: 79%
11/18/2025, 9:42:08 PM GMT-3 [Modules] Streaming discord_game_utils@1 to /home/vinicius/.config/discord/0.0.115/modules/pending/discord_game_utils-1.zip: 80%
11/18/2025, 9:42:08 PM GMT-3 [Modules] Streaming discord_game_utils@1 to /home/vinicius/.config/discord/0.0.115/modules/pending/discord_game_utils-1.zip: 81%
11/18/2025, 9:42:08 PM GMT-3 [Modules] Streaming discord_game_utils@1 to /home/vinicius/.config/discord/0.0.115/modules/pending/discord_game_utils-1.zip: 82%
11/18/2025, 9:42:08 PM GMT-3 [Modules] Streaming discord_game_utils@1 to /home/vinicius/.config/discord/0.0.115/modules/pending/discord_game_utils-1.zip: 83%
11/18/2025, 9:42:08 PM GMT-3 [Modules] Streaming discord_game_utils@1 to /home/vinicius/.config/discord/0.0.115/modules/pending/discord_game_utils-1.zip: 84%
11/18/2025, 9:42:08 PM GMT-3 [Modules] Streaming discord_game_utils@1 to /home/vinicius/.config/discord/0.0.115/modules/pending/discord_game_utils-1.zip: 85%
11/18/2025, 9:42:08 PM GMT-3 [Modules] Streaming discord_game_utils@1 to /home/vinicius/.config/discord/0.0.115/modules/pending/discord_game_utils-1.zip: 86%
11/18/2025, 9:42:08 PM GMT-3 [Modules] Streaming discord_game_utils@1 to /home/vinicius/.config/discord/0.0.115/modules/pending/discord_game_utils-1.zip: 87%
11/18/2025, 9:42:08 PM GMT-3 [Modules] Streaming discord_game_utils@1 to /home/vinicius/.config/discord/0.0.115/modules/pending/discord_game_utils-1.zip: 88%
11/18/2025, 9:42:08 PM GMT-3 [Modules] Streaming discord_game_utils@1 to /home/vinicius/.config/discord/0.0.115/modules/pending/discord_game_utils-1.zip: 89%
11/18/2025, 9:42:08 PM GMT-3 [Modules] Streaming discord_game_utils@1 to /home/vinicius/.config/discord/0.0.115/modules/pending/discord_game_utils-1.zip: 90%
11/18/2025, 9:42:08 PM GMT-3 [Modules] Streaming discord_game_utils@1 to /home/vinicius/.config/discord/0.0.115/modules/pending/discord_game_utils-1.zip: 91%
11/18/2025, 9:42:08 PM GMT-3 [Modules] Streaming discord_game_utils@1 to /home/vinicius/.config/discord/0.0.115/modules/pending/discord_game_utils-1.zip: 92%
11/18/2025, 9:42:09 PM GMT-3 [Modules] Streaming discord_game_utils@1 to /home/vinicius/.config/discord/0.0.115/modules/pending/discord_game_utils-1.zip: 93%
11/18/2025, 9:42:09 PM GMT-3 [Modules] Streaming discord_game_utils@1 to /home/vinicius/.config/discord/0.0.115/modules/pending/discord_game_utils-1.zip: 95%
11/18/2025, 9:42:09 PM GMT-3 [Modules] Streaming discord_game_utils@1 to /home/vinicius/.config/discord/0.0.115/modules/pending/discord_game_utils-1.zip: 98%
11/18/2025, 9:42:09 PM GMT-3 [Modules] Streaming discord_game_utils@1 to /home/vinicius/.config/discord/0.0.115/modules/pending/discord_game_utils-1.zip: 99%
11/18/2025, 9:42:09 PM GMT-3 [Modules] Streaming discord_game_utils@1 to /home/vinicius/.config/discord/0.0.115/modules/pending/discord_game_utils-1.zip: 100%
11/18/2025, 9:42:09 PM GMT-3 [Modules] Fetching discord_rpc@1 from https://discord.com/api/modules/stable/discord_rpc/1
11/18/2025, 9:42:09 PM GMT-3 [Modules] Streaming discord_rpc@1 to /home/vinicius/.config/discord/0.0.115/modules/pending/discord_rpc-1.zip
11/18/2025, 9:42:09 PM GMT-3 [Modules] Installing discord_game_utils@1 from /home/vinicius/.config/discord/0.0.115/modules/pending/discord_game_utils-1.zip
11/18/2025, 9:42:09 PM GMT-3 [Modules] Finished module installations. [success: 1] [failure: 0]
11/18/2025, 9:42:09 PM GMT-3 [Modules] Streaming discord_rpc@1 to /home/vinicius/.config/discord/0.0.115/modules/pending/discord_rpc-1.zip: 20%
11/18/2025, 9:42:09 PM GMT-3 [Modules] Streaming discord_rpc@1 to /home/vinicius/.config/discord/0.0.115/modules/pending/discord_rpc-1.zip: 32%
11/18/2025, 9:42:09 PM GMT-3 [Modules] Streaming discord_rpc@1 to /home/vinicius/.config/discord/0.0.115/modules/pending/discord_rpc-1.zip: 41%
11/18/2025, 9:42:09 PM GMT-3 [Modules] Streaming discord_rpc@1 to /home/vinicius/.config/discord/0.0.115/modules/pending/discord_rpc-1.zip: 67%
11/18/2025, 9:42:09 PM GMT-3 [Modules] Streaming discord_rpc@1 to /home/vinicius/.config/discord/0.0.115/modules/pending/discord_rpc-1.zip: 76%
11/18/2025, 9:42:09 PM GMT-3 [Modules] Streaming discord_rpc@1 to /home/vinicius/.config/discord/0.0.115/modules/pending/discord_rpc-1.zip: 82%
11/18/2025, 9:42:09 PM GMT-3 [Modules] Streaming discord_rpc@1 to /home/vinicius/.config/discord/0.0.115/modules/pending/discord_rpc-1.zip: 97%
11/18/2025, 9:42:09 PM GMT-3 [Modules] Streaming discord_rpc@1 to /home/vinicius/.config/discord/0.0.115/modules/pending/discord_rpc-1.zip: 100%
11/18/2025, 9:42:09 PM GMT-3 [Modules] Finished module downloads. [success: 3] [failure: 0]
11/18/2025, 9:42:09 PM GMT-3 [Modules] Installing discord_rpc@1 from /home/vinicius/.config/discord/0.0.115/modules/pending/discord_rpc-1.zip
11/18/2025, 9:42:09 PM GMT-3 [Modules] Finished module installations. [success: 1] [failure: 0]
11/18/2025, 9:42:11 PM GMT-3 [Modules] Checking for host updates.
11/18/2025, 9:42:12 PM GMT-3 [Modules] Host is up to date.
11/18/2025, 9:42:12 PM GMT-3 [Modules] Checking for module updates at https://discord.com/api/modules/stable/versions.json
11/18/2025, 9:42:12 PM GMT-3 [Modules] No module updates available.
11/20/2025, 10:06:04 AM GMT-3 [Modules] Modules initializing
11/20/2025, 10:06:04 AM GMT-3 [Modules] Distribution: remote
11/20/2025, 10:06:04 AM GMT-3 [Modules] Host updates: enabled
11/20/2025, 10:06:04 AM GMT-3 [Modules] Module updates: enabled
11/20/2025, 10:06:04 AM GMT-3 [Modules] Module install path: /home/vinicius/.config/discord/0.0.115/modules
11/20/2025, 10:06:04 AM GMT-3 [Modules] Module installed file path: /home/vinicius/.config/discord/0.0.115/modules/installed.json
11/20/2025, 10:06:04 AM GMT-3 [Modules] Module download path: /home/vinicius/.config/discord/0.0.115/modules/pending
11/20/2025, 10:06:05 AM GMT-3 [Modules] No updates to install
11/20/2025, 10:06:05 AM GMT-3 [Modules] Checking for host updates.
11/20/2025, 10:06:05 AM GMT-3 [Modules] Host is up to date.
11/20/2025, 10:06:05 AM GMT-3 [Modules] Checking for module updates at https://discord.com/api/modules/stable/versions.json
11/20/2025, 10:06:05 AM GMT-3 [Modules] No module updates available.
11/20/2025, 10:06:13 AM GMT-3 [Modules] Checking for host updates.
11/20/2025, 10:06:14 AM GMT-3 [Modules] Host is up to date.
11/20/2025, 10:06:14 AM GMT-3 [Modules] Checking for module updates at https://discord.com/api/modules/stable/versions.json
11/20/2025, 10:06:14 AM GMT-3 [Modules] No module updates available.
11/20/2025, 11:06:13 AM GMT-3 [Modules] Checking for host updates.
11/20/2025, 11:06:13 AM GMT-3 [Modules] Host is up to date.
11/20/2025, 11:06:13 AM GMT-3 [Modules] Checking for module updates at https://discord.com/api/modules/stable/versions.json
11/20/2025, 11:06:13 AM GMT-3 [Modules] No module updates available.
11/20/2025, 12:53:14 PM GMT-3 [Modules] Modules initializing
11/20/2025, 12:53:14 PM GMT-3 [Modules] Distribution: remote
11/20/2025, 12:53:14 PM GMT-3 [Modules] Host updates: enabled
11/20/2025, 12:53:14 PM GMT-3 [Modules] Module updates: enabled
11/20/2025, 12:53:14 PM GMT-3 [Modules] Module install path: /home/vinicius/.config/discord/0.0.115/modules
11/20/2025, 12:53:14 PM GMT-3 [Modules] Module installed file path: /home/vinicius/.config/discord/0.0.115/modules/installed.json
11/20/2025, 12:53:14 PM GMT-3 [Modules] Module download path: /home/vinicius/.config/discord/0.0.115/modules/pending
11/20/2025, 12:53:14 PM GMT-3 [Modules] No updates to install
11/20/2025, 12:53:14 PM GMT-3 [Modules] Checking for host updates.
11/20/2025, 12:53:15 PM GMT-3 [Modules] Host is up to date.
11/20/2025, 12:53:15 PM GMT-3 [Modules] Checking for module updates at https://discord.com/api/modules/stable/versions.json
11/20/2025, 12:53:15 PM GMT-3 [Modules] No module updates available.
11/20/2025, 12:53:23 PM GMT-3 [Modules] Checking for host updates.
11/20/2025, 12:53:23 PM GMT-3 [Modules] Host is up to date.
11/20/2025, 12:53:23 PM GMT-3 [Modules] Checking for module updates at https://discord.com/api/modules/stable/versions.json
11/20/2025, 12:53:23 PM GMT-3 [Modules] No module updates available.
11/20/2025, 1:53:23 PM GMT-3 [Modules] Checking for host updates.
11/20/2025, 1:53:23 PM GMT-3 [Modules] Host is up to date.
11/20/2025, 1:53:23 PM GMT-3 [Modules] Checking for module updates at https://discord.com/api/modules/stable/versions.json
11/20/2025, 1:53:23 PM GMT-3 [Modules] No module updates available.
11/20/2025, 2:53:23 PM GMT-3 [Modules] Checking for host updates.
11/20/2025, 2:53:23 PM GMT-3 [Modules] Host is up to date.
11/20/2025, 2:53:23 PM GMT-3 [Modules] Checking for module updates at https://discord.com/api/modules/stable/versions.json
11/20/2025, 2:53:23 PM GMT-3 [Modules] No module updates available.
11/20/2025, 3:51:21 PM GMT-3 [Modules] Modules initializing
11/20/2025, 3:51:21 PM GMT-3 [Modules] Distribution: remote
11/20/2025, 3:51:21 PM GMT-3 [Modules] Host updates: enabled
11/20/2025, 3:51:21 PM GMT-3 [Modules] Module updates: enabled
11/20/2025, 3:51:21 PM GMT-3 [Modules] Module install path: /home/vinicius/.config/discord/0.0.115/modules
11/20/2025, 3:51:21 PM GMT-3 [Modules] Module installed file path: /home/vinicius/.config/discord/0.0.115/modules/installed.json
11/20/2025, 3:51:21 PM GMT-3 [Modules] Module download path: /home/vinicius/.config/discord/0.0.115/modules/pending
11/20/2025, 3:51:21 PM GMT-3 [Modules] No updates to install
11/20/2025, 3:51:21 PM GMT-3 [Modules] Checking for host updates.
11/20/2025, 3:51:22 PM GMT-3 [Modules] Host is up to date.
11/20/2025, 3:51:22 PM GMT-3 [Modules] Checking for module updates at https://discord.com/api/modules/stable/versions.json
11/20/2025, 3:51:22 PM GMT-3 [Modules] No module updates available.
11/20/2025, 3:51:31 PM GMT-3 [Modules] Checking for host updates.
11/20/2025, 3:51:31 PM GMT-3 [Modules] Host is up to date.
11/20/2025, 3:51:31 PM GMT-3 [Modules] Checking for module updates at https://discord.com/api/modules/stable/versions.json
11/20/2025, 3:51:31 PM GMT-3 [Modules] No module updates available.
11/20/2025, 3:52:08 PM GMT-3 [Modules] Modules initializing
11/20/2025, 3:52:08 PM GMT-3 [Modules] Distribution: remote
11/20/2025, 3:52:08 PM GMT-3 [Modules] Host updates: enabled
11/20/2025, 3:52:08 PM GMT-3 [Modules] Module updates: enabled
11/20/2025, 3:52:08 PM GMT-3 [Modules] Module install path: /home/vinicius/.config/discord/0.0.115/modules
11/20/2025, 3:52:08 PM GMT-3 [Modules] Module installed file path: /home/vinicius/.config/discord/0.0.115/modules/installed.json
11/20/2025, 3:52:08 PM GMT-3 [Modules] Module download path: /home/vinicius/.config/discord/0.0.115/modules/pending
11/20/2025, 3:52:09 PM GMT-3 [Modules] No updates to install
11/20/2025, 3:52:09 PM GMT-3 [Modules] Checking for host updates.
11/20/2025, 3:52:09 PM GMT-3 [Modules] Host is up to date.
11/20/2025, 3:52:09 PM GMT-3 [Modules] Checking for module updates at https://discord.com/api/modules/stable/versions.json
11/20/2025, 3:52:09 PM GMT-3 [Modules] No module updates available.
11/20/2025, 3:52:17 PM GMT-3 [Modules] Checking for host updates.
11/20/2025, 3:52:17 PM GMT-3 [Modules] Host is up to date.
11/20/2025, 3:52:17 PM GMT-3 [Modules] Checking for module updates at https://discord.com/api/modules/stable/versions.json
11/20/2025, 3:52:17 PM GMT-3 [Modules] No module updates available.
11/20/2025, 4:52:17 PM GMT-3 [Modules] Checking for host updates.
11/20/2025, 4:52:19 PM GMT-3 [Modules] Host is up to date.
11/20/2025, 4:52:19 PM GMT-3 [Modules] Checking for module updates at https://discord.com/api/modules/stable/versions.json
11/20/2025, 4:52:22 PM GMT-3 [Modules] No module updates available.
11/20/2025, 5:52:17 PM GMT-3 [Modules] Checking for host updates.
11/20/2025, 5:52:17 PM GMT-3 [Modules] Host is up to date.
11/20/2025, 5:52:17 PM GMT-3 [Modules] Checking for module updates at https://discord.com/api/modules/stable/versions.json
11/20/2025, 5:52:17 PM GMT-3 [Modules] No module updates available.
11/20/2025, 8:19:02 PM GMT-3 [Modules] Modules initializing
11/20/2025, 8:19:02 PM GMT-3 [Modules] Distribution: remote
11/20/2025, 8:19:02 PM GMT-3 [Modules] Host updates: enabled
11/20/2025, 8:19:02 PM GMT-3 [Modules] Module updates: enabled
11/20/2025, 8:19:02 PM GMT-3 [Modules] Module install path: /home/vinicius/.config/discord/0.0.115/modules
11/20/2025, 8:19:02 PM GMT-3 [Modules] Module installed file path: /home/vinicius/.config/discord/0.0.115/modules/installed.json
11/20/2025, 8:19:02 PM GMT-3 [Modules] Module download path: /home/vinicius/.config/discord/0.0.115/modules/pending
11/20/2025, 8:19:02 PM GMT-3 [Modules] No updates to install
11/20/2025, 8:19:02 PM GMT-3 [Modules] Checking for host updates.
11/20/2025, 8:19:02 PM GMT-3 [Modules] Host is up to date.
11/20/2025, 8:19:02 PM GMT-3 [Modules] Checking for module updates at https://discord.com/api/modules/stable/versions.json
11/20/2025, 8:19:03 PM GMT-3 [Modules] No module updates available.
11/20/2025, 8:19:17 PM GMT-3 [Modules] Checking for host updates.
11/20/2025, 8:19:40 PM GMT-3 [Modules] Host is up to date.
11/20/2025, 8:19:40 PM GMT-3 [Modules] Checking for module updates at https://discord.com/api/modules/stable/versions.json
11/20/2025, 8:19:40 PM GMT-3 [Modules] No module updates available.
11/20/2025, 9:19:17 PM GMT-3 [Modules] Checking for host updates.
11/20/2025, 9:19:18 PM GMT-3 [Modules] Host is up to date.
11/20/2025, 9:19:18 PM GMT-3 [Modules] Checking for module updates at https://discord.com/api/modules/stable/versions.json
11/20/2025, 9:19:18 PM GMT-3 [Modules] No module updates available.
11/20/2025, 10:19:17 PM GMT-3 [Modules] Checking for host updates.
11/20/2025, 10:19:18 PM GMT-3 [Modules] Host is up to date.
11/20/2025, 10:19:18 PM GMT-3 [Modules] Checking for module updates at https://discord.com/api/modules/stable/versions.json
11/20/2025, 10:19:18 PM GMT-3 [Modules] No module updates available.
11/21/2025, 3:41:56 PM GMT-3 [Modules] Modules initializing
11/21/2025, 3:41:56 PM GMT-3 [Modules] Distribution: remote
11/21/2025, 3:41:56 PM GMT-3 [Modules] Host updates: enabled
11/21/2025, 3:41:56 PM GMT-3 [Modules] Module updates: enabled
11/21/2025, 3:41:56 PM GMT-3 [Modules] Module install path: /home/vinicius/.config/discord/0.0.115/modules
11/21/2025, 3:41:56 PM GMT-3 [Modules] Module installed file path: /home/vinicius/.config/discord/0.0.115/modules/installed.json
11/21/2025, 3:41:56 PM GMT-3 [Modules] Module download path: /home/vinicius/.config/discord/0.0.115/modules/pending
11/21/2025, 3:41:57 PM GMT-3 [Modules] No updates to install
11/21/2025, 3:41:57 PM GMT-3 [Modules] Checking for host updates.
11/21/2025, 3:41:58 PM GMT-3 [Modules] Host is up to date.
11/21/2025, 3:41:58 PM GMT-3 [Modules] Checking for module updates at https://discord.com/api/modules/stable/versions.json
11/21/2025, 3:41:58 PM GMT-3 [Modules] No module updates available.
11/21/2025, 3:42:12 PM GMT-3 [Modules] Checking for host updates.
11/21/2025, 3:42:14 PM GMT-3 [Modules] Host is up to date.
11/21/2025, 3:42:14 PM GMT-3 [Modules] Checking for module updates at https://discord.com/api/modules/stable/versions.json
11/21/2025, 3:42:14 PM GMT-3 [Modules] No module updates available.
11/21/2025, 4:42:12 PM GMT-3 [Modules] Checking for host updates.
11/21/2025, 4:42:13 PM GMT-3 [Modules] Host is up to date.
11/21/2025, 4:42:13 PM GMT-3 [Modules] Checking for module updates at https://discord.com/api/modules/stable/versions.json
11/21/2025, 4:42:13 PM GMT-3 [Modules] No module updates available.
11/21/2025, 5:42:12 PM GMT-3 [Modules] Checking for host updates.
11/21/2025, 5:42:13 PM GMT-3 [Modules] Host is up to date.
11/21/2025, 5:42:13 PM GMT-3 [Modules] Checking for module updates at https://discord.com/api/modules/stable/versions.json
11/21/2025, 5:42:13 PM GMT-3 [Modules] No module updates available.
11/21/2025, 6:42:12 PM GMT-3 [Modules] Checking for host updates.
11/21/2025, 6:42:13 PM GMT-3 [Modules] Host is up to date.
11/21/2025, 6:42:13 PM GMT-3 [Modules] Checking for module updates at https://discord.com/api/modules/stable/versions.json
11/21/2025, 6:42:13 PM GMT-3 [Modules] No module updates available.
11/21/2025, 7:22:28 PM GMT-3 [Modules] Checking for host updates.
11/21/2025, 7:22:28 PM GMT-3 [Modules] Host is up to date.
11/21/2025, 7:22:28 PM GMT-3 [Modules] Checking for module updates at https://discord.com/api/modules/stable/versions.json
11/21/2025, 7:22:28 PM GMT-3 [Modules] No module updates available.
11/21/2025, 7:41:46 PM GMT-3 [Modules] Checking for host updates.
11/21/2025, 7:41:47 PM GMT-3 [Modules] Host is up to date.
11/21/2025, 7:41:47 PM GMT-3 [Modules] Checking for module updates at https://discord.com/api/modules/stable/versions.json
11/21/2025, 7:41:47 PM GMT-3 [Modules] No module updates available.
11/21/2025, 8:34:17 PM GMT-3 [Modules] Modules initializing
11/21/2025, 8:34:17 PM GMT-3 [Modules] Distribution: remote
11/21/2025, 8:34:17 PM GMT-3 [Modules] Host updates: enabled
11/21/2025, 8:34:17 PM GMT-3 [Modules] Module updates: enabled
11/21/2025, 8:34:17 PM GMT-3 [Modules] Module install path: /home/vinicius/.config/discord/0.0.115/modules
11/21/2025, 8:34:17 PM GMT-3 [Modules] Module installed file path: /home/vinicius/.config/discord/0.0.115/modules/installed.json
11/21/2025, 8:34:17 PM GMT-3 [Modules] Module download path: /home/vinicius/.config/discord/0.0.115/modules/pending
11/21/2025, 8:34:18 PM GMT-3 [Modules] No updates to install
11/21/2025, 8:34:18 PM GMT-3 [Modules] Checking for host updates.
11/21/2025, 8:34:18 PM GMT-3 [Modules] Host is up to date.
11/21/2025, 8:34:18 PM GMT-3 [Modules] Checking for module updates at https://discord.com/api/modules/stable/versions.json
11/21/2025, 8:34:18 PM GMT-3 [Modules] No module updates available.
11/21/2025, 8:34:26 PM GMT-3 [Modules] Checking for host updates.
11/21/2025, 8:34:26 PM GMT-3 [Modules] Host is up to date.
11/21/2025, 8:34:26 PM GMT-3 [Modules] Checking for module updates at https://discord.com/api/modules/stable/versions.json
11/21/2025, 8:34:26 PM GMT-3 [Modules] No module updates available.
11/21/2025, 9:34:26 PM GMT-3 [Modules] Checking for host updates.
11/21/2025, 9:34:26 PM GMT-3 [Modules] Host is up to date.
11/21/2025, 9:34:26 PM GMT-3 [Modules] Checking for module updates at https://discord.com/api/modules/stable/versions.json
11/21/2025, 9:34:26 PM GMT-3 [Modules] No module updates available.
11/21/2025, 10:34:26 PM GMT-3 [Modules] Checking for host updates.
11/21/2025, 10:34:26 PM GMT-3 [Modules] Host is up to date.
11/21/2025, 10:34:26 PM GMT-3 [Modules] Checking for module updates at https://discord.com/api/modules/stable/versions.json
11/21/2025, 10:34:26 PM GMT-3 [Modules] No module updates available.
11/21/2025, 10:41:58 PM GMT-3 [Modules] Modules initializing
11/21/2025, 10:41:58 PM GMT-3 [Modules] Distribution: remote
11/21/2025, 10:41:58 PM GMT-3 [Modules] Host updates: enabled
11/21/2025, 10:41:58 PM GMT-3 [Modules] Module updates: enabled
11/21/2025, 10:41:58 PM GMT-3 [Modules] Module install path: /home/vinicius/.config/discord/0.0.115/modules
11/21/2025, 10:41:58 PM GMT-3 [Modules] Module installed file path: /home/vinicius/.config/discord/0.0.115/modules/installed.json
11/21/2025, 10:41:58 PM GMT-3 [Modules] Module download path: /home/vinicius/.config/discord/0.0.115/modules/pending
11/21/2025, 10:41:58 PM GMT-3 [Modules] No updates to install
11/21/2025, 10:41:58 PM GMT-3 [Modules] Checking for host updates.
11/21/2025, 10:41:59 PM GMT-3 [Modules] Host is up to date.
11/21/2025, 10:41:59 PM GMT-3 [Modules] Checking for module updates at https://discord.com/api/modules/stable/versions.json
11/21/2025, 10:41:59 PM GMT-3 [Modules] No module updates available.
11/21/2025, 10:42:06 PM GMT-3 [Modules] Checking for host updates.
11/21/2025, 10:42:06 PM GMT-3 [Modules] Host is up to date.
11/21/2025, 10:42:06 PM GMT-3 [Modules] Checking for module updates at https://discord.com/api/modules/stable/versions.json
11/21/2025, 10:42:06 PM GMT-3 [Modules] No module updates available.
11/23/2025, 11:01:19 AM GMT-3 [Modules] Modules initializing
11/23/2025, 11:01:19 AM GMT-3 [Modules] Distribution: remote
11/23/2025, 11:01:19 AM GMT-3 [Modules] Host updates: enabled
11/23/2025, 11:01:19 AM GMT-3 [Modules] Module updates: enabled
11/23/2025, 11:01:19 AM GMT-3 [Modules] Module install path: /home/vinicius/.config/discord/0.0.115/modules
11/23/2025, 11:01:19 AM GMT-3 [Modules] Module installed file path: /home/vinicius/.config/discord/0.0.115/modules/installed.json
11/23/2025, 11:01:19 AM GMT-3 [Modules] Module download path: /home/vinicius/.config/discord/0.0.115/modules/pending
11/23/2025, 11:01:19 AM GMT-3 [Modules] No updates to install
11/23/2025, 11:01:19 AM GMT-3 [Modules] Checking for host updates.
11/23/2025, 11:01:25 AM GMT-3 [Modules] Host is up to date.
11/23/2025, 11:01:25 AM GMT-3 [Modules] Checking for module updates at https://discord.com/api/modules/stable/versions.json
11/23/2025, 11:01:25 AM GMT-3 [Modules] No module updates available.
11/23/2025, 11:01:34 AM GMT-3 [Modules] Checking for host updates.
11/23/2025, 11:01:39 AM GMT-3 [Modules] Host is up to date.
11/23/2025, 11:01:39 AM GMT-3 [Modules] Checking for module updates at https://discord.com/api/modules/stable/versions.json
11/23/2025, 11:01:40 AM GMT-3 [Modules] No module updates available.
11/23/2025, 12:01:34 PM GMT-3 [Modules] Checking for host updates.
11/23/2025, 12:01:35 PM GMT-3 [Modules] Host is up to date.
11/23/2025, 12:01:35 PM GMT-3 [Modules] Checking for module updates at https://discord.com/api/modules/stable/versions.json
11/23/2025, 12:01:35 PM GMT-3 [Modules] No module updates available.
11/23/2025, 1:01:34 PM GMT-3 [Modules] Checking for host updates.
11/23/2025, 1:01:35 PM GMT-3 [Modules] Host is up to date.
11/23/2025, 1:01:35 PM GMT-3 [Modules] Checking for module updates at https://discord.com/api/modules/stable/versions.json
11/23/2025, 1:01:35 PM GMT-3 [Modules] No module updates available.
11/23/2025, 2:01:34 PM GMT-3 [Modules] Checking for host updates.
11/23/2025, 2:01:35 PM GMT-3 [Modules] Host is up to date.
11/23/2025, 2:01:35 PM GMT-3 [Modules] Checking for module updates at https://discord.com/api/modules/stable/versions.json
11/23/2025, 2:01:35 PM GMT-3 [Modules] No module updates available.
11/23/2025, 4:09:17 PM GMT-3 [Modules] Checking for host updates.
11/23/2025, 4:09:17 PM GMT-3 [Modules] Host is up to date.
11/23/2025, 4:09:17 PM GMT-3 [Modules] Checking for module updates at https://discord.com/api/modules/stable/versions.json
11/23/2025, 4:09:17 PM GMT-3 [Modules] No module updates available.
11/23/2025, 5:09:30 PM GMT-3 [Modules] Checking for host updates.
11/23/2025, 5:09:31 PM GMT-3 [Modules] Host is up to date.
11/23/2025, 5:09:31 PM GMT-3 [Modules] Checking for module updates at https://discord.com/api/modules/stable/versions.json
11/23/2025, 5:09:31 PM GMT-3 [Modules] No module updates available.
11/23/2025, 6:30:52 PM GMT-3 [Modules] Checking for host updates.
11/23/2025, 6:30:52 PM GMT-3 [Modules] Host is up to date.
11/23/2025, 6:30:52 PM GMT-3 [Modules] Checking for module updates at https://discord.com/api/modules/stable/versions.json
11/23/2025, 6:30:52 PM GMT-3 [Modules] No module updates available.
11/23/2025, 6:31:00 PM GMT-3 [Modules] Checking for host updates.
11/23/2025, 6:31:00 PM GMT-3 [Modules] Host is up to date.
11/23/2025, 6:31:00 PM GMT-3 [Modules] Checking for module updates at https://discord.com/api/modules/stable/versions.json
11/23/2025, 6:31:00 PM GMT-3 [Modules] No module updates available.
11/23/2025, 7:31:01 PM GMT-3 [Modules] Checking for host updates.
11/23/2025, 7:31:02 PM GMT-3 [Modules] Host is up to date.
11/23/2025, 7:31:02 PM GMT-3 [Modules] Checking for module updates at https://discord.com/api/modules/stable/versions.json
11/23/2025, 7:31:02 PM GMT-3 [Modules] No module updates available.
11/23/2025, 8:31:00 PM GMT-3 [Modules] Checking for host updates.
11/23/2025, 8:31:01 PM GMT-3 [Modules] Host is up to date.
11/23/2025, 8:31:01 PM GMT-3 [Modules] Checking for module updates at https://discord.com/api/modules/stable/versions.json
11/23/2025, 8:31:01 PM GMT-3 [Modules] No module updates available.
11/23/2025, 9:31:01 PM GMT-3 [Modules] Checking for host updates.
11/23/2025, 9:31:02 PM GMT-3 [Modules] Host is up to date.
11/23/2025, 9:31:02 PM GMT-3 [Modules] Checking for module updates at https://discord.com/api/modules/stable/versions.json
11/23/2025, 9:31:02 PM GMT-3 [Modules] No module updates available.
11/24/2025, 9:09:48 AM GMT-3 [Modules] Modules initializing
11/24/2025, 9:09:48 AM GMT-3 [Modules] Distribution: remote
11/24/2025, 9:09:48 AM GMT-3 [Modules] Host updates: enabled
11/24/2025, 9:09:48 AM GMT-3 [Modules] Module updates: enabled
11/24/2025, 9:09:48 AM GMT-3 [Modules] Module install path: /home/vinicius/.config/discord/0.0.115/modules
11/24/2025, 9:09:48 AM GMT-3 [Modules] Module installed file path: /home/vinicius/.config/discord/0.0.115/modules/installed.json
11/24/2025, 9:09:48 AM GMT-3 [Modules] Module download path: /home/vinicius/.config/discord/0.0.115/modules/pending
11/24/2025, 9:09:48 AM GMT-3 [Modules] No updates to install
11/24/2025, 9:09:48 AM GMT-3 [Modules] Checking for host updates.
11/24/2025, 9:09:49 AM GMT-3 [Modules] Host is up to date.
11/24/2025, 9:09:49 AM GMT-3 [Modules] Checking for module updates at https://discord.com/api/modules/stable/versions.json
11/24/2025, 9:09:49 AM GMT-3 [Modules] No module updates available.
11/24/2025, 9:09:58 AM GMT-3 [Modules] Checking for host updates.
11/24/2025, 9:09:59 AM GMT-3 [Modules] Host is up to date.
11/24/2025, 9:09:59 AM GMT-3 [Modules] Checking for module updates at https://discord.com/api/modules/stable/versions.json
11/24/2025, 9:09:59 AM GMT-3 [Modules] No module updates available.
11/24/2025, 10:09:58 AM GMT-3 [Modules] Checking for host updates.
11/24/2025, 10:09:58 AM GMT-3 [Modules] Host is up to date.
11/24/2025, 10:09:58 AM GMT-3 [Modules] Checking for module updates at https://discord.com/api/modules/stable/versions.json
11/24/2025, 10:09:58 AM GMT-3 [Modules] No module updates available.
11/25/2025, 7:12:15 PM GMT-3 [Modules] Modules initializing
11/25/2025, 7:12:15 PM GMT-3 [Modules] Distribution: remote
11/25/2025, 7:12:15 PM GMT-3 [Modules] Host updates: enabled
11/25/2025, 7:12:15 PM GMT-3 [Modules] Module updates: enabled
11/25/2025, 7:12:15 PM GMT-3 [Modules] Module install path: /home/vinicius/.config/discord/0.0.115/modules
11/25/2025, 7:12:15 PM GMT-3 [Modules] Module installed file path: /home/vinicius/.config/discord/0.0.115/modules/installed.json
11/25/2025, 7:12:15 PM GMT-3 [Modules] Module download path: /home/vinicius/.config/discord/0.0.115/modules/pending
11/25/2025, 7:12:16 PM GMT-3 [Modules] No updates to install
11/25/2025, 7:12:16 PM GMT-3 [Modules] Checking for host updates.
11/25/2025, 7:12:17 PM GMT-3 [Modules] Host update is available. Manual update required!
11/25/2025, 7:24:25 PM GMT-3 [Modules] Modules initializing
11/25/2025, 7:24:25 PM GMT-3 [Modules] Distribution: remote
11/25/2025, 7:24:25 PM GMT-3 [Modules] Host updates: enabled
11/25/2025, 7:24:25 PM GMT-3 [Modules] Module updates: enabled
11/25/2025, 7:24:25 PM GMT-3 [Modules] Module install path: /home/vinicius/.config/discord/0.0.116/modules
11/25/2025, 7:24:25 PM GMT-3 [Modules] Module installed file path: /home/vinicius/.config/discord/0.0.116/modules/installed.json
11/25/2025, 7:24:25 PM GMT-3 [Modules] Module download path: /home/vinicius/.config/discord/0.0.116/modules/pending
11/25/2025, 7:24:25 PM GMT-3 [Modules] Bootstrapping...
11/25/2025, 7:24:25 PM GMT-3 [Modules] Installing discord_desktop_core@0 from /opt/discord/resources/bootstrap/discord_desktop_core.zip
11/25/2025, 7:24:25 PM GMT-3 [Modules] Failed installing discord_desktop_core@0: Error: ENOENT: no such file or directory, open '/opt/discord/resources/bootstrap/discord_desktop_core.zip'
11/25/2025, 7:24:25 PM GMT-3 [Modules] Installing discord_erlpack@0 from /opt/discord/resources/bootstrap/discord_erlpack.zip
11/25/2025, 7:24:25 PM GMT-3 [Modules] Failed installing discord_erlpack@0: Error: ENOENT: no such file or directory, open '/opt/discord/resources/bootstrap/discord_erlpack.zip'
11/25/2025, 7:24:25 PM GMT-3 [Modules] Installing discord_spellcheck@0 from /opt/discord/resources/bootstrap/discord_spellcheck.zip
11/25/2025, 7:24:25 PM GMT-3 [Modules] Failed installing discord_spellcheck@0: Error: ENOENT: no such file or directory, open '/opt/discord/resources/bootstrap/discord_spellcheck.zip'
11/25/2025, 7:24:25 PM GMT-3 [Modules] Installing discord_utils@0 from /opt/discord/resources/bootstrap/discord_utils.zip
11/25/2025, 7:24:25 PM GMT-3 [Modules] Failed installing discord_utils@0: Error: ENOENT: no such file or directory, open '/opt/discord/resources/bootstrap/discord_utils.zip'
11/25/2025, 7:24:25 PM GMT-3 [Modules] Installing discord_voice@0 from /opt/discord/resources/bootstrap/discord_voice.zip
11/25/2025, 7:24:25 PM GMT-3 [Modules] Failed installing discord_voice@0: Error: ENOENT: no such file or directory, open '/opt/discord/resources/bootstrap/discord_voice.zip'
11/25/2025, 7:24:25 PM GMT-3 [Modules] Installing discord_zstd@0 from /opt/discord/resources/bootstrap/discord_zstd.zip
11/25/2025, 7:24:25 PM GMT-3 [Modules] Failed installing discord_zstd@0: Error: ENOENT: no such file or directory, open '/opt/discord/resources/bootstrap/discord_zstd.zip'
11/25/2025, 7:24:25 PM GMT-3 [Modules] Finished module installations. [success: 0] [failure: 6]
11/25/2025, 7:24:25 PM GMT-3 [Modules] Checking for host updates.
11/25/2025, 7:24:26 PM GMT-3 [Modules] Host is up to date.
11/25/2025, 7:24:26 PM GMT-3 [Modules] Checking for module updates at https://discord.com/api/modules/stable/versions.json
11/25/2025, 7:24:26 PM GMT-3 [Modules] Module update available: discord_desktop_core@1 [installed: 0]
11/25/2025, 7:24:26 PM GMT-3 [Modules] Module update available: discord_erlpack@1 [installed: 0]
11/25/2025, 7:24:26 PM GMT-3 [Modules] Module update available: discord_spellcheck@1 [installed: 0]
11/25/2025, 7:24:26 PM GMT-3 [Modules] Module update available: discord_utils@1 [installed: 0]
11/25/2025, 7:24:26 PM GMT-3 [Modules] Module update available: discord_voice@1 [installed: 0]
11/25/2025, 7:24:26 PM GMT-3 [Modules] Module update available: discord_zstd@1 [installed: 0]
11/25/2025, 7:24:26 PM GMT-3 [Modules] Fetching discord_desktop_core@1 from https://discord.com/api/modules/stable/discord_desktop_core/1
11/25/2025, 7:24:26 PM GMT-3 [Modules] Streaming discord_desktop_core@1 to /home/vinicius/.config/discord/0.0.116/modules/pending/discord_desktop_core-1.zip
11/25/2025, 7:24:26 PM GMT-3 [Modules] Streaming discord_desktop_core@1 to /home/vinicius/.config/discord/0.0.116/modules/pending/discord_desktop_core-1.zip: 1%
11/25/2025, 7:24:26 PM GMT-3 [Modules] Streaming discord_desktop_core@1 to /home/vinicius/.config/discord/0.0.116/modules/pending/discord_desktop_core-1.zip: 2%
11/25/2025, 7:24:26 PM GMT-3 [Modules] Streaming discord_desktop_core@1 to /home/vinicius/.config/discord/0.0.116/modules/pending/discord_desktop_core-1.zip: 3%
11/25/2025, 7:24:26 PM GMT-3 [Modules] Streaming discord_desktop_core@1 to /home/vinicius/.config/discord/0.0.116/modules/pending/discord_desktop_core-1.zip: 4%
11/25/2025, 7:24:26 PM GMT-3 [Modules] Streaming discord_desktop_core@1 to /home/vinicius/.config/discord/0.0.116/modules/pending/discord_desktop_core-1.zip: 5%
11/25/2025, 7:24:26 PM GMT-3 [Modules] Streaming discord_desktop_core@1 to /home/vinicius/.config/discord/0.0.116/modules/pending/discord_desktop_core-1.zip: 6%
11/25/2025, 7:24:26 PM GMT-3 [Modules] Streaming discord_desktop_core@1 to /home/vinicius/.config/discord/0.0.116/modules/pending/discord_desktop_core-1.zip: 7%
11/25/2025, 7:24:26 PM GMT-3 [Modules] Streaming discord_desktop_core@1 to /home/vinicius/.config/discord/0.0.116/modules/pending/discord_desktop_core-1.zip: 8%
11/25/2025, 7:24:26 PM GMT-3 [Modules] Streaming discord_desktop_core@1 to /home/vinicius/.config/discord/0.0.116/modules/pending/discord_desktop_core-1.zip: 9%
11/25/2025, 7:24:26 PM GMT-3 [Modules] Streaming discord_desktop_core@1 to /home/vinicius/.config/discord/0.0.116/modules/pending/discord_desktop_core-1.zip: 10%
11/25/2025, 7:24:26 PM GMT-3 [Modules] Streaming discord_desktop_core@1 to /home/vinicius/.config/discord/0.0.116/modules/pending/discord_desktop_core-1.zip: 11%
11/25/2025, 7:24:26 PM GMT-3 [Modules] Streaming discord_desktop_core@1 to /home/vinicius/.config/discord/0.0.116/modules/pending/discord_desktop_core-1.zip: 12%
11/25/2025, 7:24:26 PM GMT-3 [Modules] Streaming discord_desktop_core@1 to /home/vinicius/.config/discord/0.0.116/modules/pending/discord_desktop_core-1.zip: 13%
11/25/2025, 7:24:26 PM GMT-3 [Modules] Streaming discord_desktop_core@1 to /home/vinicius/.config/discord/0.0.116/modules/pending/discord_desktop_core-1.zip: 14%
11/25/2025, 7:24:26 PM GMT-3 [Modules] Streaming discord_desktop_core@1 to /home/vinicius/.config/discord/0.0.116/modules/pending/discord_desktop_core-1.zip: 15%
11/25/2025, 7:24:26 PM GMT-3 [Modules] Streaming discord_desktop_core@1 to /home/vinicius/.config/discord/0.0.116/modules/pending/discord_desktop_core-1.zip: 16%
11/25/2025, 7:24:26 PM GMT-3 [Modules] Streaming discord_desktop_core@1 to /home/vinicius/.config/discord/0.0.116/modules/pending/discord_desktop_core-1.zip: 17%
11/25/2025, 7:24:26 PM GMT-3 [Modules] Streaming discord_desktop_core@1 to /home/vinicius/.config/discord/0.0.116/modules/pending/discord_desktop_core-1.zip: 18%
11/25/2025, 7:24:26 PM GMT-3 [Modules] Streaming discord_desktop_core@1 to /home/vinicius/.config/discord/0.0.116/modules/pending/discord_desktop_core-1.zip: 19%
11/25/2025, 7:24:26 PM GMT-3 [Modules] Streaming discord_desktop_core@1 to /home/vinicius/.config/discord/0.0.116/modules/pending/discord_desktop_core-1.zip: 20%
11/25/2025, 7:24:26 PM GMT-3 [Modules] Streaming discord_desktop_core@1 to /home/vinicius/.config/discord/0.0.116/modules/pending/discord_desktop_core-1.zip: 21%
11/25/2025, 7:24:26 PM GMT-3 [Modules] Streaming discord_desktop_core@1 to /home/vinicius/.config/discord/0.0.116/modules/pending/discord_desktop_core-1.zip: 22%
11/25/2025, 7:24:26 PM GMT-3 [Modules] Streaming discord_desktop_core@1 to /home/vinicius/.config/discord/0.0.116/modules/pending/discord_desktop_core-1.zip: 23%
11/25/2025, 7:24:26 PM GMT-3 [Modules] Streaming discord_desktop_core@1 to /home/vinicius/.config/discord/0.0.116/modules/pending/discord_desktop_core-1.zip: 24%
11/25/2025, 7:24:26 PM GMT-3 [Modules] Streaming discord_desktop_core@1 to /home/vinicius/.config/discord/0.0.116/modules/pending/discord_desktop_core-1.zip: 25%
11/25/2025, 7:24:26 PM GMT-3 [Modules] Streaming discord_desktop_core@1 to /home/vinicius/.config/discord/0.0.116/modules/pending/discord_desktop_core-1.zip: 26%
11/25/2025, 7:24:26 PM GMT-3 [Modules] Streaming discord_desktop_core@1 to /home/vinicius/.config/discord/0.0.116/modules/pending/discord_desktop_core-1.zip: 27%
11/25/2025, 7:24:26 PM GMT-3 [Modules] Streaming discord_desktop_core@1 to /home/vinicius/.config/discord/0.0.116/modules/pending/discord_desktop_core-1.zip: 28%
11/25/2025, 7:24:26 PM GMT-3 [Modules] Streaming discord_desktop_core@1 to /home/vinicius/.config/discord/0.0.116/modules/pending/discord_desktop_core-1.zip: 29%
11/25/2025, 7:24:26 PM GMT-3 [Modules] Streaming discord_desktop_core@1 to /home/vinicius/.config/discord/0.0.116/modules/pending/discord_desktop_core-1.zip: 30%
11/25/2025, 7:24:26 PM GMT-3 [Modules] Streaming discord_desktop_core@1 to /home/vinicius/.config/discord/0.0.116/modules/pending/discord_desktop_core-1.zip: 31%
11/25/2025, 7:24:26 PM GMT-3 [Modules] Streaming discord_desktop_core@1 to /home/vinicius/.config/discord/0.0.116/modules/pending/discord_desktop_core-1.zip: 32%
11/25/2025, 7:24:26 PM GMT-3 [Modules] Streaming discord_desktop_core@1 to /home/vinicius/.config/discord/0.0.116/modules/pending/discord_desktop_core-1.zip: 33%
11/25/2025, 7:24:26 PM GMT-3 [Modules] Streaming discord_desktop_core@1 to /home/vinicius/.config/discord/0.0.116/modules/pending/discord_desktop_core-1.zip: 34%
11/25/2025, 7:24:26 PM GMT-3 [Modules] Streaming discord_desktop_core@1 to /home/vinicius/.config/discord/0.0.116/modules/pending/discord_desktop_core-1.zip: 35%
11/25/2025, 7:24:26 PM GMT-3 [Modules] Streaming discord_desktop_core@1 to /home/vinicius/.config/discord/0.0.116/modules/pending/discord_desktop_core-1.zip: 36%
11/25/2025, 7:24:26 PM GMT-3 [Modules] Streaming discord_desktop_core@1 to /home/vinicius/.config/discord/0.0.116/modules/pending/discord_desktop_core-1.zip: 37%
11/25/2025, 7:24:26 PM GMT-3 [Modules] Streaming discord_desktop_core@1 to /home/vinicius/.config/discord/0.0.116/modules/pending/discord_desktop_core-1.zip: 38%
11/25/2025, 7:24:26 PM GMT-3 [Modules] Streaming discord_desktop_core@1 to /home/vinicius/.config/discord/0.0.116/modules/pending/discord_desktop_core-1.zip: 39%
11/25/2025, 7:24:26 PM GMT-3 [Modules] Streaming discord_desktop_core@1 to /home/vinicius/.config/discord/0.0.116/modules/pending/discord_desktop_core-1.zip: 40%
11/25/2025, 7:24:26 PM GMT-3 [Modules] Streaming discord_desktop_core@1 to /home/vinicius/.config/discord/0.0.116/modules/pending/discord_desktop_core-1.zip: 41%
11/25/2025, 7:24:26 PM GMT-3 [Modules] Streaming discord_desktop_core@1 to /home/vinicius/.config/discord/0.0.116/modules/pending/discord_desktop_core-1.zip: 42%
11/25/2025, 7:24:26 PM GMT-3 [Modules] Streaming discord_desktop_core@1 to /home/vinicius/.config/discord/0.0.116/modules/pending/discord_desktop_core-1.zip: 43%
11/25/2025, 7:24:26 PM GMT-3 [Modules] Streaming discord_desktop_core@1 to /home/vinicius/.config/discord/0.0.116/modules/pending/discord_desktop_core-1.zip: 44%
11/25/2025, 7:24:26 PM GMT-3 [Modules] Streaming discord_desktop_core@1 to /home/vinicius/.config/discord/0.0.116/modules/pending/discord_desktop_core-1.zip: 45%
11/25/2025, 7:24:26 PM GMT-3 [Modules] Streaming discord_desktop_core@1 to /home/vinicius/.config/discord/0.0.116/modules/pending/discord_desktop_core-1.zip: 46%
11/25/2025, 7:24:26 PM GMT-3 [Modules] Streaming discord_desktop_core@1 to /home/vinicius/.config/discord/0.0.116/modules/pending/discord_desktop_core-1.zip: 47%
11/25/2025, 7:24:27 PM GMT-3 [Modules] Streaming discord_desktop_core@1 to /home/vinicius/.config/discord/0.0.116/modules/pending/discord_desktop_core-1.zip: 48%
11/25/2025, 7:24:27 PM GMT-3 [Modules] Streaming discord_desktop_core@1 to /home/vinicius/.config/discord/0.0.116/modules/pending/discord_desktop_core-1.zip: 49%
11/25/2025, 7:24:27 PM GMT-3 [Modules] Streaming discord_desktop_core@1 to /home/vinicius/.config/discord/0.0.116/modules/pending/discord_desktop_core-1.zip: 50%
11/25/2025, 7:24:27 PM GMT-3 [Modules] Streaming discord_desktop_core@1 to /home/vinicius/.config/discord/0.0.116/modules/pending/discord_desktop_core-1.zip: 51%
11/25/2025, 7:24:27 PM GMT-3 [Modules] Streaming discord_desktop_core@1 to /home/vinicius/.config/discord/0.0.116/modules/pending/discord_desktop_core-1.zip: 52%
11/25/2025, 7:24:27 PM GMT-3 [Modules] Streaming discord_desktop_core@1 to /home/vinicius/.config/discord/0.0.116/modules/pending/discord_desktop_core-1.zip: 53%
11/25/2025, 7:24:27 PM GMT-3 [Modules] Streaming discord_desktop_core@1 to /home/vinicius/.config/discord/0.0.116/modules/pending/discord_desktop_core-1.zip: 54%
11/25/2025, 7:24:27 PM GMT-3 [Modules] Streaming discord_desktop_core@1 to /home/vinicius/.config/discord/0.0.116/modules/pending/discord_desktop_core-1.zip: 55%
11/25/2025, 7:24:27 PM GMT-3 [Modules] Streaming discord_desktop_core@1 to /home/vinicius/.config/discord/0.0.116/modules/pending/discord_desktop_core-1.zip: 56%
11/25/2025, 7:24:27 PM GMT-3 [Modules] Streaming discord_desktop_core@1 to /home/vinicius/.config/discord/0.0.116/modules/pending/discord_desktop_core-1.zip: 57%
11/25/2025, 7:24:27 PM GMT-3 [Modules] Streaming discord_desktop_core@1 to /home/vinicius/.config/discord/0.0.116/modules/pending/discord_desktop_core-1.zip: 58%
11/25/2025, 7:24:27 PM GMT-3 [Modules] Streaming discord_desktop_core@1 to /home/vinicius/.config/discord/0.0.116/modules/pending/discord_desktop_core-1.zip: 59%
11/25/2025, 7:24:27 PM GMT-3 [Modules] Streaming discord_desktop_core@1 to /home/vinicius/.config/discord/0.0.116/modules/pending/discord_desktop_core-1.zip: 60%
11/25/2025, 7:24:27 PM GMT-3 [Modules] Streaming discord_desktop_core@1 to /home/vinicius/.config/discord/0.0.116/modules/pending/discord_desktop_core-1.zip: 61%
11/25/2025, 7:24:27 PM GMT-3 [Modules] Streaming discord_desktop_core@1 to /home/vinicius/.config/discord/0.0.116/modules/pending/discord_desktop_core-1.zip: 62%
11/25/2025, 7:24:27 PM GMT-3 [Modules] Streaming discord_desktop_core@1 to /home/vinicius/.config/discord/0.0.116/modules/pending/discord_desktop_core-1.zip: 63%
11/25/2025, 7:24:27 PM GMT-3 [Modules] Streaming discord_desktop_core@1 to /home/vinicius/.config/discord/0.0.116/modules/pending/discord_desktop_core-1.zip: 64%
11/25/2025, 7:24:27 PM GMT-3 [Modules] Streaming discord_desktop_core@1 to /home/vinicius/.config/discord/0.0.116/modules/pending/discord_desktop_core-1.zip: 65%
11/25/2025, 7:24:27 PM GMT-3 [Modules] Streaming discord_desktop_core@1 to /home/vinicius/.config/discord/0.0.116/modules/pending/discord_desktop_core-1.zip: 66%
11/25/2025, 7:24:27 PM GMT-3 [Modules] Streaming discord_desktop_core@1 to /home/vinicius/.config/discord/0.0.116/modules/pending/discord_desktop_core-1.zip: 67%
11/25/2025, 7:24:27 PM GMT-3 [Modules] Streaming discord_desktop_core@1 to /home/vinicius/.config/discord/0.0.116/modules/pending/discord_desktop_core-1.zip: 68%
11/25/2025, 7:24:27 PM GMT-3 [Modules] Streaming discord_desktop_core@1 to /home/vinicius/.config/discord/0.0.116/modules/pending/discord_desktop_core-1.zip: 69%
11/25/2025, 7:24:27 PM GMT-3 [Modules] Streaming discord_desktop_core@1 to /home/vinicius/.config/discord/0.0.116/modules/pending/discord_desktop_core-1.zip: 70%
11/25/2025, 7:24:27 PM GMT-3 [Modules] Streaming discord_desktop_core@1 to /home/vinicius/.config/discord/0.0.116/modules/pending/discord_desktop_core-1.zip: 71%
11/25/2025, 7:24:27 PM GMT-3 [Modules] Streaming discord_desktop_core@1 to /home/vinicius/.config/discord/0.0.116/modules/pending/discord_desktop_core-1.zip: 72%
11/25/2025, 7:24:27 PM GMT-3 [Modules] Streaming discord_desktop_core@1 to /home/vinicius/.config/discord/0.0.116/modules/pending/discord_desktop_core-1.zip: 73%
11/25/2025, 7:24:27 PM GMT-3 [Modules] Streaming discord_desktop_core@1 to /home/vinicius/.config/discord/0.0.116/modules/pending/discord_desktop_core-1.zip: 74%
11/25/2025, 7:24:27 PM GMT-3 [Modules] Streaming discord_desktop_core@1 to /home/vinicius/.config/discord/0.0.116/modules/pending/discord_desktop_core-1.zip: 75%
11/25/2025, 7:24:27 PM GMT-3 [Modules] Streaming discord_desktop_core@1 to /home/vinicius/.config/discord/0.0.116/modules/pending/discord_desktop_core-1.zip: 76%
11/25/2025, 7:24:27 PM GMT-3 [Modules] Streaming discord_desktop_core@1 to /home/vinicius/.config/discord/0.0.116/modules/pending/discord_desktop_core-1.zip: 77%
11/25/2025, 7:24:27 PM GMT-3 [Modules] Streaming discord_desktop_core@1 to /home/vinicius/.config/discord/0.0.116/modules/pending/discord_desktop_core-1.zip: 78%
11/25/2025, 7:24:27 PM GMT-3 [Modules] Streaming discord_desktop_core@1 to /home/vinicius/.config/discord/0.0.116/modules/pending/discord_desktop_core-1.zip: 79%
11/25/2025, 7:24:27 PM GMT-3 [Modules] Streaming discord_desktop_core@1 to /home/vinicius/.config/discord/0.0.116/modules/pending/discord_desktop_core-1.zip: 80%
11/25/2025, 7:24:27 PM GMT-3 [Modules] Streaming discord_desktop_core@1 to /home/vinicius/.config/discord/0.0.116/modules/pending/discord_desktop_core-1.zip: 81%
11/25/2025, 7:24:27 PM GMT-3 [Modules] Streaming discord_desktop_core@1 to /home/vinicius/.config/discord/0.0.116/modules/pending/discord_desktop_core-1.zip: 82%
11/25/2025, 7:24:27 PM GMT-3 [Modules] Streaming discord_desktop_core@1 to /home/vinicius/.config/discord/0.0.116/modules/pending/discord_desktop_core-1.zip: 83%
11/25/2025, 7:24:27 PM GMT-3 [Modules] Streaming discord_desktop_core@1 to /home/vinicius/.config/discord/0.0.116/modules/pending/discord_desktop_core-1.zip: 84%
11/25/2025, 7:24:27 PM GMT-3 [Modules] Streaming discord_desktop_core@1 to /home/vinicius/.config/discord/0.0.116/modules/pending/discord_desktop_core-1.zip: 85%
11/25/2025, 7:24:27 PM GMT-3 [Modules] Streaming discord_desktop_core@1 to /home/vinicius/.config/discord/0.0.116/modules/pending/discord_desktop_core-1.zip: 86%
11/25/2025, 7:24:27 PM GMT-3 [Modules] Streaming discord_desktop_core@1 to /home/vinicius/.config/discord/0.0.116/modules/pending/discord_desktop_core-1.zip: 87%
11/25/2025, 7:24:27 PM GMT-3 [Modules] Streaming discord_desktop_core@1 to /home/vinicius/.config/discord/0.0.116/modules/pending/discord_desktop_core-1.zip: 88%
11/25/2025, 7:24:27 PM GMT-3 [Modules] Streaming discord_desktop_core@1 to /home/vinicius/.config/discord/0.0.116/modules/pending/discord_desktop_core-1.zip: 89%
11/25/2025, 7:24:27 PM GMT-3 [Modules] Streaming discord_desktop_core@1 to /home/vinicius/.config/discord/0.0.116/modules/pending/discord_desktop_core-1.zip: 90%
11/25/2025, 7:24:27 PM GMT-3 [Modules] Streaming discord_desktop_core@1 to /home/vinicius/.config/discord/0.0.116/modules/pending/discord_desktop_core-1.zip: 91%
11/25/2025, 7:24:27 PM GMT-3 [Modules] Streaming discord_desktop_core@1 to /home/vinicius/.config/discord/0.0.116/modules/pending/discord_desktop_core-1.zip: 92%
11/25/2025, 7:24:27 PM GMT-3 [Modules] Streaming discord_desktop_core@1 to /home/vinicius/.config/discord/0.0.116/modules/pending/discord_desktop_core-1.zip: 95%
11/25/2025, 7:24:27 PM GMT-3 [Modules] Streaming discord_desktop_core@1 to /home/vinicius/.config/discord/0.0.116/modules/pending/discord_desktop_core-1.zip: 96%
11/25/2025, 7:24:27 PM GMT-3 [Modules] Streaming discord_desktop_core@1 to /home/vinicius/.config/discord/0.0.116/modules/pending/discord_desktop_core-1.zip: 97%
11/25/2025, 7:24:27 PM GMT-3 [Modules] Streaming discord_desktop_core@1 to /home/vinicius/.config/discord/0.0.116/modules/pending/discord_desktop_core-1.zip: 98%
11/25/2025, 7:24:27 PM GMT-3 [Modules] Streaming discord_desktop_core@1 to /home/vinicius/.config/discord/0.0.116/modules/pending/discord_desktop_core-1.zip: 100%
11/25/2025, 7:24:27 PM GMT-3 [Modules] Fetching discord_erlpack@1 from https://discord.com/api/modules/stable/discord_erlpack/1
11/25/2025, 7:24:27 PM GMT-3 [Modules] Streaming discord_erlpack@1 to /home/vinicius/.config/discord/0.0.116/modules/pending/discord_erlpack-1.zip
11/25/2025, 7:24:27 PM GMT-3 [Modules] Streaming discord_erlpack@1 to /home/vinicius/.config/discord/0.0.116/modules/pending/discord_erlpack-1.zip: 1%
11/25/2025, 7:24:27 PM GMT-3 [Modules] Streaming discord_erlpack@1 to /home/vinicius/.config/discord/0.0.116/modules/pending/discord_erlpack-1.zip: 2%
11/25/2025, 7:24:27 PM GMT-3 [Modules] Streaming discord_erlpack@1 to /home/vinicius/.config/discord/0.0.116/modules/pending/discord_erlpack-1.zip: 3%
11/25/2025, 7:24:27 PM GMT-3 [Modules] Streaming discord_erlpack@1 to /home/vinicius/.config/discord/0.0.116/modules/pending/discord_erlpack-1.zip: 4%
11/25/2025, 7:24:27 PM GMT-3 [Modules] Streaming discord_erlpack@1 to /home/vinicius/.config/discord/0.0.116/modules/pending/discord_erlpack-1.zip: 5%
11/25/2025, 7:24:27 PM GMT-3 [Modules] Streaming discord_erlpack@1 to /home/vinicius/.config/discord/0.0.116/modules/pending/discord_erlpack-1.zip: 6%
11/25/2025, 7:24:27 PM GMT-3 [Modules] Streaming discord_erlpack@1 to /home/vinicius/.config/discord/0.0.116/modules/pending/discord_erlpack-1.zip: 7%
11/25/2025, 7:24:27 PM GMT-3 [Modules] Streaming discord_erlpack@1 to /home/vinicius/.config/discord/0.0.116/modules/pending/discord_erlpack-1.zip: 8%
11/25/2025, 7:24:27 PM GMT-3 [Modules] Streaming discord_erlpack@1 to /home/vinicius/.config/discord/0.0.116/modules/pending/discord_erlpack-1.zip: 9%
11/25/2025, 7:24:27 PM GMT-3 [Modules] Streaming discord_erlpack@1 to /home/vinicius/.config/discord/0.0.116/modules/pending/discord_erlpack-1.zip: 10%
11/25/2025, 7:24:27 PM GMT-3 [Modules] Streaming discord_erlpack@1 to /home/vinicius/.config/discord/0.0.116/modules/pending/discord_erlpack-1.zip: 11%
11/25/2025, 7:24:27 PM GMT-3 [Modules] Streaming discord_erlpack@1 to /home/vinicius/.config/discord/0.0.116/modules/pending/discord_erlpack-1.zip: 12%
11/25/2025, 7:24:27 PM GMT-3 [Modules] Streaming discord_erlpack@1 to /home/vinicius/.config/discord/0.0.116/modules/pending/discord_erlpack-1.zip: 13%
11/25/2025, 7:24:27 PM GMT-3 [Modules] Streaming discord_erlpack@1 to /home/vinicius/.config/discord/0.0.116/modules/pending/discord_erlpack-1.zip: 14%
11/25/2025, 7:24:28 PM GMT-3 [Modules] Streaming discord_erlpack@1 to /home/vinicius/.config/discord/0.0.116/modules/pending/discord_erlpack-1.zip: 15%
11/25/2025, 7:24:28 PM GMT-3 [Modules] Streaming discord_erlpack@1 to /home/vinicius/.config/discord/0.0.116/modules/pending/discord_erlpack-1.zip: 16%
11/25/2025, 7:24:28 PM GMT-3 [Modules] Streaming discord_erlpack@1 to /home/vinicius/.config/discord/0.0.116/modules/pending/discord_erlpack-1.zip: 17%
11/25/2025, 7:24:28 PM GMT-3 [Modules] Streaming discord_erlpack@1 to /home/vinicius/.config/discord/0.0.116/modules/pending/discord_erlpack-1.zip: 18%
11/25/2025, 7:24:28 PM GMT-3 [Modules] Streaming discord_erlpack@1 to /home/vinicius/.config/discord/0.0.116/modules/pending/discord_erlpack-1.zip: 19%
11/25/2025, 7:24:28 PM GMT-3 [Modules] Streaming discord_erlpack@1 to /home/vinicius/.config/discord/0.0.116/modules/pending/discord_erlpack-1.zip: 20%
11/25/2025, 7:24:28 PM GMT-3 [Modules] Streaming discord_erlpack@1 to /home/vinicius/.config/discord/0.0.116/modules/pending/discord_erlpack-1.zip: 21%
11/25/2025, 7:24:28 PM GMT-3 [Modules] Streaming discord_erlpack@1 to /home/vinicius/.config/discord/0.0.116/modules/pending/discord_erlpack-1.zip: 22%
11/25/2025, 7:24:28 PM GMT-3 [Modules] Streaming discord_erlpack@1 to /home/vinicius/.config/discord/0.0.116/modules/pending/discord_erlpack-1.zip: 23%
11/25/2025, 7:24:28 PM GMT-3 [Modules] Streaming discord_erlpack@1 to /home/vinicius/.config/discord/0.0.116/modules/pending/discord_erlpack-1.zip: 24%
11/25/2025, 7:24:28 PM GMT-3 [Modules] Streaming discord_erlpack@1 to /home/vinicius/.config/discord/0.0.116/modules/pending/discord_erlpack-1.zip: 25%
11/25/2025, 7:24:28 PM GMT-3 [Modules] Streaming discord_erlpack@1 to /home/vinicius/.config/discord/0.0.116/modules/pending/discord_erlpack-1.zip: 26%
11/25/2025, 7:24:28 PM GMT-3 [Modules] Streaming discord_erlpack@1 to /home/vinicius/.config/discord/0.0.116/modules/pending/discord_erlpack-1.zip: 27%
11/25/2025, 7:24:28 PM GMT-3 [Modules] Streaming discord_erlpack@1 to /home/vinicius/.config/discord/0.0.116/modules/pending/discord_erlpack-1.zip: 28%
11/25/2025, 7:24:28 PM GMT-3 [Modules] Streaming discord_erlpack@1 to /home/vinicius/.config/discord/0.0.116/modules/pending/discord_erlpack-1.zip: 29%
11/25/2025, 7:24:28 PM GMT-3 [Modules] Streaming discord_erlpack@1 to /home/vinicius/.config/discord/0.0.116/modules/pending/discord_erlpack-1.zip: 30%
11/25/2025, 7:24:28 PM GMT-3 [Modules] Streaming discord_erlpack@1 to /home/vinicius/.config/discord/0.0.116/modules/pending/discord_erlpack-1.zip: 31%
11/25/2025, 7:24:28 PM GMT-3 [Modules] Streaming discord_erlpack@1 to /home/vinicius/.config/discord/0.0.116/modules/pending/discord_erlpack-1.zip: 32%
11/25/2025, 7:24:28 PM GMT-3 [Modules] Streaming discord_erlpack@1 to /home/vinicius/.config/discord/0.0.116/modules/pending/discord_erlpack-1.zip: 33%
11/25/2025, 7:24:28 PM GMT-3 [Modules] Streaming discord_erlpack@1 to /home/vinicius/.config/discord/0.0.116/modules/pending/discord_erlpack-1.zip: 34%
11/25/2025, 7:24:28 PM GMT-3 [Modules] Streaming discord_erlpack@1 to /home/vinicius/.config/discord/0.0.116/modules/pending/discord_erlpack-1.zip: 35%
11/25/2025, 7:24:28 PM GMT-3 [Modules] Streaming discord_erlpack@1 to /home/vinicius/.config/discord/0.0.116/modules/pending/discord_erlpack-1.zip: 36%
11/25/2025, 7:24:28 PM GMT-3 [Modules] Streaming discord_erlpack@1 to /home/vinicius/.config/discord/0.0.116/modules/pending/discord_erlpack-1.zip: 37%
11/25/2025, 7:24:28 PM GMT-3 [Modules] Streaming discord_erlpack@1 to /home/vinicius/.config/discord/0.0.116/modules/pending/discord_erlpack-1.zip: 38%
11/25/2025, 7:24:28 PM GMT-3 [Modules] Streaming discord_erlpack@1 to /home/vinicius/.config/discord/0.0.116/modules/pending/discord_erlpack-1.zip: 39%
11/25/2025, 7:24:28 PM GMT-3 [Modules] Streaming discord_erlpack@1 to /home/vinicius/.config/discord/0.0.116/modules/pending/discord_erlpack-1.zip: 40%
11/25/2025, 7:24:28 PM GMT-3 [Modules] Streaming discord_erlpack@1 to /home/vinicius/.config/discord/0.0.116/modules/pending/discord_erlpack-1.zip: 41%
11/25/2025, 7:24:28 PM GMT-3 [Modules] Streaming discord_erlpack@1 to /home/vinicius/.config/discord/0.0.116/modules/pending/discord_erlpack-1.zip: 42%
11/25/2025, 7:24:28 PM GMT-3 [Modules] Streaming discord_erlpack@1 to /home/vinicius/.config/discord/0.0.116/modules/pending/discord_erlpack-1.zip: 43%
11/25/2025, 7:24:28 PM GMT-3 [Modules] Streaming discord_erlpack@1 to /home/vinicius/.config/discord/0.0.116/modules/pending/discord_erlpack-1.zip: 44%
11/25/2025, 7:24:28 PM GMT-3 [Modules] Streaming discord_erlpack@1 to /home/vinicius/.config/discord/0.0.116/modules/pending/discord_erlpack-1.zip: 45%
11/25/2025, 7:24:28 PM GMT-3 [Modules] Streaming discord_erlpack@1 to /home/vinicius/.config/discord/0.0.116/modules/pending/discord_erlpack-1.zip: 46%
11/25/2025, 7:24:28 PM GMT-3 [Modules] Streaming discord_erlpack@1 to /home/vinicius/.config/discord/0.0.116/modules/pending/discord_erlpack-1.zip: 47%
11/25/2025, 7:24:28 PM GMT-3 [Modules] Streaming discord_erlpack@1 to /home/vinicius/.config/discord/0.0.116/modules/pending/discord_erlpack-1.zip: 48%
11/25/2025, 7:24:28 PM GMT-3 [Modules] Streaming discord_erlpack@1 to /home/vinicius/.config/discord/0.0.116/modules/pending/discord_erlpack-1.zip: 49%
11/25/2025, 7:24:28 PM GMT-3 [Modules] Streaming discord_erlpack@1 to /home/vinicius/.config/discord/0.0.116/modules/pending/discord_erlpack-1.zip: 50%
11/25/2025, 7:24:28 PM GMT-3 [Modules] Streaming discord_erlpack@1 to /home/vinicius/.config/discord/0.0.116/modules/pending/discord_erlpack-1.zip: 51%
11/25/2025, 7:24:28 PM GMT-3 [Modules] Streaming discord_erlpack@1 to /home/vinicius/.config/discord/0.0.116/modules/pending/discord_erlpack-1.zip: 52%
11/25/2025, 7:24:28 PM GMT-3 [Modules] Streaming discord_erlpack@1 to /home/vinicius/.config/discord/0.0.116/modules/pending/discord_erlpack-1.zip: 53%
11/25/2025, 7:24:28 PM GMT-3 [Modules] Streaming discord_erlpack@1 to /home/vinicius/.config/discord/0.0.116/modules/pending/discord_erlpack-1.zip: 54%
11/25/2025, 7:24:28 PM GMT-3 [Modules] Streaming discord_erlpack@1 to /home/vinicius/.config/discord/0.0.116/modules/pending/discord_erlpack-1.zip: 57%
11/25/2025, 7:24:28 PM GMT-3 [Modules] Streaming discord_erlpack@1 to /home/vinicius/.config/discord/0.0.116/modules/pending/discord_erlpack-1.zip: 62%
11/25/2025, 7:24:28 PM GMT-3 [Modules] Streaming discord_erlpack@1 to /home/vinicius/.config/discord/0.0.116/modules/pending/discord_erlpack-1.zip: 63%
11/25/2025, 7:24:28 PM GMT-3 [Modules] Streaming discord_erlpack@1 to /home/vinicius/.config/discord/0.0.116/modules/pending/discord_erlpack-1.zip: 64%
11/25/2025, 7:24:28 PM GMT-3 [Modules] Streaming discord_erlpack@1 to /home/vinicius/.config/discord/0.0.116/modules/pending/discord_erlpack-1.zip: 65%
11/25/2025, 7:24:28 PM GMT-3 [Modules] Streaming discord_erlpack@1 to /home/vinicius/.config/discord/0.0.116/modules/pending/discord_erlpack-1.zip: 66%
11/25/2025, 7:24:28 PM GMT-3 [Modules] Streaming discord_erlpack@1 to /home/vinicius/.config/discord/0.0.116/modules/pending/discord_erlpack-1.zip: 67%
11/25/2025, 7:24:28 PM GMT-3 [Modules] Streaming discord_erlpack@1 to /home/vinicius/.config/discord/0.0.116/modules/pending/discord_erlpack-1.zip: 68%
11/25/2025, 7:24:28 PM GMT-3 [Modules] Streaming discord_erlpack@1 to /home/vinicius/.config/discord/0.0.116/modules/pending/discord_erlpack-1.zip: 69%
11/25/2025, 7:24:28 PM GMT-3 [Modules] Streaming discord_erlpack@1 to /home/vinicius/.config/discord/0.0.116/modules/pending/discord_erlpack-1.zip: 70%
11/25/2025, 7:24:28 PM GMT-3 [Modules] Streaming discord_erlpack@1 to /home/vinicius/.config/discord/0.0.116/modules/pending/discord_erlpack-1.zip: 71%
11/25/2025, 7:24:28 PM GMT-3 [Modules] Streaming discord_erlpack@1 to /home/vinicius/.config/discord/0.0.116/modules/pending/discord_erlpack-1.zip: 72%
11/25/2025, 7:24:28 PM GMT-3 [Modules] Streaming discord_erlpack@1 to /home/vinicius/.config/discord/0.0.116/modules/pending/discord_erlpack-1.zip: 73%
11/25/2025, 7:24:28 PM GMT-3 [Modules] Streaming discord_erlpack@1 to /home/vinicius/.config/discord/0.0.116/modules/pending/discord_erlpack-1.zip: 74%
11/25/2025, 7:24:28 PM GMT-3 [Modules] Streaming discord_erlpack@1 to /home/vinicius/.config/discord/0.0.116/modules/pending/discord_erlpack-1.zip: 75%
11/25/2025, 7:24:28 PM GMT-3 [Modules] Streaming discord_erlpack@1 to /home/vinicius/.config/discord/0.0.116/modules/pending/discord_erlpack-1.zip: 76%
11/25/2025, 7:24:28 PM GMT-3 [Modules] Streaming discord_erlpack@1 to /home/vinicius/.config/discord/0.0.116/modules/pending/discord_erlpack-1.zip: 77%
11/25/2025, 7:24:28 PM GMT-3 [Modules] Streaming discord_erlpack@1 to /home/vinicius/.config/discord/0.0.116/modules/pending/discord_erlpack-1.zip: 78%
11/25/2025, 7:24:28 PM GMT-3 [Modules] Streaming discord_erlpack@1 to /home/vinicius/.config/discord/0.0.116/modules/pending/discord_erlpack-1.zip: 79%
11/25/2025, 7:24:28 PM GMT-3 [Modules] Streaming discord_erlpack@1 to /home/vinicius/.config/discord/0.0.116/modules/pending/discord_erlpack-1.zip: 80%
11/25/2025, 7:24:28 PM GMT-3 [Modules] Streaming discord_erlpack@1 to /home/vinicius/.config/discord/0.0.116/modules/pending/discord_erlpack-1.zip: 81%
11/25/2025, 7:24:28 PM GMT-3 [Modules] Streaming discord_erlpack@1 to /home/vinicius/.config/discord/0.0.116/modules/pending/discord_erlpack-1.zip: 82%
11/25/2025, 7:24:28 PM GMT-3 [Modules] Streaming discord_erlpack@1 to /home/vinicius/.config/discord/0.0.116/modules/pending/discord_erlpack-1.zip: 83%
11/25/2025, 7:24:28 PM GMT-3 [Modules] Streaming discord_erlpack@1 to /home/vinicius/.config/discord/0.0.116/modules/pending/discord_erlpack-1.zip: 84%
11/25/2025, 7:24:28 PM GMT-3 [Modules] Streaming discord_erlpack@1 to /home/vinicius/.config/discord/0.0.116/modules/pending/discord_erlpack-1.zip: 85%
11/25/2025, 7:24:28 PM GMT-3 [Modules] Streaming discord_erlpack@1 to /home/vinicius/.config/discord/0.0.116/modules/pending/discord_erlpack-1.zip: 86%
11/25/2025, 7:24:28 PM GMT-3 [Modules] Streaming discord_erlpack@1 to /home/vinicius/.config/discord/0.0.116/modules/pending/discord_erlpack-1.zip: 87%
11/25/2025, 7:24:28 PM GMT-3 [Modules] Streaming discord_erlpack@1 to /home/vinicius/.config/discord/0.0.116/modules/pending/discord_erlpack-1.zip: 88%
11/25/2025, 7:24:28 PM GMT-3 [Modules] Streaming discord_erlpack@1 to /home/vinicius/.config/discord/0.0.116/modules/pending/discord_erlpack-1.zip: 89%
11/25/2025, 7:24:28 PM GMT-3 [Modules] Streaming discord_erlpack@1 to /home/vinicius/.config/discord/0.0.116/modules/pending/discord_erlpack-1.zip: 90%
11/25/2025, 7:24:28 PM GMT-3 [Modules] Streaming discord_erlpack@1 to /home/vinicius/.config/discord/0.0.116/modules/pending/discord_erlpack-1.zip: 91%
11/25/2025, 7:24:28 PM GMT-3 [Modules] Streaming discord_erlpack@1 to /home/vinicius/.config/discord/0.0.116/modules/pending/discord_erlpack-1.zip: 92%
11/25/2025, 7:24:28 PM GMT-3 [Modules] Streaming discord_erlpack@1 to /home/vinicius/.config/discord/0.0.116/modules/pending/discord_erlpack-1.zip: 93%
11/25/2025, 7:24:28 PM GMT-3 [Modules] Streaming discord_erlpack@1 to /home/vinicius/.config/discord/0.0.116/modules/pending/discord_erlpack-1.zip: 94%
11/25/2025, 7:24:28 PM GMT-3 [Modules] Streaming discord_erlpack@1 to /home/vinicius/.config/discord/0.0.116/modules/pending/discord_erlpack-1.zip: 95%
11/25/2025, 7:24:28 PM GMT-3 [Modules] Streaming discord_erlpack@1 to /home/vinicius/.config/discord/0.0.116/modules/pending/discord_erlpack-1.zip: 96%
11/25/2025, 7:24:28 PM GMT-3 [Modules] Streaming discord_erlpack@1 to /home/vinicius/.config/discord/0.0.116/modules/pending/discord_erlpack-1.zip: 98%
11/25/2025, 7:24:28 PM GMT-3 [Modules] Streaming discord_erlpack@1 to /home/vinicius/.config/discord/0.0.116/modules/pending/discord_erlpack-1.zip: 99%
11/25/2025, 7:24:28 PM GMT-3 [Modules] Streaming discord_erlpack@1 to /home/vinicius/.config/discord/0.0.116/modules/pending/discord_erlpack-1.zip: 100%
11/25/2025, 7:24:28 PM GMT-3 [Modules] Fetching discord_spellcheck@1 from https://discord.com/api/modules/stable/discord_spellcheck/1
11/25/2025, 7:24:28 PM GMT-3 [Modules] Streaming discord_spellcheck@1 to /home/vinicius/.config/discord/0.0.116/modules/pending/discord_spellcheck-1.zip
11/25/2025, 7:24:29 PM GMT-3 [Modules] Streaming discord_spellcheck@1 to /home/vinicius/.config/discord/0.0.116/modules/pending/discord_spellcheck-1.zip: 1%
11/25/2025, 7:24:29 PM GMT-3 [Modules] Streaming discord_spellcheck@1 to /home/vinicius/.config/discord/0.0.116/modules/pending/discord_spellcheck-1.zip: 2%
11/25/2025, 7:24:29 PM GMT-3 [Modules] Streaming discord_spellcheck@1 to /home/vinicius/.config/discord/0.0.116/modules/pending/discord_spellcheck-1.zip: 3%
11/25/2025, 7:24:29 PM GMT-3 [Modules] Streaming discord_spellcheck@1 to /home/vinicius/.config/discord/0.0.116/modules/pending/discord_spellcheck-1.zip: 4%
11/25/2025, 7:24:29 PM GMT-3 [Modules] Streaming discord_spellcheck@1 to /home/vinicius/.config/discord/0.0.116/modules/pending/discord_spellcheck-1.zip: 5%
11/25/2025, 7:24:29 PM GMT-3 [Modules] Streaming discord_spellcheck@1 to /home/vinicius/.config/discord/0.0.116/modules/pending/discord_spellcheck-1.zip: 6%
11/25/2025, 7:24:29 PM GMT-3 [Modules] Streaming discord_spellcheck@1 to /home/vinicius/.config/discord/0.0.116/modules/pending/discord_spellcheck-1.zip: 7%
11/25/2025, 7:24:29 PM GMT-3 [Modules] Streaming discord_spellcheck@1 to /home/vinicius/.config/discord/0.0.116/modules/pending/discord_spellcheck-1.zip: 8%
11/25/2025, 7:24:29 PM GMT-3 [Modules] Streaming discord_spellcheck@1 to /home/vinicius/.config/discord/0.0.116/modules/pending/discord_spellcheck-1.zip: 9%
11/25/2025, 7:24:29 PM GMT-3 [Modules] Streaming discord_spellcheck@1 to /home/vinicius/.config/discord/0.0.116/modules/pending/discord_spellcheck-1.zip: 10%
11/25/2025, 7:24:29 PM GMT-3 [Modules] Streaming discord_spellcheck@1 to /home/vinicius/.config/discord/0.0.116/modules/pending/discord_spellcheck-1.zip: 11%
11/25/2025, 7:24:29 PM GMT-3 [Modules] Streaming discord_spellcheck@1 to /home/vinicius/.config/discord/0.0.116/modules/pending/discord_spellcheck-1.zip: 12%
11/25/2025, 7:24:29 PM GMT-3 [Modules] Streaming discord_spellcheck@1 to /home/vinicius/.config/discord/0.0.116/modules/pending/discord_spellcheck-1.zip: 13%
11/25/2025, 7:24:29 PM GMT-3 [Modules] Streaming discord_spellcheck@1 to /home/vinicius/.config/discord/0.0.116/modules/pending/discord_spellcheck-1.zip: 14%
11/25/2025, 7:24:29 PM GMT-3 [Modules] Streaming discord_spellcheck@1 to /home/vinicius/.config/discord/0.0.116/modules/pending/discord_spellcheck-1.zip: 15%
11/25/2025, 7:24:29 PM GMT-3 [Modules] Streaming discord_spellcheck@1 to /home/vinicius/.config/discord/0.0.116/modules/pending/discord_spellcheck-1.zip: 16%
11/25/2025, 7:24:29 PM GMT-3 [Modules] Streaming discord_spellcheck@1 to /home/vinicius/.config/discord/0.0.116/modules/pending/discord_spellcheck-1.zip: 17%
11/25/2025, 7:24:29 PM GMT-3 [Modules] Streaming discord_spellcheck@1 to /home/vinicius/.config/discord/0.0.116/modules/pending/discord_spellcheck-1.zip: 18%
11/25/2025, 7:24:29 PM GMT-3 [Modules] Streaming discord_spellcheck@1 to /home/vinicius/.config/discord/0.0.116/modules/pending/discord_spellcheck-1.zip: 19%
11/25/2025, 7:24:30 PM GMT-3 [Modules] Streaming discord_spellcheck@1 to /home/vinicius/.config/discord/0.0.116/modules/pending/discord_spellcheck-1.zip: 20%
11/25/2025, 7:24:30 PM GMT-3 [Modules] Streaming discord_spellcheck@1 to /home/vinicius/.config/discord/0.0.116/modules/pending/discord_spellcheck-1.zip: 21%
11/25/2025, 7:24:30 PM GMT-3 [Modules] Streaming discord_spellcheck@1 to /home/vinicius/.config/discord/0.0.116/modules/pending/discord_spellcheck-1.zip: 22%
11/25/2025, 7:24:30 PM GMT-3 [Modules] Streaming discord_spellcheck@1 to /home/vinicius/.config/discord/0.0.116/modules/pending/discord_spellcheck-1.zip: 23%
11/25/2025, 7:24:30 PM GMT-3 [Modules] Streaming discord_spellcheck@1 to /home/vinicius/.config/discord/0.0.116/modules/pending/discord_spellcheck-1.zip: 24%
11/25/2025, 7:24:30 PM GMT-3 [Modules] Streaming discord_spellcheck@1 to /home/vinicius/.config/discord/0.0.116/modules/pending/discord_spellcheck-1.zip: 25%
11/25/2025, 7:24:30 PM GMT-3 [Modules] Streaming discord_spellcheck@1 to /home/vinicius/.config/discord/0.0.116/modules/pending/discord_spellcheck-1.zip: 26%
11/25/2025, 7:24:30 PM GMT-3 [Modules] Streaming discord_spellcheck@1 to /home/vinicius/.config/discord/0.0.116/modules/pending/discord_spellcheck-1.zip: 27%
11/25/2025, 7:24:30 PM GMT-3 [Modules] Streaming discord_spellcheck@1 to /home/vinicius/.config/discord/0.0.116/modules/pending/discord_spellcheck-1.zip: 28%
11/25/2025, 7:24:30 PM GMT-3 [Modules] Streaming discord_spellcheck@1 to /home/vinicius/.config/discord/0.0.116/modules/pending/discord_spellcheck-1.zip: 29%
11/25/2025, 7:24:30 PM GMT-3 [Modules] Streaming discord_spellcheck@1 to /home/vinicius/.config/discord/0.0.116/modules/pending/discord_spellcheck-1.zip: 30%
11/25/2025, 7:24:30 PM GMT-3 [Modules] Streaming discord_spellcheck@1 to /home/vinicius/.config/discord/0.0.116/modules/pending/discord_spellcheck-1.zip: 31%
11/25/2025, 7:24:30 PM GMT-3 [Modules] Streaming discord_spellcheck@1 to /home/vinicius/.config/discord/0.0.116/modules/pending/discord_spellcheck-1.zip: 32%
11/25/2025, 7:24:30 PM GMT-3 [Modules] Streaming discord_spellcheck@1 to /home/vinicius/.config/discord/0.0.116/modules/pending/discord_spellcheck-1.zip: 33%
11/25/2025, 7:24:30 PM GMT-3 [Modules] Streaming discord_spellcheck@1 to /home/vinicius/.config/discord/0.0.116/modules/pending/discord_spellcheck-1.zip: 34%
11/25/2025, 7:24:30 PM GMT-3 [Modules] Streaming discord_spellcheck@1 to /home/vinicius/.config/discord/0.0.116/modules/pending/discord_spellcheck-1.zip: 35%
11/25/2025, 7:24:30 PM GMT-3 [Modules] Streaming discord_spellcheck@1 to /home/vinicius/.config/discord/0.0.116/modules/pending/discord_spellcheck-1.zip: 36%
11/25/2025, 7:24:30 PM GMT-3 [Modules] Streaming discord_spellcheck@1 to /home/vinicius/.config/discord/0.0.116/modules/pending/discord_spellcheck-1.zip: 37%
11/25/2025, 7:24:30 PM GMT-3 [Modules] Streaming discord_spellcheck@1 to /home/vinicius/.config/discord/0.0.116/modules/pending/discord_spellcheck-1.zip: 38%
11/25/2025, 7:24:30 PM GMT-3 [Modules] Streaming discord_spellcheck@1 to /home/vinicius/.config/discord/0.0.116/modules/pending/discord_spellcheck-1.zip: 39%
11/25/2025, 7:24:30 PM GMT-3 [Modules] Streaming discord_spellcheck@1 to /home/vinicius/.config/discord/0.0.116/modules/pending/discord_spellcheck-1.zip: 40%
11/25/2025, 7:24:30 PM GMT-3 [Modules] Streaming discord_spellcheck@1 to /home/vinicius/.config/discord/0.0.116/modules/pending/discord_spellcheck-1.zip: 41%
11/25/2025, 7:24:30 PM GMT-3 [Modules] Streaming discord_spellcheck@1 to /home/vinicius/.config/discord/0.0.116/modules/pending/discord_spellcheck-1.zip: 42%
11/25/2025, 7:24:30 PM GMT-3 [Modules] Streaming discord_spellcheck@1 to /home/vinicius/.config/discord/0.0.116/modules/pending/discord_spellcheck-1.zip: 43%
11/25/2025, 7:24:30 PM GMT-3 [Modules] Streaming discord_spellcheck@1 to /home/vinicius/.config/discord/0.0.116/modules/pending/discord_spellcheck-1.zip: 44%
11/25/2025, 7:24:30 PM GMT-3 [Modules] Streaming discord_spellcheck@1 to /home/vinicius/.config/discord/0.0.116/modules/pending/discord_spellcheck-1.zip: 45%
11/25/2025, 7:24:30 PM GMT-3 [Modules] Streaming discord_spellcheck@1 to /home/vinicius/.config/discord/0.0.116/modules/pending/discord_spellcheck-1.zip: 46%
11/25/2025, 7:24:30 PM GMT-3 [Modules] Streaming discord_spellcheck@1 to /home/vinicius/.config/discord/0.0.116/modules/pending/discord_spellcheck-1.zip: 47%
11/25/2025, 7:24:31 PM GMT-3 [Modules] Streaming discord_spellcheck@1 to /home/vinicius/.config/discord/0.0.116/modules/pending/discord_spellcheck-1.zip: 48%
11/25/2025, 7:24:31 PM GMT-3 [Modules] Streaming discord_spellcheck@1 to /home/vinicius/.config/discord/0.0.116/modules/pending/discord_spellcheck-1.zip: 49%
11/25/2025, 7:24:31 PM GMT-3 [Modules] Streaming discord_spellcheck@1 to /home/vinicius/.config/discord/0.0.116/modules/pending/discord_spellcheck-1.zip: 50%
11/25/2025, 7:24:31 PM GMT-3 [Modules] Streaming discord_spellcheck@1 to /home/vinicius/.config/discord/0.0.116/modules/pending/discord_spellcheck-1.zip: 51%
11/25/2025, 7:24:31 PM GMT-3 [Modules] Streaming discord_spellcheck@1 to /home/vinicius/.config/discord/0.0.116/modules/pending/discord_spellcheck-1.zip: 52%
11/25/2025, 7:24:31 PM GMT-3 [Modules] Streaming discord_spellcheck@1 to /home/vinicius/.config/discord/0.0.116/modules/pending/discord_spellcheck-1.zip: 53%
11/25/2025, 7:24:31 PM GMT-3 [Modules] Streaming discord_spellcheck@1 to /home/vinicius/.config/discord/0.0.116/modules/pending/discord_spellcheck-1.zip: 54%
11/25/2025, 7:24:31 PM GMT-3 [Modules] Streaming discord_spellcheck@1 to /home/vinicius/.config/discord/0.0.116/modules/pending/discord_spellcheck-1.zip: 55%
11/25/2025, 7:24:31 PM GMT-3 [Modules] Streaming discord_spellcheck@1 to /home/vinicius/.config/discord/0.0.116/modules/pending/discord_spellcheck-1.zip: 56%
11/25/2025, 7:24:31 PM GMT-3 [Modules] Streaming discord_spellcheck@1 to /home/vinicius/.config/discord/0.0.116/modules/pending/discord_spellcheck-1.zip: 57%
11/25/2025, 7:24:31 PM GMT-3 [Modules] Streaming discord_spellcheck@1 to /home/vinicius/.config/discord/0.0.116/modules/pending/discord_spellcheck-1.zip: 58%
11/25/2025, 7:24:31 PM GMT-3 [Modules] Streaming discord_spellcheck@1 to /home/vinicius/.config/discord/0.0.116/modules/pending/discord_spellcheck-1.zip: 59%
11/25/2025, 7:24:31 PM GMT-3 [Modules] Streaming discord_spellcheck@1 to /home/vinicius/.config/discord/0.0.116/modules/pending/discord_spellcheck-1.zip: 60%
11/25/2025, 7:24:31 PM GMT-3 [Modules] Streaming discord_spellcheck@1 to /home/vinicius/.config/discord/0.0.116/modules/pending/discord_spellcheck-1.zip: 61%
11/25/2025, 7:24:31 PM GMT-3 [Modules] Streaming discord_spellcheck@1 to /home/vinicius/.config/discord/0.0.116/modules/pending/discord_spellcheck-1.zip: 62%
11/25/2025, 7:24:31 PM GMT-3 [Modules] Streaming discord_spellcheck@1 to /home/vinicius/.config/discord/0.0.116/modules/pending/discord_spellcheck-1.zip: 63%
11/25/2025, 7:24:31 PM GMT-3 [Modules] Streaming discord_spellcheck@1 to /home/vinicius/.config/discord/0.0.116/modules/pending/discord_spellcheck-1.zip: 64%
11/25/2025, 7:24:31 PM GMT-3 [Modules] Streaming discord_spellcheck@1 to /home/vinicius/.config/discord/0.0.116/modules/pending/discord_spellcheck-1.zip: 65%
11/25/2025, 7:24:31 PM GMT-3 [Modules] Streaming discord_spellcheck@1 to /home/vinicius/.config/discord/0.0.116/modules/pending/discord_spellcheck-1.zip: 66%
11/25/2025, 7:24:31 PM GMT-3 [Modules] Streaming discord_spellcheck@1 to /home/vinicius/.config/discord/0.0.116/modules/pending/discord_spellcheck-1.zip: 67%
11/25/2025, 7:24:31 PM GMT-3 [Modules] Streaming discord_spellcheck@1 to /home/vinicius/.config/discord/0.0.116/modules/pending/discord_spellcheck-1.zip: 68%
11/25/2025, 7:24:31 PM GMT-3 [Modules] Streaming discord_spellcheck@1 to /home/vinicius/.config/discord/0.0.116/modules/pending/discord_spellcheck-1.zip: 69%
11/25/2025, 7:24:31 PM GMT-3 [Modules] Streaming discord_spellcheck@1 to /home/vinicius/.config/discord/0.0.116/modules/pending/discord_spellcheck-1.zip: 70%
11/25/2025, 7:24:31 PM GMT-3 [Modules] Streaming discord_spellcheck@1 to /home/vinicius/.config/discord/0.0.116/modules/pending/discord_spellcheck-1.zip: 71%
11/25/2025, 7:24:31 PM GMT-3 [Modules] Streaming discord_spellcheck@1 to /home/vinicius/.config/discord/0.0.116/modules/pending/discord_spellcheck-1.zip: 72%
11/25/2025, 7:24:31 PM GMT-3 [Modules] Streaming discord_spellcheck@1 to /home/vinicius/.config/discord/0.0.116/modules/pending/discord_spellcheck-1.zip: 73%
11/25/2025, 7:24:31 PM GMT-3 [Modules] Streaming discord_spellcheck@1 to /home/vinicius/.config/discord/0.0.116/modules/pending/discord_spellcheck-1.zip: 74%
11/25/2025, 7:24:31 PM GMT-3 [Modules] Streaming discord_spellcheck@1 to /home/vinicius/.config/discord/0.0.116/modules/pending/discord_spellcheck-1.zip: 75%
11/25/2025, 7:24:32 PM GMT-3 [Modules] Streaming discord_spellcheck@1 to /home/vinicius/.config/discord/0.0.116/modules/pending/discord_spellcheck-1.zip: 76%
11/25/2025, 7:24:32 PM GMT-3 [Modules] Streaming discord_spellcheck@1 to /home/vinicius/.config/discord/0.0.116/modules/pending/discord_spellcheck-1.zip: 77%
11/25/2025, 7:24:32 PM GMT-3 [Modules] Streaming discord_spellcheck@1 to /home/vinicius/.config/discord/0.0.116/modules/pending/discord_spellcheck-1.zip: 78%
11/25/2025, 7:24:32 PM GMT-3 [Modules] Streaming discord_spellcheck@1 to /home/vinicius/.config/discord/0.0.116/modules/pending/discord_spellcheck-1.zip: 79%
11/25/2025, 7:24:32 PM GMT-3 [Modules] Streaming discord_spellcheck@1 to /home/vinicius/.config/discord/0.0.116/modules/pending/discord_spellcheck-1.zip: 80%
11/25/2025, 7:24:32 PM GMT-3 [Modules] Streaming discord_spellcheck@1 to /home/vinicius/.config/discord/0.0.116/modules/pending/discord_spellcheck-1.zip: 81%
11/25/2025, 7:24:32 PM GMT-3 [Modules] Streaming discord_spellcheck@1 to /home/vinicius/.config/discord/0.0.116/modules/pending/discord_spellcheck-1.zip: 82%
11/25/2025, 7:24:32 PM GMT-3 [Modules] Streaming discord_spellcheck@1 to /home/vinicius/.config/discord/0.0.116/modules/pending/discord_spellcheck-1.zip: 83%
11/25/2025, 7:24:32 PM GMT-3 [Modules] Streaming discord_spellcheck@1 to /home/vinicius/.config/discord/0.0.116/modules/pending/discord_spellcheck-1.zip: 84%
11/25/2025, 7:24:32 PM GMT-3 [Modules] Streaming discord_spellcheck@1 to /home/vinicius/.config/discord/0.0.116/modules/pending/discord_spellcheck-1.zip: 85%
11/25/2025, 7:24:32 PM GMT-3 [Modules] Streaming discord_spellcheck@1 to /home/vinicius/.config/discord/0.0.116/modules/pending/discord_spellcheck-1.zip: 86%
11/25/2025, 7:24:32 PM GMT-3 [Modules] Streaming discord_spellcheck@1 to /home/vinicius/.config/discord/0.0.116/modules/pending/discord_spellcheck-1.zip: 87%
11/25/2025, 7:24:32 PM GMT-3 [Modules] Streaming discord_spellcheck@1 to /home/vinicius/.config/discord/0.0.116/modules/pending/discord_spellcheck-1.zip: 88%
11/25/2025, 7:24:32 PM GMT-3 [Modules] Streaming discord_spellcheck@1 to /home/vinicius/.config/discord/0.0.116/modules/pending/discord_spellcheck-1.zip: 89%
11/25/2025, 7:24:32 PM GMT-3 [Modules] Streaming discord_spellcheck@1 to /home/vinicius/.config/discord/0.0.116/modules/pending/discord_spellcheck-1.zip: 90%
11/25/2025, 7:24:32 PM GMT-3 [Modules] Streaming discord_spellcheck@1 to /home/vinicius/.config/discord/0.0.116/modules/pending/discord_spellcheck-1.zip: 91%
11/25/2025, 7:24:32 PM GMT-3 [Modules] Streaming discord_spellcheck@1 to /home/vinicius/.config/discord/0.0.116/modules/pending/discord_spellcheck-1.zip: 92%
11/25/2025, 7:24:32 PM GMT-3 [Modules] Streaming discord_spellcheck@1 to /home/vinicius/.config/discord/0.0.116/modules/pending/discord_spellcheck-1.zip: 93%
11/25/2025, 7:24:32 PM GMT-3 [Modules] Streaming discord_spellcheck@1 to /home/vinicius/.config/discord/0.0.116/modules/pending/discord_spellcheck-1.zip: 94%
11/25/2025, 7:24:32 PM GMT-3 [Modules] Streaming discord_spellcheck@1 to /home/vinicius/.config/discord/0.0.116/modules/pending/discord_spellcheck-1.zip: 95%
11/25/2025, 7:24:32 PM GMT-3 [Modules] Streaming discord_spellcheck@1 to /home/vinicius/.config/discord/0.0.116/modules/pending/discord_spellcheck-1.zip: 96%
11/25/2025, 7:24:32 PM GMT-3 [Modules] Streaming discord_spellcheck@1 to /home/vinicius/.config/discord/0.0.116/modules/pending/discord_spellcheck-1.zip: 97%
11/25/2025, 7:24:32 PM GMT-3 [Modules] Streaming discord_spellcheck@1 to /home/vinicius/.config/discord/0.0.116/modules/pending/discord_spellcheck-1.zip: 98%
11/25/2025, 7:24:32 PM GMT-3 [Modules] Streaming discord_spellcheck@1 to /home/vinicius/.config/discord/0.0.116/modules/pending/discord_spellcheck-1.zip: 99%
11/25/2025, 7:24:32 PM GMT-3 [Modules] Streaming discord_spellcheck@1 to /home/vinicius/.config/discord/0.0.116/modules/pending/discord_spellcheck-1.zip: 100%
11/25/2025, 7:24:32 PM GMT-3 [Modules] Fetching discord_utils@1 from https://discord.com/api/modules/stable/discord_utils/1
11/25/2025, 7:24:32 PM GMT-3 [Modules] Streaming discord_utils@1 to /home/vinicius/.config/discord/0.0.116/modules/pending/discord_utils-1.zip
11/25/2025, 7:24:33 PM GMT-3 [Modules] Streaming discord_utils@1 to /home/vinicius/.config/discord/0.0.116/modules/pending/discord_utils-1.zip: 1%
11/25/2025, 7:24:33 PM GMT-3 [Modules] Streaming discord_utils@1 to /home/vinicius/.config/discord/0.0.116/modules/pending/discord_utils-1.zip: 2%
11/25/2025, 7:24:33 PM GMT-3 [Modules] Streaming discord_utils@1 to /home/vinicius/.config/discord/0.0.116/modules/pending/discord_utils-1.zip: 3%
11/25/2025, 7:24:33 PM GMT-3 [Modules] Streaming discord_utils@1 to /home/vinicius/.config/discord/0.0.116/modules/pending/discord_utils-1.zip: 4%
11/25/2025, 7:24:33 PM GMT-3 [Modules] Streaming discord_utils@1 to /home/vinicius/.config/discord/0.0.116/modules/pending/discord_utils-1.zip: 5%
11/25/2025, 7:24:33 PM GMT-3 [Modules] Streaming discord_utils@1 to /home/vinicius/.config/discord/0.0.116/modules/pending/discord_utils-1.zip: 6%
11/25/2025, 7:24:33 PM GMT-3 [Modules] Streaming discord_utils@1 to /home/vinicius/.config/discord/0.0.116/modules/pending/discord_utils-1.zip: 7%
11/25/2025, 7:24:33 PM GMT-3 [Modules] Streaming discord_utils@1 to /home/vinicius/.config/discord/0.0.116/modules/pending/discord_utils-1.zip: 8%
11/25/2025, 7:24:33 PM GMT-3 [Modules] Streaming discord_utils@1 to /home/vinicius/.config/discord/0.0.116/modules/pending/discord_utils-1.zip: 9%
11/25/2025, 7:24:33 PM GMT-3 [Modules] Streaming discord_utils@1 to /home/vinicius/.config/discord/0.0.116/modules/pending/discord_utils-1.zip: 10%
11/25/2025, 7:24:33 PM GMT-3 [Modules] Streaming discord_utils@1 to /home/vinicius/.config/discord/0.0.116/modules/pending/discord_utils-1.zip: 11%
11/25/2025, 7:24:33 PM GMT-3 [Modules] Streaming discord_utils@1 to /home/vinicius/.config/discord/0.0.116/modules/pending/discord_utils-1.zip: 12%
11/25/2025, 7:24:33 PM GMT-3 [Modules] Streaming discord_utils@1 to /home/vinicius/.config/discord/0.0.116/modules/pending/discord_utils-1.zip: 13%
11/25/2025, 7:24:33 PM GMT-3 [Modules] Streaming discord_utils@1 to /home/vinicius/.config/discord/0.0.116/modules/pending/discord_utils-1.zip: 14%
11/25/2025, 7:24:33 PM GMT-3 [Modules] Streaming discord_utils@1 to /home/vinicius/.config/discord/0.0.116/modules/pending/discord_utils-1.zip: 15%
11/25/2025, 7:24:33 PM GMT-3 [Modules] Streaming discord_utils@1 to /home/vinicius/.config/discord/0.0.116/modules/pending/discord_utils-1.zip: 16%
11/25/2025, 7:24:33 PM GMT-3 [Modules] Streaming discord_utils@1 to /home/vinicius/.config/discord/0.0.116/modules/pending/discord_utils-1.zip: 17%
11/25/2025, 7:24:33 PM GMT-3 [Modules] Streaming discord_utils@1 to /home/vinicius/.config/discord/0.0.116/modules/pending/discord_utils-1.zip: 18%
11/25/2025, 7:24:33 PM GMT-3 [Modules] Streaming discord_utils@1 to /home/vinicius/.config/discord/0.0.116/modules/pending/discord_utils-1.zip: 19%
11/25/2025, 7:24:33 PM GMT-3 [Modules] Streaming discord_utils@1 to /home/vinicius/.config/discord/0.0.116/modules/pending/discord_utils-1.zip: 20%
11/25/2025, 7:24:33 PM GMT-3 [Modules] Streaming discord_utils@1 to /home/vinicius/.config/discord/0.0.116/modules/pending/discord_utils-1.zip: 21%
11/25/2025, 7:24:33 PM GMT-3 [Modules] Streaming discord_utils@1 to /home/vinicius/.config/discord/0.0.116/modules/pending/discord_utils-1.zip: 22%
11/25/2025, 7:24:33 PM GMT-3 [Modules] Streaming discord_utils@1 to /home/vinicius/.config/discord/0.0.116/modules/pending/discord_utils-1.zip: 23%
11/25/2025, 7:24:33 PM GMT-3 [Modules] Streaming discord_utils@1 to /home/vinicius/.config/discord/0.0.116/modules/pending/discord_utils-1.zip: 24%
11/25/2025, 7:24:33 PM GMT-3 [Modules] Streaming discord_utils@1 to /home/vinicius/.config/discord/0.0.116/modules/pending/discord_utils-1.zip: 25%
11/25/2025, 7:24:33 PM GMT-3 [Modules] Streaming discord_utils@1 to /home/vinicius/.config/discord/0.0.116/modules/pending/discord_utils-1.zip: 26%
11/25/2025, 7:24:33 PM GMT-3 [Modules] Streaming discord_utils@1 to /home/vinicius/.config/discord/0.0.116/modules/pending/discord_utils-1.zip: 27%
11/25/2025, 7:24:33 PM GMT-3 [Modules] Streaming discord_utils@1 to /home/vinicius/.config/discord/0.0.116/modules/pending/discord_utils-1.zip: 28%
11/25/2025, 7:24:33 PM GMT-3 [Modules] Streaming discord_utils@1 to /home/vinicius/.config/discord/0.0.116/modules/pending/discord_utils-1.zip: 29%
11/25/2025, 7:24:33 PM GMT-3 [Modules] Streaming discord_utils@1 to /home/vinicius/.config/discord/0.0.116/modules/pending/discord_utils-1.zip: 30%
11/25/2025, 7:24:33 PM GMT-3 [Modules] Streaming discord_utils@1 to /home/vinicius/.config/discord/0.0.116/modules/pending/discord_utils-1.zip: 31%
11/25/2025, 7:24:33 PM GMT-3 [Modules] Streaming discord_utils@1 to /home/vinicius/.config/discord/0.0.116/modules/pending/discord_utils-1.zip: 32%
11/25/2025, 7:24:33 PM GMT-3 [Modules] Streaming discord_utils@1 to /home/vinicius/.config/discord/0.0.116/modules/pending/discord_utils-1.zip: 33%
11/25/2025, 7:24:33 PM GMT-3 [Modules] Streaming discord_utils@1 to /home/vinicius/.config/discord/0.0.116/modules/pending/discord_utils-1.zip: 34%
11/25/2025, 7:24:33 PM GMT-3 [Modules] Streaming discord_utils@1 to /home/vinicius/.config/discord/0.0.116/modules/pending/discord_utils-1.zip: 35%
11/25/2025, 7:24:33 PM GMT-3 [Modules] Streaming discord_utils@1 to /home/vinicius/.config/discord/0.0.116/modules/pending/discord_utils-1.zip: 36%
11/25/2025, 7:24:33 PM GMT-3 [Modules] Streaming discord_utils@1 to /home/vinicius/.config/discord/0.0.116/modules/pending/discord_utils-1.zip: 37%
11/25/2025, 7:24:33 PM GMT-3 [Modules] Streaming discord_utils@1 to /home/vinicius/.config/discord/0.0.116/modules/pending/discord_utils-1.zip: 38%
11/25/2025, 7:24:33 PM GMT-3 [Modules] Streaming discord_utils@1 to /home/vinicius/.config/discord/0.0.116/modules/pending/discord_utils-1.zip: 39%
11/25/2025, 7:24:34 PM GMT-3 [Modules] Streaming discord_utils@1 to /home/vinicius/.config/discord/0.0.116/modules/pending/discord_utils-1.zip: 40%
11/25/2025, 7:24:34 PM GMT-3 [Modules] Streaming discord_utils@1 to /home/vinicius/.config/discord/0.0.116/modules/pending/discord_utils-1.zip: 41%
11/25/2025, 7:24:34 PM GMT-3 [Modules] Streaming discord_utils@1 to /home/vinicius/.config/discord/0.0.116/modules/pending/discord_utils-1.zip: 42%
11/25/2025, 7:24:34 PM GMT-3 [Modules] Streaming discord_utils@1 to /home/vinicius/.config/discord/0.0.116/modules/pending/discord_utils-1.zip: 43%
11/25/2025, 7:24:34 PM GMT-3 [Modules] Streaming discord_utils@1 to /home/vinicius/.config/discord/0.0.116/modules/pending/discord_utils-1.zip: 44%
11/25/2025, 7:24:34 PM GMT-3 [Modules] Streaming discord_utils@1 to /home/vinicius/.config/discord/0.0.116/modules/pending/discord_utils-1.zip: 45%
11/25/2025, 7:24:34 PM GMT-3 [Modules] Streaming discord_utils@1 to /home/vinicius/.config/discord/0.0.116/modules/pending/discord_utils-1.zip: 46%
11/25/2025, 7:24:34 PM GMT-3 [Modules] Streaming discord_utils@1 to /home/vinicius/.config/discord/0.0.116/modules/pending/discord_utils-1.zip: 47%
11/25/2025, 7:24:34 PM GMT-3 [Modules] Streaming discord_utils@1 to /home/vinicius/.config/discord/0.0.116/modules/pending/discord_utils-1.zip: 48%
11/25/2025, 7:24:34 PM GMT-3 [Modules] Streaming discord_utils@1 to /home/vinicius/.config/discord/0.0.116/modules/pending/discord_utils-1.zip: 49%
11/25/2025, 7:24:34 PM GMT-3 [Modules] Streaming discord_utils@1 to /home/vinicius/.config/discord/0.0.116/modules/pending/discord_utils-1.zip: 50%
11/25/2025, 7:24:34 PM GMT-3 [Modules] Streaming discord_utils@1 to /home/vinicius/.config/discord/0.0.116/modules/pending/discord_utils-1.zip: 51%
11/25/2025, 7:24:34 PM GMT-3 [Modules] Streaming discord_utils@1 to /home/vinicius/.config/discord/0.0.116/modules/pending/discord_utils-1.zip: 52%
11/25/2025, 7:24:34 PM GMT-3 [Modules] Streaming discord_utils@1 to /home/vinicius/.config/discord/0.0.116/modules/pending/discord_utils-1.zip: 53%
11/25/2025, 7:24:34 PM GMT-3 [Modules] Streaming discord_utils@1 to /home/vinicius/.config/discord/0.0.116/modules/pending/discord_utils-1.zip: 54%
11/25/2025, 7:24:34 PM GMT-3 [Modules] Streaming discord_utils@1 to /home/vinicius/.config/discord/0.0.116/modules/pending/discord_utils-1.zip: 55%
11/25/2025, 7:24:34 PM GMT-3 [Modules] Streaming discord_utils@1 to /home/vinicius/.config/discord/0.0.116/modules/pending/discord_utils-1.zip: 56%
11/25/2025, 7:24:34 PM GMT-3 [Modules] Streaming discord_utils@1 to /home/vinicius/.config/discord/0.0.116/modules/pending/discord_utils-1.zip: 57%
11/25/2025, 7:24:34 PM GMT-3 [Modules] Streaming discord_utils@1 to /home/vinicius/.config/discord/0.0.116/modules/pending/discord_utils-1.zip: 58%
11/25/2025, 7:24:34 PM GMT-3 [Modules] Streaming discord_utils@1 to /home/vinicius/.config/discord/0.0.116/modules/pending/discord_utils-1.zip: 59%
11/25/2025, 7:24:34 PM GMT-3 [Modules] Streaming discord_utils@1 to /home/vinicius/.config/discord/0.0.116/modules/pending/discord_utils-1.zip: 60%
11/25/2025, 7:24:34 PM GMT-3 [Modules] Streaming discord_utils@1 to /home/vinicius/.config/discord/0.0.116/modules/pending/discord_utils-1.zip: 61%
11/25/2025, 7:24:34 PM GMT-3 [Modules] Streaming discord_utils@1 to /home/vinicius/.config/discord/0.0.116/modules/pending/discord_utils-1.zip: 62%
11/25/2025, 7:24:34 PM GMT-3 [Modules] Streaming discord_utils@1 to /home/vinicius/.config/discord/0.0.116/modules/pending/discord_utils-1.zip: 63%
11/25/2025, 7:24:34 PM GMT-3 [Modules] Streaming discord_utils@1 to /home/vinicius/.config/discord/0.0.116/modules/pending/discord_utils-1.zip: 64%
11/25/2025, 7:24:34 PM GMT-3 [Modules] Streaming discord_utils@1 to /home/vinicius/.config/discord/0.0.116/modules/pending/discord_utils-1.zip: 65%
11/25/2025, 7:24:34 PM GMT-3 [Modules] Streaming discord_utils@1 to /home/vinicius/.config/discord/0.0.116/modules/pending/discord_utils-1.zip: 66%
11/25/2025, 7:24:34 PM GMT-3 [Modules] Streaming discord_utils@1 to /home/vinicius/.config/discord/0.0.116/modules/pending/discord_utils-1.zip: 67%
11/25/2025, 7:24:34 PM GMT-3 [Modules] Streaming discord_utils@1 to /home/vinicius/.config/discord/0.0.116/modules/pending/discord_utils-1.zip: 68%
11/25/2025, 7:24:34 PM GMT-3 [Modules] Streaming discord_utils@1 to /home/vinicius/.config/discord/0.0.116/modules/pending/discord_utils-1.zip: 69%
11/25/2025, 7:24:34 PM GMT-3 [Modules] Streaming discord_utils@1 to /home/vinicius/.config/discord/0.0.116/modules/pending/discord_utils-1.zip: 70%
11/25/2025, 7:24:34 PM GMT-3 [Modules] Streaming discord_utils@1 to /home/vinicius/.config/discord/0.0.116/modules/pending/discord_utils-1.zip: 71%
11/25/2025, 7:24:34 PM GMT-3 [Modules] Streaming discord_utils@1 to /home/vinicius/.config/discord/0.0.116/modules/pending/discord_utils-1.zip: 72%
11/25/2025, 7:24:34 PM GMT-3 [Modules] Streaming discord_utils@1 to /home/vinicius/.config/discord/0.0.116/modules/pending/discord_utils-1.zip: 73%
11/25/2025, 7:24:34 PM GMT-3 [Modules] Streaming discord_utils@1 to /home/vinicius/.config/discord/0.0.116/modules/pending/discord_utils-1.zip: 74%
11/25/2025, 7:24:34 PM GMT-3 [Modules] Streaming discord_utils@1 to /home/vinicius/.config/discord/0.0.116/modules/pending/discord_utils-1.zip: 75%
11/25/2025, 7:24:34 PM GMT-3 [Modules] Streaming discord_utils@1 to /home/vinicius/.config/discord/0.0.116/modules/pending/discord_utils-1.zip: 76%
11/25/2025, 7:24:34 PM GMT-3 [Modules] Streaming discord_utils@1 to /home/vinicius/.config/discord/0.0.116/modules/pending/discord_utils-1.zip: 77%
11/25/2025, 7:24:34 PM GMT-3 [Modules] Streaming discord_utils@1 to /home/vinicius/.config/discord/0.0.116/modules/pending/discord_utils-1.zip: 78%
11/25/2025, 7:24:34 PM GMT-3 [Modules] Streaming discord_utils@1 to /home/vinicius/.config/discord/0.0.116/modules/pending/discord_utils-1.zip: 79%
11/25/2025, 7:24:34 PM GMT-3 [Modules] Streaming discord_utils@1 to /home/vinicius/.config/discord/0.0.116/modules/pending/discord_utils-1.zip: 80%
11/25/2025, 7:24:34 PM GMT-3 [Modules] Streaming discord_utils@1 to /home/vinicius/.config/discord/0.0.116/modules/pending/discord_utils-1.zip: 81%
11/25/2025, 7:24:34 PM GMT-3 [Modules] Streaming discord_utils@1 to /home/vinicius/.config/discord/0.0.116/modules/pending/discord_utils-1.zip: 82%
11/25/2025, 7:24:34 PM GMT-3 [Modules] Streaming discord_utils@1 to /home/vinicius/.config/discord/0.0.116/modules/pending/discord_utils-1.zip: 83%
11/25/2025, 7:24:34 PM GMT-3 [Modules] Streaming discord_utils@1 to /home/vinicius/.config/discord/0.0.116/modules/pending/discord_utils-1.zip: 84%
11/25/2025, 7:24:34 PM GMT-3 [Modules] Streaming discord_utils@1 to /home/vinicius/.config/discord/0.0.116/modules/pending/discord_utils-1.zip: 85%
11/25/2025, 7:24:34 PM GMT-3 [Modules] Streaming discord_utils@1 to /home/vinicius/.config/discord/0.0.116/modules/pending/discord_utils-1.zip: 86%
11/25/2025, 7:24:34 PM GMT-3 [Modules] Streaming discord_utils@1 to /home/vinicius/.config/discord/0.0.116/modules/pending/discord_utils-1.zip: 87%
11/25/2025, 7:24:34 PM GMT-3 [Modules] Streaming discord_utils@1 to /home/vinicius/.config/discord/0.0.116/modules/pending/discord_utils-1.zip: 88%
11/25/2025, 7:24:34 PM GMT-3 [Modules] Streaming discord_utils@1 to /home/vinicius/.config/discord/0.0.116/modules/pending/discord_utils-1.zip: 89%
11/25/2025, 7:24:34 PM GMT-3 [Modules] Streaming discord_utils@1 to /home/vinicius/.config/discord/0.0.116/modules/pending/discord_utils-1.zip: 90%
11/25/2025, 7:24:34 PM GMT-3 [Modules] Streaming discord_utils@1 to /home/vinicius/.config/discord/0.0.116/modules/pending/discord_utils-1.zip: 91%
11/25/2025, 7:24:34 PM GMT-3 [Modules] Streaming discord_utils@1 to /home/vinicius/.config/discord/0.0.116/modules/pending/discord_utils-1.zip: 92%
11/25/2025, 7:24:34 PM GMT-3 [Modules] Streaming discord_utils@1 to /home/vinicius/.config/discord/0.0.116/modules/pending/discord_utils-1.zip: 93%
11/25/2025, 7:24:34 PM GMT-3 [Modules] Streaming discord_utils@1 to /home/vinicius/.config/discord/0.0.116/modules/pending/discord_utils-1.zip: 94%
11/25/2025, 7:24:34 PM GMT-3 [Modules] Streaming discord_utils@1 to /home/vinicius/.config/discord/0.0.116/modules/pending/discord_utils-1.zip: 95%
11/25/2025, 7:24:34 PM GMT-3 [Modules] Streaming discord_utils@1 to /home/vinicius/.config/discord/0.0.116/modules/pending/discord_utils-1.zip: 96%
11/25/2025, 7:24:34 PM GMT-3 [Modules] Streaming discord_utils@1 to /home/vinicius/.config/discord/0.0.116/modules/pending/discord_utils-1.zip: 97%
11/25/2025, 7:24:34 PM GMT-3 [Modules] Streaming discord_utils@1 to /home/vinicius/.config/discord/0.0.116/modules/pending/discord_utils-1.zip: 98%
11/25/2025, 7:24:35 PM GMT-3 [Modules] Streaming discord_utils@1 to /home/vinicius/.config/discord/0.0.116/modules/pending/discord_utils-1.zip: 99%
11/25/2025, 7:24:35 PM GMT-3 [Modules] Streaming discord_utils@1 to /home/vinicius/.config/discord/0.0.116/modules/pending/discord_utils-1.zip: 100%
11/25/2025, 7:24:35 PM GMT-3 [Modules] Fetching discord_voice@1 from https://discord.com/api/modules/stable/discord_voice/1
11/25/2025, 7:24:35 PM GMT-3 [Modules] Streaming discord_voice@1 to /home/vinicius/.config/discord/0.0.116/modules/pending/discord_voice-1.zip
11/25/2025, 7:24:35 PM GMT-3 [Modules] Streaming discord_voice@1 to /home/vinicius/.config/discord/0.0.116/modules/pending/discord_voice-1.zip: 1%
11/25/2025, 7:24:35 PM GMT-3 [Modules] Streaming discord_voice@1 to /home/vinicius/.config/discord/0.0.116/modules/pending/discord_voice-1.zip: 2%
11/25/2025, 7:24:35 PM GMT-3 [Modules] Streaming discord_voice@1 to /home/vinicius/.config/discord/0.0.116/modules/pending/discord_voice-1.zip: 3%
11/25/2025, 7:24:35 PM GMT-3 [Modules] Streaming discord_voice@1 to /home/vinicius/.config/discord/0.0.116/modules/pending/discord_voice-1.zip: 4%
11/25/2025, 7:24:35 PM GMT-3 [Modules] Streaming discord_voice@1 to /home/vinicius/.config/discord/0.0.116/modules/pending/discord_voice-1.zip: 5%
11/25/2025, 7:24:36 PM GMT-3 [Modules] Streaming discord_voice@1 to /home/vinicius/.config/discord/0.0.116/modules/pending/discord_voice-1.zip: 6%
11/25/2025, 7:24:36 PM GMT-3 [Modules] Streaming discord_voice@1 to /home/vinicius/.config/discord/0.0.116/modules/pending/discord_voice-1.zip: 7%
11/25/2025, 7:24:36 PM GMT-3 [Modules] Streaming discord_voice@1 to /home/vinicius/.config/discord/0.0.116/modules/pending/discord_voice-1.zip: 8%
11/25/2025, 7:24:36 PM GMT-3 [Modules] Streaming discord_voice@1 to /home/vinicius/.config/discord/0.0.116/modules/pending/discord_voice-1.zip: 9%
11/25/2025, 7:24:36 PM GMT-3 [Modules] Streaming discord_voice@1 to /home/vinicius/.config/discord/0.0.116/modules/pending/discord_voice-1.zip: 10%
11/25/2025, 7:24:36 PM GMT-3 [Modules] Streaming discord_voice@1 to /home/vinicius/.config/discord/0.0.116/modules/pending/discord_voice-1.zip: 11%
11/25/2025, 7:24:36 PM GMT-3 [Modules] Streaming discord_voice@1 to /home/vinicius/.config/discord/0.0.116/modules/pending/discord_voice-1.zip: 12%
11/25/2025, 7:24:36 PM GMT-3 [Modules] Streaming discord_voice@1 to /home/vinicius/.config/discord/0.0.116/modules/pending/discord_voice-1.zip: 13%
11/25/2025, 7:24:36 PM GMT-3 [Modules] Streaming discord_voice@1 to /home/vinicius/.config/discord/0.0.116/modules/pending/discord_voice-1.zip: 14%
11/25/2025, 7:24:36 PM GMT-3 [Modules] Streaming discord_voice@1 to /home/vinicius/.config/discord/0.0.116/modules/pending/discord_voice-1.zip: 15%
11/25/2025, 7:24:36 PM GMT-3 [Modules] Streaming discord_voice@1 to /home/vinicius/.config/discord/0.0.116/modules/pending/discord_voice-1.zip: 16%
11/25/2025, 7:24:37 PM GMT-3 [Modules] Streaming discord_voice@1 to /home/vinicius/.config/discord/0.0.116/modules/pending/discord_voice-1.zip: 17%
11/25/2025, 7:24:37 PM GMT-3 [Modules] Streaming discord_voice@1 to /home/vinicius/.config/discord/0.0.116/modules/pending/discord_voice-1.zip: 18%
11/25/2025, 7:24:37 PM GMT-3 [Modules] Streaming discord_voice@1 to /home/vinicius/.config/discord/0.0.116/modules/pending/discord_voice-1.zip: 19%
11/25/2025, 7:24:37 PM GMT-3 [Modules] Streaming discord_voice@1 to /home/vinicius/.config/discord/0.0.116/modules/pending/discord_voice-1.zip: 20%
11/25/2025, 7:24:37 PM GMT-3 [Modules] Streaming discord_voice@1 to /home/vinicius/.config/discord/0.0.116/modules/pending/discord_voice-1.zip: 21%
11/25/2025, 7:24:37 PM GMT-3 [Modules] Streaming discord_voice@1 to /home/vinicius/.config/discord/0.0.116/modules/pending/discord_voice-1.zip: 22%
11/25/2025, 7:24:37 PM GMT-3 [Modules] Streaming discord_voice@1 to /home/vinicius/.config/discord/0.0.116/modules/pending/discord_voice-1.zip: 23%
11/25/2025, 7:24:37 PM GMT-3 [Modules] Streaming discord_voice@1 to /home/vinicius/.config/discord/0.0.116/modules/pending/discord_voice-1.zip: 24%
11/25/2025, 7:24:37 PM GMT-3 [Modules] Streaming discord_voice@1 to /home/vinicius/.config/discord/0.0.116/modules/pending/discord_voice-1.zip: 25%
11/25/2025, 7:24:37 PM GMT-3 [Modules] Streaming discord_voice@1 to /home/vinicius/.config/discord/0.0.116/modules/pending/discord_voice-1.zip: 26%
11/25/2025, 7:24:38 PM GMT-3 [Modules] Streaming discord_voice@1 to /home/vinicius/.config/discord/0.0.116/modules/pending/discord_voice-1.zip: 27%
11/25/2025, 7:24:38 PM GMT-3 [Modules] Streaming discord_voice@1 to /home/vinicius/.config/discord/0.0.116/modules/pending/discord_voice-1.zip: 28%
11/25/2025, 7:24:38 PM GMT-3 [Modules] Streaming discord_voice@1 to /home/vinicius/.config/discord/0.0.116/modules/pending/discord_voice-1.zip: 29%
11/25/2025, 7:24:38 PM GMT-3 [Modules] Streaming discord_voice@1 to /home/vinicius/.config/discord/0.0.116/modules/pending/discord_voice-1.zip: 30%
11/25/2025, 7:24:38 PM GMT-3 [Modules] Streaming discord_voice@1 to /home/vinicius/.config/discord/0.0.116/modules/pending/discord_voice-1.zip: 31%
11/25/2025, 7:24:38 PM GMT-3 [Modules] Streaming discord_voice@1 to /home/vinicius/.config/discord/0.0.116/modules/pending/discord_voice-1.zip: 32%
11/25/2025, 7:24:38 PM GMT-3 [Modules] Streaming discord_voice@1 to /home/vinicius/.config/discord/0.0.116/modules/pending/discord_voice-1.zip: 33%
11/25/2025, 7:24:38 PM GMT-3 [Modules] Streaming discord_voice@1 to /home/vinicius/.config/discord/0.0.116/modules/pending/discord_voice-1.zip: 34%
11/25/2025, 7:24:38 PM GMT-3 [Modules] Streaming discord_voice@1 to /home/vinicius/.config/discord/0.0.116/modules/pending/discord_voice-1.zip: 35%
11/25/2025, 7:24:39 PM GMT-3 [Modules] Streaming discord_voice@1 to /home/vinicius/.config/discord/0.0.116/modules/pending/discord_voice-1.zip: 36%
11/25/2025, 7:24:39 PM GMT-3 [Modules] Streaming discord_voice@1 to /home/vinicius/.config/discord/0.0.116/modules/pending/discord_voice-1.zip: 37%
11/25/2025, 7:24:39 PM GMT-3 [Modules] Streaming discord_voice@1 to /home/vinicius/.config/discord/0.0.116/modules/pending/discord_voice-1.zip: 38%
11/25/2025, 7:24:39 PM GMT-3 [Modules] Streaming discord_voice@1 to /home/vinicius/.config/discord/0.0.116/modules/pending/discord_voice-1.zip: 39%
11/25/2025, 7:24:39 PM GMT-3 [Modules] Streaming discord_voice@1 to /home/vinicius/.config/discord/0.0.116/modules/pending/discord_voice-1.zip: 40%
11/25/2025, 7:24:39 PM GMT-3 [Modules] Streaming discord_voice@1 to /home/vinicius/.config/discord/0.0.116/modules/pending/discord_voice-1.zip: 41%
11/25/2025, 7:24:39 PM GMT-3 [Modules] Streaming discord_voice@1 to /home/vinicius/.config/discord/0.0.116/modules/pending/discord_voice-1.zip: 42%
11/25/2025, 7:24:39 PM GMT-3 [Modules] Streaming discord_voice@1 to /home/vinicius/.config/discord/0.0.116/modules/pending/discord_voice-1.zip: 43%
11/25/2025, 7:24:39 PM GMT-3 [Modules] Streaming discord_voice@1 to /home/vinicius/.config/discord/0.0.116/modules/pending/discord_voice-1.zip: 44%
11/25/2025, 7:24:39 PM GMT-3 [Modules] Streaming discord_voice@1 to /home/vinicius/.config/discord/0.0.116/modules/pending/discord_voice-1.zip: 45%
11/25/2025, 7:24:39 PM GMT-3 [Modules] Streaming discord_voice@1 to /home/vinicius/.config/discord/0.0.116/modules/pending/discord_voice-1.zip: 46%
11/25/2025, 7:24:39 PM GMT-3 [Modules] Streaming discord_voice@1 to /home/vinicius/.config/discord/0.0.116/modules/pending/discord_voice-1.zip: 47%
11/25/2025, 7:24:40 PM GMT-3 [Modules] Streaming discord_voice@1 to /home/vinicius/.config/discord/0.0.116/modules/pending/discord_voice-1.zip: 48%
11/25/2025, 7:24:40 PM GMT-3 [Modules] Streaming discord_voice@1 to /home/vinicius/.config/discord/0.0.116/modules/pending/discord_voice-1.zip: 49%
11/25/2025, 7:24:40 PM GMT-3 [Modules] Streaming discord_voice@1 to /home/vinicius/.config/discord/0.0.116/modules/pending/discord_voice-1.zip: 50%
11/25/2025, 7:24:40 PM GMT-3 [Modules] Streaming discord_voice@1 to /home/vinicius/.config/discord/0.0.116/modules/pending/discord_voice-1.zip: 51%
11/25/2025, 7:24:40 PM GMT-3 [Modules] Streaming discord_voice@1 to /home/vinicius/.config/discord/0.0.116/modules/pending/discord_voice-1.zip: 52%
11/25/2025, 7:24:40 PM GMT-3 [Modules] Streaming discord_voice@1 to /home/vinicius/.config/discord/0.0.116/modules/pending/discord_voice-1.zip: 53%
11/25/2025, 7:24:40 PM GMT-3 [Modules] Streaming discord_voice@1 to /home/vinicius/.config/discord/0.0.116/modules/pending/discord_voice-1.zip: 54%
11/25/2025, 7:24:40 PM GMT-3 [Modules] Streaming discord_voice@1 to /home/vinicius/.config/discord/0.0.116/modules/pending/discord_voice-1.zip: 55%
11/25/2025, 7:24:40 PM GMT-3 [Modules] Streaming discord_voice@1 to /home/vinicius/.config/discord/0.0.116/modules/pending/discord_voice-1.zip: 56%
11/25/2025, 7:24:40 PM GMT-3 [Modules] Streaming discord_voice@1 to /home/vinicius/.config/discord/0.0.116/modules/pending/discord_voice-1.zip: 57%
11/25/2025, 7:24:40 PM GMT-3 [Modules] Streaming discord_voice@1 to /home/vinicius/.config/discord/0.0.116/modules/pending/discord_voice-1.zip: 58%
11/25/2025, 7:24:40 PM GMT-3 [Modules] Streaming discord_voice@1 to /home/vinicius/.config/discord/0.0.116/modules/pending/discord_voice-1.zip: 59%
11/25/2025, 7:24:40 PM GMT-3 [Modules] Streaming discord_voice@1 to /home/vinicius/.config/discord/0.0.116/modules/pending/discord_voice-1.zip: 60%
11/25/2025, 7:24:40 PM GMT-3 [Modules] Streaming discord_voice@1 to /home/vinicius/.config/discord/0.0.116/modules/pending/discord_voice-1.zip: 61%
11/25/2025, 7:24:40 PM GMT-3 [Modules] Streaming discord_voice@1 to /home/vinicius/.config/discord/0.0.116/modules/pending/discord_voice-1.zip: 62%
11/25/2025, 7:24:40 PM GMT-3 [Modules] Streaming discord_voice@1 to /home/vinicius/.config/discord/0.0.116/modules/pending/discord_voice-1.zip: 63%
11/25/2025, 7:24:40 PM GMT-3 [Modules] Streaming discord_voice@1 to /home/vinicius/.config/discord/0.0.116/modules/pending/discord_voice-1.zip: 64%
11/25/2025, 7:24:40 PM GMT-3 [Modules] Streaming discord_voice@1 to /home/vinicius/.config/discord/0.0.116/modules/pending/discord_voice-1.zip: 65%
11/25/2025, 7:24:40 PM GMT-3 [Modules] Streaming discord_voice@1 to /home/vinicius/.config/discord/0.0.116/modules/pending/discord_voice-1.zip: 66%
11/25/2025, 7:24:40 PM GMT-3 [Modules] Streaming discord_voice@1 to /home/vinicius/.config/discord/0.0.116/modules/pending/discord_voice-1.zip: 67%
11/25/2025, 7:24:40 PM GMT-3 [Modules] Streaming discord_voice@1 to /home/vinicius/.config/discord/0.0.116/modules/pending/discord_voice-1.zip: 68%
11/25/2025, 7:24:40 PM GMT-3 [Modules] Streaming discord_voice@1 to /home/vinicius/.config/discord/0.0.116/modules/pending/discord_voice-1.zip: 69%
11/25/2025, 7:24:40 PM GMT-3 [Modules] Streaming discord_voice@1 to /home/vinicius/.config/discord/0.0.116/modules/pending/discord_voice-1.zip: 70%
11/25/2025, 7:24:40 PM GMT-3 [Modules] Streaming discord_voice@1 to /home/vinicius/.config/discord/0.0.116/modules/pending/discord_voice-1.zip: 71%
11/25/2025, 7:24:40 PM GMT-3 [Modules] Streaming discord_voice@1 to /home/vinicius/.config/discord/0.0.116/modules/pending/discord_voice-1.zip: 72%
11/25/2025, 7:24:40 PM GMT-3 [Modules] Streaming discord_voice@1 to /home/vinicius/.config/discord/0.0.116/modules/pending/discord_voice-1.zip: 73%
11/25/2025, 7:24:41 PM GMT-3 [Modules] Streaming discord_voice@1 to /home/vinicius/.config/discord/0.0.116/modules/pending/discord_voice-1.zip: 74%
11/25/2025, 7:24:41 PM GMT-3 [Modules] Streaming discord_voice@1 to /home/vinicius/.config/discord/0.0.116/modules/pending/discord_voice-1.zip: 75%
11/25/2025, 7:24:41 PM GMT-3 [Modules] Streaming discord_voice@1 to /home/vinicius/.config/discord/0.0.116/modules/pending/discord_voice-1.zip: 76%
11/25/2025, 7:24:41 PM GMT-3 [Modules] Streaming discord_voice@1 to /home/vinicius/.config/discord/0.0.116/modules/pending/discord_voice-1.zip: 77%
11/25/2025, 7:24:41 PM GMT-3 [Modules] Streaming discord_voice@1 to /home/vinicius/.config/discord/0.0.116/modules/pending/discord_voice-1.zip: 78%
11/25/2025, 7:24:41 PM GMT-3 [Modules] Streaming discord_voice@1 to /home/vinicius/.config/discord/0.0.116/modules/pending/discord_voice-1.zip: 79%
11/25/2025, 7:24:41 PM GMT-3 [Modules] Streaming discord_voice@1 to /home/vinicius/.config/discord/0.0.116/modules/pending/discord_voice-1.zip: 80%
11/25/2025, 7:24:41 PM GMT-3 [Modules] Streaming discord_voice@1 to /home/vinicius/.config/discord/0.0.116/modules/pending/discord_voice-1.zip: 81%
11/25/2025, 7:24:41 PM GMT-3 [Modules] Streaming discord_voice@1 to /home/vinicius/.config/discord/0.0.116/modules/pending/discord_voice-1.zip: 82%
11/25/2025, 7:24:41 PM GMT-3 [Modules] Streaming discord_voice@1 to /home/vinicius/.config/discord/0.0.116/modules/pending/discord_voice-1.zip: 83%
11/25/2025, 7:24:41 PM GMT-3 [Modules] Streaming discord_voice@1 to /home/vinicius/.config/discord/0.0.116/modules/pending/discord_voice-1.zip: 84%
11/25/2025, 7:24:41 PM GMT-3 [Modules] Streaming discord_voice@1 to /home/vinicius/.config/discord/0.0.116/modules/pending/discord_voice-1.zip: 85%
11/25/2025, 7:24:41 PM GMT-3 [Modules] Streaming discord_voice@1 to /home/vinicius/.config/discord/0.0.116/modules/pending/discord_voice-1.zip: 86%
11/25/2025, 7:24:41 PM GMT-3 [Modules] Streaming discord_voice@1 to /home/vinicius/.config/discord/0.0.116/modules/pending/discord_voice-1.zip: 87%
11/25/2025, 7:24:41 PM GMT-3 [Modules] Streaming discord_voice@1 to /home/vinicius/.config/discord/0.0.116/modules/pending/discord_voice-1.zip: 88%
11/25/2025, 7:24:41 PM GMT-3 [Modules] Streaming discord_voice@1 to /home/vinicius/.config/discord/0.0.116/modules/pending/discord_voice-1.zip: 89%
11/25/2025, 7:24:41 PM GMT-3 [Modules] Streaming discord_voice@1 to /home/vinicius/.config/discord/0.0.116/modules/pending/discord_voice-1.zip: 90%
11/25/2025, 7:24:41 PM GMT-3 [Modules] Streaming discord_voice@1 to /home/vinicius/.config/discord/0.0.116/modules/pending/discord_voice-1.zip: 91%
11/25/2025, 7:24:41 PM GMT-3 [Modules] Streaming discord_voice@1 to /home/vinicius/.config/discord/0.0.116/modules/pending/discord_voice-1.zip: 92%
11/25/2025, 7:24:41 PM GMT-3 [Modules] Streaming discord_voice@1 to /home/vinicius/.config/discord/0.0.116/modules/pending/discord_voice-1.zip: 93%
11/25/2025, 7:24:41 PM GMT-3 [Modules] Streaming discord_voice@1 to /home/vinicius/.config/discord/0.0.116/modules/pending/discord_voice-1.zip: 94%
11/25/2025, 7:24:41 PM GMT-3 [Modules] Streaming discord_voice@1 to /home/vinicius/.config/discord/0.0.116/modules/pending/discord_voice-1.zip: 95%
11/25/2025, 7:24:41 PM GMT-3 [Modules] Streaming discord_voice@1 to /home/vinicius/.config/discord/0.0.116/modules/pending/discord_voice-1.zip: 96%
11/25/2025, 7:24:41 PM GMT-3 [Modules] Streaming discord_voice@1 to /home/vinicius/.config/discord/0.0.116/modules/pending/discord_voice-1.zip: 97%
11/25/2025, 7:24:41 PM GMT-3 [Modules] Streaming discord_voice@1 to /home/vinicius/.config/discord/0.0.116/modules/pending/discord_voice-1.zip: 98%
11/25/2025, 7:24:41 PM GMT-3 [Modules] Streaming discord_voice@1 to /home/vinicius/.config/discord/0.0.116/modules/pending/discord_voice-1.zip: 99%
11/25/2025, 7:24:41 PM GMT-3 [Modules] Streaming discord_voice@1 to /home/vinicius/.config/discord/0.0.116/modules/pending/discord_voice-1.zip: 100%
11/25/2025, 7:24:41 PM GMT-3 [Modules] Fetching discord_zstd@1 from https://discord.com/api/modules/stable/discord_zstd/1
11/25/2025, 7:24:41 PM GMT-3 [Modules] Streaming discord_zstd@1 to /home/vinicius/.config/discord/0.0.116/modules/pending/discord_zstd-1.zip
11/25/2025, 7:24:42 PM GMT-3 [Modules] Streaming discord_zstd@1 to /home/vinicius/.config/discord/0.0.116/modules/pending/discord_zstd-1.zip: 8%
11/25/2025, 7:24:42 PM GMT-3 [Modules] Streaming discord_zstd@1 to /home/vinicius/.config/discord/0.0.116/modules/pending/discord_zstd-1.zip: 13%
11/25/2025, 7:24:42 PM GMT-3 [Modules] Streaming discord_zstd@1 to /home/vinicius/.config/discord/0.0.116/modules/pending/discord_zstd-1.zip: 22%
11/25/2025, 7:24:42 PM GMT-3 [Modules] Streaming discord_zstd@1 to /home/vinicius/.config/discord/0.0.116/modules/pending/discord_zstd-1.zip: 34%
11/25/2025, 7:24:42 PM GMT-3 [Modules] Streaming discord_zstd@1 to /home/vinicius/.config/discord/0.0.116/modules/pending/discord_zstd-1.zip: 42%
11/25/2025, 7:24:42 PM GMT-3 [Modules] Streaming discord_zstd@1 to /home/vinicius/.config/discord/0.0.116/modules/pending/discord_zstd-1.zip: 53%
11/25/2025, 7:24:42 PM GMT-3 [Modules] Streaming discord_zstd@1 to /home/vinicius/.config/discord/0.0.116/modules/pending/discord_zstd-1.zip: 55%
11/25/2025, 7:24:42 PM GMT-3 [Modules] Streaming discord_zstd@1 to /home/vinicius/.config/discord/0.0.116/modules/pending/discord_zstd-1.zip: 58%
11/25/2025, 7:24:42 PM GMT-3 [Modules] Streaming discord_zstd@1 to /home/vinicius/.config/discord/0.0.116/modules/pending/discord_zstd-1.zip: 61%
11/25/2025, 7:24:42 PM GMT-3 [Modules] Streaming discord_zstd@1 to /home/vinicius/.config/discord/0.0.116/modules/pending/discord_zstd-1.zip: 63%
11/25/2025, 7:24:42 PM GMT-3 [Modules] Streaming discord_zstd@1 to /home/vinicius/.config/discord/0.0.116/modules/pending/discord_zstd-1.zip: 65%
11/25/2025, 7:24:42 PM GMT-3 [Modules] Streaming discord_zstd@1 to /home/vinicius/.config/discord/0.0.116/modules/pending/discord_zstd-1.zip: 67%
11/25/2025, 7:24:42 PM GMT-3 [Modules] Streaming discord_zstd@1 to /home/vinicius/.config/discord/0.0.116/modules/pending/discord_zstd-1.zip: 70%
11/25/2025, 7:24:42 PM GMT-3 [Modules] Streaming discord_zstd@1 to /home/vinicius/.config/discord/0.0.116/modules/pending/discord_zstd-1.zip: 71%
11/25/2025, 7:24:42 PM GMT-3 [Modules] Streaming discord_zstd@1 to /home/vinicius/.config/discord/0.0.116/modules/pending/discord_zstd-1.zip: 72%
11/25/2025, 7:24:42 PM GMT-3 [Modules] Streaming discord_zstd@1 to /home/vinicius/.config/discord/0.0.116/modules/pending/discord_zstd-1.zip: 73%
11/25/2025, 7:24:42 PM GMT-3 [Modules] Streaming discord_zstd@1 to /home/vinicius/.config/discord/0.0.116/modules/pending/discord_zstd-1.zip: 75%
11/25/2025, 7:24:42 PM GMT-3 [Modules] Streaming discord_zstd@1 to /home/vinicius/.config/discord/0.0.116/modules/pending/discord_zstd-1.zip: 78%
11/25/2025, 7:24:42 PM GMT-3 [Modules] Streaming discord_zstd@1 to /home/vinicius/.config/discord/0.0.116/modules/pending/discord_zstd-1.zip: 80%
11/25/2025, 7:24:42 PM GMT-3 [Modules] Streaming discord_zstd@1 to /home/vinicius/.config/discord/0.0.116/modules/pending/discord_zstd-1.zip: 82%
11/25/2025, 7:24:42 PM GMT-3 [Modules] Streaming discord_zstd@1 to /home/vinicius/.config/discord/0.0.116/modules/pending/discord_zstd-1.zip: 84%
11/25/2025, 7:24:42 PM GMT-3 [Modules] Streaming discord_zstd@1 to /home/vinicius/.config/discord/0.0.116/modules/pending/discord_zstd-1.zip: 86%
11/25/2025, 7:24:42 PM GMT-3 [Modules] Streaming discord_zstd@1 to /home/vinicius/.config/discord/0.0.116/modules/pending/discord_zstd-1.zip: 89%
11/25/2025, 7:24:42 PM GMT-3 [Modules] Streaming discord_zstd@1 to /home/vinicius/.config/discord/0.0.116/modules/pending/discord_zstd-1.zip: 90%
11/25/2025, 7:24:42 PM GMT-3 [Modules] Streaming discord_zstd@1 to /home/vinicius/.config/discord/0.0.116/modules/pending/discord_zstd-1.zip: 91%
11/25/2025, 7:24:42 PM GMT-3 [Modules] Streaming discord_zstd@1 to /home/vinicius/.config/discord/0.0.116/modules/pending/discord_zstd-1.zip: 94%
11/25/2025, 7:24:42 PM GMT-3 [Modules] Streaming discord_zstd@1 to /home/vinicius/.config/discord/0.0.116/modules/pending/discord_zstd-1.zip: 95%
11/25/2025, 7:24:42 PM GMT-3 [Modules] Streaming discord_zstd@1 to /home/vinicius/.config/discord/0.0.116/modules/pending/discord_zstd-1.zip: 97%
11/25/2025, 7:24:42 PM GMT-3 [Modules] Streaming discord_zstd@1 to /home/vinicius/.config/discord/0.0.116/modules/pending/discord_zstd-1.zip: 100%
11/25/2025, 7:24:42 PM GMT-3 [Modules] Finished module downloads. [success: 6] [failure: 0]
11/25/2025, 7:24:42 PM GMT-3 [Modules] Installing updates...
11/25/2025, 7:24:42 PM GMT-3 [Modules] Installing discord_desktop_core@1 from /home/vinicius/.config/discord/0.0.116/modules/pending/discord_desktop_core-1.zip
11/25/2025, 7:24:42 PM GMT-3 [Modules] Installing discord_erlpack@1 from /home/vinicius/.config/discord/0.0.116/modules/pending/discord_erlpack-1.zip
11/25/2025, 7:24:42 PM GMT-3 [Modules] Installing discord_spellcheck@1 from /home/vinicius/.config/discord/0.0.116/modules/pending/discord_spellcheck-1.zip
11/25/2025, 7:24:43 PM GMT-3 [Modules] Installing discord_utils@1 from /home/vinicius/.config/discord/0.0.116/modules/pending/discord_utils-1.zip
11/25/2025, 7:24:43 PM GMT-3 [Modules] Installing discord_voice@1 from /home/vinicius/.config/discord/0.0.116/modules/pending/discord_voice-1.zip
11/25/2025, 7:24:43 PM GMT-3 [Modules] Installing discord_zstd@1 from /home/vinicius/.config/discord/0.0.116/modules/pending/discord_zstd-1.zip
11/25/2025, 7:24:43 PM GMT-3 [Modules] Finished module installations. [success: 6] [failure: 0]
11/25/2025, 7:24:43 PM GMT-3 [Modules] Checking for host updates.
11/25/2025, 7:24:43 PM GMT-3 [Modules] Host is up to date.
11/25/2025, 7:24:43 PM GMT-3 [Modules] Checking for module updates at https://discord.com/api/modules/stable/versions.json
11/25/2025, 7:24:43 PM GMT-3 [Modules] No module updates available.
11/25/2025, 7:24:46 PM GMT-3 [Modules] Starting to install discord_krisp...
11/25/2025, 7:24:46 PM GMT-3 [Modules] Fetching discord_krisp@1 from https://discord.com/api/modules/stable/discord_krisp/1
11/25/2025, 7:24:46 PM GMT-3 [Modules] Streaming discord_krisp@1 to /home/vinicius/.config/discord/0.0.116/modules/pending/discord_krisp-1.zip
11/25/2025, 7:24:46 PM GMT-3 [Modules] Starting to install discord_game_utils...
11/25/2025, 7:24:48 PM GMT-3 [Modules] Streaming discord_krisp@1 to /home/vinicius/.config/discord/0.0.116/modules/pending/discord_krisp-1.zip: 4%
11/25/2025, 7:24:48 PM GMT-3 [Modules] Streaming discord_krisp@1 to /home/vinicius/.config/discord/0.0.116/modules/pending/discord_krisp-1.zip: 5%
11/25/2025, 7:24:48 PM GMT-3 [Modules] Streaming discord_krisp@1 to /home/vinicius/.config/discord/0.0.116/modules/pending/discord_krisp-1.zip: 6%
11/25/2025, 7:24:48 PM GMT-3 [Modules] Streaming discord_krisp@1 to /home/vinicius/.config/discord/0.0.116/modules/pending/discord_krisp-1.zip: 7%
11/25/2025, 7:24:48 PM GMT-3 [Modules] Streaming discord_krisp@1 to /home/vinicius/.config/discord/0.0.116/modules/pending/discord_krisp-1.zip: 8%
11/25/2025, 7:24:48 PM GMT-3 [Modules] Streaming discord_krisp@1 to /home/vinicius/.config/discord/0.0.116/modules/pending/discord_krisp-1.zip: 9%
11/25/2025, 7:24:48 PM GMT-3 [Modules] Streaming discord_krisp@1 to /home/vinicius/.config/discord/0.0.116/modules/pending/discord_krisp-1.zip: 10%
11/25/2025, 7:24:48 PM GMT-3 [Modules] Streaming discord_krisp@1 to /home/vinicius/.config/discord/0.0.116/modules/pending/discord_krisp-1.zip: 11%
11/25/2025, 7:24:48 PM GMT-3 [Modules] Streaming discord_krisp@1 to /home/vinicius/.config/discord/0.0.116/modules/pending/discord_krisp-1.zip: 12%
11/25/2025, 7:24:48 PM GMT-3 [Modules] Streaming discord_krisp@1 to /home/vinicius/.config/discord/0.0.116/modules/pending/discord_krisp-1.zip: 13%
11/25/2025, 7:24:48 PM GMT-3 [Modules] Streaming discord_krisp@1 to /home/vinicius/.config/discord/0.0.116/modules/pending/discord_krisp-1.zip: 14%
11/25/2025, 7:24:48 PM GMT-3 [Modules] Streaming discord_krisp@1 to /home/vinicius/.config/discord/0.0.116/modules/pending/discord_krisp-1.zip: 15%
11/25/2025, 7:24:48 PM GMT-3 [Modules] Starting to install discord_rpc...
11/25/2025, 7:24:48 PM GMT-3 [Modules] Streaming discord_krisp@1 to /home/vinicius/.config/discord/0.0.116/modules/pending/discord_krisp-1.zip: 16%
11/25/2025, 7:24:48 PM GMT-3 [Modules] Streaming discord_krisp@1 to /home/vinicius/.config/discord/0.0.116/modules/pending/discord_krisp-1.zip: 17%
11/25/2025, 7:24:48 PM GMT-3 [Modules] Streaming discord_krisp@1 to /home/vinicius/.config/discord/0.0.116/modules/pending/discord_krisp-1.zip: 18%
11/25/2025, 7:24:49 PM GMT-3 [Modules] Streaming discord_krisp@1 to /home/vinicius/.config/discord/0.0.116/modules/pending/discord_krisp-1.zip: 19%
11/25/2025, 7:24:49 PM GMT-3 [Modules] Streaming discord_krisp@1 to /home/vinicius/.config/discord/0.0.116/modules/pending/discord_krisp-1.zip: 20%
11/25/2025, 7:24:49 PM GMT-3 [Modules] Streaming discord_krisp@1 to /home/vinicius/.config/discord/0.0.116/modules/pending/discord_krisp-1.zip: 21%
11/25/2025, 7:24:49 PM GMT-3 [Modules] Streaming discord_krisp@1 to /home/vinicius/.config/discord/0.0.116/modules/pending/discord_krisp-1.zip: 22%
11/25/2025, 7:24:49 PM GMT-3 [Modules] Streaming discord_krisp@1 to /home/vinicius/.config/discord/0.0.116/modules/pending/discord_krisp-1.zip: 23%
11/25/2025, 7:24:49 PM GMT-3 [Modules] Streaming discord_krisp@1 to /home/vinicius/.config/discord/0.0.116/modules/pending/discord_krisp-1.zip: 24%
11/25/2025, 7:24:49 PM GMT-3 [Modules] Streaming discord_krisp@1 to /home/vinicius/.config/discord/0.0.116/modules/pending/discord_krisp-1.zip: 25%
11/25/2025, 7:24:49 PM GMT-3 [Modules] Streaming discord_krisp@1 to /home/vinicius/.config/discord/0.0.116/modules/pending/discord_krisp-1.zip: 26%
11/25/2025, 7:24:49 PM GMT-3 [Modules] Streaming discord_krisp@1 to /home/vinicius/.config/discord/0.0.116/modules/pending/discord_krisp-1.zip: 27%
11/25/2025, 7:24:49 PM GMT-3 [Modules] Streaming discord_krisp@1 to /home/vinicius/.config/discord/0.0.116/modules/pending/discord_krisp-1.zip: 28%
11/25/2025, 7:24:49 PM GMT-3 [Modules] Streaming discord_krisp@1 to /home/vinicius/.config/discord/0.0.116/modules/pending/discord_krisp-1.zip: 29%
11/25/2025, 7:24:49 PM GMT-3 [Modules] Streaming discord_krisp@1 to /home/vinicius/.config/discord/0.0.116/modules/pending/discord_krisp-1.zip: 30%
11/25/2025, 7:24:49 PM GMT-3 [Modules] Streaming discord_krisp@1 to /home/vinicius/.config/discord/0.0.116/modules/pending/discord_krisp-1.zip: 31%
11/25/2025, 7:24:49 PM GMT-3 [Modules] Streaming discord_krisp@1 to /home/vinicius/.config/discord/0.0.116/modules/pending/discord_krisp-1.zip: 32%
11/25/2025, 7:24:50 PM GMT-3 [Modules] Streaming discord_krisp@1 to /home/vinicius/.config/discord/0.0.116/modules/pending/discord_krisp-1.zip: 33%
11/25/2025, 7:24:50 PM GMT-3 [Modules] Streaming discord_krisp@1 to /home/vinicius/.config/discord/0.0.116/modules/pending/discord_krisp-1.zip: 34%
11/25/2025, 7:24:50 PM GMT-3 [Modules] Streaming discord_krisp@1 to /home/vinicius/.config/discord/0.0.116/modules/pending/discord_krisp-1.zip: 35%
11/25/2025, 7:24:50 PM GMT-3 [Modules] Streaming discord_krisp@1 to /home/vinicius/.config/discord/0.0.116/modules/pending/discord_krisp-1.zip: 36%
11/25/2025, 7:24:50 PM GMT-3 [Modules] Streaming discord_krisp@1 to /home/vinicius/.config/discord/0.0.116/modules/pending/discord_krisp-1.zip: 37%
11/25/2025, 7:24:50 PM GMT-3 [Modules] Streaming discord_krisp@1 to /home/vinicius/.config/discord/0.0.116/modules/pending/discord_krisp-1.zip: 38%
11/25/2025, 7:24:50 PM GMT-3 [Modules] Streaming discord_krisp@1 to /home/vinicius/.config/discord/0.0.116/modules/pending/discord_krisp-1.zip: 39%
11/25/2025, 7:24:50 PM GMT-3 [Modules] Streaming discord_krisp@1 to /home/vinicius/.config/discord/0.0.116/modules/pending/discord_krisp-1.zip: 40%
11/25/2025, 7:24:50 PM GMT-3 [Modules] Streaming discord_krisp@1 to /home/vinicius/.config/discord/0.0.116/modules/pending/discord_krisp-1.zip: 41%
11/25/2025, 7:24:50 PM GMT-3 [Modules] Streaming discord_krisp@1 to /home/vinicius/.config/discord/0.0.116/modules/pending/discord_krisp-1.zip: 42%
11/25/2025, 7:24:50 PM GMT-3 [Modules] Streaming discord_krisp@1 to /home/vinicius/.config/discord/0.0.116/modules/pending/discord_krisp-1.zip: 43%
11/25/2025, 7:24:50 PM GMT-3 [Modules] Streaming discord_krisp@1 to /home/vinicius/.config/discord/0.0.116/modules/pending/discord_krisp-1.zip: 44%
11/25/2025, 7:24:50 PM GMT-3 [Modules] Streaming discord_krisp@1 to /home/vinicius/.config/discord/0.0.116/modules/pending/discord_krisp-1.zip: 45%
11/25/2025, 7:24:50 PM GMT-3 [Modules] Streaming discord_krisp@1 to /home/vinicius/.config/discord/0.0.116/modules/pending/discord_krisp-1.zip: 46%
11/25/2025, 7:24:51 PM GMT-3 [Modules] Streaming discord_krisp@1 to /home/vinicius/.config/discord/0.0.116/modules/pending/discord_krisp-1.zip: 47%
11/25/2025, 7:24:51 PM GMT-3 [Modules] Streaming discord_krisp@1 to /home/vinicius/.config/discord/0.0.116/modules/pending/discord_krisp-1.zip: 48%
11/25/2025, 7:24:51 PM GMT-3 [Modules] Streaming discord_krisp@1 to /home/vinicius/.config/discord/0.0.116/modules/pending/discord_krisp-1.zip: 49%
11/25/2025, 7:24:51 PM GMT-3 [Modules] Streaming discord_krisp@1 to /home/vinicius/.config/discord/0.0.116/modules/pending/discord_krisp-1.zip: 50%
11/25/2025, 7:24:51 PM GMT-3 [Modules] Streaming discord_krisp@1 to /home/vinicius/.config/discord/0.0.116/modules/pending/discord_krisp-1.zip: 51%
11/25/2025, 7:24:51 PM GMT-3 [Modules] Streaming discord_krisp@1 to /home/vinicius/.config/discord/0.0.116/modules/pending/discord_krisp-1.zip: 52%
11/25/2025, 7:24:51 PM GMT-3 [Modules] Streaming discord_krisp@1 to /home/vinicius/.config/discord/0.0.116/modules/pending/discord_krisp-1.zip: 53%
11/25/2025, 7:24:51 PM GMT-3 [Modules] Streaming discord_krisp@1 to /home/vinicius/.config/discord/0.0.116/modules/pending/discord_krisp-1.zip: 54%
11/25/2025, 7:24:51 PM GMT-3 [Modules] Streaming discord_krisp@1 to /home/vinicius/.config/discord/0.0.116/modules/pending/discord_krisp-1.zip: 55%
11/25/2025, 7:24:52 PM GMT-3 [Modules] Streaming discord_krisp@1 to /home/vinicius/.config/discord/0.0.116/modules/pending/discord_krisp-1.zip: 56%
11/25/2025, 7:24:52 PM GMT-3 [Modules] Streaming discord_krisp@1 to /home/vinicius/.config/discord/0.0.116/modules/pending/discord_krisp-1.zip: 57%
11/25/2025, 7:24:52 PM GMT-3 [Modules] Streaming discord_krisp@1 to /home/vinicius/.config/discord/0.0.116/modules/pending/discord_krisp-1.zip: 58%
11/25/2025, 7:24:52 PM GMT-3 [Modules] Streaming discord_krisp@1 to /home/vinicius/.config/discord/0.0.116/modules/pending/discord_krisp-1.zip: 59%
11/25/2025, 7:24:53 PM GMT-3 [Modules] Streaming discord_krisp@1 to /home/vinicius/.config/discord/0.0.116/modules/pending/discord_krisp-1.zip: 60%
11/25/2025, 7:24:53 PM GMT-3 [Modules] Streaming discord_krisp@1 to /home/vinicius/.config/discord/0.0.116/modules/pending/discord_krisp-1.zip: 61%
11/25/2025, 7:24:53 PM GMT-3 [Modules] Streaming discord_krisp@1 to /home/vinicius/.config/discord/0.0.116/modules/pending/discord_krisp-1.zip: 62%
11/25/2025, 7:24:53 PM GMT-3 [Modules] Streaming discord_krisp@1 to /home/vinicius/.config/discord/0.0.116/modules/pending/discord_krisp-1.zip: 63%
11/25/2025, 7:24:53 PM GMT-3 [Modules] Streaming discord_krisp@1 to /home/vinicius/.config/discord/0.0.116/modules/pending/discord_krisp-1.zip: 64%
11/25/2025, 7:24:53 PM GMT-3 [Modules] Streaming discord_krisp@1 to /home/vinicius/.config/discord/0.0.116/modules/pending/discord_krisp-1.zip: 65%
11/25/2025, 7:24:53 PM GMT-3 [Modules] Streaming discord_krisp@1 to /home/vinicius/.config/discord/0.0.116/modules/pending/discord_krisp-1.zip: 66%
11/25/2025, 7:24:53 PM GMT-3 [Modules] Streaming discord_krisp@1 to /home/vinicius/.config/discord/0.0.116/modules/pending/discord_krisp-1.zip: 67%
11/25/2025, 7:24:53 PM GMT-3 [Modules] Streaming discord_krisp@1 to /home/vinicius/.config/discord/0.0.116/modules/pending/discord_krisp-1.zip: 68%
11/25/2025, 7:24:53 PM GMT-3 [Modules] Streaming discord_krisp@1 to /home/vinicius/.config/discord/0.0.116/modules/pending/discord_krisp-1.zip: 69%
11/25/2025, 7:24:53 PM GMT-3 [Modules] Checking for host updates.
11/25/2025, 7:24:53 PM GMT-3 [Modules] Streaming discord_krisp@1 to /home/vinicius/.config/discord/0.0.116/modules/pending/discord_krisp-1.zip: 70%
11/25/2025, 7:24:53 PM GMT-3 [Modules] Streaming discord_krisp@1 to /home/vinicius/.config/discord/0.0.116/modules/pending/discord_krisp-1.zip: 71%
11/25/2025, 7:24:53 PM GMT-3 [Modules] Streaming discord_krisp@1 to /home/vinicius/.config/discord/0.0.116/modules/pending/discord_krisp-1.zip: 72%
11/25/2025, 7:24:53 PM GMT-3 [Modules] Streaming discord_krisp@1 to /home/vinicius/.config/discord/0.0.116/modules/pending/discord_krisp-1.zip: 73%
11/25/2025, 7:24:53 PM GMT-3 [Modules] Streaming discord_krisp@1 to /home/vinicius/.config/discord/0.0.116/modules/pending/discord_krisp-1.zip: 74%
11/25/2025, 7:24:53 PM GMT-3 [Modules] Streaming discord_krisp@1 to /home/vinicius/.config/discord/0.0.116/modules/pending/discord_krisp-1.zip: 75%
11/25/2025, 7:24:53 PM GMT-3 [Modules] Streaming discord_krisp@1 to /home/vinicius/.config/discord/0.0.116/modules/pending/discord_krisp-1.zip: 76%
11/25/2025, 7:24:53 PM GMT-3 [Modules] Streaming discord_krisp@1 to /home/vinicius/.config/discord/0.0.116/modules/pending/discord_krisp-1.zip: 77%
11/25/2025, 7:24:53 PM GMT-3 [Modules] Streaming discord_krisp@1 to /home/vinicius/.config/discord/0.0.116/modules/pending/discord_krisp-1.zip: 78%
11/25/2025, 7:24:53 PM GMT-3 [Modules] Streaming discord_krisp@1 to /home/vinicius/.config/discord/0.0.116/modules/pending/discord_krisp-1.zip: 79%
11/25/2025, 7:24:54 PM GMT-3 [Modules] Streaming discord_krisp@1 to /home/vinicius/.config/discord/0.0.116/modules/pending/discord_krisp-1.zip: 80%
11/25/2025, 7:24:54 PM GMT-3 [Modules] Streaming discord_krisp@1 to /home/vinicius/.config/discord/0.0.116/modules/pending/discord_krisp-1.zip: 81%
11/25/2025, 7:24:54 PM GMT-3 [Modules] Streaming discord_krisp@1 to /home/vinicius/.config/discord/0.0.116/modules/pending/discord_krisp-1.zip: 82%
11/25/2025, 7:24:54 PM GMT-3 [Modules] Streaming discord_krisp@1 to /home/vinicius/.config/discord/0.0.116/modules/pending/discord_krisp-1.zip: 83%
11/25/2025, 7:24:54 PM GMT-3 [Modules] Host is up to date.
11/25/2025, 7:24:54 PM GMT-3 [Modules] Checking for module updates at https://discord.com/api/modules/stable/versions.json
11/25/2025, 7:24:54 PM GMT-3 [Modules] No module updates available.
11/25/2025, 7:24:54 PM GMT-3 [Modules] Streaming discord_krisp@1 to /home/vinicius/.config/discord/0.0.116/modules/pending/discord_krisp-1.zip: 84%
11/25/2025, 7:24:54 PM GMT-3 [Modules] Streaming discord_krisp@1 to /home/vinicius/.config/discord/0.0.116/modules/pending/discord_krisp-1.zip: 85%
11/25/2025, 7:24:54 PM GMT-3 [Modules] Streaming discord_krisp@1 to /home/vinicius/.config/discord/0.0.116/modules/pending/discord_krisp-1.zip: 86%
11/25/2025, 7:24:55 PM GMT-3 [Modules] Streaming discord_krisp@1 to /home/vinicius/.config/discord/0.0.116/modules/pending/discord_krisp-1.zip: 87%
11/25/2025, 7:24:55 PM GMT-3 [Modules] Streaming discord_krisp@1 to /home/vinicius/.config/discord/0.0.116/modules/pending/discord_krisp-1.zip: 88%
11/25/2025, 7:24:55 PM GMT-3 [Modules] Streaming discord_krisp@1 to /home/vinicius/.config/discord/0.0.116/modules/pending/discord_krisp-1.zip: 89%
11/25/2025, 7:24:55 PM GMT-3 [Modules] Streaming discord_krisp@1 to /home/vinicius/.config/discord/0.0.116/modules/pending/discord_krisp-1.zip: 90%
11/25/2025, 7:24:55 PM GMT-3 [Modules] Streaming discord_krisp@1 to /home/vinicius/.config/discord/0.0.116/modules/pending/discord_krisp-1.zip: 91%
11/25/2025, 7:24:55 PM GMT-3 [Modules] Streaming discord_krisp@1 to /home/vinicius/.config/discord/0.0.116/modules/pending/discord_krisp-1.zip: 92%
11/25/2025, 7:24:55 PM GMT-3 [Modules] Streaming discord_krisp@1 to /home/vinicius/.config/discord/0.0.116/modules/pending/discord_krisp-1.zip: 93%
11/25/2025, 7:24:55 PM GMT-3 [Modules] Streaming discord_krisp@1 to /home/vinicius/.config/discord/0.0.116/modules/pending/discord_krisp-1.zip: 94%
11/25/2025, 7:24:55 PM GMT-3 [Modules] Streaming discord_krisp@1 to /home/vinicius/.config/discord/0.0.116/modules/pending/discord_krisp-1.zip: 95%
11/25/2025, 7:24:55 PM GMT-3 [Modules] Streaming discord_krisp@1 to /home/vinicius/.config/discord/0.0.116/modules/pending/discord_krisp-1.zip: 96%
11/25/2025, 7:24:55 PM GMT-3 [Modules] Streaming discord_krisp@1 to /home/vinicius/.config/discord/0.0.116/modules/pending/discord_krisp-1.zip: 97%
11/25/2025, 7:24:56 PM GMT-3 [Modules] Streaming discord_krisp@1 to /home/vinicius/.config/discord/0.0.116/modules/pending/discord_krisp-1.zip: 98%
11/25/2025, 7:24:56 PM GMT-3 [Modules] Streaming discord_krisp@1 to /home/vinicius/.config/discord/0.0.116/modules/pending/discord_krisp-1.zip: 99%
11/25/2025, 7:24:56 PM GMT-3 [Modules] Streaming discord_krisp@1 to /home/vinicius/.config/discord/0.0.116/modules/pending/discord_krisp-1.zip: 100%
11/25/2025, 7:24:56 PM GMT-3 [Modules] Fetching discord_game_utils@1 from https://discord.com/api/modules/stable/discord_game_utils/1
11/25/2025, 7:24:56 PM GMT-3 [Modules] Streaming discord_game_utils@1 to /home/vinicius/.config/discord/0.0.116/modules/pending/discord_game_utils-1.zip
11/25/2025, 7:24:56 PM GMT-3 [Modules] Installing discord_krisp@1 from /home/vinicius/.config/discord/0.0.116/modules/pending/discord_krisp-1.zip
11/25/2025, 7:24:56 PM GMT-3 [Modules] Streaming discord_game_utils@1 to /home/vinicius/.config/discord/0.0.116/modules/pending/discord_game_utils-1.zip: 1%
11/25/2025, 7:24:56 PM GMT-3 [Modules] Streaming discord_game_utils@1 to /home/vinicius/.config/discord/0.0.116/modules/pending/discord_game_utils-1.zip: 2%
11/25/2025, 7:24:56 PM GMT-3 [Modules] Streaming discord_game_utils@1 to /home/vinicius/.config/discord/0.0.116/modules/pending/discord_game_utils-1.zip: 3%
11/25/2025, 7:24:56 PM GMT-3 [Modules] Streaming discord_game_utils@1 to /home/vinicius/.config/discord/0.0.116/modules/pending/discord_game_utils-1.zip: 4%
11/25/2025, 7:24:56 PM GMT-3 [Modules] Streaming discord_game_utils@1 to /home/vinicius/.config/discord/0.0.116/modules/pending/discord_game_utils-1.zip: 5%
11/25/2025, 7:24:56 PM GMT-3 [Modules] Streaming discord_game_utils@1 to /home/vinicius/.config/discord/0.0.116/modules/pending/discord_game_utils-1.zip: 6%
11/25/2025, 7:24:56 PM GMT-3 [Modules] Streaming discord_game_utils@1 to /home/vinicius/.config/discord/0.0.116/modules/pending/discord_game_utils-1.zip: 7%
11/25/2025, 7:24:56 PM GMT-3 [Modules] Streaming discord_game_utils@1 to /home/vinicius/.config/discord/0.0.116/modules/pending/discord_game_utils-1.zip: 8%
11/25/2025, 7:24:56 PM GMT-3 [Modules] Streaming discord_game_utils@1 to /home/vinicius/.config/discord/0.0.116/modules/pending/discord_game_utils-1.zip: 9%
11/25/2025, 7:24:56 PM GMT-3 [Modules] Streaming discord_game_utils@1 to /home/vinicius/.config/discord/0.0.116/modules/pending/discord_game_utils-1.zip: 10%
11/25/2025, 7:24:56 PM GMT-3 [Modules] Streaming discord_game_utils@1 to /home/vinicius/.config/discord/0.0.116/modules/pending/discord_game_utils-1.zip: 11%
11/25/2025, 7:24:56 PM GMT-3 [Modules] Streaming discord_game_utils@1 to /home/vinicius/.config/discord/0.0.116/modules/pending/discord_game_utils-1.zip: 12%
11/25/2025, 7:24:56 PM GMT-3 [Modules] Streaming discord_game_utils@1 to /home/vinicius/.config/discord/0.0.116/modules/pending/discord_game_utils-1.zip: 13%
11/25/2025, 7:24:56 PM GMT-3 [Modules] Streaming discord_game_utils@1 to /home/vinicius/.config/discord/0.0.116/modules/pending/discord_game_utils-1.zip: 14%
11/25/2025, 7:24:56 PM GMT-3 [Modules] Streaming discord_game_utils@1 to /home/vinicius/.config/discord/0.0.116/modules/pending/discord_game_utils-1.zip: 15%
11/25/2025, 7:24:56 PM GMT-3 [Modules] Streaming discord_game_utils@1 to /home/vinicius/.config/discord/0.0.116/modules/pending/discord_game_utils-1.zip: 16%
11/25/2025, 7:24:56 PM GMT-3 [Modules] Streaming discord_game_utils@1 to /home/vinicius/.config/discord/0.0.116/modules/pending/discord_game_utils-1.zip: 17%
11/25/2025, 7:24:56 PM GMT-3 [Modules] Streaming discord_game_utils@1 to /home/vinicius/.config/discord/0.0.116/modules/pending/discord_game_utils-1.zip: 18%
11/25/2025, 7:24:56 PM GMT-3 [Modules] Streaming discord_game_utils@1 to /home/vinicius/.config/discord/0.0.116/modules/pending/discord_game_utils-1.zip: 19%
11/25/2025, 7:24:56 PM GMT-3 [Modules] Streaming discord_game_utils@1 to /home/vinicius/.config/discord/0.0.116/modules/pending/discord_game_utils-1.zip: 20%
11/25/2025, 7:24:56 PM GMT-3 [Modules] Streaming discord_game_utils@1 to /home/vinicius/.config/discord/0.0.116/modules/pending/discord_game_utils-1.zip: 21%
11/25/2025, 7:24:56 PM GMT-3 [Modules] Streaming discord_game_utils@1 to /home/vinicius/.config/discord/0.0.116/modules/pending/discord_game_utils-1.zip: 22%
11/25/2025, 7:24:56 PM GMT-3 [Modules] Streaming discord_game_utils@1 to /home/vinicius/.config/discord/0.0.116/modules/pending/discord_game_utils-1.zip: 23%
11/25/2025, 7:24:56 PM GMT-3 [Modules] Streaming discord_game_utils@1 to /home/vinicius/.config/discord/0.0.116/modules/pending/discord_game_utils-1.zip: 24%
11/25/2025, 7:24:56 PM GMT-3 [Modules] Streaming discord_game_utils@1 to /home/vinicius/.config/discord/0.0.116/modules/pending/discord_game_utils-1.zip: 25%
11/25/2025, 7:24:56 PM GMT-3 [Modules] Streaming discord_game_utils@1 to /home/vinicius/.config/discord/0.0.116/modules/pending/discord_game_utils-1.zip: 26%
11/25/2025, 7:24:56 PM GMT-3 [Modules] Streaming discord_game_utils@1 to /home/vinicius/.config/discord/0.0.116/modules/pending/discord_game_utils-1.zip: 27%
11/25/2025, 7:24:56 PM GMT-3 [Modules] Finished module installations. [success: 1] [failure: 0]
11/25/2025, 7:24:56 PM GMT-3 [Modules] Streaming discord_game_utils@1 to /home/vinicius/.config/discord/0.0.116/modules/pending/discord_game_utils-1.zip: 28%
11/25/2025, 7:24:56 PM GMT-3 [Modules] Streaming discord_game_utils@1 to /home/vinicius/.config/discord/0.0.116/modules/pending/discord_game_utils-1.zip: 29%
11/25/2025, 7:24:56 PM GMT-3 [Modules] Streaming discord_game_utils@1 to /home/vinicius/.config/discord/0.0.116/modules/pending/discord_game_utils-1.zip: 30%
11/25/2025, 7:24:56 PM GMT-3 [Modules] Streaming discord_game_utils@1 to /home/vinicius/.config/discord/0.0.116/modules/pending/discord_game_utils-1.zip: 31%
11/25/2025, 7:24:56 PM GMT-3 [Modules] Streaming discord_game_utils@1 to /home/vinicius/.config/discord/0.0.116/modules/pending/discord_game_utils-1.zip: 32%
11/25/2025, 7:24:56 PM GMT-3 [Modules] Streaming discord_game_utils@1 to /home/vinicius/.config/discord/0.0.116/modules/pending/discord_game_utils-1.zip: 33%
11/25/2025, 7:24:56 PM GMT-3 [Modules] Streaming discord_game_utils@1 to /home/vinicius/.config/discord/0.0.116/modules/pending/discord_game_utils-1.zip: 34%
11/25/2025, 7:24:56 PM GMT-3 [Modules] Streaming discord_game_utils@1 to /home/vinicius/.config/discord/0.0.116/modules/pending/discord_game_utils-1.zip: 35%
11/25/2025, 7:24:56 PM GMT-3 [Modules] Streaming discord_game_utils@1 to /home/vinicius/.config/discord/0.0.116/modules/pending/discord_game_utils-1.zip: 36%
11/25/2025, 7:24:56 PM GMT-3 [Modules] Streaming discord_game_utils@1 to /home/vinicius/.config/discord/0.0.116/modules/pending/discord_game_utils-1.zip: 37%
11/25/2025, 7:24:56 PM GMT-3 [Modules] Streaming discord_game_utils@1 to /home/vinicius/.config/discord/0.0.116/modules/pending/discord_game_utils-1.zip: 38%
11/25/2025, 7:24:56 PM GMT-3 [Modules] Streaming discord_game_utils@1 to /home/vinicius/.config/discord/0.0.116/modules/pending/discord_game_utils-1.zip: 39%
11/25/2025, 7:24:56 PM GMT-3 [Modules] Streaming discord_game_utils@1 to /home/vinicius/.config/discord/0.0.116/modules/pending/discord_game_utils-1.zip: 40%
11/25/2025, 7:24:56 PM GMT-3 [Modules] Streaming discord_game_utils@1 to /home/vinicius/.config/discord/0.0.116/modules/pending/discord_game_utils-1.zip: 41%
11/25/2025, 7:24:56 PM GMT-3 [Modules] Streaming discord_game_utils@1 to /home/vinicius/.config/discord/0.0.116/modules/pending/discord_game_utils-1.zip: 42%
11/25/2025, 7:24:56 PM GMT-3 [Modules] Streaming discord_game_utils@1 to /home/vinicius/.config/discord/0.0.116/modules/pending/discord_game_utils-1.zip: 43%
11/25/2025, 7:24:56 PM GMT-3 [Modules] Streaming discord_game_utils@1 to /home/vinicius/.config/discord/0.0.116/modules/pending/discord_game_utils-1.zip: 44%
11/25/2025, 7:24:56 PM GMT-3 [Modules] Streaming discord_game_utils@1 to /home/vinicius/.config/discord/0.0.116/modules/pending/discord_game_utils-1.zip: 45%
11/25/2025, 7:24:56 PM GMT-3 [Modules] Streaming discord_game_utils@1 to /home/vinicius/.config/discord/0.0.116/modules/pending/discord_game_utils-1.zip: 46%
11/25/2025, 7:24:56 PM GMT-3 [Modules] Streaming discord_game_utils@1 to /home/vinicius/.config/discord/0.0.116/modules/pending/discord_game_utils-1.zip: 47%
11/25/2025, 7:24:56 PM GMT-3 [Modules] Streaming discord_game_utils@1 to /home/vinicius/.config/discord/0.0.116/modules/pending/discord_game_utils-1.zip: 48%
11/25/2025, 7:24:56 PM GMT-3 [Modules] Streaming discord_game_utils@1 to /home/vinicius/.config/discord/0.0.116/modules/pending/discord_game_utils-1.zip: 49%
11/25/2025, 7:24:56 PM GMT-3 [Modules] Streaming discord_game_utils@1 to /home/vinicius/.config/discord/0.0.116/modules/pending/discord_game_utils-1.zip: 50%
11/25/2025, 7:24:56 PM GMT-3 [Modules] Streaming discord_game_utils@1 to /home/vinicius/.config/discord/0.0.116/modules/pending/discord_game_utils-1.zip: 51%
11/25/2025, 7:24:56 PM GMT-3 [Modules] Streaming discord_game_utils@1 to /home/vinicius/.config/discord/0.0.116/modules/pending/discord_game_utils-1.zip: 52%
11/25/2025, 7:24:56 PM GMT-3 [Modules] Streaming discord_game_utils@1 to /home/vinicius/.config/discord/0.0.116/modules/pending/discord_game_utils-1.zip: 53%
11/25/2025, 7:24:56 PM GMT-3 [Modules] Streaming discord_game_utils@1 to /home/vinicius/.config/discord/0.0.116/modules/pending/discord_game_utils-1.zip: 54%
11/25/2025, 7:24:56 PM GMT-3 [Modules] Streaming discord_game_utils@1 to /home/vinicius/.config/discord/0.0.116/modules/pending/discord_game_utils-1.zip: 55%
11/25/2025, 7:24:56 PM GMT-3 [Modules] Streaming discord_game_utils@1 to /home/vinicius/.config/discord/0.0.116/modules/pending/discord_game_utils-1.zip: 56%
11/25/2025, 7:24:56 PM GMT-3 [Modules] Streaming discord_game_utils@1 to /home/vinicius/.config/discord/0.0.116/modules/pending/discord_game_utils-1.zip: 57%
11/25/2025, 7:24:56 PM GMT-3 [Modules] Streaming discord_game_utils@1 to /home/vinicius/.config/discord/0.0.116/modules/pending/discord_game_utils-1.zip: 58%
11/25/2025, 7:24:56 PM GMT-3 [Modules] Streaming discord_game_utils@1 to /home/vinicius/.config/discord/0.0.116/modules/pending/discord_game_utils-1.zip: 59%
11/25/2025, 7:24:56 PM GMT-3 [Modules] Streaming discord_game_utils@1 to /home/vinicius/.config/discord/0.0.116/modules/pending/discord_game_utils-1.zip: 60%
11/25/2025, 7:24:56 PM GMT-3 [Modules] Streaming discord_game_utils@1 to /home/vinicius/.config/discord/0.0.116/modules/pending/discord_game_utils-1.zip: 61%
11/25/2025, 7:24:56 PM GMT-3 [Modules] Streaming discord_game_utils@1 to /home/vinicius/.config/discord/0.0.116/modules/pending/discord_game_utils-1.zip: 62%
11/25/2025, 7:24:56 PM GMT-3 [Modules] Streaming discord_game_utils@1 to /home/vinicius/.config/discord/0.0.116/modules/pending/discord_game_utils-1.zip: 63%
11/25/2025, 7:24:56 PM GMT-3 [Modules] Streaming discord_game_utils@1 to /home/vinicius/.config/discord/0.0.116/modules/pending/discord_game_utils-1.zip: 64%
11/25/2025, 7:24:56 PM GMT-3 [Modules] Streaming discord_game_utils@1 to /home/vinicius/.config/discord/0.0.116/modules/pending/discord_game_utils-1.zip: 65%
11/25/2025, 7:24:56 PM GMT-3 [Modules] Streaming discord_game_utils@1 to /home/vinicius/.config/discord/0.0.116/modules/pending/discord_game_utils-1.zip: 66%
11/25/2025, 7:24:56 PM GMT-3 [Modules] Streaming discord_game_utils@1 to /home/vinicius/.config/discord/0.0.116/modules/pending/discord_game_utils-1.zip: 67%
11/25/2025, 7:24:56 PM GMT-3 [Modules] Streaming discord_game_utils@1 to /home/vinicius/.config/discord/0.0.116/modules/pending/discord_game_utils-1.zip: 68%
11/25/2025, 7:24:56 PM GMT-3 [Modules] Streaming discord_game_utils@1 to /home/vinicius/.config/discord/0.0.116/modules/pending/discord_game_utils-1.zip: 69%
11/25/2025, 7:24:56 PM GMT-3 [Modules] Streaming discord_game_utils@1 to /home/vinicius/.config/discord/0.0.116/modules/pending/discord_game_utils-1.zip: 70%
11/25/2025, 7:24:56 PM GMT-3 [Modules] Streaming discord_game_utils@1 to /home/vinicius/.config/discord/0.0.116/modules/pending/discord_game_utils-1.zip: 71%
11/25/2025, 7:24:56 PM GMT-3 [Modules] Streaming discord_game_utils@1 to /home/vinicius/.config/discord/0.0.116/modules/pending/discord_game_utils-1.zip: 72%
11/25/2025, 7:24:56 PM GMT-3 [Modules] Streaming discord_game_utils@1 to /home/vinicius/.config/discord/0.0.116/modules/pending/discord_game_utils-1.zip: 73%
11/25/2025, 7:24:56 PM GMT-3 [Modules] Streaming discord_game_utils@1 to /home/vinicius/.config/discord/0.0.116/modules/pending/discord_game_utils-1.zip: 74%
11/25/2025, 7:24:56 PM GMT-3 [Modules] Streaming discord_game_utils@1 to /home/vinicius/.config/discord/0.0.116/modules/pending/discord_game_utils-1.zip: 75%
11/25/2025, 7:24:56 PM GMT-3 [Modules] Streaming discord_game_utils@1 to /home/vinicius/.config/discord/0.0.116/modules/pending/discord_game_utils-1.zip: 76%
11/25/2025, 7:24:56 PM GMT-3 [Modules] Streaming discord_game_utils@1 to /home/vinicius/.config/discord/0.0.116/modules/pending/discord_game_utils-1.zip: 77%
11/25/2025, 7:24:56 PM GMT-3 [Modules] Streaming discord_game_utils@1 to /home/vinicius/.config/discord/0.0.116/modules/pending/discord_game_utils-1.zip: 78%
11/25/2025, 7:24:56 PM GMT-3 [Modules] Streaming discord_game_utils@1 to /home/vinicius/.config/discord/0.0.116/modules/pending/discord_game_utils-1.zip: 79%
11/25/2025, 7:24:56 PM GMT-3 [Modules] Streaming discord_game_utils@1 to /home/vinicius/.config/discord/0.0.116/modules/pending/discord_game_utils-1.zip: 80%
11/25/2025, 7:24:56 PM GMT-3 [Modules] Streaming discord_game_utils@1 to /home/vinicius/.config/discord/0.0.116/modules/pending/discord_game_utils-1.zip: 81%
11/25/2025, 7:24:56 PM GMT-3 [Modules] Streaming discord_game_utils@1 to /home/vinicius/.config/discord/0.0.116/modules/pending/discord_game_utils-1.zip: 82%
11/25/2025, 7:24:56 PM GMT-3 [Modules] Streaming discord_game_utils@1 to /home/vinicius/.config/discord/0.0.116/modules/pending/discord_game_utils-1.zip: 83%
11/25/2025, 7:24:56 PM GMT-3 [Modules] Streaming discord_game_utils@1 to /home/vinicius/.config/discord/0.0.116/modules/pending/discord_game_utils-1.zip: 84%
11/25/2025, 7:24:56 PM GMT-3 [Modules] Streaming discord_game_utils@1 to /home/vinicius/.config/discord/0.0.116/modules/pending/discord_game_utils-1.zip: 85%
11/25/2025, 7:24:56 PM GMT-3 [Modules] Streaming discord_game_utils@1 to /home/vinicius/.config/discord/0.0.116/modules/pending/discord_game_utils-1.zip: 86%
11/25/2025, 7:24:56 PM GMT-3 [Modules] Streaming discord_game_utils@1 to /home/vinicius/.config/discord/0.0.116/modules/pending/discord_game_utils-1.zip: 87%
11/25/2025, 7:24:56 PM GMT-3 [Modules] Streaming discord_game_utils@1 to /home/vinicius/.config/discord/0.0.116/modules/pending/discord_game_utils-1.zip: 88%
11/25/2025, 7:24:56 PM GMT-3 [Modules] Streaming discord_game_utils@1 to /home/vinicius/.config/discord/0.0.116/modules/pending/discord_game_utils-1.zip: 89%
11/25/2025, 7:24:56 PM GMT-3 [Modules] Streaming discord_game_utils@1 to /home/vinicius/.config/discord/0.0.116/modules/pending/discord_game_utils-1.zip: 90%
11/25/2025, 7:24:56 PM GMT-3 [Modules] Streaming discord_game_utils@1 to /home/vinicius/.config/discord/0.0.116/modules/pending/discord_game_utils-1.zip: 91%
11/25/2025, 7:24:56 PM GMT-3 [Modules] Streaming discord_game_utils@1 to /home/vinicius/.config/discord/0.0.116/modules/pending/discord_game_utils-1.zip: 92%
11/25/2025, 7:24:56 PM GMT-3 [Modules] Streaming discord_game_utils@1 to /home/vinicius/.config/discord/0.0.116/modules/pending/discord_game_utils-1.zip: 93%
11/25/2025, 7:24:56 PM GMT-3 [Modules] Streaming discord_game_utils@1 to /home/vinicius/.config/discord/0.0.116/modules/pending/discord_game_utils-1.zip: 94%
11/25/2025, 7:24:56 PM GMT-3 [Modules] Streaming discord_game_utils@1 to /home/vinicius/.config/discord/0.0.116/modules/pending/discord_game_utils-1.zip: 95%
11/25/2025, 7:24:56 PM GMT-3 [Modules] Streaming discord_game_utils@1 to /home/vinicius/.config/discord/0.0.116/modules/pending/discord_game_utils-1.zip: 96%
11/25/2025, 7:24:56 PM GMT-3 [Modules] Streaming discord_game_utils@1 to /home/vinicius/.config/discord/0.0.116/modules/pending/discord_game_utils-1.zip: 97%
11/25/2025, 7:24:56 PM GMT-3 [Modules] Streaming discord_game_utils@1 to /home/vinicius/.config/discord/0.0.116/modules/pending/discord_game_utils-1.zip: 98%
11/25/2025, 7:24:56 PM GMT-3 [Modules] Streaming discord_game_utils@1 to /home/vinicius/.config/discord/0.0.116/modules/pending/discord_game_utils-1.zip: 99%
11/25/2025, 7:24:56 PM GMT-3 [Modules] Streaming discord_game_utils@1 to /home/vinicius/.config/discord/0.0.116/modules/pending/discord_game_utils-1.zip: 100%
11/25/2025, 7:24:56 PM GMT-3 [Modules] Fetching discord_rpc@1 from https://discord.com/api/modules/stable/discord_rpc/1
11/25/2025, 7:24:56 PM GMT-3 [Modules] Streaming discord_rpc@1 to /home/vinicius/.config/discord/0.0.116/modules/pending/discord_rpc-1.zip
11/25/2025, 7:24:56 PM GMT-3 [Modules] Installing discord_game_utils@1 from /home/vinicius/.config/discord/0.0.116/modules/pending/discord_game_utils-1.zip
11/25/2025, 7:24:56 PM GMT-3 [Modules] Finished module installations. [success: 1] [failure: 0]
11/25/2025, 7:24:57 PM GMT-3 [Modules] Streaming discord_rpc@1 to /home/vinicius/.config/discord/0.0.116/modules/pending/discord_rpc-1.zip: 44%
11/25/2025, 7:24:57 PM GMT-3 [Modules] Streaming discord_rpc@1 to /home/vinicius/.config/discord/0.0.116/modules/pending/discord_rpc-1.zip: 76%
11/25/2025, 7:24:57 PM GMT-3 [Modules] Streaming discord_rpc@1 to /home/vinicius/.config/discord/0.0.116/modules/pending/discord_rpc-1.zip: 100%
11/25/2025, 7:24:57 PM GMT-3 [Modules] Finished module downloads. [success: 3] [failure: 0]
11/25/2025, 7:24:57 PM GMT-3 [Modules] Installing discord_rpc@1 from /home/vinicius/.config/discord/0.0.116/modules/pending/discord_rpc-1.zip
11/25/2025, 7:24:57 PM GMT-3 [Modules] Finished module installations. [success: 1] [failure: 0]
11/25/2025, 8:32:49 PM GMT-3 [Modules] Checking for host updates.
11/25/2025, 8:32:49 PM GMT-3 [Modules] Host is up to date.
11/25/2025, 8:32:49 PM GMT-3 [Modules] Checking for module updates at https://discord.com/api/modules/stable/versions.json
11/25/2025, 8:32:50 PM GMT-3 [Modules] No module updates available.
11/25/2025, 9:32:51 PM GMT-3 [Modules] Checking for host updates.
11/25/2025, 9:32:51 PM GMT-3 [Modules] Host is up to date.
11/25/2025, 9:32:51 PM GMT-3 [Modules] Checking for module updates at https://discord.com/api/modules/stable/versions.json
11/25/2025, 9:32:52 PM GMT-3 [Modules] No module updates available.
11/26/2025, 9:16:34 PM GMT-3 [Modules] Modules initializing
11/26/2025, 9:16:34 PM GMT-3 [Modules] Distribution: remote
11/26/2025, 9:16:34 PM GMT-3 [Modules] Host updates: enabled
11/26/2025, 9:16:34 PM GMT-3 [Modules] Module updates: enabled
11/26/2025, 9:16:34 PM GMT-3 [Modules] Module install path: /home/vinicius/.config/discord/0.0.116/modules
11/26/2025, 9:16:34 PM GMT-3 [Modules] Module installed file path: /home/vinicius/.config/discord/0.0.116/modules/installed.json
11/26/2025, 9:16:34 PM GMT-3 [Modules] Module download path: /home/vinicius/.config/discord/0.0.116/modules/pending
11/26/2025, 9:16:34 PM GMT-3 [Modules] No updates to install
11/26/2025, 9:16:34 PM GMT-3 [Modules] Checking for host updates.
11/26/2025, 9:16:35 PM GMT-3 [Modules] Host is up to date.
11/26/2025, 9:16:35 PM GMT-3 [Modules] Checking for module updates at https://discord.com/api/modules/stable/versions.json
11/26/2025, 9:16:35 PM GMT-3 [Modules] No module updates available.
11/26/2025, 9:16:47 PM GMT-3 [Modules] Checking for host updates.
11/26/2025, 9:16:47 PM GMT-3 [Modules] Host is up to date.
11/26/2025, 9:16:47 PM GMT-3 [Modules] Checking for module updates at https://discord.com/api/modules/stable/versions.json
11/26/2025, 9:16:47 PM GMT-3 [Modules] No module updates available.
11/26/2025, 10:16:48 PM GMT-3 [Modules] Checking for host updates.
11/26/2025, 10:16:48 PM GMT-3 [Modules] Host is up to date.
11/26/2025, 10:16:48 PM GMT-3 [Modules] Checking for module updates at https://discord.com/api/modules/stable/versions.json
11/26/2025, 10:16:48 PM GMT-3 [Modules] No module updates available.
11/27/2025, 7:30:15 PM GMT-3 [Modules] Modules initializing
11/27/2025, 7:30:15 PM GMT-3 [Modules] Distribution: remote
11/27/2025, 7:30:15 PM GMT-3 [Modules] Host updates: enabled
11/27/2025, 7:30:15 PM GMT-3 [Modules] Module updates: enabled
11/27/2025, 7:30:15 PM GMT-3 [Modules] Module install path: /home/vinicius/.config/discord/0.0.116/modules
11/27/2025, 7:30:15 PM GMT-3 [Modules] Module installed file path: /home/vinicius/.config/discord/0.0.116/modules/installed.json
11/27/2025, 7:30:15 PM GMT-3 [Modules] Module download path: /home/vinicius/.config/discord/0.0.116/modules/pending
11/27/2025, 7:30:15 PM GMT-3 [Modules] No updates to install
11/27/2025, 7:30:15 PM GMT-3 [Modules] Checking for host updates.
11/27/2025, 7:30:16 PM GMT-3 [Modules] Host is up to date.
11/27/2025, 7:30:16 PM GMT-3 [Modules] Checking for module updates at https://discord.com/api/modules/stable/versions.json
11/27/2025, 7:30:16 PM GMT-3 [Modules] No module updates available.
11/27/2025, 7:30:27 PM GMT-3 [Modules] Checking for host updates.
11/27/2025, 7:30:29 PM GMT-3 [Modules] Host is up to date.
11/27/2025, 7:30:29 PM GMT-3 [Modules] Checking for module updates at https://discord.com/api/modules/stable/versions.json
11/27/2025, 7:30:29 PM GMT-3 [Modules] No module updates available.
11/27/2025, 8:30:27 PM GMT-3 [Modules] Checking for host updates.
11/27/2025, 8:30:28 PM GMT-3 [Modules] Host is up to date.
11/27/2025, 8:30:28 PM GMT-3 [Modules] Checking for module updates at https://discord.com/api/modules/stable/versions.json
11/27/2025, 8:30:28 PM GMT-3 [Modules] No module updates available.
11/27/2025, 9:30:27 PM GMT-3 [Modules] Checking for host updates.
11/27/2025, 9:30:28 PM GMT-3 [Modules] Host is up to date.
11/27/2025, 9:30:28 PM GMT-3 [Modules] Checking for module updates at https://discord.com/api/modules/stable/versions.json
11/27/2025, 9:30:28 PM GMT-3 [Modules] No module updates available.
11/29/2025, 5:28:48 PM GMT-3 [Modules] Modules initializing
11/29/2025, 5:28:48 PM GMT-3 [Modules] Distribution: remote
11/29/2025, 5:28:48 PM GMT-3 [Modules] Host updates: enabled
11/29/2025, 5:28:48 PM GMT-3 [Modules] Module updates: enabled
11/29/2025, 5:28:48 PM GMT-3 [Modules] Module install path: /home/vinicius/.config/discord/0.0.116/modules
11/29/2025, 5:28:48 PM GMT-3 [Modules] Module installed file path: /home/vinicius/.config/discord/0.0.116/modules/installed.json
11/29/2025, 5:28:48 PM GMT-3 [Modules] Module download path: /home/vinicius/.config/discord/0.0.116/modules/pending
11/29/2025, 5:28:48 PM GMT-3 [Modules] No updates to install
11/29/2025, 5:28:48 PM GMT-3 [Modules] Checking for host updates.
11/29/2025, 5:28:49 PM GMT-3 [Modules] Host is up to date.
11/29/2025, 5:28:49 PM GMT-3 [Modules] Checking for module updates at https://discord.com/api/modules/stable/versions.json
11/29/2025, 5:28:49 PM GMT-3 [Modules] No module updates available.
11/29/2025, 5:28:57 PM GMT-3 [Modules] Checking for host updates.
11/29/2025, 5:29:00 PM GMT-3 [Modules] Host is up to date.
11/29/2025, 5:29:00 PM GMT-3 [Modules] Checking for module updates at https://discord.com/api/modules/stable/versions.json
11/29/2025, 5:29:00 PM GMT-3 [Modules] No module updates available.
11/29/2025, 6:28:57 PM GMT-3 [Modules] Checking for host updates.
11/29/2025, 6:28:58 PM GMT-3 [Modules] Host is up to date.
11/29/2025, 6:28:58 PM GMT-3 [Modules] Checking for module updates at https://discord.com/api/modules/stable/versions.json
11/29/2025, 6:28:58 PM GMT-3 [Modules] No module updates available.
11/29/2025, 7:28:57 PM GMT-3 [Modules] Checking for host updates.
11/29/2025, 7:28:57 PM GMT-3 [Modules] Host is up to date.
11/29/2025, 7:28:57 PM GMT-3 [Modules] Checking for module updates at https://discord.com/api/modules/stable/versions.json
11/29/2025, 7:28:57 PM GMT-3 [Modules] No module updates available.
11/29/2025, 8:13:26 PM GMT-3 [Modules] Checking for host updates.
11/29/2025, 8:13:26 PM GMT-3 [Modules] Host is up to date.
11/29/2025, 8:13:26 PM GMT-3 [Modules] Checking for module updates at https://discord.com/api/modules/stable/versions.json
11/29/2025, 8:13:26 PM GMT-3 [Modules] No module updates available.
11/29/2025, 8:18:15 PM GMT-3 [Modules] Modules initializing
11/29/2025, 8:18:15 PM GMT-3 [Modules] Distribution: remote
11/29/2025, 8:18:15 PM GMT-3 [Modules] Host updates: enabled
11/29/2025, 8:18:15 PM GMT-3 [Modules] Module updates: enabled
11/29/2025, 8:18:15 PM GMT-3 [Modules] Module install path: /home/vinicius/.config/discord/0.0.116/modules
11/29/2025, 8:18:15 PM GMT-3 [Modules] Module installed file path: /home/vinicius/.config/discord/0.0.116/modules/installed.json
11/29/2025, 8:18:15 PM GMT-3 [Modules] Module download path: /home/vinicius/.config/discord/0.0.116/modules/pending
11/29/2025, 8:18:16 PM GMT-3 [Modules] No updates to install
11/29/2025, 8:18:16 PM GMT-3 [Modules] Checking for host updates.
11/29/2025, 8:18:16 PM GMT-3 [Modules] Host is up to date.
11/29/2025, 8:18:16 PM GMT-3 [Modules] Checking for module updates at https://discord.com/api/modules/stable/versions.json
11/29/2025, 8:18:16 PM GMT-3 [Modules] No module updates available.
11/29/2025, 8:18:27 PM GMT-3 [Modules] Checking for host updates.
11/29/2025, 8:18:36 PM GMT-3 [Modules] Host is up to date.
11/29/2025, 8:18:36 PM GMT-3 [Modules] Checking for module updates at https://discord.com/api/modules/stable/versions.json
11/29/2025, 8:18:36 PM GMT-3 [Modules] No module updates available.
11/29/2025, 9:31:41 PM GMT-3 [Modules] Modules initializing
11/29/2025, 9:31:41 PM GMT-3 [Modules] Distribution: remote
11/29/2025, 9:31:41 PM GMT-3 [Modules] Host updates: enabled
11/29/2025, 9:31:41 PM GMT-3 [Modules] Module updates: enabled
11/29/2025, 9:31:41 PM GMT-3 [Modules] Module install path: /home/vinicius/.config/discord/0.0.116/modules
11/29/2025, 9:31:41 PM GMT-3 [Modules] Module installed file path: /home/vinicius/.config/discord/0.0.116/modules/installed.json
11/29/2025, 9:31:41 PM GMT-3 [Modules] Module download path: /home/vinicius/.config/discord/0.0.116/modules/pending
11/29/2025, 9:31:41 PM GMT-3 [Modules] No updates to install
11/29/2025, 9:31:41 PM GMT-3 [Modules] Checking for host updates.
11/29/2025, 9:31:41 PM GMT-3 [Modules] Host is up to date.
11/29/2025, 9:31:41 PM GMT-3 [Modules] Checking for module updates at https://discord.com/api/modules/stable/versions.json
11/29/2025, 9:31:41 PM GMT-3 [Modules] No module updates available.
11/29/2025, 9:31:49 PM GMT-3 [Modules] Checking for host updates.
11/29/2025, 9:31:51 PM GMT-3 [Modules] Host is up to date.
11/29/2025, 9:31:51 PM GMT-3 [Modules] Checking for module updates at https://discord.com/api/modules/stable/versions.json
11/29/2025, 9:31:51 PM GMT-3 [Modules] No module updates available.
11/29/2025, 10:31:49 PM GMT-3 [Modules] Checking for host updates.
11/29/2025, 10:31:49 PM GMT-3 [Modules] Host is up to date.
11/29/2025, 10:31:49 PM GMT-3 [Modules] Checking for module updates at https://discord.com/api/modules/stable/versions.json
11/29/2025, 10:31:49 PM GMT-3 [Modules] No module updates available.
11/30/2025, 2:57:44 PM GMT-3 [Modules] Modules initializing
11/30/2025, 2:57:44 PM GMT-3 [Modules] Distribution: remote
11/30/2025, 2:57:44 PM GMT-3 [Modules] Host updates: enabled
11/30/2025, 2:57:44 PM GMT-3 [Modules] Module updates: enabled
11/30/2025, 2:57:44 PM GMT-3 [Modules] Module install path: /home/vinicius/.config/discord/0.0.116/modules
11/30/2025, 2:57:44 PM GMT-3 [Modules] Module installed file path: /home/vinicius/.config/discord/0.0.116/modules/installed.json
11/30/2025, 2:57:44 PM GMT-3 [Modules] Module download path: /home/vinicius/.config/discord/0.0.116/modules/pending
11/30/2025, 2:57:44 PM GMT-3 [Modules] No updates to install
11/30/2025, 2:57:44 PM GMT-3 [Modules] Checking for host updates.
11/30/2025, 2:57:45 PM GMT-3 [Modules] Host is up to date.
11/30/2025, 2:57:45 PM GMT-3 [Modules] Checking for module updates at https://discord.com/api/modules/stable/versions.json
11/30/2025, 2:57:45 PM GMT-3 [Modules] No module updates available.
11/30/2025, 2:57:55 PM GMT-3 [Modules] Checking for host updates.
11/30/2025, 2:58:11 PM GMT-3 [Modules] Host is up to date.
11/30/2025, 2:58:11 PM GMT-3 [Modules] Checking for module updates at https://discord.com/api/modules/stable/versions.json
11/30/2025, 2:58:11 PM GMT-3 [Modules] No module updates available.
11/30/2025, 3:28:16 PM GMT-3 [Modules] Modules initializing
11/30/2025, 3:28:17 PM GMT-3 [Modules] Distribution: remote
11/30/2025, 3:28:17 PM GMT-3 [Modules] Host updates: enabled
11/30/2025, 3:28:17 PM GMT-3 [Modules] Module updates: enabled
11/30/2025, 3:28:17 PM GMT-3 [Modules] Module install path: /home/vinicius/.config/discord/0.0.116/modules
11/30/2025, 3:28:17 PM GMT-3 [Modules] Module installed file path: /home/vinicius/.config/discord/0.0.116/modules/installed.json
11/30/2025, 3:28:17 PM GMT-3 [Modules] Module download path: /home/vinicius/.config/discord/0.0.116/modules/pending
11/30/2025, 3:28:17 PM GMT-3 [Modules] No updates to install
11/30/2025, 3:28:17 PM GMT-3 [Modules] Checking for host updates.
11/30/2025, 3:28:17 PM GMT-3 [Modules] Host is up to date.
11/30/2025, 3:28:17 PM GMT-3 [Modules] Checking for module updates at https://discord.com/api/modules/stable/versions.json
11/30/2025, 3:28:17 PM GMT-3 [Modules] No module updates available.
11/30/2025, 3:28:26 PM GMT-3 [Modules] Checking for host updates.
11/30/2025, 3:28:27 PM GMT-3 [Modules] Host is up to date.
11/30/2025, 3:28:27 PM GMT-3 [Modules] Checking for module updates at https://discord.com/api/modules/stable/versions.json
11/30/2025, 3:28:27 PM GMT-3 [Modules] No module updates available.
11/30/2025, 4:28:26 PM GMT-3 [Modules] Checking for host updates.
11/30/2025, 4:28:26 PM GMT-3 [Modules] Host is up to date.
11/30/2025, 4:28:26 PM GMT-3 [Modules] Checking for module updates at https://discord.com/api/modules/stable/versions.json
11/30/2025, 4:28:26 PM GMT-3 [Modules] No module updates available.
11/30/2025, 5:43:18 PM GMT-3 [Modules] Checking for host updates.
11/30/2025, 5:43:18 PM GMT-3 [Modules] Host is up to date.
11/30/2025, 5:43:18 PM GMT-3 [Modules] Checking for module updates at https://discord.com/api/modules/stable/versions.json
11/30/2025, 5:43:18 PM GMT-3 [Modules] No module updates available.
11/30/2025, 6:43:18 PM GMT-3 [Modules] Checking for host updates.
11/30/2025, 6:43:19 PM GMT-3 [Modules] Host is up to date.
11/30/2025, 6:43:19 PM GMT-3 [Modules] Checking for module updates at https://discord.com/api/modules/stable/versions.json
11/30/2025, 6:43:19 PM GMT-3 [Modules] No module updates available.
11/30/2025, 7:43:18 PM GMT-3 [Modules] Checking for host updates.
11/30/2025, 7:43:19 PM GMT-3 [Modules] Host is up to date.
11/30/2025, 7:43:19 PM GMT-3 [Modules] Checking for module updates at https://discord.com/api/modules/stable/versions.json
11/30/2025, 7:43:19 PM GMT-3 [Modules] No module updates available.
11/30/2025, 8:43:18 PM GMT-3 [Modules] Checking for host updates.
11/30/2025, 8:43:19 PM GMT-3 [Modules] Host is up to date.
11/30/2025, 8:43:19 PM GMT-3 [Modules] Checking for module updates at https://discord.com/api/modules/stable/versions.json
11/30/2025, 8:43:19 PM GMT-3 [Modules] No module updates available.
11/30/2025, 9:43:18 PM GMT-3 [Modules] Checking for host updates.
11/30/2025, 9:43:19 PM GMT-3 [Modules] Host is up to date.
11/30/2025, 9:43:19 PM GMT-3 [Modules] Checking for module updates at https://discord.com/api/modules/stable/versions.json
11/30/2025, 9:43:19 PM GMT-3 [Modules] No module updates available.
12/4/2025, 9:46:09 PM GMT-3 [Modules] Modules initializing
12/4/2025, 9:46:09 PM GMT-3 [Modules] Distribution: remote
12/4/2025, 9:46:09 PM GMT-3 [Modules] Host updates: enabled
12/4/2025, 9:46:09 PM GMT-3 [Modules] Module updates: enabled
12/4/2025, 9:46:09 PM GMT-3 [Modules] Module install path: /home/vinicius/.config/discord/0.0.117/modules
12/4/2025, 9:46:09 PM GMT-3 [Modules] Module installed file path: /home/vinicius/.config/discord/0.0.117/modules/installed.json
12/4/2025, 9:46:09 PM GMT-3 [Modules] Module download path: /home/vinicius/.config/discord/0.0.117/modules/pending
12/4/2025, 9:46:10 PM GMT-3 [Modules] Bootstrapping...
12/4/2025, 9:46:10 PM GMT-3 [Modules] Installing discord_desktop_core@0 from /opt/discord/resources/bootstrap/discord_desktop_core.zip
12/4/2025, 9:46:10 PM GMT-3 [Modules] Failed installing discord_desktop_core@0: Error: ENOENT: no such file or directory, open '/opt/discord/resources/bootstrap/discord_desktop_core.zip'
12/4/2025, 9:46:10 PM GMT-3 [Modules] Installing discord_erlpack@0 from /opt/discord/resources/bootstrap/discord_erlpack.zip
12/4/2025, 9:46:10 PM GMT-3 [Modules] Failed installing discord_erlpack@0: Error: ENOENT: no such file or directory, open '/opt/discord/resources/bootstrap/discord_erlpack.zip'
12/4/2025, 9:46:10 PM GMT-3 [Modules] Installing discord_spellcheck@0 from /opt/discord/resources/bootstrap/discord_spellcheck.zip
12/4/2025, 9:46:10 PM GMT-3 [Modules] Failed installing discord_spellcheck@0: Error: ENOENT: no such file or directory, open '/opt/discord/resources/bootstrap/discord_spellcheck.zip'
12/4/2025, 9:46:10 PM GMT-3 [Modules] Installing discord_utils@0 from /opt/discord/resources/bootstrap/discord_utils.zip
12/4/2025, 9:46:10 PM GMT-3 [Modules] Failed installing discord_utils@0: Error: ENOENT: no such file or directory, open '/opt/discord/resources/bootstrap/discord_utils.zip'
12/4/2025, 9:46:10 PM GMT-3 [Modules] Installing discord_voice@0 from /opt/discord/resources/bootstrap/discord_voice.zip
12/4/2025, 9:46:10 PM GMT-3 [Modules] Failed installing discord_voice@0: Error: ENOENT: no such file or directory, open '/opt/discord/resources/bootstrap/discord_voice.zip'
12/4/2025, 9:46:10 PM GMT-3 [Modules] Installing discord_zstd@0 from /opt/discord/resources/bootstrap/discord_zstd.zip
12/4/2025, 9:46:10 PM GMT-3 [Modules] Failed installing discord_zstd@0: Error: ENOENT: no such file or directory, open '/opt/discord/resources/bootstrap/discord_zstd.zip'
12/4/2025, 9:46:10 PM GMT-3 [Modules] Finished module installations. [success: 0] [failure: 6]
12/4/2025, 9:46:10 PM GMT-3 [Modules] Checking for host updates.
12/4/2025, 9:46:10 PM GMT-3 [Modules] Host is up to date.
12/4/2025, 9:46:10 PM GMT-3 [Modules] Checking for module updates at https://discord.com/api/modules/stable/versions.json
12/4/2025, 9:46:10 PM GMT-3 [Modules] Module update available: discord_desktop_core@1 [installed: 0]
12/4/2025, 9:46:10 PM GMT-3 [Modules] Module update available: discord_erlpack@1 [installed: 0]
12/4/2025, 9:46:10 PM GMT-3 [Modules] Module update available: discord_spellcheck@1 [installed: 0]
12/4/2025, 9:46:10 PM GMT-3 [Modules] Module update available: discord_utils@1 [installed: 0]
12/4/2025, 9:46:10 PM GMT-3 [Modules] Module update available: discord_voice@1 [installed: 0]
12/4/2025, 9:46:10 PM GMT-3 [Modules] Module update available: discord_zstd@1 [installed: 0]
12/4/2025, 9:46:10 PM GMT-3 [Modules] Fetching discord_desktop_core@1 from https://discord.com/api/modules/stable/discord_desktop_core/1
12/4/2025, 9:46:10 PM GMT-3 [Modules] Streaming discord_desktop_core@1 to /home/vinicius/.config/discord/0.0.117/modules/pending/discord_desktop_core-1.zip
12/4/2025, 9:46:11 PM GMT-3 [Modules] Streaming discord_desktop_core@1 to /home/vinicius/.config/discord/0.0.117/modules/pending/discord_desktop_core-1.zip: 1%
12/4/2025, 9:46:11 PM GMT-3 [Modules] Streaming discord_desktop_core@1 to /home/vinicius/.config/discord/0.0.117/modules/pending/discord_desktop_core-1.zip: 2%
12/4/2025, 9:46:11 PM GMT-3 [Modules] Streaming discord_desktop_core@1 to /home/vinicius/.config/discord/0.0.117/modules/pending/discord_desktop_core-1.zip: 3%
12/4/2025, 9:46:11 PM GMT-3 [Modules] Streaming discord_desktop_core@1 to /home/vinicius/.config/discord/0.0.117/modules/pending/discord_desktop_core-1.zip: 4%
12/4/2025, 9:46:11 PM GMT-3 [Modules] Streaming discord_desktop_core@1 to /home/vinicius/.config/discord/0.0.117/modules/pending/discord_desktop_core-1.zip: 5%
12/4/2025, 9:46:11 PM GMT-3 [Modules] Streaming discord_desktop_core@1 to /home/vinicius/.config/discord/0.0.117/modules/pending/discord_desktop_core-1.zip: 6%
12/4/2025, 9:46:11 PM GMT-3 [Modules] Streaming discord_desktop_core@1 to /home/vinicius/.config/discord/0.0.117/modules/pending/discord_desktop_core-1.zip: 7%
12/4/2025, 9:46:11 PM GMT-3 [Modules] Streaming discord_desktop_core@1 to /home/vinicius/.config/discord/0.0.117/modules/pending/discord_desktop_core-1.zip: 8%
12/4/2025, 9:46:11 PM GMT-3 [Modules] Streaming discord_desktop_core@1 to /home/vinicius/.config/discord/0.0.117/modules/pending/discord_desktop_core-1.zip: 9%
12/4/2025, 9:46:11 PM GMT-3 [Modules] Streaming discord_desktop_core@1 to /home/vinicius/.config/discord/0.0.117/modules/pending/discord_desktop_core-1.zip: 10%
12/4/2025, 9:46:11 PM GMT-3 [Modules] Streaming discord_desktop_core@1 to /home/vinicius/.config/discord/0.0.117/modules/pending/discord_desktop_core-1.zip: 11%
12/4/2025, 9:46:11 PM GMT-3 [Modules] Streaming discord_desktop_core@1 to /home/vinicius/.config/discord/0.0.117/modules/pending/discord_desktop_core-1.zip: 12%
12/4/2025, 9:46:11 PM GMT-3 [Modules] Streaming discord_desktop_core@1 to /home/vinicius/.config/discord/0.0.117/modules/pending/discord_desktop_core-1.zip: 13%
12/4/2025, 9:46:11 PM GMT-3 [Modules] Streaming discord_desktop_core@1 to /home/vinicius/.config/discord/0.0.117/modules/pending/discord_desktop_core-1.zip: 14%
12/4/2025, 9:46:11 PM GMT-3 [Modules] Streaming discord_desktop_core@1 to /home/vinicius/.config/discord/0.0.117/modules/pending/discord_desktop_core-1.zip: 15%
12/4/2025, 9:46:11 PM GMT-3 [Modules] Streaming discord_desktop_core@1 to /home/vinicius/.config/discord/0.0.117/modules/pending/discord_desktop_core-1.zip: 16%
12/4/2025, 9:46:11 PM GMT-3 [Modules] Streaming discord_desktop_core@1 to /home/vinicius/.config/discord/0.0.117/modules/pending/discord_desktop_core-1.zip: 17%
12/4/2025, 9:46:11 PM GMT-3 [Modules] Streaming discord_desktop_core@1 to /home/vinicius/.config/discord/0.0.117/modules/pending/discord_desktop_core-1.zip: 18%
12/4/2025, 9:46:11 PM GMT-3 [Modules] Streaming discord_desktop_core@1 to /home/vinicius/.config/discord/0.0.117/modules/pending/discord_desktop_core-1.zip: 19%
12/4/2025, 9:46:11 PM GMT-3 [Modules] Streaming discord_desktop_core@1 to /home/vinicius/.config/discord/0.0.117/modules/pending/discord_desktop_core-1.zip: 20%
12/4/2025, 9:46:11 PM GMT-3 [Modules] Streaming discord_desktop_core@1 to /home/vinicius/.config/discord/0.0.117/modules/pending/discord_desktop_core-1.zip: 21%
12/4/2025, 9:46:11 PM GMT-3 [Modules] Streaming discord_desktop_core@1 to /home/vinicius/.config/discord/0.0.117/modules/pending/discord_desktop_core-1.zip: 22%
12/4/2025, 9:46:11 PM GMT-3 [Modules] Streaming discord_desktop_core@1 to /home/vinicius/.config/discord/0.0.117/modules/pending/discord_desktop_core-1.zip: 23%
12/4/2025, 9:46:11 PM GMT-3 [Modules] Streaming discord_desktop_core@1 to /home/vinicius/.config/discord/0.0.117/modules/pending/discord_desktop_core-1.zip: 24%
12/4/2025, 9:46:11 PM GMT-3 [Modules] Streaming discord_desktop_core@1 to /home/vinicius/.config/discord/0.0.117/modules/pending/discord_desktop_core-1.zip: 25%
12/4/2025, 9:46:11 PM GMT-3 [Modules] Streaming discord_desktop_core@1 to /home/vinicius/.config/discord/0.0.117/modules/pending/discord_desktop_core-1.zip: 26%
12/4/2025, 9:46:11 PM GMT-3 [Modules] Streaming discord_desktop_core@1 to /home/vinicius/.config/discord/0.0.117/modules/pending/discord_desktop_core-1.zip: 27%
12/4/2025, 9:46:11 PM GMT-3 [Modules] Streaming discord_desktop_core@1 to /home/vinicius/.config/discord/0.0.117/modules/pending/discord_desktop_core-1.zip: 28%
12/4/2025, 9:46:11 PM GMT-3 [Modules] Streaming discord_desktop_core@1 to /home/vinicius/.config/discord/0.0.117/modules/pending/discord_desktop_core-1.zip: 29%
12/4/2025, 9:46:11 PM GMT-3 [Modules] Streaming discord_desktop_core@1 to /home/vinicius/.config/discord/0.0.117/modules/pending/discord_desktop_core-1.zip: 30%
12/4/2025, 9:46:11 PM GMT-3 [Modules] Streaming discord_desktop_core@1 to /home/vinicius/.config/discord/0.0.117/modules/pending/discord_desktop_core-1.zip: 31%
12/4/2025, 9:46:11 PM GMT-3 [Modules] Streaming discord_desktop_core@1 to /home/vinicius/.config/discord/0.0.117/modules/pending/discord_desktop_core-1.zip: 32%
12/4/2025, 9:46:11 PM GMT-3 [Modules] Streaming discord_desktop_core@1 to /home/vinicius/.config/discord/0.0.117/modules/pending/discord_desktop_core-1.zip: 33%
12/4/2025, 9:46:11 PM GMT-3 [Modules] Streaming discord_desktop_core@1 to /home/vinicius/.config/discord/0.0.117/modules/pending/discord_desktop_core-1.zip: 34%
12/4/2025, 9:46:11 PM GMT-3 [Modules] Streaming discord_desktop_core@1 to /home/vinicius/.config/discord/0.0.117/modules/pending/discord_desktop_core-1.zip: 35%
12/4/2025, 9:46:11 PM GMT-3 [Modules] Streaming discord_desktop_core@1 to /home/vinicius/.config/discord/0.0.117/modules/pending/discord_desktop_core-1.zip: 36%
12/4/2025, 9:46:11 PM GMT-3 [Modules] Streaming discord_desktop_core@1 to /home/vinicius/.config/discord/0.0.117/modules/pending/discord_desktop_core-1.zip: 37%
12/4/2025, 9:46:11 PM GMT-3 [Modules] Streaming discord_desktop_core@1 to /home/vinicius/.config/discord/0.0.117/modules/pending/discord_desktop_core-1.zip: 38%
12/4/2025, 9:46:11 PM GMT-3 [Modules] Streaming discord_desktop_core@1 to /home/vinicius/.config/discord/0.0.117/modules/pending/discord_desktop_core-1.zip: 39%
12/4/2025, 9:46:11 PM GMT-3 [Modules] Streaming discord_desktop_core@1 to /home/vinicius/.config/discord/0.0.117/modules/pending/discord_desktop_core-1.zip: 40%
12/4/2025, 9:46:11 PM GMT-3 [Modules] Streaming discord_desktop_core@1 to /home/vinicius/.config/discord/0.0.117/modules/pending/discord_desktop_core-1.zip: 41%
12/4/2025, 9:46:11 PM GMT-3 [Modules] Streaming discord_desktop_core@1 to /home/vinicius/.config/discord/0.0.117/modules/pending/discord_desktop_core-1.zip: 42%
12/4/2025, 9:46:11 PM GMT-3 [Modules] Streaming discord_desktop_core@1 to /home/vinicius/.config/discord/0.0.117/modules/pending/discord_desktop_core-1.zip: 43%
12/4/2025, 9:46:11 PM GMT-3 [Modules] Streaming discord_desktop_core@1 to /home/vinicius/.config/discord/0.0.117/modules/pending/discord_desktop_core-1.zip: 44%
12/4/2025, 9:46:11 PM GMT-3 [Modules] Streaming discord_desktop_core@1 to /home/vinicius/.config/discord/0.0.117/modules/pending/discord_desktop_core-1.zip: 45%
12/4/2025, 9:46:11 PM GMT-3 [Modules] Streaming discord_desktop_core@1 to /home/vinicius/.config/discord/0.0.117/modules/pending/discord_desktop_core-1.zip: 46%
12/4/2025, 9:46:11 PM GMT-3 [Modules] Streaming discord_desktop_core@1 to /home/vinicius/.config/discord/0.0.117/modules/pending/discord_desktop_core-1.zip: 47%
12/4/2025, 9:46:11 PM GMT-3 [Modules] Streaming discord_desktop_core@1 to /home/vinicius/.config/discord/0.0.117/modules/pending/discord_desktop_core-1.zip: 48%
12/4/2025, 9:46:11 PM GMT-3 [Modules] Streaming discord_desktop_core@1 to /home/vinicius/.config/discord/0.0.117/modules/pending/discord_desktop_core-1.zip: 49%
12/4/2025, 9:46:11 PM GMT-3 [Modules] Streaming discord_desktop_core@1 to /home/vinicius/.config/discord/0.0.117/modules/pending/discord_desktop_core-1.zip: 50%
12/4/2025, 9:46:11 PM GMT-3 [Modules] Streaming discord_desktop_core@1 to /home/vinicius/.config/discord/0.0.117/modules/pending/discord_desktop_core-1.zip: 51%
12/4/2025, 9:46:11 PM GMT-3 [Modules] Streaming discord_desktop_core@1 to /home/vinicius/.config/discord/0.0.117/modules/pending/discord_desktop_core-1.zip: 52%
12/4/2025, 9:46:11 PM GMT-3 [Modules] Streaming discord_desktop_core@1 to /home/vinicius/.config/discord/0.0.117/modules/pending/discord_desktop_core-1.zip: 53%
12/4/2025, 9:46:11 PM GMT-3 [Modules] Streaming discord_desktop_core@1 to /home/vinicius/.config/discord/0.0.117/modules/pending/discord_desktop_core-1.zip: 54%
12/4/2025, 9:46:11 PM GMT-3 [Modules] Streaming discord_desktop_core@1 to /home/vinicius/.config/discord/0.0.117/modules/pending/discord_desktop_core-1.zip: 55%
12/4/2025, 9:46:11 PM GMT-3 [Modules] Streaming discord_desktop_core@1 to /home/vinicius/.config/discord/0.0.117/modules/pending/discord_desktop_core-1.zip: 56%
12/4/2025, 9:46:11 PM GMT-3 [Modules] Streaming discord_desktop_core@1 to /home/vinicius/.config/discord/0.0.117/modules/pending/discord_desktop_core-1.zip: 57%
12/4/2025, 9:46:11 PM GMT-3 [Modules] Streaming discord_desktop_core@1 to /home/vinicius/.config/discord/0.0.117/modules/pending/discord_desktop_core-1.zip: 58%
12/4/2025, 9:46:11 PM GMT-3 [Modules] Streaming discord_desktop_core@1 to /home/vinicius/.config/discord/0.0.117/modules/pending/discord_desktop_core-1.zip: 59%
12/4/2025, 9:46:11 PM GMT-3 [Modules] Streaming discord_desktop_core@1 to /home/vinicius/.config/discord/0.0.117/modules/pending/discord_desktop_core-1.zip: 60%
12/4/2025, 9:46:11 PM GMT-3 [Modules] Streaming discord_desktop_core@1 to /home/vinicius/.config/discord/0.0.117/modules/pending/discord_desktop_core-1.zip: 61%
12/4/2025, 9:46:11 PM GMT-3 [Modules] Streaming discord_desktop_core@1 to /home/vinicius/.config/discord/0.0.117/modules/pending/discord_desktop_core-1.zip: 62%
12/4/2025, 9:46:11 PM GMT-3 [Modules] Streaming discord_desktop_core@1 to /home/vinicius/.config/discord/0.0.117/modules/pending/discord_desktop_core-1.zip: 63%
12/4/2025, 9:46:11 PM GMT-3 [Modules] Streaming discord_desktop_core@1 to /home/vinicius/.config/discord/0.0.117/modules/pending/discord_desktop_core-1.zip: 64%
12/4/2025, 9:46:11 PM GMT-3 [Modules] Streaming discord_desktop_core@1 to /home/vinicius/.config/discord/0.0.117/modules/pending/discord_desktop_core-1.zip: 65%
12/4/2025, 9:46:11 PM GMT-3 [Modules] Streaming discord_desktop_core@1 to /home/vinicius/.config/discord/0.0.117/modules/pending/discord_desktop_core-1.zip: 66%
12/4/2025, 9:46:12 PM GMT-3 [Modules] Streaming discord_desktop_core@1 to /home/vinicius/.config/discord/0.0.117/modules/pending/discord_desktop_core-1.zip: 67%
12/4/2025, 9:46:12 PM GMT-3 [Modules] Streaming discord_desktop_core@1 to /home/vinicius/.config/discord/0.0.117/modules/pending/discord_desktop_core-1.zip: 68%
12/4/2025, 9:46:12 PM GMT-3 [Modules] Streaming discord_desktop_core@1 to /home/vinicius/.config/discord/0.0.117/modules/pending/discord_desktop_core-1.zip: 69%
12/4/2025, 9:46:12 PM GMT-3 [Modules] Streaming discord_desktop_core@1 to /home/vinicius/.config/discord/0.0.117/modules/pending/discord_desktop_core-1.zip: 70%
12/4/2025, 9:46:12 PM GMT-3 [Modules] Streaming discord_desktop_core@1 to /home/vinicius/.config/discord/0.0.117/modules/pending/discord_desktop_core-1.zip: 71%
12/4/2025, 9:46:12 PM GMT-3 [Modules] Streaming discord_desktop_core@1 to /home/vinicius/.config/discord/0.0.117/modules/pending/discord_desktop_core-1.zip: 74%
12/4/2025, 9:46:12 PM GMT-3 [Modules] Streaming discord_desktop_core@1 to /home/vinicius/.config/discord/0.0.117/modules/pending/discord_desktop_core-1.zip: 78%
12/4/2025, 9:46:12 PM GMT-3 [Modules] Streaming discord_desktop_core@1 to /home/vinicius/.config/discord/0.0.117/modules/pending/discord_desktop_core-1.zip: 79%
12/4/2025, 9:46:12 PM GMT-3 [Modules] Streaming discord_desktop_core@1 to /home/vinicius/.config/discord/0.0.117/modules/pending/discord_desktop_core-1.zip: 80%
12/4/2025, 9:46:12 PM GMT-3 [Modules] Streaming discord_desktop_core@1 to /home/vinicius/.config/discord/0.0.117/modules/pending/discord_desktop_core-1.zip: 81%
12/4/2025, 9:46:12 PM GMT-3 [Modules] Streaming discord_desktop_core@1 to /home/vinicius/.config/discord/0.0.117/modules/pending/discord_desktop_core-1.zip: 82%
12/4/2025, 9:46:12 PM GMT-3 [Modules] Streaming discord_desktop_core@1 to /home/vinicius/.config/discord/0.0.117/modules/pending/discord_desktop_core-1.zip: 83%
12/4/2025, 9:46:12 PM GMT-3 [Modules] Streaming discord_desktop_core@1 to /home/vinicius/.config/discord/0.0.117/modules/pending/discord_desktop_core-1.zip: 84%
12/4/2025, 9:46:12 PM GMT-3 [Modules] Streaming discord_desktop_core@1 to /home/vinicius/.config/discord/0.0.117/modules/pending/discord_desktop_core-1.zip: 85%
12/4/2025, 9:46:12 PM GMT-3 [Modules] Streaming discord_desktop_core@1 to /home/vinicius/.config/discord/0.0.117/modules/pending/discord_desktop_core-1.zip: 86%
12/4/2025, 9:46:12 PM GMT-3 [Modules] Streaming discord_desktop_core@1 to /home/vinicius/.config/discord/0.0.117/modules/pending/discord_desktop_core-1.zip: 87%
12/4/2025, 9:46:12 PM GMT-3 [Modules] Streaming discord_desktop_core@1 to /home/vinicius/.config/discord/0.0.117/modules/pending/discord_desktop_core-1.zip: 88%
12/4/2025, 9:46:12 PM GMT-3 [Modules] Streaming discord_desktop_core@1 to /home/vinicius/.config/discord/0.0.117/modules/pending/discord_desktop_core-1.zip: 89%
12/4/2025, 9:46:12 PM GMT-3 [Modules] Streaming discord_desktop_core@1 to /home/vinicius/.config/discord/0.0.117/modules/pending/discord_desktop_core-1.zip: 90%
12/4/2025, 9:46:12 PM GMT-3 [Modules] Streaming discord_desktop_core@1 to /home/vinicius/.config/discord/0.0.117/modules/pending/discord_desktop_core-1.zip: 91%
12/4/2025, 9:46:12 PM GMT-3 [Modules] Streaming discord_desktop_core@1 to /home/vinicius/.config/discord/0.0.117/modules/pending/discord_desktop_core-1.zip: 92%
12/4/2025, 9:46:12 PM GMT-3 [Modules] Streaming discord_desktop_core@1 to /home/vinicius/.config/discord/0.0.117/modules/pending/discord_desktop_core-1.zip: 93%
12/4/2025, 9:46:12 PM GMT-3 [Modules] Streaming discord_desktop_core@1 to /home/vinicius/.config/discord/0.0.117/modules/pending/discord_desktop_core-1.zip: 94%
12/4/2025, 9:46:12 PM GMT-3 [Modules] Streaming discord_desktop_core@1 to /home/vinicius/.config/discord/0.0.117/modules/pending/discord_desktop_core-1.zip: 95%
12/4/2025, 9:46:12 PM GMT-3 [Modules] Streaming discord_desktop_core@1 to /home/vinicius/.config/discord/0.0.117/modules/pending/discord_desktop_core-1.zip: 96%
12/4/2025, 9:46:12 PM GMT-3 [Modules] Streaming discord_desktop_core@1 to /home/vinicius/.config/discord/0.0.117/modules/pending/discord_desktop_core-1.zip: 97%
12/4/2025, 9:46:12 PM GMT-3 [Modules] Streaming discord_desktop_core@1 to /home/vinicius/.config/discord/0.0.117/modules/pending/discord_desktop_core-1.zip: 98%
12/4/2025, 9:46:12 PM GMT-3 [Modules] Streaming discord_desktop_core@1 to /home/vinicius/.config/discord/0.0.117/modules/pending/discord_desktop_core-1.zip: 99%
12/4/2025, 9:46:12 PM GMT-3 [Modules] Streaming discord_desktop_core@1 to /home/vinicius/.config/discord/0.0.117/modules/pending/discord_desktop_core-1.zip: 100%
12/4/2025, 9:46:12 PM GMT-3 [Modules] Fetching discord_erlpack@1 from https://discord.com/api/modules/stable/discord_erlpack/1
12/4/2025, 9:46:12 PM GMT-3 [Modules] Streaming discord_erlpack@1 to /home/vinicius/.config/discord/0.0.117/modules/pending/discord_erlpack-1.zip
12/4/2025, 9:46:12 PM GMT-3 [Modules] Streaming discord_erlpack@1 to /home/vinicius/.config/discord/0.0.117/modules/pending/discord_erlpack-1.zip: 1%
12/4/2025, 9:46:12 PM GMT-3 [Modules] Streaming discord_erlpack@1 to /home/vinicius/.config/discord/0.0.117/modules/pending/discord_erlpack-1.zip: 5%
12/4/2025, 9:46:12 PM GMT-3 [Modules] Streaming discord_erlpack@1 to /home/vinicius/.config/discord/0.0.117/modules/pending/discord_erlpack-1.zip: 6%
12/4/2025, 9:46:12 PM GMT-3 [Modules] Streaming discord_erlpack@1 to /home/vinicius/.config/discord/0.0.117/modules/pending/discord_erlpack-1.zip: 7%
12/4/2025, 9:46:12 PM GMT-3 [Modules] Streaming discord_erlpack@1 to /home/vinicius/.config/discord/0.0.117/modules/pending/discord_erlpack-1.zip: 8%
12/4/2025, 9:46:12 PM GMT-3 [Modules] Streaming discord_erlpack@1 to /home/vinicius/.config/discord/0.0.117/modules/pending/discord_erlpack-1.zip: 9%
12/4/2025, 9:46:12 PM GMT-3 [Modules] Streaming discord_erlpack@1 to /home/vinicius/.config/discord/0.0.117/modules/pending/discord_erlpack-1.zip: 10%
12/4/2025, 9:46:12 PM GMT-3 [Modules] Streaming discord_erlpack@1 to /home/vinicius/.config/discord/0.0.117/modules/pending/discord_erlpack-1.zip: 11%
12/4/2025, 9:46:12 PM GMT-3 [Modules] Streaming discord_erlpack@1 to /home/vinicius/.config/discord/0.0.117/modules/pending/discord_erlpack-1.zip: 12%
12/4/2025, 9:46:12 PM GMT-3 [Modules] Streaming discord_erlpack@1 to /home/vinicius/.config/discord/0.0.117/modules/pending/discord_erlpack-1.zip: 13%
12/4/2025, 9:46:12 PM GMT-3 [Modules] Streaming discord_erlpack@1 to /home/vinicius/.config/discord/0.0.117/modules/pending/discord_erlpack-1.zip: 14%
12/4/2025, 9:46:12 PM GMT-3 [Modules] Streaming discord_erlpack@1 to /home/vinicius/.config/discord/0.0.117/modules/pending/discord_erlpack-1.zip: 15%
12/4/2025, 9:46:12 PM GMT-3 [Modules] Streaming discord_erlpack@1 to /home/vinicius/.config/discord/0.0.117/modules/pending/discord_erlpack-1.zip: 16%
12/4/2025, 9:46:12 PM GMT-3 [Modules] Streaming discord_erlpack@1 to /home/vinicius/.config/discord/0.0.117/modules/pending/discord_erlpack-1.zip: 17%
12/4/2025, 9:46:12 PM GMT-3 [Modules] Streaming discord_erlpack@1 to /home/vinicius/.config/discord/0.0.117/modules/pending/discord_erlpack-1.zip: 18%
12/4/2025, 9:46:12 PM GMT-3 [Modules] Streaming discord_erlpack@1 to /home/vinicius/.config/discord/0.0.117/modules/pending/discord_erlpack-1.zip: 19%
12/4/2025, 9:46:12 PM GMT-3 [Modules] Streaming discord_erlpack@1 to /home/vinicius/.config/discord/0.0.117/modules/pending/discord_erlpack-1.zip: 20%
12/4/2025, 9:46:12 PM GMT-3 [Modules] Streaming discord_erlpack@1 to /home/vinicius/.config/discord/0.0.117/modules/pending/discord_erlpack-1.zip: 21%
12/4/2025, 9:46:12 PM GMT-3 [Modules] Streaming discord_erlpack@1 to /home/vinicius/.config/discord/0.0.117/modules/pending/discord_erlpack-1.zip: 22%
12/4/2025, 9:46:12 PM GMT-3 [Modules] Streaming discord_erlpack@1 to /home/vinicius/.config/discord/0.0.117/modules/pending/discord_erlpack-1.zip: 23%
12/4/2025, 9:46:12 PM GMT-3 [Modules] Streaming discord_erlpack@1 to /home/vinicius/.config/discord/0.0.117/modules/pending/discord_erlpack-1.zip: 24%
12/4/2025, 9:46:12 PM GMT-3 [Modules] Streaming discord_erlpack@1 to /home/vinicius/.config/discord/0.0.117/modules/pending/discord_erlpack-1.zip: 25%
12/4/2025, 9:46:12 PM GMT-3 [Modules] Streaming discord_erlpack@1 to /home/vinicius/.config/discord/0.0.117/modules/pending/discord_erlpack-1.zip: 26%
12/4/2025, 9:46:12 PM GMT-3 [Modules] Streaming discord_erlpack@1 to /home/vinicius/.config/discord/0.0.117/modules/pending/discord_erlpack-1.zip: 27%
12/4/2025, 9:46:12 PM GMT-3 [Modules] Streaming discord_erlpack@1 to /home/vinicius/.config/discord/0.0.117/modules/pending/discord_erlpack-1.zip: 28%
12/4/2025, 9:46:12 PM GMT-3 [Modules] Streaming discord_erlpack@1 to /home/vinicius/.config/discord/0.0.117/modules/pending/discord_erlpack-1.zip: 29%
12/4/2025, 9:46:12 PM GMT-3 [Modules] Streaming discord_erlpack@1 to /home/vinicius/.config/discord/0.0.117/modules/pending/discord_erlpack-1.zip: 30%
12/4/2025, 9:46:12 PM GMT-3 [Modules] Streaming discord_erlpack@1 to /home/vinicius/.config/discord/0.0.117/modules/pending/discord_erlpack-1.zip: 31%
12/4/2025, 9:46:12 PM GMT-3 [Modules] Streaming discord_erlpack@1 to /home/vinicius/.config/discord/0.0.117/modules/pending/discord_erlpack-1.zip: 32%
12/4/2025, 9:46:12 PM GMT-3 [Modules] Streaming discord_erlpack@1 to /home/vinicius/.config/discord/0.0.117/modules/pending/discord_erlpack-1.zip: 33%
12/4/2025, 9:46:12 PM GMT-3 [Modules] Streaming discord_erlpack@1 to /home/vinicius/.config/discord/0.0.117/modules/pending/discord_erlpack-1.zip: 34%
12/4/2025, 9:46:12 PM GMT-3 [Modules] Streaming discord_erlpack@1 to /home/vinicius/.config/discord/0.0.117/modules/pending/discord_erlpack-1.zip: 35%
12/4/2025, 9:46:12 PM GMT-3 [Modules] Streaming discord_erlpack@1 to /home/vinicius/.config/discord/0.0.117/modules/pending/discord_erlpack-1.zip: 36%
12/4/2025, 9:46:12 PM GMT-3 [Modules] Streaming discord_erlpack@1 to /home/vinicius/.config/discord/0.0.117/modules/pending/discord_erlpack-1.zip: 37%
12/4/2025, 9:46:12 PM GMT-3 [Modules] Streaming discord_erlpack@1 to /home/vinicius/.config/discord/0.0.117/modules/pending/discord_erlpack-1.zip: 38%
12/4/2025, 9:46:12 PM GMT-3 [Modules] Streaming discord_erlpack@1 to /home/vinicius/.config/discord/0.0.117/modules/pending/discord_erlpack-1.zip: 39%
12/4/2025, 9:46:13 PM GMT-3 [Modules] Streaming discord_erlpack@1 to /home/vinicius/.config/discord/0.0.117/modules/pending/discord_erlpack-1.zip: 40%
12/4/2025, 9:46:13 PM GMT-3 [Modules] Streaming discord_erlpack@1 to /home/vinicius/.config/discord/0.0.117/modules/pending/discord_erlpack-1.zip: 41%
12/4/2025, 9:46:13 PM GMT-3 [Modules] Streaming discord_erlpack@1 to /home/vinicius/.config/discord/0.0.117/modules/pending/discord_erlpack-1.zip: 42%
12/4/2025, 9:46:13 PM GMT-3 [Modules] Streaming discord_erlpack@1 to /home/vinicius/.config/discord/0.0.117/modules/pending/discord_erlpack-1.zip: 43%
12/4/2025, 9:46:13 PM GMT-3 [Modules] Streaming discord_erlpack@1 to /home/vinicius/.config/discord/0.0.117/modules/pending/discord_erlpack-1.zip: 44%
12/4/2025, 9:46:13 PM GMT-3 [Modules] Streaming discord_erlpack@1 to /home/vinicius/.config/discord/0.0.117/modules/pending/discord_erlpack-1.zip: 45%
12/4/2025, 9:46:13 PM GMT-3 [Modules] Streaming discord_erlpack@1 to /home/vinicius/.config/discord/0.0.117/modules/pending/discord_erlpack-1.zip: 46%
12/4/2025, 9:46:13 PM GMT-3 [Modules] Streaming discord_erlpack@1 to /home/vinicius/.config/discord/0.0.117/modules/pending/discord_erlpack-1.zip: 47%
12/4/2025, 9:46:13 PM GMT-3 [Modules] Streaming discord_erlpack@1 to /home/vinicius/.config/discord/0.0.117/modules/pending/discord_erlpack-1.zip: 48%
12/4/2025, 9:46:13 PM GMT-3 [Modules] Streaming discord_erlpack@1 to /home/vinicius/.config/discord/0.0.117/modules/pending/discord_erlpack-1.zip: 49%
12/4/2025, 9:46:13 PM GMT-3 [Modules] Streaming discord_erlpack@1 to /home/vinicius/.config/discord/0.0.117/modules/pending/discord_erlpack-1.zip: 50%
12/4/2025, 9:46:13 PM GMT-3 [Modules] Streaming discord_erlpack@1 to /home/vinicius/.config/discord/0.0.117/modules/pending/discord_erlpack-1.zip: 51%
12/4/2025, 9:46:13 PM GMT-3 [Modules] Streaming discord_erlpack@1 to /home/vinicius/.config/discord/0.0.117/modules/pending/discord_erlpack-1.zip: 54%
12/4/2025, 9:46:13 PM GMT-3 [Modules] Streaming discord_erlpack@1 to /home/vinicius/.config/discord/0.0.117/modules/pending/discord_erlpack-1.zip: 56%
12/4/2025, 9:46:13 PM GMT-3 [Modules] Streaming discord_erlpack@1 to /home/vinicius/.config/discord/0.0.117/modules/pending/discord_erlpack-1.zip: 57%
12/4/2025, 9:46:13 PM GMT-3 [Modules] Streaming discord_erlpack@1 to /home/vinicius/.config/discord/0.0.117/modules/pending/discord_erlpack-1.zip: 58%
12/4/2025, 9:46:13 PM GMT-3 [Modules] Streaming discord_erlpack@1 to /home/vinicius/.config/discord/0.0.117/modules/pending/discord_erlpack-1.zip: 61%
12/4/2025, 9:46:13 PM GMT-3 [Modules] Streaming discord_erlpack@1 to /home/vinicius/.config/discord/0.0.117/modules/pending/discord_erlpack-1.zip: 64%
12/4/2025, 9:46:13 PM GMT-3 [Modules] Streaming discord_erlpack@1 to /home/vinicius/.config/discord/0.0.117/modules/pending/discord_erlpack-1.zip: 65%
12/4/2025, 9:46:13 PM GMT-3 [Modules] Streaming discord_erlpack@1 to /home/vinicius/.config/discord/0.0.117/modules/pending/discord_erlpack-1.zip: 66%
12/4/2025, 9:46:13 PM GMT-3 [Modules] Streaming discord_erlpack@1 to /home/vinicius/.config/discord/0.0.117/modules/pending/discord_erlpack-1.zip: 67%
12/4/2025, 9:46:13 PM GMT-3 [Modules] Streaming discord_erlpack@1 to /home/vinicius/.config/discord/0.0.117/modules/pending/discord_erlpack-1.zip: 68%
12/4/2025, 9:46:13 PM GMT-3 [Modules] Streaming discord_erlpack@1 to /home/vinicius/.config/discord/0.0.117/modules/pending/discord_erlpack-1.zip: 69%
12/4/2025, 9:46:13 PM GMT-3 [Modules] Streaming discord_erlpack@1 to /home/vinicius/.config/discord/0.0.117/modules/pending/discord_erlpack-1.zip: 70%
12/4/2025, 9:46:13 PM GMT-3 [Modules] Streaming discord_erlpack@1 to /home/vinicius/.config/discord/0.0.117/modules/pending/discord_erlpack-1.zip: 71%
12/4/2025, 9:46:13 PM GMT-3 [Modules] Streaming discord_erlpack@1 to /home/vinicius/.config/discord/0.0.117/modules/pending/discord_erlpack-1.zip: 72%
12/4/2025, 9:46:13 PM GMT-3 [Modules] Streaming discord_erlpack@1 to /home/vinicius/.config/discord/0.0.117/modules/pending/discord_erlpack-1.zip: 73%
12/4/2025, 9:46:13 PM GMT-3 [Modules] Streaming discord_erlpack@1 to /home/vinicius/.config/discord/0.0.117/modules/pending/discord_erlpack-1.zip: 74%
12/4/2025, 9:46:13 PM GMT-3 [Modules] Streaming discord_erlpack@1 to /home/vinicius/.config/discord/0.0.117/modules/pending/discord_erlpack-1.zip: 75%
12/4/2025, 9:46:13 PM GMT-3 [Modules] Streaming discord_erlpack@1 to /home/vinicius/.config/discord/0.0.117/modules/pending/discord_erlpack-1.zip: 76%
12/4/2025, 9:46:13 PM GMT-3 [Modules] Streaming discord_erlpack@1 to /home/vinicius/.config/discord/0.0.117/modules/pending/discord_erlpack-1.zip: 77%
12/4/2025, 9:46:13 PM GMT-3 [Modules] Streaming discord_erlpack@1 to /home/vinicius/.config/discord/0.0.117/modules/pending/discord_erlpack-1.zip: 79%
12/4/2025, 9:46:13 PM GMT-3 [Modules] Streaming discord_erlpack@1 to /home/vinicius/.config/discord/0.0.117/modules/pending/discord_erlpack-1.zip: 84%
12/4/2025, 9:46:13 PM GMT-3 [Modules] Streaming discord_erlpack@1 to /home/vinicius/.config/discord/0.0.117/modules/pending/discord_erlpack-1.zip: 85%
12/4/2025, 9:46:13 PM GMT-3 [Modules] Streaming discord_erlpack@1 to /home/vinicius/.config/discord/0.0.117/modules/pending/discord_erlpack-1.zip: 86%
12/4/2025, 9:46:13 PM GMT-3 [Modules] Streaming discord_erlpack@1 to /home/vinicius/.config/discord/0.0.117/modules/pending/discord_erlpack-1.zip: 87%
12/4/2025, 9:46:13 PM GMT-3 [Modules] Streaming discord_erlpack@1 to /home/vinicius/.config/discord/0.0.117/modules/pending/discord_erlpack-1.zip: 88%
12/4/2025, 9:46:13 PM GMT-3 [Modules] Streaming discord_erlpack@1 to /home/vinicius/.config/discord/0.0.117/modules/pending/discord_erlpack-1.zip: 89%
12/4/2025, 9:46:13 PM GMT-3 [Modules] Streaming discord_erlpack@1 to /home/vinicius/.config/discord/0.0.117/modules/pending/discord_erlpack-1.zip: 90%
12/4/2025, 9:46:13 PM GMT-3 [Modules] Streaming discord_erlpack@1 to /home/vinicius/.config/discord/0.0.117/modules/pending/discord_erlpack-1.zip: 91%
12/4/2025, 9:46:13 PM GMT-3 [Modules] Streaming discord_erlpack@1 to /home/vinicius/.config/discord/0.0.117/modules/pending/discord_erlpack-1.zip: 92%
12/4/2025, 9:46:13 PM GMT-3 [Modules] Streaming discord_erlpack@1 to /home/vinicius/.config/discord/0.0.117/modules/pending/discord_erlpack-1.zip: 93%
12/4/2025, 9:46:13 PM GMT-3 [Modules] Streaming discord_erlpack@1 to /home/vinicius/.config/discord/0.0.117/modules/pending/discord_erlpack-1.zip: 94%
12/4/2025, 9:46:13 PM GMT-3 [Modules] Streaming discord_erlpack@1 to /home/vinicius/.config/discord/0.0.117/modules/pending/discord_erlpack-1.zip: 95%
12/4/2025, 9:46:13 PM GMT-3 [Modules] Streaming discord_erlpack@1 to /home/vinicius/.config/discord/0.0.117/modules/pending/discord_erlpack-1.zip: 96%
12/4/2025, 9:46:13 PM GMT-3 [Modules] Streaming discord_erlpack@1 to /home/vinicius/.config/discord/0.0.117/modules/pending/discord_erlpack-1.zip: 98%
12/4/2025, 9:46:13 PM GMT-3 [Modules] Streaming discord_erlpack@1 to /home/vinicius/.config/discord/0.0.117/modules/pending/discord_erlpack-1.zip: 100%
12/4/2025, 9:46:13 PM GMT-3 [Modules] Fetching discord_spellcheck@1 from https://discord.com/api/modules/stable/discord_spellcheck/1
12/4/2025, 9:46:13 PM GMT-3 [Modules] Streaming discord_spellcheck@1 to /home/vinicius/.config/discord/0.0.117/modules/pending/discord_spellcheck-1.zip
12/4/2025, 9:46:14 PM GMT-3 [Modules] Streaming discord_spellcheck@1 to /home/vinicius/.config/discord/0.0.117/modules/pending/discord_spellcheck-1.zip: 1%
12/4/2025, 9:46:14 PM GMT-3 [Modules] Streaming discord_spellcheck@1 to /home/vinicius/.config/discord/0.0.117/modules/pending/discord_spellcheck-1.zip: 2%
12/4/2025, 9:46:14 PM GMT-3 [Modules] Streaming discord_spellcheck@1 to /home/vinicius/.config/discord/0.0.117/modules/pending/discord_spellcheck-1.zip: 3%
12/4/2025, 9:46:14 PM GMT-3 [Modules] Streaming discord_spellcheck@1 to /home/vinicius/.config/discord/0.0.117/modules/pending/discord_spellcheck-1.zip: 4%
12/4/2025, 9:46:14 PM GMT-3 [Modules] Streaming discord_spellcheck@1 to /home/vinicius/.config/discord/0.0.117/modules/pending/discord_spellcheck-1.zip: 5%
12/4/2025, 9:46:14 PM GMT-3 [Modules] Streaming discord_spellcheck@1 to /home/vinicius/.config/discord/0.0.117/modules/pending/discord_spellcheck-1.zip: 6%
12/4/2025, 9:46:14 PM GMT-3 [Modules] Streaming discord_spellcheck@1 to /home/vinicius/.config/discord/0.0.117/modules/pending/discord_spellcheck-1.zip: 7%
12/4/2025, 9:46:14 PM GMT-3 [Modules] Streaming discord_spellcheck@1 to /home/vinicius/.config/discord/0.0.117/modules/pending/discord_spellcheck-1.zip: 8%
12/4/2025, 9:46:14 PM GMT-3 [Modules] Streaming discord_spellcheck@1 to /home/vinicius/.config/discord/0.0.117/modules/pending/discord_spellcheck-1.zip: 9%
12/4/2025, 9:46:14 PM GMT-3 [Modules] Streaming discord_spellcheck@1 to /home/vinicius/.config/discord/0.0.117/modules/pending/discord_spellcheck-1.zip: 10%
12/4/2025, 9:46:14 PM GMT-3 [Modules] Streaming discord_spellcheck@1 to /home/vinicius/.config/discord/0.0.117/modules/pending/discord_spellcheck-1.zip: 11%
12/4/2025, 9:46:14 PM GMT-3 [Modules] Streaming discord_spellcheck@1 to /home/vinicius/.config/discord/0.0.117/modules/pending/discord_spellcheck-1.zip: 12%
12/4/2025, 9:46:14 PM GMT-3 [Modules] Streaming discord_spellcheck@1 to /home/vinicius/.config/discord/0.0.117/modules/pending/discord_spellcheck-1.zip: 13%
12/4/2025, 9:46:14 PM GMT-3 [Modules] Streaming discord_spellcheck@1 to /home/vinicius/.config/discord/0.0.117/modules/pending/discord_spellcheck-1.zip: 14%
12/4/2025, 9:46:14 PM GMT-3 [Modules] Streaming discord_spellcheck@1 to /home/vinicius/.config/discord/0.0.117/modules/pending/discord_spellcheck-1.zip: 15%
12/4/2025, 9:46:14 PM GMT-3 [Modules] Streaming discord_spellcheck@1 to /home/vinicius/.config/discord/0.0.117/modules/pending/discord_spellcheck-1.zip: 16%
12/4/2025, 9:46:14 PM GMT-3 [Modules] Streaming discord_spellcheck@1 to /home/vinicius/.config/discord/0.0.117/modules/pending/discord_spellcheck-1.zip: 17%
12/4/2025, 9:46:14 PM GMT-3 [Modules] Streaming discord_spellcheck@1 to /home/vinicius/.config/discord/0.0.117/modules/pending/discord_spellcheck-1.zip: 18%
12/4/2025, 9:46:15 PM GMT-3 [Modules] Streaming discord_spellcheck@1 to /home/vinicius/.config/discord/0.0.117/modules/pending/discord_spellcheck-1.zip: 19%
12/4/2025, 9:46:15 PM GMT-3 [Modules] Streaming discord_spellcheck@1 to /home/vinicius/.config/discord/0.0.117/modules/pending/discord_spellcheck-1.zip: 20%
12/4/2025, 9:46:15 PM GMT-3 [Modules] Streaming discord_spellcheck@1 to /home/vinicius/.config/discord/0.0.117/modules/pending/discord_spellcheck-1.zip: 21%
12/4/2025, 9:46:15 PM GMT-3 [Modules] Streaming discord_spellcheck@1 to /home/vinicius/.config/discord/0.0.117/modules/pending/discord_spellcheck-1.zip: 22%
12/4/2025, 9:46:15 PM GMT-3 [Modules] Streaming discord_spellcheck@1 to /home/vinicius/.config/discord/0.0.117/modules/pending/discord_spellcheck-1.zip: 23%
12/4/2025, 9:46:15 PM GMT-3 [Modules] Streaming discord_spellcheck@1 to /home/vinicius/.config/discord/0.0.117/modules/pending/discord_spellcheck-1.zip: 24%
12/4/2025, 9:46:15 PM GMT-3 [Modules] Streaming discord_spellcheck@1 to /home/vinicius/.config/discord/0.0.117/modules/pending/discord_spellcheck-1.zip: 25%
12/4/2025, 9:46:15 PM GMT-3 [Modules] Streaming discord_spellcheck@1 to /home/vinicius/.config/discord/0.0.117/modules/pending/discord_spellcheck-1.zip: 26%
12/4/2025, 9:46:15 PM GMT-3 [Modules] Streaming discord_spellcheck@1 to /home/vinicius/.config/discord/0.0.117/modules/pending/discord_spellcheck-1.zip: 27%
12/4/2025, 9:46:15 PM GMT-3 [Modules] Streaming discord_spellcheck@1 to /home/vinicius/.config/discord/0.0.117/modules/pending/discord_spellcheck-1.zip: 28%
12/4/2025, 9:46:15 PM GMT-3 [Modules] Streaming discord_spellcheck@1 to /home/vinicius/.config/discord/0.0.117/modules/pending/discord_spellcheck-1.zip: 29%
12/4/2025, 9:46:15 PM GMT-3 [Modules] Streaming discord_spellcheck@1 to /home/vinicius/.config/discord/0.0.117/modules/pending/discord_spellcheck-1.zip: 30%
12/4/2025, 9:46:15 PM GMT-3 [Modules] Streaming discord_spellcheck@1 to /home/vinicius/.config/discord/0.0.117/modules/pending/discord_spellcheck-1.zip: 31%
12/4/2025, 9:46:15 PM GMT-3 [Modules] Streaming discord_spellcheck@1 to /home/vinicius/.config/discord/0.0.117/modules/pending/discord_spellcheck-1.zip: 32%
12/4/2025, 9:46:15 PM GMT-3 [Modules] Streaming discord_spellcheck@1 to /home/vinicius/.config/discord/0.0.117/modules/pending/discord_spellcheck-1.zip: 33%
12/4/2025, 9:46:15 PM GMT-3 [Modules] Streaming discord_spellcheck@1 to /home/vinicius/.config/discord/0.0.117/modules/pending/discord_spellcheck-1.zip: 34%
12/4/2025, 9:46:15 PM GMT-3 [Modules] Streaming discord_spellcheck@1 to /home/vinicius/.config/discord/0.0.117/modules/pending/discord_spellcheck-1.zip: 35%
12/4/2025, 9:46:15 PM GMT-3 [Modules] Streaming discord_spellcheck@1 to /home/vinicius/.config/discord/0.0.117/modules/pending/discord_spellcheck-1.zip: 36%
12/4/2025, 9:46:15 PM GMT-3 [Modules] Streaming discord_spellcheck@1 to /home/vinicius/.config/discord/0.0.117/modules/pending/discord_spellcheck-1.zip: 37%
12/4/2025, 9:46:15 PM GMT-3 [Modules] Streaming discord_spellcheck@1 to /home/vinicius/.config/discord/0.0.117/modules/pending/discord_spellcheck-1.zip: 38%
12/4/2025, 9:46:15 PM GMT-3 [Modules] Streaming discord_spellcheck@1 to /home/vinicius/.config/discord/0.0.117/modules/pending/discord_spellcheck-1.zip: 39%
12/4/2025, 9:46:15 PM GMT-3 [Modules] Streaming discord_spellcheck@1 to /home/vinicius/.config/discord/0.0.117/modules/pending/discord_spellcheck-1.zip: 40%
12/4/2025, 9:46:15 PM GMT-3 [Modules] Streaming discord_spellcheck@1 to /home/vinicius/.config/discord/0.0.117/modules/pending/discord_spellcheck-1.zip: 41%
12/4/2025, 9:46:15 PM GMT-3 [Modules] Streaming discord_spellcheck@1 to /home/vinicius/.config/discord/0.0.117/modules/pending/discord_spellcheck-1.zip: 42%
12/4/2025, 9:46:16 PM GMT-3 [Modules] Streaming discord_spellcheck@1 to /home/vinicius/.config/discord/0.0.117/modules/pending/discord_spellcheck-1.zip: 43%
12/4/2025, 9:46:16 PM GMT-3 [Modules] Streaming discord_spellcheck@1 to /home/vinicius/.config/discord/0.0.117/modules/pending/discord_spellcheck-1.zip: 44%
12/4/2025, 9:46:16 PM GMT-3 [Modules] Streaming discord_spellcheck@1 to /home/vinicius/.config/discord/0.0.117/modules/pending/discord_spellcheck-1.zip: 45%
12/4/2025, 9:46:16 PM GMT-3 [Modules] Streaming discord_spellcheck@1 to /home/vinicius/.config/discord/0.0.117/modules/pending/discord_spellcheck-1.zip: 46%
12/4/2025, 9:46:16 PM GMT-3 [Modules] Streaming discord_spellcheck@1 to /home/vinicius/.config/discord/0.0.117/modules/pending/discord_spellcheck-1.zip: 47%
12/4/2025, 9:46:16 PM GMT-3 [Modules] Streaming discord_spellcheck@1 to /home/vinicius/.config/discord/0.0.117/modules/pending/discord_spellcheck-1.zip: 48%
12/4/2025, 9:46:16 PM GMT-3 [Modules] Streaming discord_spellcheck@1 to /home/vinicius/.config/discord/0.0.117/modules/pending/discord_spellcheck-1.zip: 49%
12/4/2025, 9:46:16 PM GMT-3 [Modules] Streaming discord_spellcheck@1 to /home/vinicius/.config/discord/0.0.117/modules/pending/discord_spellcheck-1.zip: 50%
12/4/2025, 9:46:16 PM GMT-3 [Modules] Streaming discord_spellcheck@1 to /home/vinicius/.config/discord/0.0.117/modules/pending/discord_spellcheck-1.zip: 51%
12/4/2025, 9:46:16 PM GMT-3 [Modules] Streaming discord_spellcheck@1 to /home/vinicius/.config/discord/0.0.117/modules/pending/discord_spellcheck-1.zip: 52%
12/4/2025, 9:46:16 PM GMT-3 [Modules] Streaming discord_spellcheck@1 to /home/vinicius/.config/discord/0.0.117/modules/pending/discord_spellcheck-1.zip: 53%
12/4/2025, 9:46:16 PM GMT-3 [Modules] Streaming discord_spellcheck@1 to /home/vinicius/.config/discord/0.0.117/modules/pending/discord_spellcheck-1.zip: 54%
12/4/2025, 9:46:16 PM GMT-3 [Modules] Streaming discord_spellcheck@1 to /home/vinicius/.config/discord/0.0.117/modules/pending/discord_spellcheck-1.zip: 55%
12/4/2025, 9:46:16 PM GMT-3 [Modules] Streaming discord_spellcheck@1 to /home/vinicius/.config/discord/0.0.117/modules/pending/discord_spellcheck-1.zip: 56%
12/4/2025, 9:46:16 PM GMT-3 [Modules] Streaming discord_spellcheck@1 to /home/vinicius/.config/discord/0.0.117/modules/pending/discord_spellcheck-1.zip: 57%
12/4/2025, 9:46:16 PM GMT-3 [Modules] Streaming discord_spellcheck@1 to /home/vinicius/.config/discord/0.0.117/modules/pending/discord_spellcheck-1.zip: 58%
12/4/2025, 9:46:16 PM GMT-3 [Modules] Streaming discord_spellcheck@1 to /home/vinicius/.config/discord/0.0.117/modules/pending/discord_spellcheck-1.zip: 59%
12/4/2025, 9:46:16 PM GMT-3 [Modules] Streaming discord_spellcheck@1 to /home/vinicius/.config/discord/0.0.117/modules/pending/discord_spellcheck-1.zip: 60%
12/4/2025, 9:46:16 PM GMT-3 [Modules] Streaming discord_spellcheck@1 to /home/vinicius/.config/discord/0.0.117/modules/pending/discord_spellcheck-1.zip: 61%
12/4/2025, 9:46:16 PM GMT-3 [Modules] Streaming discord_spellcheck@1 to /home/vinicius/.config/discord/0.0.117/modules/pending/discord_spellcheck-1.zip: 62%
12/4/2025, 9:46:16 PM GMT-3 [Modules] Streaming discord_spellcheck@1 to /home/vinicius/.config/discord/0.0.117/modules/pending/discord_spellcheck-1.zip: 63%
12/4/2025, 9:46:16 PM GMT-3 [Modules] Streaming discord_spellcheck@1 to /home/vinicius/.config/discord/0.0.117/modules/pending/discord_spellcheck-1.zip: 64%
12/4/2025, 9:46:17 PM GMT-3 [Modules] Streaming discord_spellcheck@1 to /home/vinicius/.config/discord/0.0.117/modules/pending/discord_spellcheck-1.zip: 65%
12/4/2025, 9:46:17 PM GMT-3 [Modules] Streaming discord_spellcheck@1 to /home/vinicius/.config/discord/0.0.117/modules/pending/discord_spellcheck-1.zip: 66%
12/4/2025, 9:46:17 PM GMT-3 [Modules] Streaming discord_spellcheck@1 to /home/vinicius/.config/discord/0.0.117/modules/pending/discord_spellcheck-1.zip: 67%
12/4/2025, 9:46:17 PM GMT-3 [Modules] Streaming discord_spellcheck@1 to /home/vinicius/.config/discord/0.0.117/modules/pending/discord_spellcheck-1.zip: 68%
12/4/2025, 9:46:17 PM GMT-3 [Modules] Streaming discord_spellcheck@1 to /home/vinicius/.config/discord/0.0.117/modules/pending/discord_spellcheck-1.zip: 69%
12/4/2025, 9:46:17 PM GMT-3 [Modules] Streaming discord_spellcheck@1 to /home/vinicius/.config/discord/0.0.117/modules/pending/discord_spellcheck-1.zip: 70%
12/4/2025, 9:46:17 PM GMT-3 [Modules] Streaming discord_spellcheck@1 to /home/vinicius/.config/discord/0.0.117/modules/pending/discord_spellcheck-1.zip: 71%
12/4/2025, 9:46:17 PM GMT-3 [Modules] Streaming discord_spellcheck@1 to /home/vinicius/.config/discord/0.0.117/modules/pending/discord_spellcheck-1.zip: 72%
12/4/2025, 9:46:17 PM GMT-3 [Modules] Streaming discord_spellcheck@1 to /home/vinicius/.config/discord/0.0.117/modules/pending/discord_spellcheck-1.zip: 73%
12/4/2025, 9:46:17 PM GMT-3 [Modules] Streaming discord_spellcheck@1 to /home/vinicius/.config/discord/0.0.117/modules/pending/discord_spellcheck-1.zip: 74%
12/4/2025, 9:46:17 PM GMT-3 [Modules] Streaming discord_spellcheck@1 to /home/vinicius/.config/discord/0.0.117/modules/pending/discord_spellcheck-1.zip: 75%
12/4/2025, 9:46:17 PM GMT-3 [Modules] Streaming discord_spellcheck@1 to /home/vinicius/.config/discord/0.0.117/modules/pending/discord_spellcheck-1.zip: 76%
12/4/2025, 9:46:17 PM GMT-3 [Modules] Streaming discord_spellcheck@1 to /home/vinicius/.config/discord/0.0.117/modules/pending/discord_spellcheck-1.zip: 77%
12/4/2025, 9:46:17 PM GMT-3 [Modules] Streaming discord_spellcheck@1 to /home/vinicius/.config/discord/0.0.117/modules/pending/discord_spellcheck-1.zip: 78%
12/4/2025, 9:46:17 PM GMT-3 [Modules] Streaming discord_spellcheck@1 to /home/vinicius/.config/discord/0.0.117/modules/pending/discord_spellcheck-1.zip: 79%
12/4/2025, 9:46:17 PM GMT-3 [Modules] Streaming discord_spellcheck@1 to /home/vinicius/.config/discord/0.0.117/modules/pending/discord_spellcheck-1.zip: 80%
12/4/2025, 9:46:17 PM GMT-3 [Modules] Streaming discord_spellcheck@1 to /home/vinicius/.config/discord/0.0.117/modules/pending/discord_spellcheck-1.zip: 81%
12/4/2025, 9:46:17 PM GMT-3 [Modules] Streaming discord_spellcheck@1 to /home/vinicius/.config/discord/0.0.117/modules/pending/discord_spellcheck-1.zip: 82%
12/4/2025, 9:46:17 PM GMT-3 [Modules] Streaming discord_spellcheck@1 to /home/vinicius/.config/discord/0.0.117/modules/pending/discord_spellcheck-1.zip: 83%
12/4/2025, 9:46:17 PM GMT-3 [Modules] Streaming discord_spellcheck@1 to /home/vinicius/.config/discord/0.0.117/modules/pending/discord_spellcheck-1.zip: 84%
12/4/2025, 9:46:17 PM GMT-3 [Modules] Streaming discord_spellcheck@1 to /home/vinicius/.config/discord/0.0.117/modules/pending/discord_spellcheck-1.zip: 85%
12/4/2025, 9:46:17 PM GMT-3 [Modules] Streaming discord_spellcheck@1 to /home/vinicius/.config/discord/0.0.117/modules/pending/discord_spellcheck-1.zip: 86%
12/4/2025, 9:46:17 PM GMT-3 [Modules] Streaming discord_spellcheck@1 to /home/vinicius/.config/discord/0.0.117/modules/pending/discord_spellcheck-1.zip: 87%
12/4/2025, 9:46:18 PM GMT-3 [Modules] Streaming discord_spellcheck@1 to /home/vinicius/.config/discord/0.0.117/modules/pending/discord_spellcheck-1.zip: 88%
12/4/2025, 9:46:18 PM GMT-3 [Modules] Streaming discord_spellcheck@1 to /home/vinicius/.config/discord/0.0.117/modules/pending/discord_spellcheck-1.zip: 89%
12/4/2025, 9:46:18 PM GMT-3 [Modules] Streaming discord_spellcheck@1 to /home/vinicius/.config/discord/0.0.117/modules/pending/discord_spellcheck-1.zip: 90%
12/4/2025, 9:46:18 PM GMT-3 [Modules] Streaming discord_spellcheck@1 to /home/vinicius/.config/discord/0.0.117/modules/pending/discord_spellcheck-1.zip: 91%
12/4/2025, 9:46:18 PM GMT-3 [Modules] Streaming discord_spellcheck@1 to /home/vinicius/.config/discord/0.0.117/modules/pending/discord_spellcheck-1.zip: 92%
12/4/2025, 9:46:18 PM GMT-3 [Modules] Streaming discord_spellcheck@1 to /home/vinicius/.config/discord/0.0.117/modules/pending/discord_spellcheck-1.zip: 93%
12/4/2025, 9:46:18 PM GMT-3 [Modules] Streaming discord_spellcheck@1 to /home/vinicius/.config/discord/0.0.117/modules/pending/discord_spellcheck-1.zip: 94%
12/4/2025, 9:46:18 PM GMT-3 [Modules] Streaming discord_spellcheck@1 to /home/vinicius/.config/discord/0.0.117/modules/pending/discord_spellcheck-1.zip: 95%
12/4/2025, 9:46:18 PM GMT-3 [Modules] Streaming discord_spellcheck@1 to /home/vinicius/.config/discord/0.0.117/modules/pending/discord_spellcheck-1.zip: 96%
12/4/2025, 9:46:18 PM GMT-3 [Modules] Streaming discord_spellcheck@1 to /home/vinicius/.config/discord/0.0.117/modules/pending/discord_spellcheck-1.zip: 97%
12/4/2025, 9:46:18 PM GMT-3 [Modules] Streaming discord_spellcheck@1 to /home/vinicius/.config/discord/0.0.117/modules/pending/discord_spellcheck-1.zip: 98%
12/4/2025, 9:46:18 PM GMT-3 [Modules] Streaming discord_spellcheck@1 to /home/vinicius/.config/discord/0.0.117/modules/pending/discord_spellcheck-1.zip: 99%
12/4/2025, 9:46:18 PM GMT-3 [Modules] Streaming discord_spellcheck@1 to /home/vinicius/.config/discord/0.0.117/modules/pending/discord_spellcheck-1.zip: 100%
12/4/2025, 9:46:18 PM GMT-3 [Modules] Fetching discord_utils@1 from https://discord.com/api/modules/stable/discord_utils/1
12/4/2025, 9:46:18 PM GMT-3 [Modules] Streaming discord_utils@1 to /home/vinicius/.config/discord/0.0.117/modules/pending/discord_utils-1.zip
12/4/2025, 9:46:19 PM GMT-3 [Modules] Streaming discord_utils@1 to /home/vinicius/.config/discord/0.0.117/modules/pending/discord_utils-1.zip: 1%
12/4/2025, 9:46:19 PM GMT-3 [Modules] Streaming discord_utils@1 to /home/vinicius/.config/discord/0.0.117/modules/pending/discord_utils-1.zip: 2%
12/4/2025, 9:46:19 PM GMT-3 [Modules] Streaming discord_utils@1 to /home/vinicius/.config/discord/0.0.117/modules/pending/discord_utils-1.zip: 3%
12/4/2025, 9:46:19 PM GMT-3 [Modules] Streaming discord_utils@1 to /home/vinicius/.config/discord/0.0.117/modules/pending/discord_utils-1.zip: 4%
12/4/2025, 9:46:19 PM GMT-3 [Modules] Streaming discord_utils@1 to /home/vinicius/.config/discord/0.0.117/modules/pending/discord_utils-1.zip: 5%
12/4/2025, 9:46:19 PM GMT-3 [Modules] Streaming discord_utils@1 to /home/vinicius/.config/discord/0.0.117/modules/pending/discord_utils-1.zip: 6%
12/4/2025, 9:46:19 PM GMT-3 [Modules] Streaming discord_utils@1 to /home/vinicius/.config/discord/0.0.117/modules/pending/discord_utils-1.zip: 7%
12/4/2025, 9:46:19 PM GMT-3 [Modules] Streaming discord_utils@1 to /home/vinicius/.config/discord/0.0.117/modules/pending/discord_utils-1.zip: 8%
12/4/2025, 9:46:19 PM GMT-3 [Modules] Streaming discord_utils@1 to /home/vinicius/.config/discord/0.0.117/modules/pending/discord_utils-1.zip: 9%
12/4/2025, 9:46:19 PM GMT-3 [Modules] Streaming discord_utils@1 to /home/vinicius/.config/discord/0.0.117/modules/pending/discord_utils-1.zip: 10%
12/4/2025, 9:46:19 PM GMT-3 [Modules] Streaming discord_utils@1 to /home/vinicius/.config/discord/0.0.117/modules/pending/discord_utils-1.zip: 11%
12/4/2025, 9:46:19 PM GMT-3 [Modules] Streaming discord_utils@1 to /home/vinicius/.config/discord/0.0.117/modules/pending/discord_utils-1.zip: 12%
12/4/2025, 9:46:19 PM GMT-3 [Modules] Streaming discord_utils@1 to /home/vinicius/.config/discord/0.0.117/modules/pending/discord_utils-1.zip: 13%
12/4/2025, 9:46:19 PM GMT-3 [Modules] Streaming discord_utils@1 to /home/vinicius/.config/discord/0.0.117/modules/pending/discord_utils-1.zip: 14%
12/4/2025, 9:46:19 PM GMT-3 [Modules] Streaming discord_utils@1 to /home/vinicius/.config/discord/0.0.117/modules/pending/discord_utils-1.zip: 15%
12/4/2025, 9:46:19 PM GMT-3 [Modules] Streaming discord_utils@1 to /home/vinicius/.config/discord/0.0.117/modules/pending/discord_utils-1.zip: 16%
12/4/2025, 9:46:19 PM GMT-3 [Modules] Streaming discord_utils@1 to /home/vinicius/.config/discord/0.0.117/modules/pending/discord_utils-1.zip: 17%
12/4/2025, 9:46:19 PM GMT-3 [Modules] Streaming discord_utils@1 to /home/vinicius/.config/discord/0.0.117/modules/pending/discord_utils-1.zip: 18%
12/4/2025, 9:46:19 PM GMT-3 [Modules] Streaming discord_utils@1 to /home/vinicius/.config/discord/0.0.117/modules/pending/discord_utils-1.zip: 19%
12/4/2025, 9:46:19 PM GMT-3 [Modules] Streaming discord_utils@1 to /home/vinicius/.config/discord/0.0.117/modules/pending/discord_utils-1.zip: 20%
12/4/2025, 9:46:19 PM GMT-3 [Modules] Streaming discord_utils@1 to /home/vinicius/.config/discord/0.0.117/modules/pending/discord_utils-1.zip: 21%
12/4/2025, 9:46:19 PM GMT-3 [Modules] Streaming discord_utils@1 to /home/vinicius/.config/discord/0.0.117/modules/pending/discord_utils-1.zip: 22%
12/4/2025, 9:46:19 PM GMT-3 [Modules] Streaming discord_utils@1 to /home/vinicius/.config/discord/0.0.117/modules/pending/discord_utils-1.zip: 23%
12/4/2025, 9:46:19 PM GMT-3 [Modules] Streaming discord_utils@1 to /home/vinicius/.config/discord/0.0.117/modules/pending/discord_utils-1.zip: 24%
12/4/2025, 9:46:19 PM GMT-3 [Modules] Streaming discord_utils@1 to /home/vinicius/.config/discord/0.0.117/modules/pending/discord_utils-1.zip: 25%
12/4/2025, 9:46:19 PM GMT-3 [Modules] Streaming discord_utils@1 to /home/vinicius/.config/discord/0.0.117/modules/pending/discord_utils-1.zip: 26%
12/4/2025, 9:46:19 PM GMT-3 [Modules] Streaming discord_utils@1 to /home/vinicius/.config/discord/0.0.117/modules/pending/discord_utils-1.zip: 27%
12/4/2025, 9:46:19 PM GMT-3 [Modules] Streaming discord_utils@1 to /home/vinicius/.config/discord/0.0.117/modules/pending/discord_utils-1.zip: 28%
12/4/2025, 9:46:19 PM GMT-3 [Modules] Streaming discord_utils@1 to /home/vinicius/.config/discord/0.0.117/modules/pending/discord_utils-1.zip: 29%
12/4/2025, 9:46:19 PM GMT-3 [Modules] Streaming discord_utils@1 to /home/vinicius/.config/discord/0.0.117/modules/pending/discord_utils-1.zip: 30%
12/4/2025, 9:46:19 PM GMT-3 [Modules] Streaming discord_utils@1 to /home/vinicius/.config/discord/0.0.117/modules/pending/discord_utils-1.zip: 31%
12/4/2025, 9:46:19 PM GMT-3 [Modules] Streaming discord_utils@1 to /home/vinicius/.config/discord/0.0.117/modules/pending/discord_utils-1.zip: 32%
12/4/2025, 9:46:19 PM GMT-3 [Modules] Streaming discord_utils@1 to /home/vinicius/.config/discord/0.0.117/modules/pending/discord_utils-1.zip: 33%
12/4/2025, 9:46:19 PM GMT-3 [Modules] Streaming discord_utils@1 to /home/vinicius/.config/discord/0.0.117/modules/pending/discord_utils-1.zip: 35%
12/4/2025, 9:46:19 PM GMT-3 [Modules] Streaming discord_utils@1 to /home/vinicius/.config/discord/0.0.117/modules/pending/discord_utils-1.zip: 36%
12/4/2025, 9:46:19 PM GMT-3 [Modules] Streaming discord_utils@1 to /home/vinicius/.config/discord/0.0.117/modules/pending/discord_utils-1.zip: 37%
12/4/2025, 9:46:19 PM GMT-3 [Modules] Streaming discord_utils@1 to /home/vinicius/.config/discord/0.0.117/modules/pending/discord_utils-1.zip: 39%
12/4/2025, 9:46:19 PM GMT-3 [Modules] Streaming discord_utils@1 to /home/vinicius/.config/discord/0.0.117/modules/pending/discord_utils-1.zip: 40%
12/4/2025, 9:46:19 PM GMT-3 [Modules] Streaming discord_utils@1 to /home/vinicius/.config/discord/0.0.117/modules/pending/discord_utils-1.zip: 41%
12/4/2025, 9:46:19 PM GMT-3 [Modules] Streaming discord_utils@1 to /home/vinicius/.config/discord/0.0.117/modules/pending/discord_utils-1.zip: 42%
12/4/2025, 9:46:20 PM GMT-3 [Modules] Streaming discord_utils@1 to /home/vinicius/.config/discord/0.0.117/modules/pending/discord_utils-1.zip: 44%
12/4/2025, 9:46:20 PM GMT-3 [Modules] Streaming discord_utils@1 to /home/vinicius/.config/discord/0.0.117/modules/pending/discord_utils-1.zip: 47%
12/4/2025, 9:46:20 PM GMT-3 [Modules] Streaming discord_utils@1 to /home/vinicius/.config/discord/0.0.117/modules/pending/discord_utils-1.zip: 49%
12/4/2025, 9:46:20 PM GMT-3 [Modules] Streaming discord_utils@1 to /home/vinicius/.config/discord/0.0.117/modules/pending/discord_utils-1.zip: 50%
12/4/2025, 9:46:20 PM GMT-3 [Modules] Streaming discord_utils@1 to /home/vinicius/.config/discord/0.0.117/modules/pending/discord_utils-1.zip: 51%
12/4/2025, 9:46:20 PM GMT-3 [Modules] Streaming discord_utils@1 to /home/vinicius/.config/discord/0.0.117/modules/pending/discord_utils-1.zip: 52%
12/4/2025, 9:46:20 PM GMT-3 [Modules] Streaming discord_utils@1 to /home/vinicius/.config/discord/0.0.117/modules/pending/discord_utils-1.zip: 53%
12/4/2025, 9:46:20 PM GMT-3 [Modules] Streaming discord_utils@1 to /home/vinicius/.config/discord/0.0.117/modules/pending/discord_utils-1.zip: 54%
12/4/2025, 9:46:20 PM GMT-3 [Modules] Streaming discord_utils@1 to /home/vinicius/.config/discord/0.0.117/modules/pending/discord_utils-1.zip: 57%
12/4/2025, 9:46:20 PM GMT-3 [Modules] Streaming discord_utils@1 to /home/vinicius/.config/discord/0.0.117/modules/pending/discord_utils-1.zip: 58%
12/4/2025, 9:46:20 PM GMT-3 [Modules] Streaming discord_utils@1 to /home/vinicius/.config/discord/0.0.117/modules/pending/discord_utils-1.zip: 59%
12/4/2025, 9:46:20 PM GMT-3 [Modules] Streaming discord_utils@1 to /home/vinicius/.config/discord/0.0.117/modules/pending/discord_utils-1.zip: 60%
12/4/2025, 9:46:20 PM GMT-3 [Modules] Streaming discord_utils@1 to /home/vinicius/.config/discord/0.0.117/modules/pending/discord_utils-1.zip: 61%
12/4/2025, 9:46:20 PM GMT-3 [Modules] Streaming discord_utils@1 to /home/vinicius/.config/discord/0.0.117/modules/pending/discord_utils-1.zip: 62%
12/4/2025, 9:46:20 PM GMT-3 [Modules] Streaming discord_utils@1 to /home/vinicius/.config/discord/0.0.117/modules/pending/discord_utils-1.zip: 63%
12/4/2025, 9:46:20 PM GMT-3 [Modules] Streaming discord_utils@1 to /home/vinicius/.config/discord/0.0.117/modules/pending/discord_utils-1.zip: 64%
12/4/2025, 9:46:20 PM GMT-3 [Modules] Streaming discord_utils@1 to /home/vinicius/.config/discord/0.0.117/modules/pending/discord_utils-1.zip: 65%
12/4/2025, 9:46:20 PM GMT-3 [Modules] Streaming discord_utils@1 to /home/vinicius/.config/discord/0.0.117/modules/pending/discord_utils-1.zip: 66%
12/4/2025, 9:46:20 PM GMT-3 [Modules] Streaming discord_utils@1 to /home/vinicius/.config/discord/0.0.117/modules/pending/discord_utils-1.zip: 67%
12/4/2025, 9:46:20 PM GMT-3 [Modules] Streaming discord_utils@1 to /home/vinicius/.config/discord/0.0.117/modules/pending/discord_utils-1.zip: 68%
12/4/2025, 9:46:20 PM GMT-3 [Modules] Streaming discord_utils@1 to /home/vinicius/.config/discord/0.0.117/modules/pending/discord_utils-1.zip: 69%
12/4/2025, 9:46:20 PM GMT-3 [Modules] Streaming discord_utils@1 to /home/vinicius/.config/discord/0.0.117/modules/pending/discord_utils-1.zip: 70%
12/4/2025, 9:46:20 PM GMT-3 [Modules] Streaming discord_utils@1 to /home/vinicius/.config/discord/0.0.117/modules/pending/discord_utils-1.zip: 71%
12/4/2025, 9:46:20 PM GMT-3 [Modules] Streaming discord_utils@1 to /home/vinicius/.config/discord/0.0.117/modules/pending/discord_utils-1.zip: 72%
12/4/2025, 9:46:20 PM GMT-3 [Modules] Streaming discord_utils@1 to /home/vinicius/.config/discord/0.0.117/modules/pending/discord_utils-1.zip: 73%
12/4/2025, 9:46:20 PM GMT-3 [Modules] Streaming discord_utils@1 to /home/vinicius/.config/discord/0.0.117/modules/pending/discord_utils-1.zip: 74%
12/4/2025, 9:46:20 PM GMT-3 [Modules] Streaming discord_utils@1 to /home/vinicius/.config/discord/0.0.117/modules/pending/discord_utils-1.zip: 77%
12/4/2025, 9:46:20 PM GMT-3 [Modules] Streaming discord_utils@1 to /home/vinicius/.config/discord/0.0.117/modules/pending/discord_utils-1.zip: 78%
12/4/2025, 9:46:20 PM GMT-3 [Modules] Streaming discord_utils@1 to /home/vinicius/.config/discord/0.0.117/modules/pending/discord_utils-1.zip: 79%
12/4/2025, 9:46:20 PM GMT-3 [Modules] Streaming discord_utils@1 to /home/vinicius/.config/discord/0.0.117/modules/pending/discord_utils-1.zip: 80%
12/4/2025, 9:46:20 PM GMT-3 [Modules] Streaming discord_utils@1 to /home/vinicius/.config/discord/0.0.117/modules/pending/discord_utils-1.zip: 81%
12/4/2025, 9:46:20 PM GMT-3 [Modules] Streaming discord_utils@1 to /home/vinicius/.config/discord/0.0.117/modules/pending/discord_utils-1.zip: 82%
12/4/2025, 9:46:20 PM GMT-3 [Modules] Streaming discord_utils@1 to /home/vinicius/.config/discord/0.0.117/modules/pending/discord_utils-1.zip: 83%
12/4/2025, 9:46:20 PM GMT-3 [Modules] Streaming discord_utils@1 to /home/vinicius/.config/discord/0.0.117/modules/pending/discord_utils-1.zip: 84%
12/4/2025, 9:46:20 PM GMT-3 [Modules] Streaming discord_utils@1 to /home/vinicius/.config/discord/0.0.117/modules/pending/discord_utils-1.zip: 85%
12/4/2025, 9:46:20 PM GMT-3 [Modules] Streaming discord_utils@1 to /home/vinicius/.config/discord/0.0.117/modules/pending/discord_utils-1.zip: 86%
12/4/2025, 9:46:20 PM GMT-3 [Modules] Streaming discord_utils@1 to /home/vinicius/.config/discord/0.0.117/modules/pending/discord_utils-1.zip: 87%
12/4/2025, 9:46:20 PM GMT-3 [Modules] Streaming discord_utils@1 to /home/vinicius/.config/discord/0.0.117/modules/pending/discord_utils-1.zip: 88%
12/4/2025, 9:46:20 PM GMT-3 [Modules] Streaming discord_utils@1 to /home/vinicius/.config/discord/0.0.117/modules/pending/discord_utils-1.zip: 89%
12/4/2025, 9:46:20 PM GMT-3 [Modules] Streaming discord_utils@1 to /home/vinicius/.config/discord/0.0.117/modules/pending/discord_utils-1.zip: 90%
12/4/2025, 9:46:20 PM GMT-3 [Modules] Streaming discord_utils@1 to /home/vinicius/.config/discord/0.0.117/modules/pending/discord_utils-1.zip: 92%
12/4/2025, 9:46:20 PM GMT-3 [Modules] Streaming discord_utils@1 to /home/vinicius/.config/discord/0.0.117/modules/pending/discord_utils-1.zip: 93%
12/4/2025, 9:46:21 PM GMT-3 [Modules] Streaming discord_utils@1 to /home/vinicius/.config/discord/0.0.117/modules/pending/discord_utils-1.zip: 94%
12/4/2025, 9:46:21 PM GMT-3 [Modules] Streaming discord_utils@1 to /home/vinicius/.config/discord/0.0.117/modules/pending/discord_utils-1.zip: 95%
12/4/2025, 9:46:21 PM GMT-3 [Modules] Streaming discord_utils@1 to /home/vinicius/.config/discord/0.0.117/modules/pending/discord_utils-1.zip: 96%
12/4/2025, 9:46:21 PM GMT-3 [Modules] Streaming discord_utils@1 to /home/vinicius/.config/discord/0.0.117/modules/pending/discord_utils-1.zip: 97%
12/4/2025, 9:46:21 PM GMT-3 [Modules] Streaming discord_utils@1 to /home/vinicius/.config/discord/0.0.117/modules/pending/discord_utils-1.zip: 98%
12/4/2025, 9:46:21 PM GMT-3 [Modules] Streaming discord_utils@1 to /home/vinicius/.config/discord/0.0.117/modules/pending/discord_utils-1.zip: 99%
12/4/2025, 9:46:21 PM GMT-3 [Modules] Streaming discord_utils@1 to /home/vinicius/.config/discord/0.0.117/modules/pending/discord_utils-1.zip: 100%
12/4/2025, 9:46:21 PM GMT-3 [Modules] Fetching discord_voice@1 from https://discord.com/api/modules/stable/discord_voice/1
12/4/2025, 9:46:21 PM GMT-3 [Modules] Streaming discord_voice@1 to /home/vinicius/.config/discord/0.0.117/modules/pending/discord_voice-1.zip
12/4/2025, 9:46:21 PM GMT-3 [Modules] Streaming discord_voice@1 to /home/vinicius/.config/discord/0.0.117/modules/pending/discord_voice-1.zip: 1%
12/4/2025, 9:46:22 PM GMT-3 [Modules] Streaming discord_voice@1 to /home/vinicius/.config/discord/0.0.117/modules/pending/discord_voice-1.zip: 2%
12/4/2025, 9:46:22 PM GMT-3 [Modules] Streaming discord_voice@1 to /home/vinicius/.config/discord/0.0.117/modules/pending/discord_voice-1.zip: 3%
12/4/2025, 9:46:22 PM GMT-3 [Modules] Streaming discord_voice@1 to /home/vinicius/.config/discord/0.0.117/modules/pending/discord_voice-1.zip: 4%
12/4/2025, 9:46:22 PM GMT-3 [Modules] Streaming discord_voice@1 to /home/vinicius/.config/discord/0.0.117/modules/pending/discord_voice-1.zip: 5%
12/4/2025, 9:46:22 PM GMT-3 [Modules] Streaming discord_voice@1 to /home/vinicius/.config/discord/0.0.117/modules/pending/discord_voice-1.zip: 6%
12/4/2025, 9:46:22 PM GMT-3 [Modules] Streaming discord_voice@1 to /home/vinicius/.config/discord/0.0.117/modules/pending/discord_voice-1.zip: 7%
12/4/2025, 9:46:23 PM GMT-3 [Modules] Streaming discord_voice@1 to /home/vinicius/.config/discord/0.0.117/modules/pending/discord_voice-1.zip: 8%
12/4/2025, 9:46:23 PM GMT-3 [Modules] Streaming discord_voice@1 to /home/vinicius/.config/discord/0.0.117/modules/pending/discord_voice-1.zip: 9%
12/4/2025, 9:46:23 PM GMT-3 [Modules] Streaming discord_voice@1 to /home/vinicius/.config/discord/0.0.117/modules/pending/discord_voice-1.zip: 10%
12/4/2025, 9:46:23 PM GMT-3 [Modules] Streaming discord_voice@1 to /home/vinicius/.config/discord/0.0.117/modules/pending/discord_voice-1.zip: 11%
12/4/2025, 9:46:23 PM GMT-3 [Modules] Streaming discord_voice@1 to /home/vinicius/.config/discord/0.0.117/modules/pending/discord_voice-1.zip: 12%
12/4/2025, 9:46:23 PM GMT-3 [Modules] Streaming discord_voice@1 to /home/vinicius/.config/discord/0.0.117/modules/pending/discord_voice-1.zip: 13%
12/4/2025, 9:46:23 PM GMT-3 [Modules] Streaming discord_voice@1 to /home/vinicius/.config/discord/0.0.117/modules/pending/discord_voice-1.zip: 14%
12/4/2025, 9:46:23 PM GMT-3 [Modules] Streaming discord_voice@1 to /home/vinicius/.config/discord/0.0.117/modules/pending/discord_voice-1.zip: 15%
12/4/2025, 9:46:23 PM GMT-3 [Modules] Streaming discord_voice@1 to /home/vinicius/.config/discord/0.0.117/modules/pending/discord_voice-1.zip: 16%
12/4/2025, 9:46:24 PM GMT-3 [Modules] Streaming discord_voice@1 to /home/vinicius/.config/discord/0.0.117/modules/pending/discord_voice-1.zip: 17%
12/4/2025, 9:46:24 PM GMT-3 [Modules] Streaming discord_voice@1 to /home/vinicius/.config/discord/0.0.117/modules/pending/discord_voice-1.zip: 18%
12/4/2025, 9:46:24 PM GMT-3 [Modules] Streaming discord_voice@1 to /home/vinicius/.config/discord/0.0.117/modules/pending/discord_voice-1.zip: 19%
12/4/2025, 9:46:24 PM GMT-3 [Modules] Streaming discord_voice@1 to /home/vinicius/.config/discord/0.0.117/modules/pending/discord_voice-1.zip: 20%
12/4/2025, 9:46:24 PM GMT-3 [Modules] Streaming discord_voice@1 to /home/vinicius/.config/discord/0.0.117/modules/pending/discord_voice-1.zip: 21%
12/4/2025, 9:46:24 PM GMT-3 [Modules] Streaming discord_voice@1 to /home/vinicius/.config/discord/0.0.117/modules/pending/discord_voice-1.zip: 22%
12/4/2025, 9:46:24 PM GMT-3 [Modules] Streaming discord_voice@1 to /home/vinicius/.config/discord/0.0.117/modules/pending/discord_voice-1.zip: 23%
12/4/2025, 9:46:24 PM GMT-3 [Modules] Streaming discord_voice@1 to /home/vinicius/.config/discord/0.0.117/modules/pending/discord_voice-1.zip: 24%
12/4/2025, 9:46:24 PM GMT-3 [Modules] Streaming discord_voice@1 to /home/vinicius/.config/discord/0.0.117/modules/pending/discord_voice-1.zip: 25%
12/4/2025, 9:46:25 PM GMT-3 [Modules] Streaming discord_voice@1 to /home/vinicius/.config/discord/0.0.117/modules/pending/discord_voice-1.zip: 26%
12/4/2025, 9:46:25 PM GMT-3 [Modules] Streaming discord_voice@1 to /home/vinicius/.config/discord/0.0.117/modules/pending/discord_voice-1.zip: 27%
12/4/2025, 9:46:25 PM GMT-3 [Modules] Streaming discord_voice@1 to /home/vinicius/.config/discord/0.0.117/modules/pending/discord_voice-1.zip: 28%
12/4/2025, 9:46:25 PM GMT-3 [Modules] Streaming discord_voice@1 to /home/vinicius/.config/discord/0.0.117/modules/pending/discord_voice-1.zip: 29%
12/4/2025, 9:46:25 PM GMT-3 [Modules] Streaming discord_voice@1 to /home/vinicius/.config/discord/0.0.117/modules/pending/discord_voice-1.zip: 30%
12/4/2025, 9:46:25 PM GMT-3 [Modules] Streaming discord_voice@1 to /home/vinicius/.config/discord/0.0.117/modules/pending/discord_voice-1.zip: 31%
12/4/2025, 9:46:25 PM GMT-3 [Modules] Streaming discord_voice@1 to /home/vinicius/.config/discord/0.0.117/modules/pending/discord_voice-1.zip: 32%
12/4/2025, 9:46:25 PM GMT-3 [Modules] Streaming discord_voice@1 to /home/vinicius/.config/discord/0.0.117/modules/pending/discord_voice-1.zip: 33%
12/4/2025, 9:46:25 PM GMT-3 [Modules] Streaming discord_voice@1 to /home/vinicius/.config/discord/0.0.117/modules/pending/discord_voice-1.zip: 34%
12/4/2025, 9:46:26 PM GMT-3 [Modules] Streaming discord_voice@1 to /home/vinicius/.config/discord/0.0.117/modules/pending/discord_voice-1.zip: 35%
12/4/2025, 9:46:26 PM GMT-3 [Modules] Streaming discord_voice@1 to /home/vinicius/.config/discord/0.0.117/modules/pending/discord_voice-1.zip: 36%
12/4/2025, 9:46:26 PM GMT-3 [Modules] Streaming discord_voice@1 to /home/vinicius/.config/discord/0.0.117/modules/pending/discord_voice-1.zip: 37%
12/4/2025, 9:46:26 PM GMT-3 [Modules] Streaming discord_voice@1 to /home/vinicius/.config/discord/0.0.117/modules/pending/discord_voice-1.zip: 38%
12/4/2025, 9:46:26 PM GMT-3 [Modules] Streaming discord_voice@1 to /home/vinicius/.config/discord/0.0.117/modules/pending/discord_voice-1.zip: 39%
12/4/2025, 9:46:26 PM GMT-3 [Modules] Streaming discord_voice@1 to /home/vinicius/.config/discord/0.0.117/modules/pending/discord_voice-1.zip: 40%
12/4/2025, 9:46:26 PM GMT-3 [Modules] Streaming discord_voice@1 to /home/vinicius/.config/discord/0.0.117/modules/pending/discord_voice-1.zip: 41%
12/4/2025, 9:46:26 PM GMT-3 [Modules] Streaming discord_voice@1 to /home/vinicius/.config/discord/0.0.117/modules/pending/discord_voice-1.zip: 42%
12/4/2025, 9:46:26 PM GMT-3 [Modules] Streaming discord_voice@1 to /home/vinicius/.config/discord/0.0.117/modules/pending/discord_voice-1.zip: 43%
12/4/2025, 9:46:27 PM GMT-3 [Modules] Streaming discord_voice@1 to /home/vinicius/.config/discord/0.0.117/modules/pending/discord_voice-1.zip: 44%
12/4/2025, 9:46:27 PM GMT-3 [Modules] Streaming discord_voice@1 to /home/vinicius/.config/discord/0.0.117/modules/pending/discord_voice-1.zip: 45%
12/4/2025, 9:46:27 PM GMT-3 [Modules] Streaming discord_voice@1 to /home/vinicius/.config/discord/0.0.117/modules/pending/discord_voice-1.zip: 46%
12/4/2025, 9:46:27 PM GMT-3 [Modules] Streaming discord_voice@1 to /home/vinicius/.config/discord/0.0.117/modules/pending/discord_voice-1.zip: 47%
12/4/2025, 9:46:27 PM GMT-3 [Modules] Streaming discord_voice@1 to /home/vinicius/.config/discord/0.0.117/modules/pending/discord_voice-1.zip: 48%
12/4/2025, 9:46:27 PM GMT-3 [Modules] Streaming discord_voice@1 to /home/vinicius/.config/discord/0.0.117/modules/pending/discord_voice-1.zip: 49%
12/4/2025, 9:46:27 PM GMT-3 [Modules] Streaming discord_voice@1 to /home/vinicius/.config/discord/0.0.117/modules/pending/discord_voice-1.zip: 50%
12/4/2025, 9:46:27 PM GMT-3 [Modules] Streaming discord_voice@1 to /home/vinicius/.config/discord/0.0.117/modules/pending/discord_voice-1.zip: 51%
12/4/2025, 9:46:28 PM GMT-3 [Modules] Streaming discord_voice@1 to /home/vinicius/.config/discord/0.0.117/modules/pending/discord_voice-1.zip: 52%
12/4/2025, 9:46:28 PM GMT-3 [Modules] Streaming discord_voice@1 to /home/vinicius/.config/discord/0.0.117/modules/pending/discord_voice-1.zip: 53%
12/4/2025, 9:46:28 PM GMT-3 [Modules] Streaming discord_voice@1 to /home/vinicius/.config/discord/0.0.117/modules/pending/discord_voice-1.zip: 54%
12/4/2025, 9:46:28 PM GMT-3 [Modules] Streaming discord_voice@1 to /home/vinicius/.config/discord/0.0.117/modules/pending/discord_voice-1.zip: 55%
12/4/2025, 9:46:28 PM GMT-3 [Modules] Streaming discord_voice@1 to /home/vinicius/.config/discord/0.0.117/modules/pending/discord_voice-1.zip: 56%
12/4/2025, 9:46:28 PM GMT-3 [Modules] Streaming discord_voice@1 to /home/vinicius/.config/discord/0.0.117/modules/pending/discord_voice-1.zip: 57%
12/4/2025, 9:46:28 PM GMT-3 [Modules] Streaming discord_voice@1 to /home/vinicius/.config/discord/0.0.117/modules/pending/discord_voice-1.zip: 58%
12/4/2025, 9:46:28 PM GMT-3 [Modules] Streaming discord_voice@1 to /home/vinicius/.config/discord/0.0.117/modules/pending/discord_voice-1.zip: 59%
12/4/2025, 9:46:28 PM GMT-3 [Modules] Streaming discord_voice@1 to /home/vinicius/.config/discord/0.0.117/modules/pending/discord_voice-1.zip: 60%
12/4/2025, 9:46:29 PM GMT-3 [Modules] Streaming discord_voice@1 to /home/vinicius/.config/discord/0.0.117/modules/pending/discord_voice-1.zip: 61%
12/4/2025, 9:46:29 PM GMT-3 [Modules] Streaming discord_voice@1 to /home/vinicius/.config/discord/0.0.117/modules/pending/discord_voice-1.zip: 62%
12/4/2025, 9:46:29 PM GMT-3 [Modules] Streaming discord_voice@1 to /home/vinicius/.config/discord/0.0.117/modules/pending/discord_voice-1.zip: 63%
12/4/2025, 9:46:29 PM GMT-3 [Modules] Streaming discord_voice@1 to /home/vinicius/.config/discord/0.0.117/modules/pending/discord_voice-1.zip: 64%
12/4/2025, 9:46:29 PM GMT-3 [Modules] Streaming discord_voice@1 to /home/vinicius/.config/discord/0.0.117/modules/pending/discord_voice-1.zip: 65%
12/4/2025, 9:46:29 PM GMT-3 [Modules] Streaming discord_voice@1 to /home/vinicius/.config/discord/0.0.117/modules/pending/discord_voice-1.zip: 66%
12/4/2025, 9:46:29 PM GMT-3 [Modules] Streaming discord_voice@1 to /home/vinicius/.config/discord/0.0.117/modules/pending/discord_voice-1.zip: 67%
12/4/2025, 9:46:29 PM GMT-3 [Modules] Streaming discord_voice@1 to /home/vinicius/.config/discord/0.0.117/modules/pending/discord_voice-1.zip: 68%
12/4/2025, 9:46:29 PM GMT-3 [Modules] Streaming discord_voice@1 to /home/vinicius/.config/discord/0.0.117/modules/pending/discord_voice-1.zip: 69%
12/4/2025, 9:46:30 PM GMT-3 [Modules] Streaming discord_voice@1 to /home/vinicius/.config/discord/0.0.117/modules/pending/discord_voice-1.zip: 70%
12/4/2025, 9:46:30 PM GMT-3 [Modules] Streaming discord_voice@1 to /home/vinicius/.config/discord/0.0.117/modules/pending/discord_voice-1.zip: 71%
12/4/2025, 9:46:30 PM GMT-3 [Modules] Streaming discord_voice@1 to /home/vinicius/.config/discord/0.0.117/modules/pending/discord_voice-1.zip: 72%
12/4/2025, 9:46:30 PM GMT-3 [Modules] Streaming discord_voice@1 to /home/vinicius/.config/discord/0.0.117/modules/pending/discord_voice-1.zip: 73%
12/4/2025, 9:46:30 PM GMT-3 [Modules] Streaming discord_voice@1 to /home/vinicius/.config/discord/0.0.117/modules/pending/discord_voice-1.zip: 74%
12/4/2025, 9:46:30 PM GMT-3 [Modules] Streaming discord_voice@1 to /home/vinicius/.config/discord/0.0.117/modules/pending/discord_voice-1.zip: 75%
12/4/2025, 9:46:30 PM GMT-3 [Modules] Streaming discord_voice@1 to /home/vinicius/.config/discord/0.0.117/modules/pending/discord_voice-1.zip: 76%
12/4/2025, 9:46:30 PM GMT-3 [Modules] Streaming discord_voice@1 to /home/vinicius/.config/discord/0.0.117/modules/pending/discord_voice-1.zip: 77%
12/4/2025, 9:46:30 PM GMT-3 [Modules] Streaming discord_voice@1 to /home/vinicius/.config/discord/0.0.117/modules/pending/discord_voice-1.zip: 78%
12/4/2025, 9:46:31 PM GMT-3 [Modules] Streaming discord_voice@1 to /home/vinicius/.config/discord/0.0.117/modules/pending/discord_voice-1.zip: 79%
12/4/2025, 9:46:31 PM GMT-3 [Modules] Streaming discord_voice@1 to /home/vinicius/.config/discord/0.0.117/modules/pending/discord_voice-1.zip: 80%
12/4/2025, 9:46:31 PM GMT-3 [Modules] Streaming discord_voice@1 to /home/vinicius/.config/discord/0.0.117/modules/pending/discord_voice-1.zip: 81%
12/4/2025, 9:46:31 PM GMT-3 [Modules] Streaming discord_voice@1 to /home/vinicius/.config/discord/0.0.117/modules/pending/discord_voice-1.zip: 82%
12/4/2025, 9:46:31 PM GMT-3 [Modules] Streaming discord_voice@1 to /home/vinicius/.config/discord/0.0.117/modules/pending/discord_voice-1.zip: 83%
12/4/2025, 9:46:31 PM GMT-3 [Modules] Streaming discord_voice@1 to /home/vinicius/.config/discord/0.0.117/modules/pending/discord_voice-1.zip: 84%
12/4/2025, 9:46:31 PM GMT-3 [Modules] Streaming discord_voice@1 to /home/vinicius/.config/discord/0.0.117/modules/pending/discord_voice-1.zip: 85%
12/4/2025, 9:46:31 PM GMT-3 [Modules] Streaming discord_voice@1 to /home/vinicius/.config/discord/0.0.117/modules/pending/discord_voice-1.zip: 86%
12/4/2025, 9:46:31 PM GMT-3 [Modules] Streaming discord_voice@1 to /home/vinicius/.config/discord/0.0.117/modules/pending/discord_voice-1.zip: 87%
12/4/2025, 9:46:32 PM GMT-3 [Modules] Streaming discord_voice@1 to /home/vinicius/.config/discord/0.0.117/modules/pending/discord_voice-1.zip: 88%
12/4/2025, 9:46:32 PM GMT-3 [Modules] Streaming discord_voice@1 to /home/vinicius/.config/discord/0.0.117/modules/pending/discord_voice-1.zip: 89%
12/4/2025, 9:46:32 PM GMT-3 [Modules] Streaming discord_voice@1 to /home/vinicius/.config/discord/0.0.117/modules/pending/discord_voice-1.zip: 90%
12/4/2025, 9:46:32 PM GMT-3 [Modules] Streaming discord_voice@1 to /home/vinicius/.config/discord/0.0.117/modules/pending/discord_voice-1.zip: 91%
12/4/2025, 9:46:32 PM GMT-3 [Modules] Streaming discord_voice@1 to /home/vinicius/.config/discord/0.0.117/modules/pending/discord_voice-1.zip: 92%
12/4/2025, 9:46:32 PM GMT-3 [Modules] Streaming discord_voice@1 to /home/vinicius/.config/discord/0.0.117/modules/pending/discord_voice-1.zip: 93%
12/4/2025, 9:46:32 PM GMT-3 [Modules] Streaming discord_voice@1 to /home/vinicius/.config/discord/0.0.117/modules/pending/discord_voice-1.zip: 94%
12/4/2025, 9:46:32 PM GMT-3 [Modules] Streaming discord_voice@1 to /home/vinicius/.config/discord/0.0.117/modules/pending/discord_voice-1.zip: 95%
12/4/2025, 9:46:32 PM GMT-3 [Modules] Streaming discord_voice@1 to /home/vinicius/.config/discord/0.0.117/modules/pending/discord_voice-1.zip: 96%
12/4/2025, 9:46:33 PM GMT-3 [Modules] Streaming discord_voice@1 to /home/vinicius/.config/discord/0.0.117/modules/pending/discord_voice-1.zip: 97%
12/4/2025, 9:46:33 PM GMT-3 [Modules] Streaming discord_voice@1 to /home/vinicius/.config/discord/0.0.117/modules/pending/discord_voice-1.zip: 98%
12/4/2025, 9:46:33 PM GMT-3 [Modules] Streaming discord_voice@1 to /home/vinicius/.config/discord/0.0.117/modules/pending/discord_voice-1.zip: 99%
12/4/2025, 9:46:33 PM GMT-3 [Modules] Streaming discord_voice@1 to /home/vinicius/.config/discord/0.0.117/modules/pending/discord_voice-1.zip: 100%
12/4/2025, 9:46:33 PM GMT-3 [Modules] Fetching discord_zstd@1 from https://discord.com/api/modules/stable/discord_zstd/1
12/4/2025, 9:46:33 PM GMT-3 [Modules] Streaming discord_zstd@1 to /home/vinicius/.config/discord/0.0.117/modules/pending/discord_zstd-1.zip
12/4/2025, 9:46:34 PM GMT-3 [Modules] Streaming discord_zstd@1 to /home/vinicius/.config/discord/0.0.117/modules/pending/discord_zstd-1.zip: 1%
12/4/2025, 9:46:34 PM GMT-3 [Modules] Streaming discord_zstd@1 to /home/vinicius/.config/discord/0.0.117/modules/pending/discord_zstd-1.zip: 2%
12/4/2025, 9:46:34 PM GMT-3 [Modules] Streaming discord_zstd@1 to /home/vinicius/.config/discord/0.0.117/modules/pending/discord_zstd-1.zip: 4%
12/4/2025, 9:46:34 PM GMT-3 [Modules] Streaming discord_zstd@1 to /home/vinicius/.config/discord/0.0.117/modules/pending/discord_zstd-1.zip: 6%
12/4/2025, 9:46:34 PM GMT-3 [Modules] Streaming discord_zstd@1 to /home/vinicius/.config/discord/0.0.117/modules/pending/discord_zstd-1.zip: 7%
12/4/2025, 9:46:34 PM GMT-3 [Modules] Streaming discord_zstd@1 to /home/vinicius/.config/discord/0.0.117/modules/pending/discord_zstd-1.zip: 10%
12/4/2025, 9:46:34 PM GMT-3 [Modules] Streaming discord_zstd@1 to /home/vinicius/.config/discord/0.0.117/modules/pending/discord_zstd-1.zip: 11%
12/4/2025, 9:46:34 PM GMT-3 [Modules] Streaming discord_zstd@1 to /home/vinicius/.config/discord/0.0.117/modules/pending/discord_zstd-1.zip: 12%
12/4/2025, 9:46:34 PM GMT-3 [Modules] Streaming discord_zstd@1 to /home/vinicius/.config/discord/0.0.117/modules/pending/discord_zstd-1.zip: 13%
12/4/2025, 9:46:34 PM GMT-3 [Modules] Streaming discord_zstd@1 to /home/vinicius/.config/discord/0.0.117/modules/pending/discord_zstd-1.zip: 14%
12/4/2025, 9:46:34 PM GMT-3 [Modules] Streaming discord_zstd@1 to /home/vinicius/.config/discord/0.0.117/modules/pending/discord_zstd-1.zip: 15%
12/4/2025, 9:46:34 PM GMT-3 [Modules] Streaming discord_zstd@1 to /home/vinicius/.config/discord/0.0.117/modules/pending/discord_zstd-1.zip: 16%
12/4/2025, 9:46:34 PM GMT-3 [Modules] Streaming discord_zstd@1 to /home/vinicius/.config/discord/0.0.117/modules/pending/discord_zstd-1.zip: 17%
12/4/2025, 9:46:34 PM GMT-3 [Modules] Streaming discord_zstd@1 to /home/vinicius/.config/discord/0.0.117/modules/pending/discord_zstd-1.zip: 18%
12/4/2025, 9:46:34 PM GMT-3 [Modules] Streaming discord_zstd@1 to /home/vinicius/.config/discord/0.0.117/modules/pending/discord_zstd-1.zip: 19%
12/4/2025, 9:46:34 PM GMT-3 [Modules] Streaming discord_zstd@1 to /home/vinicius/.config/discord/0.0.117/modules/pending/discord_zstd-1.zip: 20%
12/4/2025, 9:46:34 PM GMT-3 [Modules] Streaming discord_zstd@1 to /home/vinicius/.config/discord/0.0.117/modules/pending/discord_zstd-1.zip: 21%
12/4/2025, 9:46:34 PM GMT-3 [Modules] Streaming discord_zstd@1 to /home/vinicius/.config/discord/0.0.117/modules/pending/discord_zstd-1.zip: 22%
12/4/2025, 9:46:34 PM GMT-3 [Modules] Streaming discord_zstd@1 to /home/vinicius/.config/discord/0.0.117/modules/pending/discord_zstd-1.zip: 23%
12/4/2025, 9:46:34 PM GMT-3 [Modules] Streaming discord_zstd@1 to /home/vinicius/.config/discord/0.0.117/modules/pending/discord_zstd-1.zip: 24%
12/4/2025, 9:46:34 PM GMT-3 [Modules] Streaming discord_zstd@1 to /home/vinicius/.config/discord/0.0.117/modules/pending/discord_zstd-1.zip: 25%
12/4/2025, 9:46:34 PM GMT-3 [Modules] Streaming discord_zstd@1 to /home/vinicius/.config/discord/0.0.117/modules/pending/discord_zstd-1.zip: 26%
12/4/2025, 9:46:34 PM GMT-3 [Modules] Streaming discord_zstd@1 to /home/vinicius/.config/discord/0.0.117/modules/pending/discord_zstd-1.zip: 27%
12/4/2025, 9:46:34 PM GMT-3 [Modules] Streaming discord_zstd@1 to /home/vinicius/.config/discord/0.0.117/modules/pending/discord_zstd-1.zip: 28%
12/4/2025, 9:46:34 PM GMT-3 [Modules] Streaming discord_zstd@1 to /home/vinicius/.config/discord/0.0.117/modules/pending/discord_zstd-1.zip: 29%
12/4/2025, 9:46:34 PM GMT-3 [Modules] Streaming discord_zstd@1 to /home/vinicius/.config/discord/0.0.117/modules/pending/discord_zstd-1.zip: 30%
12/4/2025, 9:46:34 PM GMT-3 [Modules] Streaming discord_zstd@1 to /home/vinicius/.config/discord/0.0.117/modules/pending/discord_zstd-1.zip: 31%
12/4/2025, 9:46:34 PM GMT-3 [Modules] Streaming discord_zstd@1 to /home/vinicius/.config/discord/0.0.117/modules/pending/discord_zstd-1.zip: 32%
12/4/2025, 9:46:34 PM GMT-3 [Modules] Streaming discord_zstd@1 to /home/vinicius/.config/discord/0.0.117/modules/pending/discord_zstd-1.zip: 33%
12/4/2025, 9:46:34 PM GMT-3 [Modules] Streaming discord_zstd@1 to /home/vinicius/.config/discord/0.0.117/modules/pending/discord_zstd-1.zip: 34%
12/4/2025, 9:46:34 PM GMT-3 [Modules] Streaming discord_zstd@1 to /home/vinicius/.config/discord/0.0.117/modules/pending/discord_zstd-1.zip: 35%
12/4/2025, 9:46:34 PM GMT-3 [Modules] Streaming discord_zstd@1 to /home/vinicius/.config/discord/0.0.117/modules/pending/discord_zstd-1.zip: 36%
12/4/2025, 9:46:34 PM GMT-3 [Modules] Streaming discord_zstd@1 to /home/vinicius/.config/discord/0.0.117/modules/pending/discord_zstd-1.zip: 37%
12/4/2025, 9:46:34 PM GMT-3 [Modules] Streaming discord_zstd@1 to /home/vinicius/.config/discord/0.0.117/modules/pending/discord_zstd-1.zip: 38%
12/4/2025, 9:46:34 PM GMT-3 [Modules] Streaming discord_zstd@1 to /home/vinicius/.config/discord/0.0.117/modules/pending/discord_zstd-1.zip: 39%
12/4/2025, 9:46:34 PM GMT-3 [Modules] Streaming discord_zstd@1 to /home/vinicius/.config/discord/0.0.117/modules/pending/discord_zstd-1.zip: 40%
12/4/2025, 9:46:34 PM GMT-3 [Modules] Streaming discord_zstd@1 to /home/vinicius/.config/discord/0.0.117/modules/pending/discord_zstd-1.zip: 41%
12/4/2025, 9:46:34 PM GMT-3 [Modules] Streaming discord_zstd@1 to /home/vinicius/.config/discord/0.0.117/modules/pending/discord_zstd-1.zip: 42%
12/4/2025, 9:46:34 PM GMT-3 [Modules] Streaming discord_zstd@1 to /home/vinicius/.config/discord/0.0.117/modules/pending/discord_zstd-1.zip: 45%
12/4/2025, 9:46:34 PM GMT-3 [Modules] Streaming discord_zstd@1 to /home/vinicius/.config/discord/0.0.117/modules/pending/discord_zstd-1.zip: 46%
12/4/2025, 9:46:34 PM GMT-3 [Modules] Streaming discord_zstd@1 to /home/vinicius/.config/discord/0.0.117/modules/pending/discord_zstd-1.zip: 47%
12/4/2025, 9:46:34 PM GMT-3 [Modules] Streaming discord_zstd@1 to /home/vinicius/.config/discord/0.0.117/modules/pending/discord_zstd-1.zip: 48%
12/4/2025, 9:46:34 PM GMT-3 [Modules] Streaming discord_zstd@1 to /home/vinicius/.config/discord/0.0.117/modules/pending/discord_zstd-1.zip: 49%
12/4/2025, 9:46:34 PM GMT-3 [Modules] Streaming discord_zstd@1 to /home/vinicius/.config/discord/0.0.117/modules/pending/discord_zstd-1.zip: 50%
12/4/2025, 9:46:34 PM GMT-3 [Modules] Streaming discord_zstd@1 to /home/vinicius/.config/discord/0.0.117/modules/pending/discord_zstd-1.zip: 51%
12/4/2025, 9:46:34 PM GMT-3 [Modules] Streaming discord_zstd@1 to /home/vinicius/.config/discord/0.0.117/modules/pending/discord_zstd-1.zip: 52%
12/4/2025, 9:46:34 PM GMT-3 [Modules] Streaming discord_zstd@1 to /home/vinicius/.config/discord/0.0.117/modules/pending/discord_zstd-1.zip: 53%
12/4/2025, 9:46:34 PM GMT-3 [Modules] Streaming discord_zstd@1 to /home/vinicius/.config/discord/0.0.117/modules/pending/discord_zstd-1.zip: 54%
12/4/2025, 9:46:34 PM GMT-3 [Modules] Streaming discord_zstd@1 to /home/vinicius/.config/discord/0.0.117/modules/pending/discord_zstd-1.zip: 55%
12/4/2025, 9:46:34 PM GMT-3 [Modules] Streaming discord_zstd@1 to /home/vinicius/.config/discord/0.0.117/modules/pending/discord_zstd-1.zip: 56%
12/4/2025, 9:46:34 PM GMT-3 [Modules] Streaming discord_zstd@1 to /home/vinicius/.config/discord/0.0.117/modules/pending/discord_zstd-1.zip: 57%
12/4/2025, 9:46:34 PM GMT-3 [Modules] Streaming discord_zstd@1 to /home/vinicius/.config/discord/0.0.117/modules/pending/discord_zstd-1.zip: 58%
12/4/2025, 9:46:34 PM GMT-3 [Modules] Streaming discord_zstd@1 to /home/vinicius/.config/discord/0.0.117/modules/pending/discord_zstd-1.zip: 59%
12/4/2025, 9:46:34 PM GMT-3 [Modules] Streaming discord_zstd@1 to /home/vinicius/.config/discord/0.0.117/modules/pending/discord_zstd-1.zip: 60%
12/4/2025, 9:46:34 PM GMT-3 [Modules] Streaming discord_zstd@1 to /home/vinicius/.config/discord/0.0.117/modules/pending/discord_zstd-1.zip: 61%
12/4/2025, 9:46:34 PM GMT-3 [Modules] Streaming discord_zstd@1 to /home/vinicius/.config/discord/0.0.117/modules/pending/discord_zstd-1.zip: 62%
12/4/2025, 9:46:34 PM GMT-3 [Modules] Streaming discord_zstd@1 to /home/vinicius/.config/discord/0.0.117/modules/pending/discord_zstd-1.zip: 63%
12/4/2025, 9:46:34 PM GMT-3 [Modules] Streaming discord_zstd@1 to /home/vinicius/.config/discord/0.0.117/modules/pending/discord_zstd-1.zip: 64%
12/4/2025, 9:46:34 PM GMT-3 [Modules] Streaming discord_zstd@1 to /home/vinicius/.config/discord/0.0.117/modules/pending/discord_zstd-1.zip: 65%
12/4/2025, 9:46:34 PM GMT-3 [Modules] Streaming discord_zstd@1 to /home/vinicius/.config/discord/0.0.117/modules/pending/discord_zstd-1.zip: 66%
12/4/2025, 9:46:34 PM GMT-3 [Modules] Streaming discord_zstd@1 to /home/vinicius/.config/discord/0.0.117/modules/pending/discord_zstd-1.zip: 67%
12/4/2025, 9:46:34 PM GMT-3 [Modules] Streaming discord_zstd@1 to /home/vinicius/.config/discord/0.0.117/modules/pending/discord_zstd-1.zip: 68%
12/4/2025, 9:46:34 PM GMT-3 [Modules] Streaming discord_zstd@1 to /home/vinicius/.config/discord/0.0.117/modules/pending/discord_zstd-1.zip: 69%
12/4/2025, 9:46:34 PM GMT-3 [Modules] Streaming discord_zstd@1 to /home/vinicius/.config/discord/0.0.117/modules/pending/discord_zstd-1.zip: 70%
12/4/2025, 9:46:34 PM GMT-3 [Modules] Streaming discord_zstd@1 to /home/vinicius/.config/discord/0.0.117/modules/pending/discord_zstd-1.zip: 71%
12/4/2025, 9:46:34 PM GMT-3 [Modules] Streaming discord_zstd@1 to /home/vinicius/.config/discord/0.0.117/modules/pending/discord_zstd-1.zip: 72%
12/4/2025, 9:46:34 PM GMT-3 [Modules] Streaming discord_zstd@1 to /home/vinicius/.config/discord/0.0.117/modules/pending/discord_zstd-1.zip: 73%
12/4/2025, 9:46:34 PM GMT-3 [Modules] Streaming discord_zstd@1 to /home/vinicius/.config/discord/0.0.117/modules/pending/discord_zstd-1.zip: 74%
12/4/2025, 9:46:34 PM GMT-3 [Modules] Streaming discord_zstd@1 to /home/vinicius/.config/discord/0.0.117/modules/pending/discord_zstd-1.zip: 75%
12/4/2025, 9:46:34 PM GMT-3 [Modules] Streaming discord_zstd@1 to /home/vinicius/.config/discord/0.0.117/modules/pending/discord_zstd-1.zip: 76%
12/4/2025, 9:46:34 PM GMT-3 [Modules] Streaming discord_zstd@1 to /home/vinicius/.config/discord/0.0.117/modules/pending/discord_zstd-1.zip: 77%
12/4/2025, 9:46:34 PM GMT-3 [Modules] Streaming discord_zstd@1 to /home/vinicius/.config/discord/0.0.117/modules/pending/discord_zstd-1.zip: 78%
12/4/2025, 9:46:34 PM GMT-3 [Modules] Streaming discord_zstd@1 to /home/vinicius/.config/discord/0.0.117/modules/pending/discord_zstd-1.zip: 79%
12/4/2025, 9:46:34 PM GMT-3 [Modules] Streaming discord_zstd@1 to /home/vinicius/.config/discord/0.0.117/modules/pending/discord_zstd-1.zip: 80%
12/4/2025, 9:46:34 PM GMT-3 [Modules] Streaming discord_zstd@1 to /home/vinicius/.config/discord/0.0.117/modules/pending/discord_zstd-1.zip: 81%
12/4/2025, 9:46:34 PM GMT-3 [Modules] Streaming discord_zstd@1 to /home/vinicius/.config/discord/0.0.117/modules/pending/discord_zstd-1.zip: 82%
12/4/2025, 9:46:34 PM GMT-3 [Modules] Streaming discord_zstd@1 to /home/vinicius/.config/discord/0.0.117/modules/pending/discord_zstd-1.zip: 83%
12/4/2025, 9:46:34 PM GMT-3 [Modules] Streaming discord_zstd@1 to /home/vinicius/.config/discord/0.0.117/modules/pending/discord_zstd-1.zip: 84%
12/4/2025, 9:46:34 PM GMT-3 [Modules] Streaming discord_zstd@1 to /home/vinicius/.config/discord/0.0.117/modules/pending/discord_zstd-1.zip: 85%
12/4/2025, 9:46:34 PM GMT-3 [Modules] Streaming discord_zstd@1 to /home/vinicius/.config/discord/0.0.117/modules/pending/discord_zstd-1.zip: 86%
12/4/2025, 9:46:34 PM GMT-3 [Modules] Streaming discord_zstd@1 to /home/vinicius/.config/discord/0.0.117/modules/pending/discord_zstd-1.zip: 87%
12/4/2025, 9:46:34 PM GMT-3 [Modules] Streaming discord_zstd@1 to /home/vinicius/.config/discord/0.0.117/modules/pending/discord_zstd-1.zip: 88%
12/4/2025, 9:46:34 PM GMT-3 [Modules] Streaming discord_zstd@1 to /home/vinicius/.config/discord/0.0.117/modules/pending/discord_zstd-1.zip: 89%
12/4/2025, 9:46:34 PM GMT-3 [Modules] Streaming discord_zstd@1 to /home/vinicius/.config/discord/0.0.117/modules/pending/discord_zstd-1.zip: 90%
12/4/2025, 9:46:34 PM GMT-3 [Modules] Streaming discord_zstd@1 to /home/vinicius/.config/discord/0.0.117/modules/pending/discord_zstd-1.zip: 91%
12/4/2025, 9:46:34 PM GMT-3 [Modules] Streaming discord_zstd@1 to /home/vinicius/.config/discord/0.0.117/modules/pending/discord_zstd-1.zip: 92%
12/4/2025, 9:46:34 PM GMT-3 [Modules] Streaming discord_zstd@1 to /home/vinicius/.config/discord/0.0.117/modules/pending/discord_zstd-1.zip: 93%
12/4/2025, 9:46:34 PM GMT-3 [Modules] Streaming discord_zstd@1 to /home/vinicius/.config/discord/0.0.117/modules/pending/discord_zstd-1.zip: 94%
12/4/2025, 9:46:34 PM GMT-3 [Modules] Streaming discord_zstd@1 to /home/vinicius/.config/discord/0.0.117/modules/pending/discord_zstd-1.zip: 95%
12/4/2025, 9:46:34 PM GMT-3 [Modules] Streaming discord_zstd@1 to /home/vinicius/.config/discord/0.0.117/modules/pending/discord_zstd-1.zip: 96%
12/4/2025, 9:46:34 PM GMT-3 [Modules] Streaming discord_zstd@1 to /home/vinicius/.config/discord/0.0.117/modules/pending/discord_zstd-1.zip: 97%
12/4/2025, 9:46:34 PM GMT-3 [Modules] Streaming discord_zstd@1 to /home/vinicius/.config/discord/0.0.117/modules/pending/discord_zstd-1.zip: 98%
12/4/2025, 9:46:34 PM GMT-3 [Modules] Streaming discord_zstd@1 to /home/vinicius/.config/discord/0.0.117/modules/pending/discord_zstd-1.zip: 99%
12/4/2025, 9:46:34 PM GMT-3 [Modules] Streaming discord_zstd@1 to /home/vinicius/.config/discord/0.0.117/modules/pending/discord_zstd-1.zip: 100%
12/4/2025, 9:46:34 PM GMT-3 [Modules] Finished module downloads. [success: 6] [failure: 0]
12/4/2025, 9:46:34 PM GMT-3 [Modules] Installing updates...
12/4/2025, 9:46:34 PM GMT-3 [Modules] Installing discord_desktop_core@1 from /home/vinicius/.config/discord/0.0.117/modules/pending/discord_desktop_core-1.zip
12/4/2025, 9:46:34 PM GMT-3 [Modules] Installing discord_erlpack@1 from /home/vinicius/.config/discord/0.0.117/modules/pending/discord_erlpack-1.zip
12/4/2025, 9:46:34 PM GMT-3 [Modules] Installing discord_spellcheck@1 from /home/vinicius/.config/discord/0.0.117/modules/pending/discord_spellcheck-1.zip
12/4/2025, 9:46:35 PM GMT-3 [Modules] Installing discord_utils@1 from /home/vinicius/.config/discord/0.0.117/modules/pending/discord_utils-1.zip
12/4/2025, 9:46:35 PM GMT-3 [Modules] Installing discord_voice@1 from /home/vinicius/.config/discord/0.0.117/modules/pending/discord_voice-1.zip
12/4/2025, 9:46:35 PM GMT-3 [Modules] Installing discord_zstd@1 from /home/vinicius/.config/discord/0.0.117/modules/pending/discord_zstd-1.zip
12/4/2025, 9:46:35 PM GMT-3 [Modules] Finished module installations. [success: 6] [failure: 0]
12/4/2025, 9:46:35 PM GMT-3 [Modules] Checking for host updates.
12/4/2025, 9:46:35 PM GMT-3 [Modules] Host is up to date.
12/4/2025, 9:46:35 PM GMT-3 [Modules] Checking for module updates at https://discord.com/api/modules/stable/versions.json
12/4/2025, 9:46:35 PM GMT-3 [Modules] No module updates available.
12/4/2025, 9:46:40 PM GMT-3 [Modules] Starting to install discord_krisp...
12/4/2025, 9:46:40 PM GMT-3 [Modules] Fetching discord_krisp@1 from https://discord.com/api/modules/stable/discord_krisp/1
12/4/2025, 9:46:40 PM GMT-3 [Modules] Streaming discord_krisp@1 to /home/vinicius/.config/discord/0.0.117/modules/pending/discord_krisp-1.zip
12/4/2025, 9:46:40 PM GMT-3 [Modules] Starting to install discord_game_utils...
12/4/2025, 9:46:40 PM GMT-3 [Modules] Streaming discord_krisp@1 to /home/vinicius/.config/discord/0.0.117/modules/pending/discord_krisp-1.zip: 1%
12/4/2025, 9:46:41 PM GMT-3 [Modules] Streaming discord_krisp@1 to /home/vinicius/.config/discord/0.0.117/modules/pending/discord_krisp-1.zip: 2%
12/4/2025, 9:46:41 PM GMT-3 [Modules] Streaming discord_krisp@1 to /home/vinicius/.config/discord/0.0.117/modules/pending/discord_krisp-1.zip: 3%
12/4/2025, 9:46:41 PM GMT-3 [Modules] Streaming discord_krisp@1 to /home/vinicius/.config/discord/0.0.117/modules/pending/discord_krisp-1.zip: 4%
12/4/2025, 9:46:41 PM GMT-3 [Modules] Streaming discord_krisp@1 to /home/vinicius/.config/discord/0.0.117/modules/pending/discord_krisp-1.zip: 5%
12/4/2025, 9:46:42 PM GMT-3 [Modules] Streaming discord_krisp@1 to /home/vinicius/.config/discord/0.0.117/modules/pending/discord_krisp-1.zip: 6%
12/4/2025, 9:46:42 PM GMT-3 [Modules] Streaming discord_krisp@1 to /home/vinicius/.config/discord/0.0.117/modules/pending/discord_krisp-1.zip: 7%
12/4/2025, 9:46:42 PM GMT-3 [Modules] Streaming discord_krisp@1 to /home/vinicius/.config/discord/0.0.117/modules/pending/discord_krisp-1.zip: 8%
12/4/2025, 9:46:42 PM GMT-3 [Modules] Streaming discord_krisp@1 to /home/vinicius/.config/discord/0.0.117/modules/pending/discord_krisp-1.zip: 9%
12/4/2025, 9:46:42 PM GMT-3 [Modules] Streaming discord_krisp@1 to /home/vinicius/.config/discord/0.0.117/modules/pending/discord_krisp-1.zip: 10%
12/4/2025, 9:46:43 PM GMT-3 [Modules] Streaming discord_krisp@1 to /home/vinicius/.config/discord/0.0.117/modules/pending/discord_krisp-1.zip: 11%
12/4/2025, 9:46:43 PM GMT-3 [Modules] Streaming discord_krisp@1 to /home/vinicius/.config/discord/0.0.117/modules/pending/discord_krisp-1.zip: 12%
12/4/2025, 9:46:43 PM GMT-3 [Modules] Streaming discord_krisp@1 to /home/vinicius/.config/discord/0.0.117/modules/pending/discord_krisp-1.zip: 13%
12/4/2025, 9:46:43 PM GMT-3 [Modules] Streaming discord_krisp@1 to /home/vinicius/.config/discord/0.0.117/modules/pending/discord_krisp-1.zip: 14%
12/4/2025, 9:46:43 PM GMT-3 [Modules] Streaming discord_krisp@1 to /home/vinicius/.config/discord/0.0.117/modules/pending/discord_krisp-1.zip: 15%
12/4/2025, 9:46:44 PM GMT-3 [Modules] Starting to install discord_rpc...
12/4/2025, 9:46:44 PM GMT-3 [Modules] Streaming discord_krisp@1 to /home/vinicius/.config/discord/0.0.117/modules/pending/discord_krisp-1.zip: 16%
12/4/2025, 9:46:44 PM GMT-3 [Modules] Streaming discord_krisp@1 to /home/vinicius/.config/discord/0.0.117/modules/pending/discord_krisp-1.zip: 17%
12/4/2025, 9:46:44 PM GMT-3 [Modules] Streaming discord_krisp@1 to /home/vinicius/.config/discord/0.0.117/modules/pending/discord_krisp-1.zip: 18%
12/4/2025, 9:46:44 PM GMT-3 [Modules] Streaming discord_krisp@1 to /home/vinicius/.config/discord/0.0.117/modules/pending/discord_krisp-1.zip: 19%
12/4/2025, 9:46:45 PM GMT-3 [Modules] Streaming discord_krisp@1 to /home/vinicius/.config/discord/0.0.117/modules/pending/discord_krisp-1.zip: 20%
12/4/2025, 9:46:45 PM GMT-3 [Modules] Streaming discord_krisp@1 to /home/vinicius/.config/discord/0.0.117/modules/pending/discord_krisp-1.zip: 21%
12/4/2025, 9:46:45 PM GMT-3 [Modules] Streaming discord_krisp@1 to /home/vinicius/.config/discord/0.0.117/modules/pending/discord_krisp-1.zip: 22%
12/4/2025, 9:46:45 PM GMT-3 [Modules] Streaming discord_krisp@1 to /home/vinicius/.config/discord/0.0.117/modules/pending/discord_krisp-1.zip: 23%
12/4/2025, 9:46:45 PM GMT-3 [Modules] Streaming discord_krisp@1 to /home/vinicius/.config/discord/0.0.117/modules/pending/discord_krisp-1.zip: 24%
12/4/2025, 9:46:46 PM GMT-3 [Modules] Streaming discord_krisp@1 to /home/vinicius/.config/discord/0.0.117/modules/pending/discord_krisp-1.zip: 25%
12/4/2025, 9:46:46 PM GMT-3 [Modules] Streaming discord_krisp@1 to /home/vinicius/.config/discord/0.0.117/modules/pending/discord_krisp-1.zip: 26%
12/4/2025, 9:46:46 PM GMT-3 [Modules] Streaming discord_krisp@1 to /home/vinicius/.config/discord/0.0.117/modules/pending/discord_krisp-1.zip: 27%
12/4/2025, 9:46:46 PM GMT-3 [Modules] Streaming discord_krisp@1 to /home/vinicius/.config/discord/0.0.117/modules/pending/discord_krisp-1.zip: 28%
12/4/2025, 9:46:47 PM GMT-3 [Modules] Streaming discord_krisp@1 to /home/vinicius/.config/discord/0.0.117/modules/pending/discord_krisp-1.zip: 29%
12/4/2025, 9:46:47 PM GMT-3 [Modules] Streaming discord_krisp@1 to /home/vinicius/.config/discord/0.0.117/modules/pending/discord_krisp-1.zip: 30%
12/4/2025, 9:46:47 PM GMT-3 [Modules] Streaming discord_krisp@1 to /home/vinicius/.config/discord/0.0.117/modules/pending/discord_krisp-1.zip: 31%
12/4/2025, 9:46:47 PM GMT-3 [Modules] Streaming discord_krisp@1 to /home/vinicius/.config/discord/0.0.117/modules/pending/discord_krisp-1.zip: 32%
12/4/2025, 9:46:48 PM GMT-3 [Modules] Streaming discord_krisp@1 to /home/vinicius/.config/discord/0.0.117/modules/pending/discord_krisp-1.zip: 33%
12/4/2025, 9:46:48 PM GMT-3 [Modules] Streaming discord_krisp@1 to /home/vinicius/.config/discord/0.0.117/modules/pending/discord_krisp-1.zip: 34%
12/4/2025, 9:46:48 PM GMT-3 [Modules] Checking for host updates.
12/4/2025, 9:46:48 PM GMT-3 [Modules] Streaming discord_krisp@1 to /home/vinicius/.config/discord/0.0.117/modules/pending/discord_krisp-1.zip: 35%
12/4/2025, 9:46:48 PM GMT-3 [Modules] Streaming discord_krisp@1 to /home/vinicius/.config/discord/0.0.117/modules/pending/discord_krisp-1.zip: 36%
12/4/2025, 9:46:48 PM GMT-3 [Modules] Streaming discord_krisp@1 to /home/vinicius/.config/discord/0.0.117/modules/pending/discord_krisp-1.zip: 37%
12/4/2025, 9:46:49 PM GMT-3 [Modules] Streaming discord_krisp@1 to /home/vinicius/.config/discord/0.0.117/modules/pending/discord_krisp-1.zip: 38%
12/4/2025, 9:46:49 PM GMT-3 [Modules] Streaming discord_krisp@1 to /home/vinicius/.config/discord/0.0.117/modules/pending/discord_krisp-1.zip: 39%
12/4/2025, 9:46:49 PM GMT-3 [Modules] Streaming discord_krisp@1 to /home/vinicius/.config/discord/0.0.117/modules/pending/discord_krisp-1.zip: 40%
12/4/2025, 9:46:49 PM GMT-3 [Modules] Streaming discord_krisp@1 to /home/vinicius/.config/discord/0.0.117/modules/pending/discord_krisp-1.zip: 41%
12/4/2025, 9:46:50 PM GMT-3 [Modules] Streaming discord_krisp@1 to /home/vinicius/.config/discord/0.0.117/modules/pending/discord_krisp-1.zip: 42%
12/4/2025, 9:46:50 PM GMT-3 [Modules] Streaming discord_krisp@1 to /home/vinicius/.config/discord/0.0.117/modules/pending/discord_krisp-1.zip: 43%
12/4/2025, 9:46:50 PM GMT-3 [Modules] Streaming discord_krisp@1 to /home/vinicius/.config/discord/0.0.117/modules/pending/discord_krisp-1.zip: 44%
12/4/2025, 9:46:50 PM GMT-3 [Modules] Streaming discord_krisp@1 to /home/vinicius/.config/discord/0.0.117/modules/pending/discord_krisp-1.zip: 45%
12/4/2025, 9:46:51 PM GMT-3 [Modules] Streaming discord_krisp@1 to /home/vinicius/.config/discord/0.0.117/modules/pending/discord_krisp-1.zip: 46%
12/4/2025, 9:46:51 PM GMT-3 [Modules] Streaming discord_krisp@1 to /home/vinicius/.config/discord/0.0.117/modules/pending/discord_krisp-1.zip: 47%
12/4/2025, 9:46:51 PM GMT-3 [Modules] Streaming discord_krisp@1 to /home/vinicius/.config/discord/0.0.117/modules/pending/discord_krisp-1.zip: 48%
12/4/2025, 9:46:52 PM GMT-3 [Modules] Streaming discord_krisp@1 to /home/vinicius/.config/discord/0.0.117/modules/pending/discord_krisp-1.zip: 49%
12/4/2025, 9:46:52 PM GMT-3 [Modules] Streaming discord_krisp@1 to /home/vinicius/.config/discord/0.0.117/modules/pending/discord_krisp-1.zip: 50%
12/4/2025, 9:46:52 PM GMT-3 [Modules] Streaming discord_krisp@1 to /home/vinicius/.config/discord/0.0.117/modules/pending/discord_krisp-1.zip: 51%
12/4/2025, 9:46:52 PM GMT-3 [Modules] Streaming discord_krisp@1 to /home/vinicius/.config/discord/0.0.117/modules/pending/discord_krisp-1.zip: 52%
12/4/2025, 9:46:53 PM GMT-3 [Modules] Streaming discord_krisp@1 to /home/vinicius/.config/discord/0.0.117/modules/pending/discord_krisp-1.zip: 53%
12/4/2025, 9:46:53 PM GMT-3 [Modules] Streaming discord_krisp@1 to /home/vinicius/.config/discord/0.0.117/modules/pending/discord_krisp-1.zip: 54%
12/4/2025, 9:46:53 PM GMT-3 [Modules] Streaming discord_krisp@1 to /home/vinicius/.config/discord/0.0.117/modules/pending/discord_krisp-1.zip: 55%
12/4/2025, 9:46:54 PM GMT-3 [Modules] Streaming discord_krisp@1 to /home/vinicius/.config/discord/0.0.117/modules/pending/discord_krisp-1.zip: 56%
12/4/2025, 9:46:54 PM GMT-3 [Modules] Streaming discord_krisp@1 to /home/vinicius/.config/discord/0.0.117/modules/pending/discord_krisp-1.zip: 57%
12/4/2025, 9:46:55 PM GMT-3 [Modules] Streaming discord_krisp@1 to /home/vinicius/.config/discord/0.0.117/modules/pending/discord_krisp-1.zip: 58%
12/4/2025, 9:46:55 PM GMT-3 [Modules] Streaming discord_krisp@1 to /home/vinicius/.config/discord/0.0.117/modules/pending/discord_krisp-1.zip: 59%
12/4/2025, 9:46:55 PM GMT-3 [Modules] Streaming discord_krisp@1 to /home/vinicius/.config/discord/0.0.117/modules/pending/discord_krisp-1.zip: 60%
12/4/2025, 9:46:56 PM GMT-3 [Modules] Streaming discord_krisp@1 to /home/vinicius/.config/discord/0.0.117/modules/pending/discord_krisp-1.zip: 61%
12/4/2025, 9:46:56 PM GMT-3 [Modules] Streaming discord_krisp@1 to /home/vinicius/.config/discord/0.0.117/modules/pending/discord_krisp-1.zip: 62%
12/4/2025, 9:46:57 PM GMT-3 [Modules] Streaming discord_krisp@1 to /home/vinicius/.config/discord/0.0.117/modules/pending/discord_krisp-1.zip: 63%
12/4/2025, 9:46:57 PM GMT-3 [Modules] Streaming discord_krisp@1 to /home/vinicius/.config/discord/0.0.117/modules/pending/discord_krisp-1.zip: 64%
12/4/2025, 9:46:57 PM GMT-3 [Modules] Streaming discord_krisp@1 to /home/vinicius/.config/discord/0.0.117/modules/pending/discord_krisp-1.zip: 65%
12/4/2025, 9:46:58 PM GMT-3 [Modules] Streaming discord_krisp@1 to /home/vinicius/.config/discord/0.0.117/modules/pending/discord_krisp-1.zip: 66%
12/4/2025, 9:46:58 PM GMT-3 [Modules] Streaming discord_krisp@1 to /home/vinicius/.config/discord/0.0.117/modules/pending/discord_krisp-1.zip: 67%
12/4/2025, 9:46:58 PM GMT-3 [Modules] Streaming discord_krisp@1 to /home/vinicius/.config/discord/0.0.117/modules/pending/discord_krisp-1.zip: 68%
12/4/2025, 9:46:59 PM GMT-3 [Modules] Streaming discord_krisp@1 to /home/vinicius/.config/discord/0.0.117/modules/pending/discord_krisp-1.zip: 69%
12/4/2025, 9:46:59 PM GMT-3 [Modules] Streaming discord_krisp@1 to /home/vinicius/.config/discord/0.0.117/modules/pending/discord_krisp-1.zip: 70%
12/4/2025, 9:46:59 PM GMT-3 [Modules] Streaming discord_krisp@1 to /home/vinicius/.config/discord/0.0.117/modules/pending/discord_krisp-1.zip: 71%
12/4/2025, 9:47:00 PM GMT-3 [Modules] Streaming discord_krisp@1 to /home/vinicius/.config/discord/0.0.117/modules/pending/discord_krisp-1.zip: 72%
12/4/2025, 9:47:00 PM GMT-3 [Modules] Streaming discord_krisp@1 to /home/vinicius/.config/discord/0.0.117/modules/pending/discord_krisp-1.zip: 73%
12/4/2025, 9:47:00 PM GMT-3 [Modules] Streaming discord_krisp@1 to /home/vinicius/.config/discord/0.0.117/modules/pending/discord_krisp-1.zip: 74%
12/4/2025, 9:47:00 PM GMT-3 [Modules] Streaming discord_krisp@1 to /home/vinicius/.config/discord/0.0.117/modules/pending/discord_krisp-1.zip: 75%
12/4/2025, 9:47:01 PM GMT-3 [Modules] Streaming discord_krisp@1 to /home/vinicius/.config/discord/0.0.117/modules/pending/discord_krisp-1.zip: 76%
12/4/2025, 9:47:01 PM GMT-3 [Modules] Streaming discord_krisp@1 to /home/vinicius/.config/discord/0.0.117/modules/pending/discord_krisp-1.zip: 77%
12/4/2025, 9:47:01 PM GMT-3 [Modules] Streaming discord_krisp@1 to /home/vinicius/.config/discord/0.0.117/modules/pending/discord_krisp-1.zip: 78%
12/4/2025, 9:47:01 PM GMT-3 [Modules] Streaming discord_krisp@1 to /home/vinicius/.config/discord/0.0.117/modules/pending/discord_krisp-1.zip: 79%
12/4/2025, 9:47:01 PM GMT-3 [Modules] Streaming discord_krisp@1 to /home/vinicius/.config/discord/0.0.117/modules/pending/discord_krisp-1.zip: 80%
12/4/2025, 9:47:02 PM GMT-3 [Modules] Streaming discord_krisp@1 to /home/vinicius/.config/discord/0.0.117/modules/pending/discord_krisp-1.zip: 81%
12/4/2025, 9:47:02 PM GMT-3 [Modules] Streaming discord_krisp@1 to /home/vinicius/.config/discord/0.0.117/modules/pending/discord_krisp-1.zip: 82%
12/4/2025, 9:47:02 PM GMT-3 [Modules] Streaming discord_krisp@1 to /home/vinicius/.config/discord/0.0.117/modules/pending/discord_krisp-1.zip: 83%
12/4/2025, 9:47:02 PM GMT-3 [Modules] Streaming discord_krisp@1 to /home/vinicius/.config/discord/0.0.117/modules/pending/discord_krisp-1.zip: 84%
12/4/2025, 9:47:02 PM GMT-3 [Modules] Streaming discord_krisp@1 to /home/vinicius/.config/discord/0.0.117/modules/pending/discord_krisp-1.zip: 85%
12/4/2025, 9:47:03 PM GMT-3 [Modules] Streaming discord_krisp@1 to /home/vinicius/.config/discord/0.0.117/modules/pending/discord_krisp-1.zip: 86%
12/4/2025, 9:47:03 PM GMT-3 [Modules] Streaming discord_krisp@1 to /home/vinicius/.config/discord/0.0.117/modules/pending/discord_krisp-1.zip: 87%
12/4/2025, 9:47:03 PM GMT-3 [Modules] Streaming discord_krisp@1 to /home/vinicius/.config/discord/0.0.117/modules/pending/discord_krisp-1.zip: 88%
12/4/2025, 9:47:03 PM GMT-3 [Modules] Streaming discord_krisp@1 to /home/vinicius/.config/discord/0.0.117/modules/pending/discord_krisp-1.zip: 89%
12/4/2025, 9:47:03 PM GMT-3 [Modules] Streaming discord_krisp@1 to /home/vinicius/.config/discord/0.0.117/modules/pending/discord_krisp-1.zip: 90%
12/4/2025, 9:47:04 PM GMT-3 [Modules] Streaming discord_krisp@1 to /home/vinicius/.config/discord/0.0.117/modules/pending/discord_krisp-1.zip: 91%
12/4/2025, 9:47:04 PM GMT-3 [Modules] Streaming discord_krisp@1 to /home/vinicius/.config/discord/0.0.117/modules/pending/discord_krisp-1.zip: 92%
12/4/2025, 9:47:04 PM GMT-3 [Modules] Streaming discord_krisp@1 to /home/vinicius/.config/discord/0.0.117/modules/pending/discord_krisp-1.zip: 93%
12/4/2025, 9:47:04 PM GMT-3 [Modules] Streaming discord_krisp@1 to /home/vinicius/.config/discord/0.0.117/modules/pending/discord_krisp-1.zip: 94%
12/4/2025, 9:47:05 PM GMT-3 [Modules] Streaming discord_krisp@1 to /home/vinicius/.config/discord/0.0.117/modules/pending/discord_krisp-1.zip: 95%
12/4/2025, 9:47:05 PM GMT-3 [Modules] Streaming discord_krisp@1 to /home/vinicius/.config/discord/0.0.117/modules/pending/discord_krisp-1.zip: 96%
12/4/2025, 9:47:05 PM GMT-3 [Modules] Streaming discord_krisp@1 to /home/vinicius/.config/discord/0.0.117/modules/pending/discord_krisp-1.zip: 97%
12/4/2025, 9:47:05 PM GMT-3 [Modules] Streaming discord_krisp@1 to /home/vinicius/.config/discord/0.0.117/modules/pending/discord_krisp-1.zip: 98%
12/4/2025, 9:47:05 PM GMT-3 [Modules] Streaming discord_krisp@1 to /home/vinicius/.config/discord/0.0.117/modules/pending/discord_krisp-1.zip: 99%
12/4/2025, 9:47:06 PM GMT-3 [Modules] Streaming discord_krisp@1 to /home/vinicius/.config/discord/0.0.117/modules/pending/discord_krisp-1.zip: 100%
12/4/2025, 9:47:06 PM GMT-3 [Modules] Fetching discord_game_utils@1 from https://discord.com/api/modules/stable/discord_game_utils/1
12/4/2025, 9:47:06 PM GMT-3 [Modules] Streaming discord_game_utils@1 to /home/vinicius/.config/discord/0.0.117/modules/pending/discord_game_utils-1.zip
12/4/2025, 9:47:06 PM GMT-3 [Modules] Installing discord_krisp@1 from /home/vinicius/.config/discord/0.0.117/modules/pending/discord_krisp-1.zip
12/4/2025, 9:47:06 PM GMT-3 [Modules] Finished module installations. [success: 1] [failure: 0]
12/4/2025, 9:47:13 PM GMT-3 [Modules] Host is up to date.
12/4/2025, 9:47:13 PM GMT-3 [Modules] Checking for module updates at https://discord.com/api/modules/stable/versions.json
12/4/2025, 9:47:13 PM GMT-3 [Modules] No module updates available.
12/4/2025, 9:47:13 PM GMT-3 [Modules] Streaming discord_game_utils@1 to /home/vinicius/.config/discord/0.0.117/modules/pending/discord_game_utils-1.zip: 1%
12/4/2025, 9:47:13 PM GMT-3 [Modules] Streaming discord_game_utils@1 to /home/vinicius/.config/discord/0.0.117/modules/pending/discord_game_utils-1.zip: 2%
12/4/2025, 9:47:14 PM GMT-3 [Modules] Streaming discord_game_utils@1 to /home/vinicius/.config/discord/0.0.117/modules/pending/discord_game_utils-1.zip: 14%
12/4/2025, 9:47:14 PM GMT-3 [Modules] Streaming discord_game_utils@1 to /home/vinicius/.config/discord/0.0.117/modules/pending/discord_game_utils-1.zip: 16%
12/4/2025, 9:47:14 PM GMT-3 [Modules] Streaming discord_game_utils@1 to /home/vinicius/.config/discord/0.0.117/modules/pending/discord_game_utils-1.zip: 19%
12/4/2025, 9:47:14 PM GMT-3 [Modules] Streaming discord_game_utils@1 to /home/vinicius/.config/discord/0.0.117/modules/pending/discord_game_utils-1.zip: 21%
12/4/2025, 9:47:14 PM GMT-3 [Modules] Streaming discord_game_utils@1 to /home/vinicius/.config/discord/0.0.117/modules/pending/discord_game_utils-1.zip: 23%
12/4/2025, 9:47:14 PM GMT-3 [Modules] Streaming discord_game_utils@1 to /home/vinicius/.config/discord/0.0.117/modules/pending/discord_game_utils-1.zip: 25%
12/4/2025, 9:47:14 PM GMT-3 [Modules] Streaming discord_game_utils@1 to /home/vinicius/.config/discord/0.0.117/modules/pending/discord_game_utils-1.zip: 27%
12/4/2025, 9:47:14 PM GMT-3 [Modules] Streaming discord_game_utils@1 to /home/vinicius/.config/discord/0.0.117/modules/pending/discord_game_utils-1.zip: 28%
12/4/2025, 9:47:14 PM GMT-3 [Modules] Streaming discord_game_utils@1 to /home/vinicius/.config/discord/0.0.117/modules/pending/discord_game_utils-1.zip: 30%
12/4/2025, 9:47:14 PM GMT-3 [Modules] Streaming discord_game_utils@1 to /home/vinicius/.config/discord/0.0.117/modules/pending/discord_game_utils-1.zip: 32%
12/4/2025, 9:47:14 PM GMT-3 [Modules] Streaming discord_game_utils@1 to /home/vinicius/.config/discord/0.0.117/modules/pending/discord_game_utils-1.zip: 34%
12/4/2025, 9:47:14 PM GMT-3 [Modules] Streaming discord_game_utils@1 to /home/vinicius/.config/discord/0.0.117/modules/pending/discord_game_utils-1.zip: 35%
12/4/2025, 9:47:14 PM GMT-3 [Modules] Streaming discord_game_utils@1 to /home/vinicius/.config/discord/0.0.117/modules/pending/discord_game_utils-1.zip: 37%
12/4/2025, 9:47:14 PM GMT-3 [Modules] Streaming discord_game_utils@1 to /home/vinicius/.config/discord/0.0.117/modules/pending/discord_game_utils-1.zip: 38%
12/4/2025, 9:47:14 PM GMT-3 [Modules] Streaming discord_game_utils@1 to /home/vinicius/.config/discord/0.0.117/modules/pending/discord_game_utils-1.zip: 39%
12/4/2025, 9:47:14 PM GMT-3 [Modules] Streaming discord_game_utils@1 to /home/vinicius/.config/discord/0.0.117/modules/pending/discord_game_utils-1.zip: 40%
12/4/2025, 9:47:14 PM GMT-3 [Modules] Streaming discord_game_utils@1 to /home/vinicius/.config/discord/0.0.117/modules/pending/discord_game_utils-1.zip: 41%
12/4/2025, 9:47:14 PM GMT-3 [Modules] Streaming discord_game_utils@1 to /home/vinicius/.config/discord/0.0.117/modules/pending/discord_game_utils-1.zip: 43%
12/4/2025, 9:47:14 PM GMT-3 [Modules] Streaming discord_game_utils@1 to /home/vinicius/.config/discord/0.0.117/modules/pending/discord_game_utils-1.zip: 45%
12/4/2025, 9:47:14 PM GMT-3 [Modules] Streaming discord_game_utils@1 to /home/vinicius/.config/discord/0.0.117/modules/pending/discord_game_utils-1.zip: 46%
12/4/2025, 9:47:14 PM GMT-3 [Modules] Streaming discord_game_utils@1 to /home/vinicius/.config/discord/0.0.117/modules/pending/discord_game_utils-1.zip: 48%
12/4/2025, 9:47:14 PM GMT-3 [Modules] Streaming discord_game_utils@1 to /home/vinicius/.config/discord/0.0.117/modules/pending/discord_game_utils-1.zip: 50%
12/4/2025, 9:47:14 PM GMT-3 [Modules] Streaming discord_game_utils@1 to /home/vinicius/.config/discord/0.0.117/modules/pending/discord_game_utils-1.zip: 51%
12/4/2025, 9:47:14 PM GMT-3 [Modules] Streaming discord_game_utils@1 to /home/vinicius/.config/discord/0.0.117/modules/pending/discord_game_utils-1.zip: 53%
12/4/2025, 9:47:14 PM GMT-3 [Modules] Streaming discord_game_utils@1 to /home/vinicius/.config/discord/0.0.117/modules/pending/discord_game_utils-1.zip: 56%
12/4/2025, 9:47:14 PM GMT-3 [Modules] Streaming discord_game_utils@1 to /home/vinicius/.config/discord/0.0.117/modules/pending/discord_game_utils-1.zip: 59%
12/4/2025, 9:47:15 PM GMT-3 [Modules] Streaming discord_game_utils@1 to /home/vinicius/.config/discord/0.0.117/modules/pending/discord_game_utils-1.zip: 61%
12/4/2025, 9:47:15 PM GMT-3 [Modules] Streaming discord_game_utils@1 to /home/vinicius/.config/discord/0.0.117/modules/pending/discord_game_utils-1.zip: 63%
12/4/2025, 9:47:15 PM GMT-3 [Modules] Streaming discord_game_utils@1 to /home/vinicius/.config/discord/0.0.117/modules/pending/discord_game_utils-1.zip: 64%
12/4/2025, 9:47:15 PM GMT-3 [Modules] Streaming discord_game_utils@1 to /home/vinicius/.config/discord/0.0.117/modules/pending/discord_game_utils-1.zip: 66%
12/4/2025, 9:47:15 PM GMT-3 [Modules] Streaming discord_game_utils@1 to /home/vinicius/.config/discord/0.0.117/modules/pending/discord_game_utils-1.zip: 69%
12/4/2025, 9:47:15 PM GMT-3 [Modules] Streaming discord_game_utils@1 to /home/vinicius/.config/discord/0.0.117/modules/pending/discord_game_utils-1.zip: 70%
12/4/2025, 9:47:15 PM GMT-3 [Modules] Streaming discord_game_utils@1 to /home/vinicius/.config/discord/0.0.117/modules/pending/discord_game_utils-1.zip: 71%
12/4/2025, 9:47:15 PM GMT-3 [Modules] Streaming discord_game_utils@1 to /home/vinicius/.config/discord/0.0.117/modules/pending/discord_game_utils-1.zip: 72%
12/4/2025, 9:47:15 PM GMT-3 [Modules] Streaming discord_game_utils@1 to /home/vinicius/.config/discord/0.0.117/modules/pending/discord_game_utils-1.zip: 73%
12/4/2025, 9:47:15 PM GMT-3 [Modules] Streaming discord_game_utils@1 to /home/vinicius/.config/discord/0.0.117/modules/pending/discord_game_utils-1.zip: 75%
12/4/2025, 9:47:15 PM GMT-3 [Modules] Streaming discord_game_utils@1 to /home/vinicius/.config/discord/0.0.117/modules/pending/discord_game_utils-1.zip: 76%
12/4/2025, 9:47:15 PM GMT-3 [Modules] Streaming discord_game_utils@1 to /home/vinicius/.config/discord/0.0.117/modules/pending/discord_game_utils-1.zip: 78%
12/4/2025, 9:47:15 PM GMT-3 [Modules] Streaming discord_game_utils@1 to /home/vinicius/.config/discord/0.0.117/modules/pending/discord_game_utils-1.zip: 80%
12/4/2025, 9:47:15 PM GMT-3 [Modules] Streaming discord_game_utils@1 to /home/vinicius/.config/discord/0.0.117/modules/pending/discord_game_utils-1.zip: 81%
12/4/2025, 9:47:15 PM GMT-3 [Modules] Streaming discord_game_utils@1 to /home/vinicius/.config/discord/0.0.117/modules/pending/discord_game_utils-1.zip: 82%
12/4/2025, 9:47:15 PM GMT-3 [Modules] Streaming discord_game_utils@1 to /home/vinicius/.config/discord/0.0.117/modules/pending/discord_game_utils-1.zip: 83%
12/4/2025, 9:47:15 PM GMT-3 [Modules] Streaming discord_game_utils@1 to /home/vinicius/.config/discord/0.0.117/modules/pending/discord_game_utils-1.zip: 85%
12/4/2025, 9:47:15 PM GMT-3 [Modules] Streaming discord_game_utils@1 to /home/vinicius/.config/discord/0.0.117/modules/pending/discord_game_utils-1.zip: 87%
12/4/2025, 9:47:15 PM GMT-3 [Modules] Streaming discord_game_utils@1 to /home/vinicius/.config/discord/0.0.117/modules/pending/discord_game_utils-1.zip: 88%
12/4/2025, 9:47:15 PM GMT-3 [Modules] Streaming discord_game_utils@1 to /home/vinicius/.config/discord/0.0.117/modules/pending/discord_game_utils-1.zip: 90%
12/4/2025, 9:47:15 PM GMT-3 [Modules] Streaming discord_game_utils@1 to /home/vinicius/.config/discord/0.0.117/modules/pending/discord_game_utils-1.zip: 91%
12/4/2025, 9:47:15 PM GMT-3 [Modules] Streaming discord_game_utils@1 to /home/vinicius/.config/discord/0.0.117/modules/pending/discord_game_utils-1.zip: 93%
12/4/2025, 9:47:15 PM GMT-3 [Modules] Streaming discord_game_utils@1 to /home/vinicius/.config/discord/0.0.117/modules/pending/discord_game_utils-1.zip: 94%
12/4/2025, 9:47:15 PM GMT-3 [Modules] Streaming discord_game_utils@1 to /home/vinicius/.config/discord/0.0.117/modules/pending/discord_game_utils-1.zip: 96%
12/4/2025, 9:47:15 PM GMT-3 [Modules] Streaming discord_game_utils@1 to /home/vinicius/.config/discord/0.0.117/modules/pending/discord_game_utils-1.zip: 98%
12/4/2025, 9:47:15 PM GMT-3 [Modules] Streaming discord_game_utils@1 to /home/vinicius/.config/discord/0.0.117/modules/pending/discord_game_utils-1.zip: 99%
12/4/2025, 9:47:15 PM GMT-3 [Modules] Streaming discord_game_utils@1 to /home/vinicius/.config/discord/0.0.117/modules/pending/discord_game_utils-1.zip: 100%
12/4/2025, 9:47:15 PM GMT-3 [Modules] Fetching discord_rpc@1 from https://discord.com/api/modules/stable/discord_rpc/1
12/4/2025, 9:47:15 PM GMT-3 [Modules] Streaming discord_rpc@1 to /home/vinicius/.config/discord/0.0.117/modules/pending/discord_rpc-1.zip
12/4/2025, 9:47:15 PM GMT-3 [Modules] Installing discord_game_utils@1 from /home/vinicius/.config/discord/0.0.117/modules/pending/discord_game_utils-1.zip
12/4/2025, 9:47:15 PM GMT-3 [Modules] Finished module installations. [success: 1] [failure: 0]
12/4/2025, 9:47:31 PM GMT-3 [Modules] Streaming discord_rpc@1 to /home/vinicius/.config/discord/0.0.117/modules/pending/discord_rpc-1.zip: 37%
12/4/2025, 9:47:31 PM GMT-3 [Modules] Streaming discord_rpc@1 to /home/vinicius/.config/discord/0.0.117/modules/pending/discord_rpc-1.zip: 76%
12/4/2025, 9:47:31 PM GMT-3 [Modules] Streaming discord_rpc@1 to /home/vinicius/.config/discord/0.0.117/modules/pending/discord_rpc-1.zip: 100%
12/4/2025, 9:47:31 PM GMT-3 [Modules] Finished module downloads. [success: 3] [failure: 0]
12/4/2025, 9:47:31 PM GMT-3 [Modules] Installing discord_rpc@1 from /home/vinicius/.config/discord/0.0.117/modules/pending/discord_rpc-1.zip
12/4/2025, 9:47:31 PM GMT-3 [Modules] Finished module installations. [success: 1] [failure: 0]
12/4/2025, 10:46:48 PM GMT-3 [Modules] Checking for host updates.
12/4/2025, 10:46:50 PM GMT-3 [Modules] Host is up to date.
12/4/2025, 10:46:50 PM GMT-3 [Modules] Checking for module updates at https://discord.com/api/modules/stable/versions.json
12/4/2025, 10:46:50 PM GMT-3 [Modules] No module updates available.
12/5/2025, 11:37:52 AM GMT-3 [Modules] Modules initializing
12/5/2025, 11:37:52 AM GMT-3 [Modules] Distribution: remote
12/5/2025, 11:37:52 AM GMT-3 [Modules] Host updates: enabled
12/5/2025, 11:37:52 AM GMT-3 [Modules] Module updates: enabled
12/5/2025, 11:37:52 AM GMT-3 [Modules] Module install path: /home/vinicius/.config/discord/0.0.117/modules
12/5/2025, 11:37:52 AM GMT-3 [Modules] Module installed file path: /home/vinicius/.config/discord/0.0.117/modules/installed.json
12/5/2025, 11:37:52 AM GMT-3 [Modules] Module download path: /home/vinicius/.config/discord/0.0.117/modules/pending
12/5/2025, 11:37:53 AM GMT-3 [Modules] No updates to install
12/5/2025, 11:37:53 AM GMT-3 [Modules] Checking for host updates.
12/5/2025, 11:37:58 AM GMT-3 [Modules] Host is up to date.
12/5/2025, 11:37:58 AM GMT-3 [Modules] Checking for module updates at https://discord.com/api/modules/stable/versions.json
12/5/2025, 11:37:58 AM GMT-3 [Modules] No module updates available.
12/5/2025, 11:38:05 AM GMT-3 [Modules] Checking for host updates.
12/5/2025, 11:38:07 AM GMT-3 [Modules] Host is up to date.
12/5/2025, 11:38:07 AM GMT-3 [Modules] Checking for module updates at https://discord.com/api/modules/stable/versions.json
12/5/2025, 11:38:07 AM GMT-3 [Modules] No module updates available.
12/5/2025, 2:52:37 PM GMT-3 [Modules] Checking for host updates.
12/5/2025, 2:52:37 PM GMT-3 [Modules] Host is up to date.
12/5/2025, 2:52:37 PM GMT-3 [Modules] Checking for module updates at https://discord.com/api/modules/stable/versions.json
12/5/2025, 2:52:37 PM GMT-3 [Modules] No module updates available.
12/5/2025, 3:17:20 PM GMT-3 [Modules] Checking for host updates.
12/5/2025, 3:17:20 PM GMT-3 [Modules] Host is up to date.
12/5/2025, 3:17:20 PM GMT-3 [Modules] Checking for module updates at https://discord.com/api/modules/stable/versions.json
12/5/2025, 3:17:20 PM GMT-3 [Modules] No module updates available.
12/5/2025, 11:46:21 PM GMT-3 [Modules] Checking for host updates.
12/5/2025, 11:46:21 PM GMT-3 [Modules] Host is up to date.
12/5/2025, 11:46:21 PM GMT-3 [Modules] Checking for module updates at https://discord.com/api/modules/stable/versions.json
12/5/2025, 11:46:21 PM GMT-3 [Modules] No module updates available.
12/6/2025, 9:28:58 AM GMT-3 [Modules] Checking for host updates.
12/6/2025, 9:28:58 AM GMT-3 [Modules] Host is up to date.
12/6/2025, 9:28:58 AM GMT-3 [Modules] Checking for module updates at https://discord.com/api/modules/stable/versions.json
12/6/2025, 9:28:58 AM GMT-3 [Modules] No module updates available.
12/6/2025, 11:19:52 AM GMT-3 [Modules] Checking for host updates.
12/6/2025, 11:19:52 AM GMT-3 [Modules] Host is up to date.
12/6/2025, 11:19:52 AM GMT-3 [Modules] Checking for module updates at https://discord.com/api/modules/stable/versions.json
12/6/2025, 11:19:52 AM GMT-3 [Modules] No module updates available.
12/6/2025, 8:03:28 PM GMT-3 [Modules] Checking for host updates.
12/6/2025, 8:03:29 PM GMT-3 [Modules] Host is up to date.
12/6/2025, 8:03:29 PM GMT-3 [Modules] Checking for module updates at https://discord.com/api/modules/stable/versions.json
12/6/2025, 8:03:29 PM GMT-3 [Modules] No module updates available.
12/6/2025, 8:09:53 PM GMT-3 [Modules] Modules initializing
12/6/2025, 8:09:53 PM GMT-3 [Modules] Distribution: remote
12/6/2025, 8:09:53 PM GMT-3 [Modules] Host updates: enabled
12/6/2025, 8:09:53 PM GMT-3 [Modules] Module updates: enabled
12/6/2025, 8:09:53 PM GMT-3 [Modules] Module install path: /home/vinicius/.config/discord/0.0.117/modules
12/6/2025, 8:09:53 PM GMT-3 [Modules] Module installed file path: /home/vinicius/.config/discord/0.0.117/modules/installed.json
12/6/2025, 8:09:53 PM GMT-3 [Modules] Module download path: /home/vinicius/.config/discord/0.0.117/modules/pending
12/6/2025, 8:09:53 PM GMT-3 [Modules] No updates to install
12/6/2025, 8:09:53 PM GMT-3 [Modules] Checking for host updates.
12/6/2025, 8:09:54 PM GMT-3 [Modules] Host is up to date.
12/6/2025, 8:09:54 PM GMT-3 [Modules] Checking for module updates at https://discord.com/api/modules/stable/versions.json
12/6/2025, 8:09:54 PM GMT-3 [Modules] No module updates available.
12/6/2025, 8:10:04 PM GMT-3 [Modules] Checking for host updates.
12/6/2025, 8:10:07 PM GMT-3 [Modules] Host is up to date.
12/6/2025, 8:10:07 PM GMT-3 [Modules] Checking for module updates at https://discord.com/api/modules/stable/versions.json
12/6/2025, 8:10:07 PM GMT-3 [Modules] No module updates available.
12/7/2025, 5:31:02 PM GMT-3 [Modules] Modules initializing
12/7/2025, 5:31:02 PM GMT-3 [Modules] Distribution: remote
12/7/2025, 5:31:02 PM GMT-3 [Modules] Host updates: enabled
12/7/2025, 5:31:02 PM GMT-3 [Modules] Module updates: enabled
12/7/2025, 5:31:02 PM GMT-3 [Modules] Module install path: /home/vinicius/.config/discord/0.0.117/modules
12/7/2025, 5:31:02 PM GMT-3 [Modules] Module installed file path: /home/vinicius/.config/discord/0.0.117/modules/installed.json
12/7/2025, 5:31:02 PM GMT-3 [Modules] Module download path: /home/vinicius/.config/discord/0.0.117/modules/pending
12/7/2025, 5:31:02 PM GMT-3 [Modules] No updates to install
12/7/2025, 5:31:02 PM GMT-3 [Modules] Checking for host updates.
12/7/2025, 5:31:02 PM GMT-3 [Modules] Host is up to date.
12/7/2025, 5:31:02 PM GMT-3 [Modules] Checking for module updates at https://discord.com/api/modules/stable/versions.json
12/7/2025, 5:31:03 PM GMT-3 [Modules] No module updates available.
12/7/2025, 5:31:10 PM GMT-3 [Modules] Checking for host updates.
12/7/2025, 5:31:11 PM GMT-3 [Modules] Host is up to date.
12/7/2025, 5:31:11 PM GMT-3 [Modules] Checking for module updates at https://discord.com/api/modules/stable/versions.json
12/7/2025, 5:31:11 PM GMT-3 [Modules] No module updates available.
12/7/2025, 6:31:10 PM GMT-3 [Modules] Checking for host updates.
12/7/2025, 6:31:10 PM GMT-3 [Modules] Host is up to date.
12/7/2025, 6:31:10 PM GMT-3 [Modules] Checking for module updates at https://discord.com/api/modules/stable/versions.json
12/7/2025, 6:31:11 PM GMT-3 [Modules] No module updates available.
12/7/2025, 7:31:10 PM GMT-3 [Modules] Checking for host updates.
12/7/2025, 7:31:10 PM GMT-3 [Modules] Host is up to date.
12/7/2025, 7:31:10 PM GMT-3 [Modules] Checking for module updates at https://discord.com/api/modules/stable/versions.json
12/7/2025, 7:31:11 PM GMT-3 [Modules] No module updates available.
12/7/2025, 8:31:10 PM GMT-3 [Modules] Checking for host updates.
12/7/2025, 8:31:10 PM GMT-3 [Modules] Host is up to date.
12/7/2025, 8:31:10 PM GMT-3 [Modules] Checking for module updates at https://discord.com/api/modules/stable/versions.json
12/7/2025, 8:31:11 PM GMT-3 [Modules] No module updates available.
12/8/2025, 3:10:55 PM GMT-3 [Modules] Modules initializing
12/8/2025, 3:10:55 PM GMT-3 [Modules] Distribution: remote
12/8/2025, 3:10:55 PM GMT-3 [Modules] Host updates: enabled
12/8/2025, 3:10:55 PM GMT-3 [Modules] Module updates: enabled
12/8/2025, 3:10:55 PM GMT-3 [Modules] Module install path: /home/vinicius/.config/discord/0.0.117/modules
12/8/2025, 3:10:55 PM GMT-3 [Modules] Module installed file path: /home/vinicius/.config/discord/0.0.117/modules/installed.json
12/8/2025, 3:10:55 PM GMT-3 [Modules] Module download path: /home/vinicius/.config/discord/0.0.117/modules/pending
12/8/2025, 3:10:56 PM GMT-3 [Modules] No updates to install
12/8/2025, 3:10:56 PM GMT-3 [Modules] Checking for host updates.
12/8/2025, 3:10:56 PM GMT-3 [Modules] Host is up to date.
12/8/2025, 3:10:56 PM GMT-3 [Modules] Checking for module updates at https://discord.com/api/modules/stable/versions.json
12/8/2025, 3:10:56 PM GMT-3 [Modules] No module updates available.
12/8/2025, 3:11:04 PM GMT-3 [Modules] Checking for host updates.
12/8/2025, 3:11:05 PM GMT-3 [Modules] Host is up to date.
12/8/2025, 3:11:05 PM GMT-3 [Modules] Checking for module updates at https://discord.com/api/modules/stable/versions.json
12/8/2025, 3:11:05 PM GMT-3 [Modules] No module updates available.
12/8/2025, 4:11:04 PM GMT-3 [Modules] Checking for host updates.
12/8/2025, 4:11:05 PM GMT-3 [Modules] Host update is available. Manual update required!
12/12/2025, 7:52:50 PM GMT-3 [Modules] Modules initializing
12/12/2025, 7:52:50 PM GMT-3 [Modules] Distribution: remote
12/12/2025, 7:52:50 PM GMT-3 [Modules] Host updates: enabled
12/12/2025, 7:52:50 PM GMT-3 [Modules] Module updates: enabled
12/12/2025, 7:52:50 PM GMT-3 [Modules] Module install path: /home/vinicius/.config/discord/0.0.118/modules
12/12/2025, 7:52:50 PM GMT-3 [Modules] Module installed file path: /home/vinicius/.config/discord/0.0.118/modules/installed.json
12/12/2025, 7:52:50 PM GMT-3 [Modules] Module download path: /home/vinicius/.config/discord/0.0.118/modules/pending
12/12/2025, 7:52:50 PM GMT-3 [Modules] Bootstrapping...
12/12/2025, 7:52:50 PM GMT-3 [Modules] Installing discord_desktop_core@0 from /opt/discord/resources/bootstrap/discord_desktop_core.zip
12/12/2025, 7:52:50 PM GMT-3 [Modules] Failed installing discord_desktop_core@0: Error: ENOENT: no such file or directory, open '/opt/discord/resources/bootstrap/discord_desktop_core.zip'
12/12/2025, 7:52:50 PM GMT-3 [Modules] Installing discord_erlpack@0 from /opt/discord/resources/bootstrap/discord_erlpack.zip
12/12/2025, 7:52:51 PM GMT-3 [Modules] Failed installing discord_erlpack@0: Error: ENOENT: no such file or directory, open '/opt/discord/resources/bootstrap/discord_erlpack.zip'
12/12/2025, 7:52:51 PM GMT-3 [Modules] Installing discord_spellcheck@0 from /opt/discord/resources/bootstrap/discord_spellcheck.zip
12/12/2025, 7:52:51 PM GMT-3 [Modules] Failed installing discord_spellcheck@0: Error: ENOENT: no such file or directory, open '/opt/discord/resources/bootstrap/discord_spellcheck.zip'
12/12/2025, 7:52:51 PM GMT-3 [Modules] Installing discord_utils@0 from /opt/discord/resources/bootstrap/discord_utils.zip
12/12/2025, 7:52:51 PM GMT-3 [Modules] Failed installing discord_utils@0: Error: ENOENT: no such file or directory, open '/opt/discord/resources/bootstrap/discord_utils.zip'
12/12/2025, 7:52:51 PM GMT-3 [Modules] Installing discord_voice@0 from /opt/discord/resources/bootstrap/discord_voice.zip
12/12/2025, 7:52:51 PM GMT-3 [Modules] Failed installing discord_voice@0: Error: ENOENT: no such file or directory, open '/opt/discord/resources/bootstrap/discord_voice.zip'
12/12/2025, 7:52:51 PM GMT-3 [Modules] Installing discord_zstd@0 from /opt/discord/resources/bootstrap/discord_zstd.zip
12/12/2025, 7:52:51 PM GMT-3 [Modules] Failed installing discord_zstd@0: Error: ENOENT: no such file or directory, open '/opt/discord/resources/bootstrap/discord_zstd.zip'
12/12/2025, 7:52:51 PM GMT-3 [Modules] Finished module installations. [success: 0] [failure: 6]
12/12/2025, 7:52:51 PM GMT-3 [Modules] Checking for host updates.
12/12/2025, 7:52:51 PM GMT-3 [Modules] Host is up to date.
12/12/2025, 7:52:51 PM GMT-3 [Modules] Checking for module updates at https://discord.com/api/modules/stable/versions.json
12/12/2025, 7:52:51 PM GMT-3 [Modules] Module update available: discord_desktop_core@1 [installed: 0]
12/12/2025, 7:52:51 PM GMT-3 [Modules] Module update available: discord_erlpack@1 [installed: 0]
12/12/2025, 7:52:51 PM GMT-3 [Modules] Module update available: discord_spellcheck@1 [installed: 0]
12/12/2025, 7:52:51 PM GMT-3 [Modules] Module update available: discord_utils@1 [installed: 0]
12/12/2025, 7:52:51 PM GMT-3 [Modules] Module update available: discord_voice@1 [installed: 0]
12/12/2025, 7:52:51 PM GMT-3 [Modules] Module update available: discord_zstd@1 [installed: 0]
12/12/2025, 7:52:51 PM GMT-3 [Modules] Fetching discord_desktop_core@1 from https://discord.com/api/modules/stable/discord_desktop_core/1
12/12/2025, 7:52:51 PM GMT-3 [Modules] Streaming discord_desktop_core@1 to /home/vinicius/.config/discord/0.0.118/modules/pending/discord_desktop_core-1.zip
12/12/2025, 7:52:52 PM GMT-3 [Modules] Streaming discord_desktop_core@1 to /home/vinicius/.config/discord/0.0.118/modules/pending/discord_desktop_core-1.zip: 1%
12/12/2025, 7:52:52 PM GMT-3 [Modules] Streaming discord_desktop_core@1 to /home/vinicius/.config/discord/0.0.118/modules/pending/discord_desktop_core-1.zip: 2%
12/12/2025, 7:52:52 PM GMT-3 [Modules] Streaming discord_desktop_core@1 to /home/vinicius/.config/discord/0.0.118/modules/pending/discord_desktop_core-1.zip: 3%
12/12/2025, 7:52:52 PM GMT-3 [Modules] Streaming discord_desktop_core@1 to /home/vinicius/.config/discord/0.0.118/modules/pending/discord_desktop_core-1.zip: 4%
12/12/2025, 7:52:52 PM GMT-3 [Modules] Streaming discord_desktop_core@1 to /home/vinicius/.config/discord/0.0.118/modules/pending/discord_desktop_core-1.zip: 6%
12/12/2025, 7:52:52 PM GMT-3 [Modules] Streaming discord_desktop_core@1 to /home/vinicius/.config/discord/0.0.118/modules/pending/discord_desktop_core-1.zip: 7%
12/12/2025, 7:52:52 PM GMT-3 [Modules] Streaming discord_desktop_core@1 to /home/vinicius/.config/discord/0.0.118/modules/pending/discord_desktop_core-1.zip: 8%
12/12/2025, 7:52:52 PM GMT-3 [Modules] Streaming discord_desktop_core@1 to /home/vinicius/.config/discord/0.0.118/modules/pending/discord_desktop_core-1.zip: 9%
12/12/2025, 7:52:52 PM GMT-3 [Modules] Streaming discord_desktop_core@1 to /home/vinicius/.config/discord/0.0.118/modules/pending/discord_desktop_core-1.zip: 10%
12/12/2025, 7:52:52 PM GMT-3 [Modules] Streaming discord_desktop_core@1 to /home/vinicius/.config/discord/0.0.118/modules/pending/discord_desktop_core-1.zip: 11%
12/12/2025, 7:52:52 PM GMT-3 [Modules] Streaming discord_desktop_core@1 to /home/vinicius/.config/discord/0.0.118/modules/pending/discord_desktop_core-1.zip: 12%
12/12/2025, 7:52:52 PM GMT-3 [Modules] Streaming discord_desktop_core@1 to /home/vinicius/.config/discord/0.0.118/modules/pending/discord_desktop_core-1.zip: 13%
12/12/2025, 7:52:52 PM GMT-3 [Modules] Streaming discord_desktop_core@1 to /home/vinicius/.config/discord/0.0.118/modules/pending/discord_desktop_core-1.zip: 14%
12/12/2025, 7:52:52 PM GMT-3 [Modules] Streaming discord_desktop_core@1 to /home/vinicius/.config/discord/0.0.118/modules/pending/discord_desktop_core-1.zip: 15%
12/12/2025, 7:52:52 PM GMT-3 [Modules] Streaming discord_desktop_core@1 to /home/vinicius/.config/discord/0.0.118/modules/pending/discord_desktop_core-1.zip: 16%
12/12/2025, 7:52:52 PM GMT-3 [Modules] Streaming discord_desktop_core@1 to /home/vinicius/.config/discord/0.0.118/modules/pending/discord_desktop_core-1.zip: 17%
12/12/2025, 7:52:52 PM GMT-3 [Modules] Streaming discord_desktop_core@1 to /home/vinicius/.config/discord/0.0.118/modules/pending/discord_desktop_core-1.zip: 20%
12/12/2025, 7:52:52 PM GMT-3 [Modules] Streaming discord_desktop_core@1 to /home/vinicius/.config/discord/0.0.118/modules/pending/discord_desktop_core-1.zip: 21%
12/12/2025, 7:52:52 PM GMT-3 [Modules] Streaming discord_desktop_core@1 to /home/vinicius/.config/discord/0.0.118/modules/pending/discord_desktop_core-1.zip: 22%
12/12/2025, 7:52:52 PM GMT-3 [Modules] Streaming discord_desktop_core@1 to /home/vinicius/.config/discord/0.0.118/modules/pending/discord_desktop_core-1.zip: 23%
12/12/2025, 7:52:52 PM GMT-3 [Modules] Streaming discord_desktop_core@1 to /home/vinicius/.config/discord/0.0.118/modules/pending/discord_desktop_core-1.zip: 24%
12/12/2025, 7:52:52 PM GMT-3 [Modules] Streaming discord_desktop_core@1 to /home/vinicius/.config/discord/0.0.118/modules/pending/discord_desktop_core-1.zip: 26%
12/12/2025, 7:52:52 PM GMT-3 [Modules] Streaming discord_desktop_core@1 to /home/vinicius/.config/discord/0.0.118/modules/pending/discord_desktop_core-1.zip: 28%
12/12/2025, 7:52:52 PM GMT-3 [Modules] Streaming discord_desktop_core@1 to /home/vinicius/.config/discord/0.0.118/modules/pending/discord_desktop_core-1.zip: 29%
12/12/2025, 7:52:52 PM GMT-3 [Modules] Streaming discord_desktop_core@1 to /home/vinicius/.config/discord/0.0.118/modules/pending/discord_desktop_core-1.zip: 30%
12/12/2025, 7:52:52 PM GMT-3 [Modules] Streaming discord_desktop_core@1 to /home/vinicius/.config/discord/0.0.118/modules/pending/discord_desktop_core-1.zip: 31%
12/12/2025, 7:52:52 PM GMT-3 [Modules] Streaming discord_desktop_core@1 to /home/vinicius/.config/discord/0.0.118/modules/pending/discord_desktop_core-1.zip: 32%
12/12/2025, 7:52:52 PM GMT-3 [Modules] Streaming discord_desktop_core@1 to /home/vinicius/.config/discord/0.0.118/modules/pending/discord_desktop_core-1.zip: 33%
12/12/2025, 7:52:52 PM GMT-3 [Modules] Streaming discord_desktop_core@1 to /home/vinicius/.config/discord/0.0.118/modules/pending/discord_desktop_core-1.zip: 34%
12/12/2025, 7:52:52 PM GMT-3 [Modules] Streaming discord_desktop_core@1 to /home/vinicius/.config/discord/0.0.118/modules/pending/discord_desktop_core-1.zip: 35%
12/12/2025, 7:52:52 PM GMT-3 [Modules] Streaming discord_desktop_core@1 to /home/vinicius/.config/discord/0.0.118/modules/pending/discord_desktop_core-1.zip: 36%
12/12/2025, 7:52:52 PM GMT-3 [Modules] Streaming discord_desktop_core@1 to /home/vinicius/.config/discord/0.0.118/modules/pending/discord_desktop_core-1.zip: 37%
12/12/2025, 7:52:52 PM GMT-3 [Modules] Streaming discord_desktop_core@1 to /home/vinicius/.config/discord/0.0.118/modules/pending/discord_desktop_core-1.zip: 38%
12/12/2025, 7:52:52 PM GMT-3 [Modules] Streaming discord_desktop_core@1 to /home/vinicius/.config/discord/0.0.118/modules/pending/discord_desktop_core-1.zip: 39%
12/12/2025, 7:52:52 PM GMT-3 [Modules] Streaming discord_desktop_core@1 to /home/vinicius/.config/discord/0.0.118/modules/pending/discord_desktop_core-1.zip: 40%
12/12/2025, 7:52:52 PM GMT-3 [Modules] Streaming discord_desktop_core@1 to /home/vinicius/.config/discord/0.0.118/modules/pending/discord_desktop_core-1.zip: 41%
12/12/2025, 7:52:52 PM GMT-3 [Modules] Streaming discord_desktop_core@1 to /home/vinicius/.config/discord/0.0.118/modules/pending/discord_desktop_core-1.zip: 42%
12/12/2025, 7:52:52 PM GMT-3 [Modules] Streaming discord_desktop_core@1 to /home/vinicius/.config/discord/0.0.118/modules/pending/discord_desktop_core-1.zip: 43%
12/12/2025, 7:52:52 PM GMT-3 [Modules] Streaming discord_desktop_core@1 to /home/vinicius/.config/discord/0.0.118/modules/pending/discord_desktop_core-1.zip: 44%
12/12/2025, 7:52:52 PM GMT-3 [Modules] Streaming discord_desktop_core@1 to /home/vinicius/.config/discord/0.0.118/modules/pending/discord_desktop_core-1.zip: 45%
12/12/2025, 7:52:52 PM GMT-3 [Modules] Streaming discord_desktop_core@1 to /home/vinicius/.config/discord/0.0.118/modules/pending/discord_desktop_core-1.zip: 46%
12/12/2025, 7:52:52 PM GMT-3 [Modules] Streaming discord_desktop_core@1 to /home/vinicius/.config/discord/0.0.118/modules/pending/discord_desktop_core-1.zip: 47%
12/12/2025, 7:52:52 PM GMT-3 [Modules] Streaming discord_desktop_core@1 to /home/vinicius/.config/discord/0.0.118/modules/pending/discord_desktop_core-1.zip: 48%
12/12/2025, 7:52:52 PM GMT-3 [Modules] Streaming discord_desktop_core@1 to /home/vinicius/.config/discord/0.0.118/modules/pending/discord_desktop_core-1.zip: 50%
12/12/2025, 7:52:52 PM GMT-3 [Modules] Streaming discord_desktop_core@1 to /home/vinicius/.config/discord/0.0.118/modules/pending/discord_desktop_core-1.zip: 51%
12/12/2025, 7:52:52 PM GMT-3 [Modules] Streaming discord_desktop_core@1 to /home/vinicius/.config/discord/0.0.118/modules/pending/discord_desktop_core-1.zip: 52%
12/12/2025, 7:52:52 PM GMT-3 [Modules] Streaming discord_desktop_core@1 to /home/vinicius/.config/discord/0.0.118/modules/pending/discord_desktop_core-1.zip: 53%
12/12/2025, 7:52:52 PM GMT-3 [Modules] Streaming discord_desktop_core@1 to /home/vinicius/.config/discord/0.0.118/modules/pending/discord_desktop_core-1.zip: 54%
12/12/2025, 7:52:52 PM GMT-3 [Modules] Streaming discord_desktop_core@1 to /home/vinicius/.config/discord/0.0.118/modules/pending/discord_desktop_core-1.zip: 55%
12/12/2025, 7:52:52 PM GMT-3 [Modules] Streaming discord_desktop_core@1 to /home/vinicius/.config/discord/0.0.118/modules/pending/discord_desktop_core-1.zip: 56%
12/12/2025, 7:52:52 PM GMT-3 [Modules] Streaming discord_desktop_core@1 to /home/vinicius/.config/discord/0.0.118/modules/pending/discord_desktop_core-1.zip: 57%
12/12/2025, 7:52:52 PM GMT-3 [Modules] Streaming discord_desktop_core@1 to /home/vinicius/.config/discord/0.0.118/modules/pending/discord_desktop_core-1.zip: 58%
12/12/2025, 7:52:52 PM GMT-3 [Modules] Streaming discord_desktop_core@1 to /home/vinicius/.config/discord/0.0.118/modules/pending/discord_desktop_core-1.zip: 59%
12/12/2025, 7:52:52 PM GMT-3 [Modules] Streaming discord_desktop_core@1 to /home/vinicius/.config/discord/0.0.118/modules/pending/discord_desktop_core-1.zip: 60%
12/12/2025, 7:52:52 PM GMT-3 [Modules] Streaming discord_desktop_core@1 to /home/vinicius/.config/discord/0.0.118/modules/pending/discord_desktop_core-1.zip: 61%
12/12/2025, 7:52:52 PM GMT-3 [Modules] Streaming discord_desktop_core@1 to /home/vinicius/.config/discord/0.0.118/modules/pending/discord_desktop_core-1.zip: 63%
12/12/2025, 7:52:52 PM GMT-3 [Modules] Streaming discord_desktop_core@1 to /home/vinicius/.config/discord/0.0.118/modules/pending/discord_desktop_core-1.zip: 65%
12/12/2025, 7:52:52 PM GMT-3 [Modules] Streaming discord_desktop_core@1 to /home/vinicius/.config/discord/0.0.118/modules/pending/discord_desktop_core-1.zip: 66%
12/12/2025, 7:52:52 PM GMT-3 [Modules] Streaming discord_desktop_core@1 to /home/vinicius/.config/discord/0.0.118/modules/pending/discord_desktop_core-1.zip: 67%
12/12/2025, 7:52:52 PM GMT-3 [Modules] Streaming discord_desktop_core@1 to /home/vinicius/.config/discord/0.0.118/modules/pending/discord_desktop_core-1.zip: 68%
12/12/2025, 7:52:52 PM GMT-3 [Modules] Streaming discord_desktop_core@1 to /home/vinicius/.config/discord/0.0.118/modules/pending/discord_desktop_core-1.zip: 69%
12/12/2025, 7:52:52 PM GMT-3 [Modules] Streaming discord_desktop_core@1 to /home/vinicius/.config/discord/0.0.118/modules/pending/discord_desktop_core-1.zip: 70%
12/12/2025, 7:52:52 PM GMT-3 [Modules] Streaming discord_desktop_core@1 to /home/vinicius/.config/discord/0.0.118/modules/pending/discord_desktop_core-1.zip: 71%
12/12/2025, 7:52:52 PM GMT-3 [Modules] Streaming discord_desktop_core@1 to /home/vinicius/.config/discord/0.0.118/modules/pending/discord_desktop_core-1.zip: 72%
12/12/2025, 7:52:52 PM GMT-3 [Modules] Streaming discord_desktop_core@1 to /home/vinicius/.config/discord/0.0.118/modules/pending/discord_desktop_core-1.zip: 73%
12/12/2025, 7:52:52 PM GMT-3 [Modules] Streaming discord_desktop_core@1 to /home/vinicius/.config/discord/0.0.118/modules/pending/discord_desktop_core-1.zip: 75%
12/12/2025, 7:52:52 PM GMT-3 [Modules] Streaming discord_desktop_core@1 to /home/vinicius/.config/discord/0.0.118/modules/pending/discord_desktop_core-1.zip: 76%
12/12/2025, 7:52:52 PM GMT-3 [Modules] Streaming discord_desktop_core@1 to /home/vinicius/.config/discord/0.0.118/modules/pending/discord_desktop_core-1.zip: 77%
12/12/2025, 7:52:52 PM GMT-3 [Modules] Streaming discord_desktop_core@1 to /home/vinicius/.config/discord/0.0.118/modules/pending/discord_desktop_core-1.zip: 78%
12/12/2025, 7:52:52 PM GMT-3 [Modules] Streaming discord_desktop_core@1 to /home/vinicius/.config/discord/0.0.118/modules/pending/discord_desktop_core-1.zip: 79%
12/12/2025, 7:52:52 PM GMT-3 [Modules] Streaming discord_desktop_core@1 to /home/vinicius/.config/discord/0.0.118/modules/pending/discord_desktop_core-1.zip: 80%
12/12/2025, 7:52:52 PM GMT-3 [Modules] Streaming discord_desktop_core@1 to /home/vinicius/.config/discord/0.0.118/modules/pending/discord_desktop_core-1.zip: 83%
12/12/2025, 7:52:52 PM GMT-3 [Modules] Streaming discord_desktop_core@1 to /home/vinicius/.config/discord/0.0.118/modules/pending/discord_desktop_core-1.zip: 84%
12/12/2025, 7:52:52 PM GMT-3 [Modules] Streaming discord_desktop_core@1 to /home/vinicius/.config/discord/0.0.118/modules/pending/discord_desktop_core-1.zip: 85%
12/12/2025, 7:52:52 PM GMT-3 [Modules] Streaming discord_desktop_core@1 to /home/vinicius/.config/discord/0.0.118/modules/pending/discord_desktop_core-1.zip: 86%
12/12/2025, 7:52:52 PM GMT-3 [Modules] Streaming discord_desktop_core@1 to /home/vinicius/.config/discord/0.0.118/modules/pending/discord_desktop_core-1.zip: 87%
12/12/2025, 7:52:52 PM GMT-3 [Modules] Streaming discord_desktop_core@1 to /home/vinicius/.config/discord/0.0.118/modules/pending/discord_desktop_core-1.zip: 89%
12/12/2025, 7:52:52 PM GMT-3 [Modules] Streaming discord_desktop_core@1 to /home/vinicius/.config/discord/0.0.118/modules/pending/discord_desktop_core-1.zip: 90%
12/12/2025, 7:52:52 PM GMT-3 [Modules] Streaming discord_desktop_core@1 to /home/vinicius/.config/discord/0.0.118/modules/pending/discord_desktop_core-1.zip: 91%
12/12/2025, 7:52:52 PM GMT-3 [Modules] Streaming discord_desktop_core@1 to /home/vinicius/.config/discord/0.0.118/modules/pending/discord_desktop_core-1.zip: 93%
12/12/2025, 7:52:52 PM GMT-3 [Modules] Streaming discord_desktop_core@1 to /home/vinicius/.config/discord/0.0.118/modules/pending/discord_desktop_core-1.zip: 95%
12/12/2025, 7:52:52 PM GMT-3 [Modules] Streaming discord_desktop_core@1 to /home/vinicius/.config/discord/0.0.118/modules/pending/discord_desktop_core-1.zip: 96%
12/12/2025, 7:52:52 PM GMT-3 [Modules] Streaming discord_desktop_core@1 to /home/vinicius/.config/discord/0.0.118/modules/pending/discord_desktop_core-1.zip: 97%
12/12/2025, 7:52:52 PM GMT-3 [Modules] Streaming discord_desktop_core@1 to /home/vinicius/.config/discord/0.0.118/modules/pending/discord_desktop_core-1.zip: 98%
12/12/2025, 7:52:52 PM GMT-3 [Modules] Streaming discord_desktop_core@1 to /home/vinicius/.config/discord/0.0.118/modules/pending/discord_desktop_core-1.zip: 99%
12/12/2025, 7:52:52 PM GMT-3 [Modules] Streaming discord_desktop_core@1 to /home/vinicius/.config/discord/0.0.118/modules/pending/discord_desktop_core-1.zip: 100%
12/12/2025, 7:52:52 PM GMT-3 [Modules] Fetching discord_erlpack@1 from https://discord.com/api/modules/stable/discord_erlpack/1
12/12/2025, 7:52:52 PM GMT-3 [Modules] Streaming discord_erlpack@1 to /home/vinicius/.config/discord/0.0.118/modules/pending/discord_erlpack-1.zip
12/12/2025, 7:52:53 PM GMT-3 [Modules] Streaming discord_erlpack@1 to /home/vinicius/.config/discord/0.0.118/modules/pending/discord_erlpack-1.zip: 1%
12/12/2025, 7:52:53 PM GMT-3 [Modules] Streaming discord_erlpack@1 to /home/vinicius/.config/discord/0.0.118/modules/pending/discord_erlpack-1.zip: 2%
12/12/2025, 7:52:53 PM GMT-3 [Modules] Streaming discord_erlpack@1 to /home/vinicius/.config/discord/0.0.118/modules/pending/discord_erlpack-1.zip: 3%
12/12/2025, 7:52:53 PM GMT-3 [Modules] Streaming discord_erlpack@1 to /home/vinicius/.config/discord/0.0.118/modules/pending/discord_erlpack-1.zip: 4%
12/12/2025, 7:52:53 PM GMT-3 [Modules] Streaming discord_erlpack@1 to /home/vinicius/.config/discord/0.0.118/modules/pending/discord_erlpack-1.zip: 5%
12/12/2025, 7:52:53 PM GMT-3 [Modules] Streaming discord_erlpack@1 to /home/vinicius/.config/discord/0.0.118/modules/pending/discord_erlpack-1.zip: 6%
12/12/2025, 7:52:53 PM GMT-3 [Modules] Streaming discord_erlpack@1 to /home/vinicius/.config/discord/0.0.118/modules/pending/discord_erlpack-1.zip: 7%
12/12/2025, 7:52:53 PM GMT-3 [Modules] Streaming discord_erlpack@1 to /home/vinicius/.config/discord/0.0.118/modules/pending/discord_erlpack-1.zip: 8%
12/12/2025, 7:52:53 PM GMT-3 [Modules] Streaming discord_erlpack@1 to /home/vinicius/.config/discord/0.0.118/modules/pending/discord_erlpack-1.zip: 9%
12/12/2025, 7:52:53 PM GMT-3 [Modules] Streaming discord_erlpack@1 to /home/vinicius/.config/discord/0.0.118/modules/pending/discord_erlpack-1.zip: 10%
12/12/2025, 7:52:53 PM GMT-3 [Modules] Streaming discord_erlpack@1 to /home/vinicius/.config/discord/0.0.118/modules/pending/discord_erlpack-1.zip: 11%
12/12/2025, 7:52:53 PM GMT-3 [Modules] Streaming discord_erlpack@1 to /home/vinicius/.config/discord/0.0.118/modules/pending/discord_erlpack-1.zip: 12%
12/12/2025, 7:52:53 PM GMT-3 [Modules] Streaming discord_erlpack@1 to /home/vinicius/.config/discord/0.0.118/modules/pending/discord_erlpack-1.zip: 13%
12/12/2025, 7:52:53 PM GMT-3 [Modules] Streaming discord_erlpack@1 to /home/vinicius/.config/discord/0.0.118/modules/pending/discord_erlpack-1.zip: 14%
12/12/2025, 7:52:53 PM GMT-3 [Modules] Streaming discord_erlpack@1 to /home/vinicius/.config/discord/0.0.118/modules/pending/discord_erlpack-1.zip: 15%
12/12/2025, 7:52:53 PM GMT-3 [Modules] Streaming discord_erlpack@1 to /home/vinicius/.config/discord/0.0.118/modules/pending/discord_erlpack-1.zip: 16%
12/12/2025, 7:52:53 PM GMT-3 [Modules] Streaming discord_erlpack@1 to /home/vinicius/.config/discord/0.0.118/modules/pending/discord_erlpack-1.zip: 17%
12/12/2025, 7:52:53 PM GMT-3 [Modules] Streaming discord_erlpack@1 to /home/vinicius/.config/discord/0.0.118/modules/pending/discord_erlpack-1.zip: 18%
12/12/2025, 7:52:53 PM GMT-3 [Modules] Streaming discord_erlpack@1 to /home/vinicius/.config/discord/0.0.118/modules/pending/discord_erlpack-1.zip: 19%
12/12/2025, 7:52:53 PM GMT-3 [Modules] Streaming discord_erlpack@1 to /home/vinicius/.config/discord/0.0.118/modules/pending/discord_erlpack-1.zip: 20%
12/12/2025, 7:52:53 PM GMT-3 [Modules] Streaming discord_erlpack@1 to /home/vinicius/.config/discord/0.0.118/modules/pending/discord_erlpack-1.zip: 21%
12/12/2025, 7:52:53 PM GMT-3 [Modules] Streaming discord_erlpack@1 to /home/vinicius/.config/discord/0.0.118/modules/pending/discord_erlpack-1.zip: 22%
12/12/2025, 7:52:53 PM GMT-3 [Modules] Streaming discord_erlpack@1 to /home/vinicius/.config/discord/0.0.118/modules/pending/discord_erlpack-1.zip: 23%
12/12/2025, 7:52:53 PM GMT-3 [Modules] Streaming discord_erlpack@1 to /home/vinicius/.config/discord/0.0.118/modules/pending/discord_erlpack-1.zip: 24%
12/12/2025, 7:52:53 PM GMT-3 [Modules] Streaming discord_erlpack@1 to /home/vinicius/.config/discord/0.0.118/modules/pending/discord_erlpack-1.zip: 25%
12/12/2025, 7:52:53 PM GMT-3 [Modules] Streaming discord_erlpack@1 to /home/vinicius/.config/discord/0.0.118/modules/pending/discord_erlpack-1.zip: 26%
12/12/2025, 7:52:53 PM GMT-3 [Modules] Streaming discord_erlpack@1 to /home/vinicius/.config/discord/0.0.118/modules/pending/discord_erlpack-1.zip: 27%
12/12/2025, 7:52:53 PM GMT-3 [Modules] Streaming discord_erlpack@1 to /home/vinicius/.config/discord/0.0.118/modules/pending/discord_erlpack-1.zip: 28%
12/12/2025, 7:52:53 PM GMT-3 [Modules] Streaming discord_erlpack@1 to /home/vinicius/.config/discord/0.0.118/modules/pending/discord_erlpack-1.zip: 29%
12/12/2025, 7:52:53 PM GMT-3 [Modules] Streaming discord_erlpack@1 to /home/vinicius/.config/discord/0.0.118/modules/pending/discord_erlpack-1.zip: 30%
12/12/2025, 7:52:53 PM GMT-3 [Modules] Streaming discord_erlpack@1 to /home/vinicius/.config/discord/0.0.118/modules/pending/discord_erlpack-1.zip: 31%
12/12/2025, 7:52:53 PM GMT-3 [Modules] Streaming discord_erlpack@1 to /home/vinicius/.config/discord/0.0.118/modules/pending/discord_erlpack-1.zip: 32%
12/12/2025, 7:52:53 PM GMT-3 [Modules] Streaming discord_erlpack@1 to /home/vinicius/.config/discord/0.0.118/modules/pending/discord_erlpack-1.zip: 33%
12/12/2025, 7:52:53 PM GMT-3 [Modules] Streaming discord_erlpack@1 to /home/vinicius/.config/discord/0.0.118/modules/pending/discord_erlpack-1.zip: 36%
12/12/2025, 7:52:53 PM GMT-3 [Modules] Streaming discord_erlpack@1 to /home/vinicius/.config/discord/0.0.118/modules/pending/discord_erlpack-1.zip: 38%
12/12/2025, 7:52:53 PM GMT-3 [Modules] Streaming discord_erlpack@1 to /home/vinicius/.config/discord/0.0.118/modules/pending/discord_erlpack-1.zip: 39%
12/12/2025, 7:52:53 PM GMT-3 [Modules] Streaming discord_erlpack@1 to /home/vinicius/.config/discord/0.0.118/modules/pending/discord_erlpack-1.zip: 40%
12/12/2025, 7:52:53 PM GMT-3 [Modules] Streaming discord_erlpack@1 to /home/vinicius/.config/discord/0.0.118/modules/pending/discord_erlpack-1.zip: 41%
12/12/2025, 7:52:53 PM GMT-3 [Modules] Streaming discord_erlpack@1 to /home/vinicius/.config/discord/0.0.118/modules/pending/discord_erlpack-1.zip: 42%
12/12/2025, 7:52:53 PM GMT-3 [Modules] Streaming discord_erlpack@1 to /home/vinicius/.config/discord/0.0.118/modules/pending/discord_erlpack-1.zip: 43%
12/12/2025, 7:52:53 PM GMT-3 [Modules] Streaming discord_erlpack@1 to /home/vinicius/.config/discord/0.0.118/modules/pending/discord_erlpack-1.zip: 44%
12/12/2025, 7:52:53 PM GMT-3 [Modules] Streaming discord_erlpack@1 to /home/vinicius/.config/discord/0.0.118/modules/pending/discord_erlpack-1.zip: 45%
12/12/2025, 7:52:53 PM GMT-3 [Modules] Streaming discord_erlpack@1 to /home/vinicius/.config/discord/0.0.118/modules/pending/discord_erlpack-1.zip: 46%
12/12/2025, 7:52:53 PM GMT-3 [Modules] Streaming discord_erlpack@1 to /home/vinicius/.config/discord/0.0.118/modules/pending/discord_erlpack-1.zip: 47%
12/12/2025, 7:52:53 PM GMT-3 [Modules] Streaming discord_erlpack@1 to /home/vinicius/.config/discord/0.0.118/modules/pending/discord_erlpack-1.zip: 48%
12/12/2025, 7:52:53 PM GMT-3 [Modules] Streaming discord_erlpack@1 to /home/vinicius/.config/discord/0.0.118/modules/pending/discord_erlpack-1.zip: 49%
12/12/2025, 7:52:53 PM GMT-3 [Modules] Streaming discord_erlpack@1 to /home/vinicius/.config/discord/0.0.118/modules/pending/discord_erlpack-1.zip: 50%
12/12/2025, 7:52:53 PM GMT-3 [Modules] Streaming discord_erlpack@1 to /home/vinicius/.config/discord/0.0.118/modules/pending/discord_erlpack-1.zip: 51%
12/12/2025, 7:52:53 PM GMT-3 [Modules] Streaming discord_erlpack@1 to /home/vinicius/.config/discord/0.0.118/modules/pending/discord_erlpack-1.zip: 52%
12/12/2025, 7:52:53 PM GMT-3 [Modules] Streaming discord_erlpack@1 to /home/vinicius/.config/discord/0.0.118/modules/pending/discord_erlpack-1.zip: 53%
12/12/2025, 7:52:53 PM GMT-3 [Modules] Streaming discord_erlpack@1 to /home/vinicius/.config/discord/0.0.118/modules/pending/discord_erlpack-1.zip: 54%
12/12/2025, 7:52:53 PM GMT-3 [Modules] Streaming discord_erlpack@1 to /home/vinicius/.config/discord/0.0.118/modules/pending/discord_erlpack-1.zip: 55%
12/12/2025, 7:52:53 PM GMT-3 [Modules] Streaming discord_erlpack@1 to /home/vinicius/.config/discord/0.0.118/modules/pending/discord_erlpack-1.zip: 56%
12/12/2025, 7:52:53 PM GMT-3 [Modules] Streaming discord_erlpack@1 to /home/vinicius/.config/discord/0.0.118/modules/pending/discord_erlpack-1.zip: 57%
12/12/2025, 7:52:53 PM GMT-3 [Modules] Streaming discord_erlpack@1 to /home/vinicius/.config/discord/0.0.118/modules/pending/discord_erlpack-1.zip: 58%
12/12/2025, 7:52:53 PM GMT-3 [Modules] Streaming discord_erlpack@1 to /home/vinicius/.config/discord/0.0.118/modules/pending/discord_erlpack-1.zip: 59%
12/12/2025, 7:52:53 PM GMT-3 [Modules] Streaming discord_erlpack@1 to /home/vinicius/.config/discord/0.0.118/modules/pending/discord_erlpack-1.zip: 60%
12/12/2025, 7:52:53 PM GMT-3 [Modules] Streaming discord_erlpack@1 to /home/vinicius/.config/discord/0.0.118/modules/pending/discord_erlpack-1.zip: 61%
12/12/2025, 7:52:53 PM GMT-3 [Modules] Streaming discord_erlpack@1 to /home/vinicius/.config/discord/0.0.118/modules/pending/discord_erlpack-1.zip: 62%
12/12/2025, 7:52:53 PM GMT-3 [Modules] Streaming discord_erlpack@1 to /home/vinicius/.config/discord/0.0.118/modules/pending/discord_erlpack-1.zip: 63%
12/12/2025, 7:52:53 PM GMT-3 [Modules] Streaming discord_erlpack@1 to /home/vinicius/.config/discord/0.0.118/modules/pending/discord_erlpack-1.zip: 64%
12/12/2025, 7:52:53 PM GMT-3 [Modules] Streaming discord_erlpack@1 to /home/vinicius/.config/discord/0.0.118/modules/pending/discord_erlpack-1.zip: 65%
12/12/2025, 7:52:53 PM GMT-3 [Modules] Streaming discord_erlpack@1 to /home/vinicius/.config/discord/0.0.118/modules/pending/discord_erlpack-1.zip: 67%
12/12/2025, 7:52:53 PM GMT-3 [Modules] Streaming discord_erlpack@1 to /home/vinicius/.config/discord/0.0.118/modules/pending/discord_erlpack-1.zip: 68%
12/12/2025, 7:52:53 PM GMT-3 [Modules] Streaming discord_erlpack@1 to /home/vinicius/.config/discord/0.0.118/modules/pending/discord_erlpack-1.zip: 69%
12/12/2025, 7:52:53 PM GMT-3 [Modules] Streaming discord_erlpack@1 to /home/vinicius/.config/discord/0.0.118/modules/pending/discord_erlpack-1.zip: 70%
12/12/2025, 7:52:53 PM GMT-3 [Modules] Streaming discord_erlpack@1 to /home/vinicius/.config/discord/0.0.118/modules/pending/discord_erlpack-1.zip: 71%
12/12/2025, 7:52:53 PM GMT-3 [Modules] Streaming discord_erlpack@1 to /home/vinicius/.config/discord/0.0.118/modules/pending/discord_erlpack-1.zip: 72%
12/12/2025, 7:52:53 PM GMT-3 [Modules] Streaming discord_erlpack@1 to /home/vinicius/.config/discord/0.0.118/modules/pending/discord_erlpack-1.zip: 73%
12/12/2025, 7:52:53 PM GMT-3 [Modules] Streaming discord_erlpack@1 to /home/vinicius/.config/discord/0.0.118/modules/pending/discord_erlpack-1.zip: 74%
12/12/2025, 7:52:53 PM GMT-3 [Modules] Streaming discord_erlpack@1 to /home/vinicius/.config/discord/0.0.118/modules/pending/discord_erlpack-1.zip: 75%
12/12/2025, 7:52:53 PM GMT-3 [Modules] Streaming discord_erlpack@1 to /home/vinicius/.config/discord/0.0.118/modules/pending/discord_erlpack-1.zip: 76%
12/12/2025, 7:52:53 PM GMT-3 [Modules] Streaming discord_erlpack@1 to /home/vinicius/.config/discord/0.0.118/modules/pending/discord_erlpack-1.zip: 77%
12/12/2025, 7:52:53 PM GMT-3 [Modules] Streaming discord_erlpack@1 to /home/vinicius/.config/discord/0.0.118/modules/pending/discord_erlpack-1.zip: 78%
12/12/2025, 7:52:53 PM GMT-3 [Modules] Streaming discord_erlpack@1 to /home/vinicius/.config/discord/0.0.118/modules/pending/discord_erlpack-1.zip: 79%
12/12/2025, 7:52:53 PM GMT-3 [Modules] Streaming discord_erlpack@1 to /home/vinicius/.config/discord/0.0.118/modules/pending/discord_erlpack-1.zip: 80%
12/12/2025, 7:52:53 PM GMT-3 [Modules] Streaming discord_erlpack@1 to /home/vinicius/.config/discord/0.0.118/modules/pending/discord_erlpack-1.zip: 81%
12/12/2025, 7:52:53 PM GMT-3 [Modules] Streaming discord_erlpack@1 to /home/vinicius/.config/discord/0.0.118/modules/pending/discord_erlpack-1.zip: 82%
12/12/2025, 7:52:53 PM GMT-3 [Modules] Streaming discord_erlpack@1 to /home/vinicius/.config/discord/0.0.118/modules/pending/discord_erlpack-1.zip: 83%
12/12/2025, 7:52:53 PM GMT-3 [Modules] Streaming discord_erlpack@1 to /home/vinicius/.config/discord/0.0.118/modules/pending/discord_erlpack-1.zip: 84%
12/12/2025, 7:52:53 PM GMT-3 [Modules] Streaming discord_erlpack@1 to /home/vinicius/.config/discord/0.0.118/modules/pending/discord_erlpack-1.zip: 85%
12/12/2025, 7:52:53 PM GMT-3 [Modules] Streaming discord_erlpack@1 to /home/vinicius/.config/discord/0.0.118/modules/pending/discord_erlpack-1.zip: 86%
12/12/2025, 7:52:53 PM GMT-3 [Modules] Streaming discord_erlpack@1 to /home/vinicius/.config/discord/0.0.118/modules/pending/discord_erlpack-1.zip: 87%
12/12/2025, 7:52:54 PM GMT-3 [Modules] Streaming discord_erlpack@1 to /home/vinicius/.config/discord/0.0.118/modules/pending/discord_erlpack-1.zip: 88%
12/12/2025, 7:52:54 PM GMT-3 [Modules] Streaming discord_erlpack@1 to /home/vinicius/.config/discord/0.0.118/modules/pending/discord_erlpack-1.zip: 89%
12/12/2025, 7:52:54 PM GMT-3 [Modules] Streaming discord_erlpack@1 to /home/vinicius/.config/discord/0.0.118/modules/pending/discord_erlpack-1.zip: 90%
12/12/2025, 7:52:54 PM GMT-3 [Modules] Streaming discord_erlpack@1 to /home/vinicius/.config/discord/0.0.118/modules/pending/discord_erlpack-1.zip: 91%
12/12/2025, 7:52:54 PM GMT-3 [Modules] Streaming discord_erlpack@1 to /home/vinicius/.config/discord/0.0.118/modules/pending/discord_erlpack-1.zip: 92%
12/12/2025, 7:52:54 PM GMT-3 [Modules] Streaming discord_erlpack@1 to /home/vinicius/.config/discord/0.0.118/modules/pending/discord_erlpack-1.zip: 93%
12/12/2025, 7:52:54 PM GMT-3 [Modules] Streaming discord_erlpack@1 to /home/vinicius/.config/discord/0.0.118/modules/pending/discord_erlpack-1.zip: 94%
12/12/2025, 7:52:54 PM GMT-3 [Modules] Streaming discord_erlpack@1 to /home/vinicius/.config/discord/0.0.118/modules/pending/discord_erlpack-1.zip: 95%
12/12/2025, 7:52:54 PM GMT-3 [Modules] Streaming discord_erlpack@1 to /home/vinicius/.config/discord/0.0.118/modules/pending/discord_erlpack-1.zip: 96%
12/12/2025, 7:52:54 PM GMT-3 [Modules] Streaming discord_erlpack@1 to /home/vinicius/.config/discord/0.0.118/modules/pending/discord_erlpack-1.zip: 97%
12/12/2025, 7:52:54 PM GMT-3 [Modules] Streaming discord_erlpack@1 to /home/vinicius/.config/discord/0.0.118/modules/pending/discord_erlpack-1.zip: 98%
12/12/2025, 7:52:54 PM GMT-3 [Modules] Streaming discord_erlpack@1 to /home/vinicius/.config/discord/0.0.118/modules/pending/discord_erlpack-1.zip: 99%
12/12/2025, 7:52:54 PM GMT-3 [Modules] Streaming discord_erlpack@1 to /home/vinicius/.config/discord/0.0.118/modules/pending/discord_erlpack-1.zip: 100%
12/12/2025, 7:52:54 PM GMT-3 [Modules] Fetching discord_spellcheck@1 from https://discord.com/api/modules/stable/discord_spellcheck/1
12/12/2025, 7:52:54 PM GMT-3 [Modules] Streaming discord_spellcheck@1 to /home/vinicius/.config/discord/0.0.118/modules/pending/discord_spellcheck-1.zip
12/12/2025, 7:52:55 PM GMT-3 [Modules] Streaming discord_spellcheck@1 to /home/vinicius/.config/discord/0.0.118/modules/pending/discord_spellcheck-1.zip: 2%
12/12/2025, 7:52:55 PM GMT-3 [Modules] Streaming discord_spellcheck@1 to /home/vinicius/.config/discord/0.0.118/modules/pending/discord_spellcheck-1.zip: 4%
12/12/2025, 7:52:55 PM GMT-3 [Modules] Streaming discord_spellcheck@1 to /home/vinicius/.config/discord/0.0.118/modules/pending/discord_spellcheck-1.zip: 5%
12/12/2025, 7:52:55 PM GMT-3 [Modules] Streaming discord_spellcheck@1 to /home/vinicius/.config/discord/0.0.118/modules/pending/discord_spellcheck-1.zip: 6%
12/12/2025, 7:52:55 PM GMT-3 [Modules] Streaming discord_spellcheck@1 to /home/vinicius/.config/discord/0.0.118/modules/pending/discord_spellcheck-1.zip: 7%
12/12/2025, 7:52:55 PM GMT-3 [Modules] Streaming discord_spellcheck@1 to /home/vinicius/.config/discord/0.0.118/modules/pending/discord_spellcheck-1.zip: 8%
12/12/2025, 7:52:55 PM GMT-3 [Modules] Streaming discord_spellcheck@1 to /home/vinicius/.config/discord/0.0.118/modules/pending/discord_spellcheck-1.zip: 9%
12/12/2025, 7:52:55 PM GMT-3 [Modules] Streaming discord_spellcheck@1 to /home/vinicius/.config/discord/0.0.118/modules/pending/discord_spellcheck-1.zip: 10%
12/12/2025, 7:52:55 PM GMT-3 [Modules] Streaming discord_spellcheck@1 to /home/vinicius/.config/discord/0.0.118/modules/pending/discord_spellcheck-1.zip: 11%
12/12/2025, 7:52:55 PM GMT-3 [Modules] Streaming discord_spellcheck@1 to /home/vinicius/.config/discord/0.0.118/modules/pending/discord_spellcheck-1.zip: 12%
12/12/2025, 7:52:55 PM GMT-3 [Modules] Streaming discord_spellcheck@1 to /home/vinicius/.config/discord/0.0.118/modules/pending/discord_spellcheck-1.zip: 13%
12/12/2025, 7:52:55 PM GMT-3 [Modules] Streaming discord_spellcheck@1 to /home/vinicius/.config/discord/0.0.118/modules/pending/discord_spellcheck-1.zip: 14%
12/12/2025, 7:52:55 PM GMT-3 [Modules] Streaming discord_spellcheck@1 to /home/vinicius/.config/discord/0.0.118/modules/pending/discord_spellcheck-1.zip: 15%
12/12/2025, 7:52:55 PM GMT-3 [Modules] Streaming discord_spellcheck@1 to /home/vinicius/.config/discord/0.0.118/modules/pending/discord_spellcheck-1.zip: 16%
12/12/2025, 7:52:55 PM GMT-3 [Modules] Streaming discord_spellcheck@1 to /home/vinicius/.config/discord/0.0.118/modules/pending/discord_spellcheck-1.zip: 17%
12/12/2025, 7:52:55 PM GMT-3 [Modules] Streaming discord_spellcheck@1 to /home/vinicius/.config/discord/0.0.118/modules/pending/discord_spellcheck-1.zip: 18%
12/12/2025, 7:52:55 PM GMT-3 [Modules] Streaming discord_spellcheck@1 to /home/vinicius/.config/discord/0.0.118/modules/pending/discord_spellcheck-1.zip: 19%
12/12/2025, 7:52:55 PM GMT-3 [Modules] Streaming discord_spellcheck@1 to /home/vinicius/.config/discord/0.0.118/modules/pending/discord_spellcheck-1.zip: 20%
12/12/2025, 7:52:55 PM GMT-3 [Modules] Streaming discord_spellcheck@1 to /home/vinicius/.config/discord/0.0.118/modules/pending/discord_spellcheck-1.zip: 21%
12/12/2025, 7:52:55 PM GMT-3 [Modules] Streaming discord_spellcheck@1 to /home/vinicius/.config/discord/0.0.118/modules/pending/discord_spellcheck-1.zip: 22%
12/12/2025, 7:52:55 PM GMT-3 [Modules] Streaming discord_spellcheck@1 to /home/vinicius/.config/discord/0.0.118/modules/pending/discord_spellcheck-1.zip: 23%
12/12/2025, 7:52:55 PM GMT-3 [Modules] Streaming discord_spellcheck@1 to /home/vinicius/.config/discord/0.0.118/modules/pending/discord_spellcheck-1.zip: 24%
12/12/2025, 7:52:55 PM GMT-3 [Modules] Streaming discord_spellcheck@1 to /home/vinicius/.config/discord/0.0.118/modules/pending/discord_spellcheck-1.zip: 25%
12/12/2025, 7:52:55 PM GMT-3 [Modules] Streaming discord_spellcheck@1 to /home/vinicius/.config/discord/0.0.118/modules/pending/discord_spellcheck-1.zip: 26%
12/12/2025, 7:52:55 PM GMT-3 [Modules] Streaming discord_spellcheck@1 to /home/vinicius/.config/discord/0.0.118/modules/pending/discord_spellcheck-1.zip: 27%
12/12/2025, 7:52:55 PM GMT-3 [Modules] Streaming discord_spellcheck@1 to /home/vinicius/.config/discord/0.0.118/modules/pending/discord_spellcheck-1.zip: 28%
12/12/2025, 7:52:55 PM GMT-3 [Modules] Streaming discord_spellcheck@1 to /home/vinicius/.config/discord/0.0.118/modules/pending/discord_spellcheck-1.zip: 29%
12/12/2025, 7:52:55 PM GMT-3 [Modules] Streaming discord_spellcheck@1 to /home/vinicius/.config/discord/0.0.118/modules/pending/discord_spellcheck-1.zip: 30%
12/12/2025, 7:52:55 PM GMT-3 [Modules] Streaming discord_spellcheck@1 to /home/vinicius/.config/discord/0.0.118/modules/pending/discord_spellcheck-1.zip: 31%
12/12/2025, 7:52:55 PM GMT-3 [Modules] Streaming discord_spellcheck@1 to /home/vinicius/.config/discord/0.0.118/modules/pending/discord_spellcheck-1.zip: 32%
12/12/2025, 7:52:55 PM GMT-3 [Modules] Streaming discord_spellcheck@1 to /home/vinicius/.config/discord/0.0.118/modules/pending/discord_spellcheck-1.zip: 33%
12/12/2025, 7:52:55 PM GMT-3 [Modules] Streaming discord_spellcheck@1 to /home/vinicius/.config/discord/0.0.118/modules/pending/discord_spellcheck-1.zip: 34%
12/12/2025, 7:52:55 PM GMT-3 [Modules] Streaming discord_spellcheck@1 to /home/vinicius/.config/discord/0.0.118/modules/pending/discord_spellcheck-1.zip: 35%
12/12/2025, 7:52:55 PM GMT-3 [Modules] Streaming discord_spellcheck@1 to /home/vinicius/.config/discord/0.0.118/modules/pending/discord_spellcheck-1.zip: 36%
12/12/2025, 7:52:55 PM GMT-3 [Modules] Streaming discord_spellcheck@1 to /home/vinicius/.config/discord/0.0.118/modules/pending/discord_spellcheck-1.zip: 38%
12/12/2025, 7:52:55 PM GMT-3 [Modules] Streaming discord_spellcheck@1 to /home/vinicius/.config/discord/0.0.118/modules/pending/discord_spellcheck-1.zip: 39%
12/12/2025, 7:52:55 PM GMT-3 [Modules] Streaming discord_spellcheck@1 to /home/vinicius/.config/discord/0.0.118/modules/pending/discord_spellcheck-1.zip: 41%
12/12/2025, 7:52:55 PM GMT-3 [Modules] Streaming discord_spellcheck@1 to /home/vinicius/.config/discord/0.0.118/modules/pending/discord_spellcheck-1.zip: 42%
12/12/2025, 7:52:55 PM GMT-3 [Modules] Streaming discord_spellcheck@1 to /home/vinicius/.config/discord/0.0.118/modules/pending/discord_spellcheck-1.zip: 43%
12/12/2025, 7:52:55 PM GMT-3 [Modules] Streaming discord_spellcheck@1 to /home/vinicius/.config/discord/0.0.118/modules/pending/discord_spellcheck-1.zip: 44%
12/12/2025, 7:52:55 PM GMT-3 [Modules] Streaming discord_spellcheck@1 to /home/vinicius/.config/discord/0.0.118/modules/pending/discord_spellcheck-1.zip: 45%
12/12/2025, 7:52:55 PM GMT-3 [Modules] Streaming discord_spellcheck@1 to /home/vinicius/.config/discord/0.0.118/modules/pending/discord_spellcheck-1.zip: 46%
12/12/2025, 7:52:55 PM GMT-3 [Modules] Streaming discord_spellcheck@1 to /home/vinicius/.config/discord/0.0.118/modules/pending/discord_spellcheck-1.zip: 47%
12/12/2025, 7:52:55 PM GMT-3 [Modules] Streaming discord_spellcheck@1 to /home/vinicius/.config/discord/0.0.118/modules/pending/discord_spellcheck-1.zip: 48%
12/12/2025, 7:52:55 PM GMT-3 [Modules] Streaming discord_spellcheck@1 to /home/vinicius/.config/discord/0.0.118/modules/pending/discord_spellcheck-1.zip: 49%
12/12/2025, 7:52:55 PM GMT-3 [Modules] Streaming discord_spellcheck@1 to /home/vinicius/.config/discord/0.0.118/modules/pending/discord_spellcheck-1.zip: 50%
12/12/2025, 7:52:55 PM GMT-3 [Modules] Streaming discord_spellcheck@1 to /home/vinicius/.config/discord/0.0.118/modules/pending/discord_spellcheck-1.zip: 51%
12/12/2025, 7:52:55 PM GMT-3 [Modules] Streaming discord_spellcheck@1 to /home/vinicius/.config/discord/0.0.118/modules/pending/discord_spellcheck-1.zip: 52%
12/12/2025, 7:52:55 PM GMT-3 [Modules] Streaming discord_spellcheck@1 to /home/vinicius/.config/discord/0.0.118/modules/pending/discord_spellcheck-1.zip: 53%
12/12/2025, 7:52:55 PM GMT-3 [Modules] Streaming discord_spellcheck@1 to /home/vinicius/.config/discord/0.0.118/modules/pending/discord_spellcheck-1.zip: 54%
12/12/2025, 7:52:55 PM GMT-3 [Modules] Streaming discord_spellcheck@1 to /home/vinicius/.config/discord/0.0.118/modules/pending/discord_spellcheck-1.zip: 55%
12/12/2025, 7:52:55 PM GMT-3 [Modules] Streaming discord_spellcheck@1 to /home/vinicius/.config/discord/0.0.118/modules/pending/discord_spellcheck-1.zip: 56%
12/12/2025, 7:52:55 PM GMT-3 [Modules] Streaming discord_spellcheck@1 to /home/vinicius/.config/discord/0.0.118/modules/pending/discord_spellcheck-1.zip: 57%
12/12/2025, 7:52:55 PM GMT-3 [Modules] Streaming discord_spellcheck@1 to /home/vinicius/.config/discord/0.0.118/modules/pending/discord_spellcheck-1.zip: 58%
12/12/2025, 7:52:55 PM GMT-3 [Modules] Streaming discord_spellcheck@1 to /home/vinicius/.config/discord/0.0.118/modules/pending/discord_spellcheck-1.zip: 59%
12/12/2025, 7:52:55 PM GMT-3 [Modules] Streaming discord_spellcheck@1 to /home/vinicius/.config/discord/0.0.118/modules/pending/discord_spellcheck-1.zip: 60%
12/12/2025, 7:52:55 PM GMT-3 [Modules] Streaming discord_spellcheck@1 to /home/vinicius/.config/discord/0.0.118/modules/pending/discord_spellcheck-1.zip: 62%
12/12/2025, 7:52:55 PM GMT-3 [Modules] Streaming discord_spellcheck@1 to /home/vinicius/.config/discord/0.0.118/modules/pending/discord_spellcheck-1.zip: 63%
12/12/2025, 7:52:55 PM GMT-3 [Modules] Streaming discord_spellcheck@1 to /home/vinicius/.config/discord/0.0.118/modules/pending/discord_spellcheck-1.zip: 64%
12/12/2025, 7:52:55 PM GMT-3 [Modules] Streaming discord_spellcheck@1 to /home/vinicius/.config/discord/0.0.118/modules/pending/discord_spellcheck-1.zip: 65%
12/12/2025, 7:52:55 PM GMT-3 [Modules] Streaming discord_spellcheck@1 to /home/vinicius/.config/discord/0.0.118/modules/pending/discord_spellcheck-1.zip: 66%
12/12/2025, 7:52:56 PM GMT-3 [Modules] Streaming discord_spellcheck@1 to /home/vinicius/.config/discord/0.0.118/modules/pending/discord_spellcheck-1.zip: 67%
12/12/2025, 7:52:56 PM GMT-3 [Modules] Streaming discord_spellcheck@1 to /home/vinicius/.config/discord/0.0.118/modules/pending/discord_spellcheck-1.zip: 68%
12/12/2025, 7:52:56 PM GMT-3 [Modules] Streaming discord_spellcheck@1 to /home/vinicius/.config/discord/0.0.118/modules/pending/discord_spellcheck-1.zip: 69%
12/12/2025, 7:52:56 PM GMT-3 [Modules] Streaming discord_spellcheck@1 to /home/vinicius/.config/discord/0.0.118/modules/pending/discord_spellcheck-1.zip: 70%
12/12/2025, 7:52:56 PM GMT-3 [Modules] Streaming discord_spellcheck@1 to /home/vinicius/.config/discord/0.0.118/modules/pending/discord_spellcheck-1.zip: 71%
12/12/2025, 7:52:56 PM GMT-3 [Modules] Streaming discord_spellcheck@1 to /home/vinicius/.config/discord/0.0.118/modules/pending/discord_spellcheck-1.zip: 72%
12/12/2025, 7:52:56 PM GMT-3 [Modules] Streaming discord_spellcheck@1 to /home/vinicius/.config/discord/0.0.118/modules/pending/discord_spellcheck-1.zip: 73%
12/12/2025, 7:52:56 PM GMT-3 [Modules] Streaming discord_spellcheck@1 to /home/vinicius/.config/discord/0.0.118/modules/pending/discord_spellcheck-1.zip: 74%
12/12/2025, 7:52:56 PM GMT-3 [Modules] Streaming discord_spellcheck@1 to /home/vinicius/.config/discord/0.0.118/modules/pending/discord_spellcheck-1.zip: 75%
12/12/2025, 7:52:56 PM GMT-3 [Modules] Streaming discord_spellcheck@1 to /home/vinicius/.config/discord/0.0.118/modules/pending/discord_spellcheck-1.zip: 76%
12/12/2025, 7:52:56 PM GMT-3 [Modules] Streaming discord_spellcheck@1 to /home/vinicius/.config/discord/0.0.118/modules/pending/discord_spellcheck-1.zip: 77%
12/12/2025, 7:52:56 PM GMT-3 [Modules] Streaming discord_spellcheck@1 to /home/vinicius/.config/discord/0.0.118/modules/pending/discord_spellcheck-1.zip: 78%
12/12/2025, 7:52:56 PM GMT-3 [Modules] Streaming discord_spellcheck@1 to /home/vinicius/.config/discord/0.0.118/modules/pending/discord_spellcheck-1.zip: 79%
12/12/2025, 7:52:56 PM GMT-3 [Modules] Streaming discord_spellcheck@1 to /home/vinicius/.config/discord/0.0.118/modules/pending/discord_spellcheck-1.zip: 80%
12/12/2025, 7:52:56 PM GMT-3 [Modules] Streaming discord_spellcheck@1 to /home/vinicius/.config/discord/0.0.118/modules/pending/discord_spellcheck-1.zip: 81%
12/12/2025, 7:52:56 PM GMT-3 [Modules] Streaming discord_spellcheck@1 to /home/vinicius/.config/discord/0.0.118/modules/pending/discord_spellcheck-1.zip: 82%
12/12/2025, 7:52:56 PM GMT-3 [Modules] Streaming discord_spellcheck@1 to /home/vinicius/.config/discord/0.0.118/modules/pending/discord_spellcheck-1.zip: 83%
12/12/2025, 7:52:56 PM GMT-3 [Modules] Streaming discord_spellcheck@1 to /home/vinicius/.config/discord/0.0.118/modules/pending/discord_spellcheck-1.zip: 84%
12/12/2025, 7:52:56 PM GMT-3 [Modules] Streaming discord_spellcheck@1 to /home/vinicius/.config/discord/0.0.118/modules/pending/discord_spellcheck-1.zip: 85%
12/12/2025, 7:52:56 PM GMT-3 [Modules] Streaming discord_spellcheck@1 to /home/vinicius/.config/discord/0.0.118/modules/pending/discord_spellcheck-1.zip: 86%
12/12/2025, 7:52:56 PM GMT-3 [Modules] Streaming discord_spellcheck@1 to /home/vinicius/.config/discord/0.0.118/modules/pending/discord_spellcheck-1.zip: 87%
12/12/2025, 7:52:56 PM GMT-3 [Modules] Streaming discord_spellcheck@1 to /home/vinicius/.config/discord/0.0.118/modules/pending/discord_spellcheck-1.zip: 88%
12/12/2025, 7:52:56 PM GMT-3 [Modules] Streaming discord_spellcheck@1 to /home/vinicius/.config/discord/0.0.118/modules/pending/discord_spellcheck-1.zip: 89%
12/12/2025, 7:52:56 PM GMT-3 [Modules] Streaming discord_spellcheck@1 to /home/vinicius/.config/discord/0.0.118/modules/pending/discord_spellcheck-1.zip: 90%
12/12/2025, 7:52:56 PM GMT-3 [Modules] Streaming discord_spellcheck@1 to /home/vinicius/.config/discord/0.0.118/modules/pending/discord_spellcheck-1.zip: 91%
12/12/2025, 7:52:56 PM GMT-3 [Modules] Streaming discord_spellcheck@1 to /home/vinicius/.config/discord/0.0.118/modules/pending/discord_spellcheck-1.zip: 92%
12/12/2025, 7:52:56 PM GMT-3 [Modules] Streaming discord_spellcheck@1 to /home/vinicius/.config/discord/0.0.118/modules/pending/discord_spellcheck-1.zip: 93%
12/12/2025, 7:52:56 PM GMT-3 [Modules] Streaming discord_spellcheck@1 to /home/vinicius/.config/discord/0.0.118/modules/pending/discord_spellcheck-1.zip: 94%
12/12/2025, 7:52:56 PM GMT-3 [Modules] Streaming discord_spellcheck@1 to /home/vinicius/.config/discord/0.0.118/modules/pending/discord_spellcheck-1.zip: 95%
12/12/2025, 7:52:56 PM GMT-3 [Modules] Streaming discord_spellcheck@1 to /home/vinicius/.config/discord/0.0.118/modules/pending/discord_spellcheck-1.zip: 96%
12/12/2025, 7:52:56 PM GMT-3 [Modules] Streaming discord_spellcheck@1 to /home/vinicius/.config/discord/0.0.118/modules/pending/discord_spellcheck-1.zip: 97%
12/12/2025, 7:52:56 PM GMT-3 [Modules] Streaming discord_spellcheck@1 to /home/vinicius/.config/discord/0.0.118/modules/pending/discord_spellcheck-1.zip: 98%
12/12/2025, 7:52:56 PM GMT-3 [Modules] Streaming discord_spellcheck@1 to /home/vinicius/.config/discord/0.0.118/modules/pending/discord_spellcheck-1.zip: 99%
12/12/2025, 7:52:56 PM GMT-3 [Modules] Streaming discord_spellcheck@1 to /home/vinicius/.config/discord/0.0.118/modules/pending/discord_spellcheck-1.zip: 100%
12/12/2025, 7:52:56 PM GMT-3 [Modules] Fetching discord_utils@1 from https://discord.com/api/modules/stable/discord_utils/1
12/12/2025, 7:52:56 PM GMT-3 [Modules] Streaming discord_utils@1 to /home/vinicius/.config/discord/0.0.118/modules/pending/discord_utils-1.zip
12/12/2025, 7:52:57 PM GMT-3 [Modules] Streaming discord_utils@1 to /home/vinicius/.config/discord/0.0.118/modules/pending/discord_utils-1.zip: 1%
12/12/2025, 7:52:57 PM GMT-3 [Modules] Streaming discord_utils@1 to /home/vinicius/.config/discord/0.0.118/modules/pending/discord_utils-1.zip: 2%
12/12/2025, 7:52:57 PM GMT-3 [Modules] Streaming discord_utils@1 to /home/vinicius/.config/discord/0.0.118/modules/pending/discord_utils-1.zip: 4%
12/12/2025, 7:52:57 PM GMT-3 [Modules] Streaming discord_utils@1 to /home/vinicius/.config/discord/0.0.118/modules/pending/discord_utils-1.zip: 5%
12/12/2025, 7:52:57 PM GMT-3 [Modules] Streaming discord_utils@1 to /home/vinicius/.config/discord/0.0.118/modules/pending/discord_utils-1.zip: 8%
12/12/2025, 7:52:57 PM GMT-3 [Modules] Streaming discord_utils@1 to /home/vinicius/.config/discord/0.0.118/modules/pending/discord_utils-1.zip: 9%
12/12/2025, 7:52:57 PM GMT-3 [Modules] Streaming discord_utils@1 to /home/vinicius/.config/discord/0.0.118/modules/pending/discord_utils-1.zip: 11%
12/12/2025, 7:52:57 PM GMT-3 [Modules] Streaming discord_utils@1 to /home/vinicius/.config/discord/0.0.118/modules/pending/discord_utils-1.zip: 12%
12/12/2025, 7:52:57 PM GMT-3 [Modules] Streaming discord_utils@1 to /home/vinicius/.config/discord/0.0.118/modules/pending/discord_utils-1.zip: 14%
12/12/2025, 7:52:57 PM GMT-3 [Modules] Streaming discord_utils@1 to /home/vinicius/.config/discord/0.0.118/modules/pending/discord_utils-1.zip: 15%
12/12/2025, 7:52:57 PM GMT-3 [Modules] Streaming discord_utils@1 to /home/vinicius/.config/discord/0.0.118/modules/pending/discord_utils-1.zip: 16%
12/12/2025, 7:52:57 PM GMT-3 [Modules] Streaming discord_utils@1 to /home/vinicius/.config/discord/0.0.118/modules/pending/discord_utils-1.zip: 17%
12/12/2025, 7:52:57 PM GMT-3 [Modules] Streaming discord_utils@1 to /home/vinicius/.config/discord/0.0.118/modules/pending/discord_utils-1.zip: 18%
12/12/2025, 7:52:57 PM GMT-3 [Modules] Streaming discord_utils@1 to /home/vinicius/.config/discord/0.0.118/modules/pending/discord_utils-1.zip: 19%
12/12/2025, 7:52:57 PM GMT-3 [Modules] Streaming discord_utils@1 to /home/vinicius/.config/discord/0.0.118/modules/pending/discord_utils-1.zip: 20%
12/12/2025, 7:52:57 PM GMT-3 [Modules] Streaming discord_utils@1 to /home/vinicius/.config/discord/0.0.118/modules/pending/discord_utils-1.zip: 21%
12/12/2025, 7:52:57 PM GMT-3 [Modules] Streaming discord_utils@1 to /home/vinicius/.config/discord/0.0.118/modules/pending/discord_utils-1.zip: 22%
12/12/2025, 7:52:57 PM GMT-3 [Modules] Streaming discord_utils@1 to /home/vinicius/.config/discord/0.0.118/modules/pending/discord_utils-1.zip: 23%
12/12/2025, 7:52:57 PM GMT-3 [Modules] Streaming discord_utils@1 to /home/vinicius/.config/discord/0.0.118/modules/pending/discord_utils-1.zip: 24%
12/12/2025, 7:52:57 PM GMT-3 [Modules] Streaming discord_utils@1 to /home/vinicius/.config/discord/0.0.118/modules/pending/discord_utils-1.zip: 25%
12/12/2025, 7:52:57 PM GMT-3 [Modules] Streaming discord_utils@1 to /home/vinicius/.config/discord/0.0.118/modules/pending/discord_utils-1.zip: 26%
12/12/2025, 7:52:57 PM GMT-3 [Modules] Streaming discord_utils@1 to /home/vinicius/.config/discord/0.0.118/modules/pending/discord_utils-1.zip: 27%
12/12/2025, 7:52:57 PM GMT-3 [Modules] Streaming discord_utils@1 to /home/vinicius/.config/discord/0.0.118/modules/pending/discord_utils-1.zip: 29%
12/12/2025, 7:52:57 PM GMT-3 [Modules] Streaming discord_utils@1 to /home/vinicius/.config/discord/0.0.118/modules/pending/discord_utils-1.zip: 30%
12/12/2025, 7:52:57 PM GMT-3 [Modules] Streaming discord_utils@1 to /home/vinicius/.config/discord/0.0.118/modules/pending/discord_utils-1.zip: 31%
12/12/2025, 7:52:57 PM GMT-3 [Modules] Streaming discord_utils@1 to /home/vinicius/.config/discord/0.0.118/modules/pending/discord_utils-1.zip: 32%
12/12/2025, 7:52:57 PM GMT-3 [Modules] Streaming discord_utils@1 to /home/vinicius/.config/discord/0.0.118/modules/pending/discord_utils-1.zip: 33%
12/12/2025, 7:52:57 PM GMT-3 [Modules] Streaming discord_utils@1 to /home/vinicius/.config/discord/0.0.118/modules/pending/discord_utils-1.zip: 34%
12/12/2025, 7:52:57 PM GMT-3 [Modules] Streaming discord_utils@1 to /home/vinicius/.config/discord/0.0.118/modules/pending/discord_utils-1.zip: 35%
12/12/2025, 7:52:57 PM GMT-3 [Modules] Streaming discord_utils@1 to /home/vinicius/.config/discord/0.0.118/modules/pending/discord_utils-1.zip: 36%
12/12/2025, 7:52:57 PM GMT-3 [Modules] Streaming discord_utils@1 to /home/vinicius/.config/discord/0.0.118/modules/pending/discord_utils-1.zip: 37%
12/12/2025, 7:52:57 PM GMT-3 [Modules] Streaming discord_utils@1 to /home/vinicius/.config/discord/0.0.118/modules/pending/discord_utils-1.zip: 39%
12/12/2025, 7:52:57 PM GMT-3 [Modules] Streaming discord_utils@1 to /home/vinicius/.config/discord/0.0.118/modules/pending/discord_utils-1.zip: 40%
12/12/2025, 7:52:57 PM GMT-3 [Modules] Streaming discord_utils@1 to /home/vinicius/.config/discord/0.0.118/modules/pending/discord_utils-1.zip: 41%
12/12/2025, 7:52:57 PM GMT-3 [Modules] Streaming discord_utils@1 to /home/vinicius/.config/discord/0.0.118/modules/pending/discord_utils-1.zip: 42%
12/12/2025, 7:52:58 PM GMT-3 [Modules] Streaming discord_utils@1 to /home/vinicius/.config/discord/0.0.118/modules/pending/discord_utils-1.zip: 43%
12/12/2025, 7:52:58 PM GMT-3 [Modules] Streaming discord_utils@1 to /home/vinicius/.config/discord/0.0.118/modules/pending/discord_utils-1.zip: 45%
12/12/2025, 7:52:58 PM GMT-3 [Modules] Streaming discord_utils@1 to /home/vinicius/.config/discord/0.0.118/modules/pending/discord_utils-1.zip: 47%
12/12/2025, 7:52:58 PM GMT-3 [Modules] Streaming discord_utils@1 to /home/vinicius/.config/discord/0.0.118/modules/pending/discord_utils-1.zip: 50%
12/12/2025, 7:52:58 PM GMT-3 [Modules] Streaming discord_utils@1 to /home/vinicius/.config/discord/0.0.118/modules/pending/discord_utils-1.zip: 53%
12/12/2025, 7:52:58 PM GMT-3 [Modules] Streaming discord_utils@1 to /home/vinicius/.config/discord/0.0.118/modules/pending/discord_utils-1.zip: 54%
12/12/2025, 7:52:58 PM GMT-3 [Modules] Streaming discord_utils@1 to /home/vinicius/.config/discord/0.0.118/modules/pending/discord_utils-1.zip: 55%
12/12/2025, 7:52:58 PM GMT-3 [Modules] Streaming discord_utils@1 to /home/vinicius/.config/discord/0.0.118/modules/pending/discord_utils-1.zip: 58%
12/12/2025, 7:52:58 PM GMT-3 [Modules] Streaming discord_utils@1 to /home/vinicius/.config/discord/0.0.118/modules/pending/discord_utils-1.zip: 61%
12/12/2025, 7:52:58 PM GMT-3 [Modules] Streaming discord_utils@1 to /home/vinicius/.config/discord/0.0.118/modules/pending/discord_utils-1.zip: 62%
12/12/2025, 7:52:58 PM GMT-3 [Modules] Streaming discord_utils@1 to /home/vinicius/.config/discord/0.0.118/modules/pending/discord_utils-1.zip: 66%
12/12/2025, 7:52:58 PM GMT-3 [Modules] Streaming discord_utils@1 to /home/vinicius/.config/discord/0.0.118/modules/pending/discord_utils-1.zip: 69%
12/12/2025, 7:52:58 PM GMT-3 [Modules] Streaming discord_utils@1 to /home/vinicius/.config/discord/0.0.118/modules/pending/discord_utils-1.zip: 70%
12/12/2025, 7:52:58 PM GMT-3 [Modules] Streaming discord_utils@1 to /home/vinicius/.config/discord/0.0.118/modules/pending/discord_utils-1.zip: 74%
12/12/2025, 7:52:58 PM GMT-3 [Modules] Streaming discord_utils@1 to /home/vinicius/.config/discord/0.0.118/modules/pending/discord_utils-1.zip: 77%
12/12/2025, 7:52:58 PM GMT-3 [Modules] Streaming discord_utils@1 to /home/vinicius/.config/discord/0.0.118/modules/pending/discord_utils-1.zip: 82%
12/12/2025, 7:52:58 PM GMT-3 [Modules] Streaming discord_utils@1 to /home/vinicius/.config/discord/0.0.118/modules/pending/discord_utils-1.zip: 85%
12/12/2025, 7:52:58 PM GMT-3 [Modules] Streaming discord_utils@1 to /home/vinicius/.config/discord/0.0.118/modules/pending/discord_utils-1.zip: 87%
12/12/2025, 7:52:58 PM GMT-3 [Modules] Streaming discord_utils@1 to /home/vinicius/.config/discord/0.0.118/modules/pending/discord_utils-1.zip: 90%
12/12/2025, 7:52:58 PM GMT-3 [Modules] Streaming discord_utils@1 to /home/vinicius/.config/discord/0.0.118/modules/pending/discord_utils-1.zip: 93%
12/12/2025, 7:52:58 PM GMT-3 [Modules] Streaming discord_utils@1 to /home/vinicius/.config/discord/0.0.118/modules/pending/discord_utils-1.zip: 95%
12/12/2025, 7:52:58 PM GMT-3 [Modules] Streaming discord_utils@1 to /home/vinicius/.config/discord/0.0.118/modules/pending/discord_utils-1.zip: 97%
12/12/2025, 7:52:58 PM GMT-3 [Modules] Streaming discord_utils@1 to /home/vinicius/.config/discord/0.0.118/modules/pending/discord_utils-1.zip: 98%
12/12/2025, 7:52:58 PM GMT-3 [Modules] Streaming discord_utils@1 to /home/vinicius/.config/discord/0.0.118/modules/pending/discord_utils-1.zip: 99%
12/12/2025, 7:52:58 PM GMT-3 [Modules] Streaming discord_utils@1 to /home/vinicius/.config/discord/0.0.118/modules/pending/discord_utils-1.zip: 100%
12/12/2025, 7:52:58 PM GMT-3 [Modules] Fetching discord_voice@1 from https://discord.com/api/modules/stable/discord_voice/1
12/12/2025, 7:52:58 PM GMT-3 [Modules] Streaming discord_voice@1 to /home/vinicius/.config/discord/0.0.118/modules/pending/discord_voice-1.zip
12/12/2025, 7:52:59 PM GMT-3 [Modules] Streaming discord_voice@1 to /home/vinicius/.config/discord/0.0.118/modules/pending/discord_voice-1.zip: 1%
12/12/2025, 7:52:59 PM GMT-3 [Modules] Streaming discord_voice@1 to /home/vinicius/.config/discord/0.0.118/modules/pending/discord_voice-1.zip: 2%
12/12/2025, 7:52:59 PM GMT-3 [Modules] Streaming discord_voice@1 to /home/vinicius/.config/discord/0.0.118/modules/pending/discord_voice-1.zip: 3%
12/12/2025, 7:52:59 PM GMT-3 [Modules] Streaming discord_voice@1 to /home/vinicius/.config/discord/0.0.118/modules/pending/discord_voice-1.zip: 4%
12/12/2025, 7:52:59 PM GMT-3 [Modules] Streaming discord_voice@1 to /home/vinicius/.config/discord/0.0.118/modules/pending/discord_voice-1.zip: 5%
12/12/2025, 7:52:59 PM GMT-3 [Modules] Streaming discord_voice@1 to /home/vinicius/.config/discord/0.0.118/modules/pending/discord_voice-1.zip: 6%
12/12/2025, 7:52:59 PM GMT-3 [Modules] Streaming discord_voice@1 to /home/vinicius/.config/discord/0.0.118/modules/pending/discord_voice-1.zip: 7%
12/12/2025, 7:52:59 PM GMT-3 [Modules] Streaming discord_voice@1 to /home/vinicius/.config/discord/0.0.118/modules/pending/discord_voice-1.zip: 8%
12/12/2025, 7:52:59 PM GMT-3 [Modules] Streaming discord_voice@1 to /home/vinicius/.config/discord/0.0.118/modules/pending/discord_voice-1.zip: 9%
12/12/2025, 7:52:59 PM GMT-3 [Modules] Streaming discord_voice@1 to /home/vinicius/.config/discord/0.0.118/modules/pending/discord_voice-1.zip: 10%
12/12/2025, 7:52:59 PM GMT-3 [Modules] Streaming discord_voice@1 to /home/vinicius/.config/discord/0.0.118/modules/pending/discord_voice-1.zip: 11%
12/12/2025, 7:52:59 PM GMT-3 [Modules] Streaming discord_voice@1 to /home/vinicius/.config/discord/0.0.118/modules/pending/discord_voice-1.zip: 12%
12/12/2025, 7:52:59 PM GMT-3 [Modules] Streaming discord_voice@1 to /home/vinicius/.config/discord/0.0.118/modules/pending/discord_voice-1.zip: 13%
12/12/2025, 7:52:59 PM GMT-3 [Modules] Streaming discord_voice@1 to /home/vinicius/.config/discord/0.0.118/modules/pending/discord_voice-1.zip: 14%
12/12/2025, 7:52:59 PM GMT-3 [Modules] Streaming discord_voice@1 to /home/vinicius/.config/discord/0.0.118/modules/pending/discord_voice-1.zip: 15%
12/12/2025, 7:52:59 PM GMT-3 [Modules] Streaming discord_voice@1 to /home/vinicius/.config/discord/0.0.118/modules/pending/discord_voice-1.zip: 16%
12/12/2025, 7:52:59 PM GMT-3 [Modules] Streaming discord_voice@1 to /home/vinicius/.config/discord/0.0.118/modules/pending/discord_voice-1.zip: 17%
12/12/2025, 7:52:59 PM GMT-3 [Modules] Streaming discord_voice@1 to /home/vinicius/.config/discord/0.0.118/modules/pending/discord_voice-1.zip: 18%
12/12/2025, 7:52:59 PM GMT-3 [Modules] Streaming discord_voice@1 to /home/vinicius/.config/discord/0.0.118/modules/pending/discord_voice-1.zip: 19%
12/12/2025, 7:52:59 PM GMT-3 [Modules] Streaming discord_voice@1 to /home/vinicius/.config/discord/0.0.118/modules/pending/discord_voice-1.zip: 20%
12/12/2025, 7:52:59 PM GMT-3 [Modules] Streaming discord_voice@1 to /home/vinicius/.config/discord/0.0.118/modules/pending/discord_voice-1.zip: 21%
12/12/2025, 7:52:59 PM GMT-3 [Modules] Streaming discord_voice@1 to /home/vinicius/.config/discord/0.0.118/modules/pending/discord_voice-1.zip: 22%
12/12/2025, 7:52:59 PM GMT-3 [Modules] Streaming discord_voice@1 to /home/vinicius/.config/discord/0.0.118/modules/pending/discord_voice-1.zip: 23%
12/12/2025, 7:52:59 PM GMT-3 [Modules] Streaming discord_voice@1 to /home/vinicius/.config/discord/0.0.118/modules/pending/discord_voice-1.zip: 24%
12/12/2025, 7:53:00 PM GMT-3 [Modules] Streaming discord_voice@1 to /home/vinicius/.config/discord/0.0.118/modules/pending/discord_voice-1.zip: 25%
12/12/2025, 7:53:00 PM GMT-3 [Modules] Streaming discord_voice@1 to /home/vinicius/.config/discord/0.0.118/modules/pending/discord_voice-1.zip: 26%
12/12/2025, 7:53:00 PM GMT-3 [Modules] Streaming discord_voice@1 to /home/vinicius/.config/discord/0.0.118/modules/pending/discord_voice-1.zip: 27%
12/12/2025, 7:53:00 PM GMT-3 [Modules] Streaming discord_voice@1 to /home/vinicius/.config/discord/0.0.118/modules/pending/discord_voice-1.zip: 28%
12/12/2025, 7:53:00 PM GMT-3 [Modules] Streaming discord_voice@1 to /home/vinicius/.config/discord/0.0.118/modules/pending/discord_voice-1.zip: 29%
12/12/2025, 7:53:00 PM GMT-3 [Modules] Streaming discord_voice@1 to /home/vinicius/.config/discord/0.0.118/modules/pending/discord_voice-1.zip: 30%
12/12/2025, 7:53:00 PM GMT-3 [Modules] Streaming discord_voice@1 to /home/vinicius/.config/discord/0.0.118/modules/pending/discord_voice-1.zip: 31%
12/12/2025, 7:53:00 PM GMT-3 [Modules] Streaming discord_voice@1 to /home/vinicius/.config/discord/0.0.118/modules/pending/discord_voice-1.zip: 32%
12/12/2025, 7:53:00 PM GMT-3 [Modules] Streaming discord_voice@1 to /home/vinicius/.config/discord/0.0.118/modules/pending/discord_voice-1.zip: 33%
12/12/2025, 7:53:00 PM GMT-3 [Modules] Streaming discord_voice@1 to /home/vinicius/.config/discord/0.0.118/modules/pending/discord_voice-1.zip: 34%
12/12/2025, 7:53:00 PM GMT-3 [Modules] Streaming discord_voice@1 to /home/vinicius/.config/discord/0.0.118/modules/pending/discord_voice-1.zip: 35%
12/12/2025, 7:53:00 PM GMT-3 [Modules] Streaming discord_voice@1 to /home/vinicius/.config/discord/0.0.118/modules/pending/discord_voice-1.zip: 36%
12/12/2025, 7:53:00 PM GMT-3 [Modules] Streaming discord_voice@1 to /home/vinicius/.config/discord/0.0.118/modules/pending/discord_voice-1.zip: 37%
12/12/2025, 7:53:00 PM GMT-3 [Modules] Streaming discord_voice@1 to /home/vinicius/.config/discord/0.0.118/modules/pending/discord_voice-1.zip: 38%
12/12/2025, 7:53:00 PM GMT-3 [Modules] Streaming discord_voice@1 to /home/vinicius/.config/discord/0.0.118/modules/pending/discord_voice-1.zip: 39%
12/12/2025, 7:53:00 PM GMT-3 [Modules] Streaming discord_voice@1 to /home/vinicius/.config/discord/0.0.118/modules/pending/discord_voice-1.zip: 40%
12/12/2025, 7:53:00 PM GMT-3 [Modules] Streaming discord_voice@1 to /home/vinicius/.config/discord/0.0.118/modules/pending/discord_voice-1.zip: 41%
12/12/2025, 7:53:00 PM GMT-3 [Modules] Streaming discord_voice@1 to /home/vinicius/.config/discord/0.0.118/modules/pending/discord_voice-1.zip: 42%
12/12/2025, 7:53:00 PM GMT-3 [Modules] Streaming discord_voice@1 to /home/vinicius/.config/discord/0.0.118/modules/pending/discord_voice-1.zip: 43%
12/12/2025, 7:53:00 PM GMT-3 [Modules] Streaming discord_voice@1 to /home/vinicius/.config/discord/0.0.118/modules/pending/discord_voice-1.zip: 44%
12/12/2025, 7:53:00 PM GMT-3 [Modules] Streaming discord_voice@1 to /home/vinicius/.config/discord/0.0.118/modules/pending/discord_voice-1.zip: 45%
12/12/2025, 7:53:00 PM GMT-3 [Modules] Streaming discord_voice@1 to /home/vinicius/.config/discord/0.0.118/modules/pending/discord_voice-1.zip: 46%
12/12/2025, 7:53:00 PM GMT-3 [Modules] Streaming discord_voice@1 to /home/vinicius/.config/discord/0.0.118/modules/pending/discord_voice-1.zip: 47%
12/12/2025, 7:53:00 PM GMT-3 [Modules] Streaming discord_voice@1 to /home/vinicius/.config/discord/0.0.118/modules/pending/discord_voice-1.zip: 48%
12/12/2025, 7:53:00 PM GMT-3 [Modules] Streaming discord_voice@1 to /home/vinicius/.config/discord/0.0.118/modules/pending/discord_voice-1.zip: 49%
12/12/2025, 7:53:00 PM GMT-3 [Modules] Streaming discord_voice@1 to /home/vinicius/.config/discord/0.0.118/modules/pending/discord_voice-1.zip: 50%
12/12/2025, 7:53:00 PM GMT-3 [Modules] Streaming discord_voice@1 to /home/vinicius/.config/discord/0.0.118/modules/pending/discord_voice-1.zip: 51%
12/12/2025, 7:53:01 PM GMT-3 [Modules] Streaming discord_voice@1 to /home/vinicius/.config/discord/0.0.118/modules/pending/discord_voice-1.zip: 52%
12/12/2025, 7:53:01 PM GMT-3 [Modules] Streaming discord_voice@1 to /home/vinicius/.config/discord/0.0.118/modules/pending/discord_voice-1.zip: 53%
12/12/2025, 7:53:01 PM GMT-3 [Modules] Streaming discord_voice@1 to /home/vinicius/.config/discord/0.0.118/modules/pending/discord_voice-1.zip: 54%
12/12/2025, 7:53:01 PM GMT-3 [Modules] Streaming discord_voice@1 to /home/vinicius/.config/discord/0.0.118/modules/pending/discord_voice-1.zip: 55%
12/12/2025, 7:53:01 PM GMT-3 [Modules] Streaming discord_voice@1 to /home/vinicius/.config/discord/0.0.118/modules/pending/discord_voice-1.zip: 56%
12/12/2025, 7:53:01 PM GMT-3 [Modules] Streaming discord_voice@1 to /home/vinicius/.config/discord/0.0.118/modules/pending/discord_voice-1.zip: 57%
12/12/2025, 7:53:01 PM GMT-3 [Modules] Streaming discord_voice@1 to /home/vinicius/.config/discord/0.0.118/modules/pending/discord_voice-1.zip: 58%
12/12/2025, 7:53:01 PM GMT-3 [Modules] Streaming discord_voice@1 to /home/vinicius/.config/discord/0.0.118/modules/pending/discord_voice-1.zip: 59%
12/12/2025, 7:53:01 PM GMT-3 [Modules] Streaming discord_voice@1 to /home/vinicius/.config/discord/0.0.118/modules/pending/discord_voice-1.zip: 60%
12/12/2025, 7:53:01 PM GMT-3 [Modules] Streaming discord_voice@1 to /home/vinicius/.config/discord/0.0.118/modules/pending/discord_voice-1.zip: 61%
12/12/2025, 7:53:01 PM GMT-3 [Modules] Streaming discord_voice@1 to /home/vinicius/.config/discord/0.0.118/modules/pending/discord_voice-1.zip: 62%
12/12/2025, 7:53:01 PM GMT-3 [Modules] Streaming discord_voice@1 to /home/vinicius/.config/discord/0.0.118/modules/pending/discord_voice-1.zip: 63%
12/12/2025, 7:53:01 PM GMT-3 [Modules] Streaming discord_voice@1 to /home/vinicius/.config/discord/0.0.118/modules/pending/discord_voice-1.zip: 64%
12/12/2025, 7:53:01 PM GMT-3 [Modules] Streaming discord_voice@1 to /home/vinicius/.config/discord/0.0.118/modules/pending/discord_voice-1.zip: 65%
12/12/2025, 7:53:01 PM GMT-3 [Modules] Streaming discord_voice@1 to /home/vinicius/.config/discord/0.0.118/modules/pending/discord_voice-1.zip: 66%
12/12/2025, 7:53:01 PM GMT-3 [Modules] Streaming discord_voice@1 to /home/vinicius/.config/discord/0.0.118/modules/pending/discord_voice-1.zip: 67%
12/12/2025, 7:53:01 PM GMT-3 [Modules] Streaming discord_voice@1 to /home/vinicius/.config/discord/0.0.118/modules/pending/discord_voice-1.zip: 68%
12/12/2025, 7:53:01 PM GMT-3 [Modules] Streaming discord_voice@1 to /home/vinicius/.config/discord/0.0.118/modules/pending/discord_voice-1.zip: 69%
12/12/2025, 7:53:01 PM GMT-3 [Modules] Streaming discord_voice@1 to /home/vinicius/.config/discord/0.0.118/modules/pending/discord_voice-1.zip: 70%
12/12/2025, 7:53:01 PM GMT-3 [Modules] Streaming discord_voice@1 to /home/vinicius/.config/discord/0.0.118/modules/pending/discord_voice-1.zip: 71%
12/12/2025, 7:53:01 PM GMT-3 [Modules] Streaming discord_voice@1 to /home/vinicius/.config/discord/0.0.118/modules/pending/discord_voice-1.zip: 72%
12/12/2025, 7:53:02 PM GMT-3 [Modules] Streaming discord_voice@1 to /home/vinicius/.config/discord/0.0.118/modules/pending/discord_voice-1.zip: 73%
12/12/2025, 7:53:02 PM GMT-3 [Modules] Streaming discord_voice@1 to /home/vinicius/.config/discord/0.0.118/modules/pending/discord_voice-1.zip: 74%
12/12/2025, 7:53:02 PM GMT-3 [Modules] Streaming discord_voice@1 to /home/vinicius/.config/discord/0.0.118/modules/pending/discord_voice-1.zip: 75%
12/12/2025, 7:53:02 PM GMT-3 [Modules] Streaming discord_voice@1 to /home/vinicius/.config/discord/0.0.118/modules/pending/discord_voice-1.zip: 76%
12/12/2025, 7:53:02 PM GMT-3 [Modules] Streaming discord_voice@1 to /home/vinicius/.config/discord/0.0.118/modules/pending/discord_voice-1.zip: 77%
12/12/2025, 7:53:02 PM GMT-3 [Modules] Streaming discord_voice@1 to /home/vinicius/.config/discord/0.0.118/modules/pending/discord_voice-1.zip: 78%
12/12/2025, 7:53:02 PM GMT-3 [Modules] Streaming discord_voice@1 to /home/vinicius/.config/discord/0.0.118/modules/pending/discord_voice-1.zip: 79%
12/12/2025, 7:53:02 PM GMT-3 [Modules] Streaming discord_voice@1 to /home/vinicius/.config/discord/0.0.118/modules/pending/discord_voice-1.zip: 80%
12/12/2025, 7:53:02 PM GMT-3 [Modules] Streaming discord_voice@1 to /home/vinicius/.config/discord/0.0.118/modules/pending/discord_voice-1.zip: 81%
12/12/2025, 7:53:02 PM GMT-3 [Modules] Streaming discord_voice@1 to /home/vinicius/.config/discord/0.0.118/modules/pending/discord_voice-1.zip: 82%
12/12/2025, 7:53:02 PM GMT-3 [Modules] Streaming discord_voice@1 to /home/vinicius/.config/discord/0.0.118/modules/pending/discord_voice-1.zip: 83%
12/12/2025, 7:53:02 PM GMT-3 [Modules] Streaming discord_voice@1 to /home/vinicius/.config/discord/0.0.118/modules/pending/discord_voice-1.zip: 84%
12/12/2025, 7:53:02 PM GMT-3 [Modules] Streaming discord_voice@1 to /home/vinicius/.config/discord/0.0.118/modules/pending/discord_voice-1.zip: 85%
12/12/2025, 7:53:02 PM GMT-3 [Modules] Streaming discord_voice@1 to /home/vinicius/.config/discord/0.0.118/modules/pending/discord_voice-1.zip: 86%
12/12/2025, 7:53:02 PM GMT-3 [Modules] Streaming discord_voice@1 to /home/vinicius/.config/discord/0.0.118/modules/pending/discord_voice-1.zip: 87%
12/12/2025, 7:53:02 PM GMT-3 [Modules] Streaming discord_voice@1 to /home/vinicius/.config/discord/0.0.118/modules/pending/discord_voice-1.zip: 89%
12/12/2025, 7:53:02 PM GMT-3 [Modules] Streaming discord_voice@1 to /home/vinicius/.config/discord/0.0.118/modules/pending/discord_voice-1.zip: 90%
12/12/2025, 7:53:02 PM GMT-3 [Modules] Streaming discord_voice@1 to /home/vinicius/.config/discord/0.0.118/modules/pending/discord_voice-1.zip: 91%
12/12/2025, 7:53:02 PM GMT-3 [Modules] Streaming discord_voice@1 to /home/vinicius/.config/discord/0.0.118/modules/pending/discord_voice-1.zip: 92%
12/12/2025, 7:53:02 PM GMT-3 [Modules] Streaming discord_voice@1 to /home/vinicius/.config/discord/0.0.118/modules/pending/discord_voice-1.zip: 93%
12/12/2025, 7:53:02 PM GMT-3 [Modules] Streaming discord_voice@1 to /home/vinicius/.config/discord/0.0.118/modules/pending/discord_voice-1.zip: 94%
12/12/2025, 7:53:02 PM GMT-3 [Modules] Streaming discord_voice@1 to /home/vinicius/.config/discord/0.0.118/modules/pending/discord_voice-1.zip: 95%
12/12/2025, 7:53:02 PM GMT-3 [Modules] Streaming discord_voice@1 to /home/vinicius/.config/discord/0.0.118/modules/pending/discord_voice-1.zip: 96%
12/12/2025, 7:53:02 PM GMT-3 [Modules] Streaming discord_voice@1 to /home/vinicius/.config/discord/0.0.118/modules/pending/discord_voice-1.zip: 97%
12/12/2025, 7:53:03 PM GMT-3 [Modules] Streaming discord_voice@1 to /home/vinicius/.config/discord/0.0.118/modules/pending/discord_voice-1.zip: 98%
12/12/2025, 7:53:03 PM GMT-3 [Modules] Streaming discord_voice@1 to /home/vinicius/.config/discord/0.0.118/modules/pending/discord_voice-1.zip: 99%
12/12/2025, 7:53:03 PM GMT-3 [Modules] Streaming discord_voice@1 to /home/vinicius/.config/discord/0.0.118/modules/pending/discord_voice-1.zip: 100%
12/12/2025, 7:53:03 PM GMT-3 [Modules] Fetching discord_zstd@1 from https://discord.com/api/modules/stable/discord_zstd/1
12/12/2025, 7:53:03 PM GMT-3 [Modules] Streaming discord_zstd@1 to /home/vinicius/.config/discord/0.0.118/modules/pending/discord_zstd-1.zip
12/12/2025, 7:53:03 PM GMT-3 [Modules] Streaming discord_zstd@1 to /home/vinicius/.config/discord/0.0.118/modules/pending/discord_zstd-1.zip: 2%
12/12/2025, 7:53:03 PM GMT-3 [Modules] Streaming discord_zstd@1 to /home/vinicius/.config/discord/0.0.118/modules/pending/discord_zstd-1.zip: 3%
12/12/2025, 7:53:03 PM GMT-3 [Modules] Streaming discord_zstd@1 to /home/vinicius/.config/discord/0.0.118/modules/pending/discord_zstd-1.zip: 20%
12/12/2025, 7:53:03 PM GMT-3 [Modules] Streaming discord_zstd@1 to /home/vinicius/.config/discord/0.0.118/modules/pending/discord_zstd-1.zip: 30%
12/12/2025, 7:53:03 PM GMT-3 [Modules] Streaming discord_zstd@1 to /home/vinicius/.config/discord/0.0.118/modules/pending/discord_zstd-1.zip: 35%
12/12/2025, 7:53:03 PM GMT-3 [Modules] Streaming discord_zstd@1 to /home/vinicius/.config/discord/0.0.118/modules/pending/discord_zstd-1.zip: 39%
12/12/2025, 7:53:03 PM GMT-3 [Modules] Streaming discord_zstd@1 to /home/vinicius/.config/discord/0.0.118/modules/pending/discord_zstd-1.zip: 40%
12/12/2025, 7:53:03 PM GMT-3 [Modules] Streaming discord_zstd@1 to /home/vinicius/.config/discord/0.0.118/modules/pending/discord_zstd-1.zip: 53%
12/12/2025, 7:53:03 PM GMT-3 [Modules] Streaming discord_zstd@1 to /home/vinicius/.config/discord/0.0.118/modules/pending/discord_zstd-1.zip: 54%
12/12/2025, 7:53:03 PM GMT-3 [Modules] Streaming discord_zstd@1 to /home/vinicius/.config/discord/0.0.118/modules/pending/discord_zstd-1.zip: 62%
12/12/2025, 7:53:03 PM GMT-3 [Modules] Streaming discord_zstd@1 to /home/vinicius/.config/discord/0.0.118/modules/pending/discord_zstd-1.zip: 66%
12/12/2025, 7:53:03 PM GMT-3 [Modules] Streaming discord_zstd@1 to /home/vinicius/.config/discord/0.0.118/modules/pending/discord_zstd-1.zip: 69%
12/12/2025, 7:53:03 PM GMT-3 [Modules] Streaming discord_zstd@1 to /home/vinicius/.config/discord/0.0.118/modules/pending/discord_zstd-1.zip: 70%
12/12/2025, 7:53:03 PM GMT-3 [Modules] Streaming discord_zstd@1 to /home/vinicius/.config/discord/0.0.118/modules/pending/discord_zstd-1.zip: 76%
12/12/2025, 7:53:03 PM GMT-3 [Modules] Streaming discord_zstd@1 to /home/vinicius/.config/discord/0.0.118/modules/pending/discord_zstd-1.zip: 81%
12/12/2025, 7:53:03 PM GMT-3 [Modules] Streaming discord_zstd@1 to /home/vinicius/.config/discord/0.0.118/modules/pending/discord_zstd-1.zip: 84%
12/12/2025, 7:53:03 PM GMT-3 [Modules] Streaming discord_zstd@1 to /home/vinicius/.config/discord/0.0.118/modules/pending/discord_zstd-1.zip: 86%
12/12/2025, 7:53:03 PM GMT-3 [Modules] Streaming discord_zstd@1 to /home/vinicius/.config/discord/0.0.118/modules/pending/discord_zstd-1.zip: 90%
12/12/2025, 7:53:03 PM GMT-3 [Modules] Streaming discord_zstd@1 to /home/vinicius/.config/discord/0.0.118/modules/pending/discord_zstd-1.zip: 97%
12/12/2025, 7:53:03 PM GMT-3 [Modules] Streaming discord_zstd@1 to /home/vinicius/.config/discord/0.0.118/modules/pending/discord_zstd-1.zip: 99%
12/12/2025, 7:53:03 PM GMT-3 [Modules] Streaming discord_zstd@1 to /home/vinicius/.config/discord/0.0.118/modules/pending/discord_zstd-1.zip: 100%
12/12/2025, 7:53:03 PM GMT-3 [Modules] Finished module downloads. [success: 6] [failure: 0]
12/12/2025, 7:53:03 PM GMT-3 [Modules] Installing updates...
12/12/2025, 7:53:03 PM GMT-3 [Modules] Installing discord_desktop_core@1 from /home/vinicius/.config/discord/0.0.118/modules/pending/discord_desktop_core-1.zip
12/12/2025, 7:53:04 PM GMT-3 [Modules] Installing discord_erlpack@1 from /home/vinicius/.config/discord/0.0.118/modules/pending/discord_erlpack-1.zip
12/12/2025, 7:53:04 PM GMT-3 [Modules] Installing discord_spellcheck@1 from /home/vinicius/.config/discord/0.0.118/modules/pending/discord_spellcheck-1.zip
12/12/2025, 7:53:05 PM GMT-3 [Modules] Installing discord_utils@1 from /home/vinicius/.config/discord/0.0.118/modules/pending/discord_utils-1.zip
12/12/2025, 7:53:05 PM GMT-3 [Modules] Installing discord_voice@1 from /home/vinicius/.config/discord/0.0.118/modules/pending/discord_voice-1.zip
12/12/2025, 7:53:06 PM GMT-3 [Modules] Installing discord_zstd@1 from /home/vinicius/.config/discord/0.0.118/modules/pending/discord_zstd-1.zip
12/12/2025, 7:53:06 PM GMT-3 [Modules] Finished module installations. [success: 6] [failure: 0]
12/12/2025, 7:53:06 PM GMT-3 [Modules] Checking for host updates.
12/12/2025, 7:53:06 PM GMT-3 [Modules] Host is up to date.
12/12/2025, 7:53:06 PM GMT-3 [Modules] Checking for module updates at https://discord.com/api/modules/stable/versions.json
12/12/2025, 7:53:06 PM GMT-3 [Modules] No module updates available.
12/12/2025, 7:53:13 PM GMT-3 [Modules] Starting to install discord_krisp...
12/12/2025, 7:53:13 PM GMT-3 [Modules] Fetching discord_krisp@1 from https://discord.com/api/modules/stable/discord_krisp/1
12/12/2025, 7:53:13 PM GMT-3 [Modules] Streaming discord_krisp@1 to /home/vinicius/.config/discord/0.0.118/modules/pending/discord_krisp-1.zip
12/12/2025, 7:53:13 PM GMT-3 [Modules] Starting to install discord_game_utils...
12/12/2025, 7:53:13 PM GMT-3 [Modules] Streaming discord_krisp@1 to /home/vinicius/.config/discord/0.0.118/modules/pending/discord_krisp-1.zip: 1%
12/12/2025, 7:53:13 PM GMT-3 [Modules] Streaming discord_krisp@1 to /home/vinicius/.config/discord/0.0.118/modules/pending/discord_krisp-1.zip: 2%
12/12/2025, 7:53:13 PM GMT-3 [Modules] Streaming discord_krisp@1 to /home/vinicius/.config/discord/0.0.118/modules/pending/discord_krisp-1.zip: 3%
12/12/2025, 7:53:13 PM GMT-3 [Modules] Streaming discord_krisp@1 to /home/vinicius/.config/discord/0.0.118/modules/pending/discord_krisp-1.zip: 4%
12/12/2025, 7:53:13 PM GMT-3 [Modules] Streaming discord_krisp@1 to /home/vinicius/.config/discord/0.0.118/modules/pending/discord_krisp-1.zip: 5%
12/12/2025, 7:53:13 PM GMT-3 [Modules] Streaming discord_krisp@1 to /home/vinicius/.config/discord/0.0.118/modules/pending/discord_krisp-1.zip: 6%
12/12/2025, 7:53:13 PM GMT-3 [Modules] Streaming discord_krisp@1 to /home/vinicius/.config/discord/0.0.118/modules/pending/discord_krisp-1.zip: 7%
12/12/2025, 7:53:13 PM GMT-3 [Modules] Streaming discord_krisp@1 to /home/vinicius/.config/discord/0.0.118/modules/pending/discord_krisp-1.zip: 8%
12/12/2025, 7:53:13 PM GMT-3 [Modules] Streaming discord_krisp@1 to /home/vinicius/.config/discord/0.0.118/modules/pending/discord_krisp-1.zip: 9%
12/12/2025, 7:53:13 PM GMT-3 [Modules] Streaming discord_krisp@1 to /home/vinicius/.config/discord/0.0.118/modules/pending/discord_krisp-1.zip: 10%
12/12/2025, 7:53:14 PM GMT-3 [Modules] Streaming discord_krisp@1 to /home/vinicius/.config/discord/0.0.118/modules/pending/discord_krisp-1.zip: 11%
12/12/2025, 7:53:14 PM GMT-3 [Modules] Streaming discord_krisp@1 to /home/vinicius/.config/discord/0.0.118/modules/pending/discord_krisp-1.zip: 12%
12/12/2025, 7:53:14 PM GMT-3 [Modules] Streaming discord_krisp@1 to /home/vinicius/.config/discord/0.0.118/modules/pending/discord_krisp-1.zip: 13%
12/12/2025, 7:53:14 PM GMT-3 [Modules] Streaming discord_krisp@1 to /home/vinicius/.config/discord/0.0.118/modules/pending/discord_krisp-1.zip: 14%
12/12/2025, 7:53:14 PM GMT-3 [Modules] Streaming discord_krisp@1 to /home/vinicius/.config/discord/0.0.118/modules/pending/discord_krisp-1.zip: 15%
12/12/2025, 7:53:14 PM GMT-3 [Modules] Streaming discord_krisp@1 to /home/vinicius/.config/discord/0.0.118/modules/pending/discord_krisp-1.zip: 16%
12/12/2025, 7:53:14 PM GMT-3 [Modules] Streaming discord_krisp@1 to /home/vinicius/.config/discord/0.0.118/modules/pending/discord_krisp-1.zip: 17%
12/12/2025, 7:53:14 PM GMT-3 [Modules] Streaming discord_krisp@1 to /home/vinicius/.config/discord/0.0.118/modules/pending/discord_krisp-1.zip: 18%
12/12/2025, 7:53:14 PM GMT-3 [Modules] Streaming discord_krisp@1 to /home/vinicius/.config/discord/0.0.118/modules/pending/discord_krisp-1.zip: 19%
12/12/2025, 7:53:14 PM GMT-3 [Modules] Streaming discord_krisp@1 to /home/vinicius/.config/discord/0.0.118/modules/pending/discord_krisp-1.zip: 20%
12/12/2025, 7:53:14 PM GMT-3 [Modules] Streaming discord_krisp@1 to /home/vinicius/.config/discord/0.0.118/modules/pending/discord_krisp-1.zip: 21%
12/12/2025, 7:53:14 PM GMT-3 [Modules] Streaming discord_krisp@1 to /home/vinicius/.config/discord/0.0.118/modules/pending/discord_krisp-1.zip: 22%
12/12/2025, 7:53:14 PM GMT-3 [Modules] Streaming discord_krisp@1 to /home/vinicius/.config/discord/0.0.118/modules/pending/discord_krisp-1.zip: 23%
12/12/2025, 7:53:14 PM GMT-3 [Modules] Streaming discord_krisp@1 to /home/vinicius/.config/discord/0.0.118/modules/pending/discord_krisp-1.zip: 24%
12/12/2025, 7:53:14 PM GMT-3 [Modules] Streaming discord_krisp@1 to /home/vinicius/.config/discord/0.0.118/modules/pending/discord_krisp-1.zip: 25%
12/12/2025, 7:53:14 PM GMT-3 [Modules] Streaming discord_krisp@1 to /home/vinicius/.config/discord/0.0.118/modules/pending/discord_krisp-1.zip: 26%
12/12/2025, 7:53:15 PM GMT-3 [Modules] Streaming discord_krisp@1 to /home/vinicius/.config/discord/0.0.118/modules/pending/discord_krisp-1.zip: 27%
12/12/2025, 7:53:15 PM GMT-3 [Modules] Streaming discord_krisp@1 to /home/vinicius/.config/discord/0.0.118/modules/pending/discord_krisp-1.zip: 28%
12/12/2025, 7:53:15 PM GMT-3 [Modules] Streaming discord_krisp@1 to /home/vinicius/.config/discord/0.0.118/modules/pending/discord_krisp-1.zip: 29%
12/12/2025, 7:53:15 PM GMT-3 [Modules] Streaming discord_krisp@1 to /home/vinicius/.config/discord/0.0.118/modules/pending/discord_krisp-1.zip: 30%
12/12/2025, 7:53:15 PM GMT-3 [Modules] Streaming discord_krisp@1 to /home/vinicius/.config/discord/0.0.118/modules/pending/discord_krisp-1.zip: 31%
12/12/2025, 7:53:15 PM GMT-3 [Modules] Streaming discord_krisp@1 to /home/vinicius/.config/discord/0.0.118/modules/pending/discord_krisp-1.zip: 32%
12/12/2025, 7:53:15 PM GMT-3 [Modules] Streaming discord_krisp@1 to /home/vinicius/.config/discord/0.0.118/modules/pending/discord_krisp-1.zip: 33%
12/12/2025, 7:53:15 PM GMT-3 [Modules] Streaming discord_krisp@1 to /home/vinicius/.config/discord/0.0.118/modules/pending/discord_krisp-1.zip: 34%
12/12/2025, 7:53:15 PM GMT-3 [Modules] Streaming discord_krisp@1 to /home/vinicius/.config/discord/0.0.118/modules/pending/discord_krisp-1.zip: 35%
12/12/2025, 7:53:15 PM GMT-3 [Modules] Streaming discord_krisp@1 to /home/vinicius/.config/discord/0.0.118/modules/pending/discord_krisp-1.zip: 36%
12/12/2025, 7:53:15 PM GMT-3 [Modules] Streaming discord_krisp@1 to /home/vinicius/.config/discord/0.0.118/modules/pending/discord_krisp-1.zip: 37%
12/12/2025, 7:53:15 PM GMT-3 [Modules] Streaming discord_krisp@1 to /home/vinicius/.config/discord/0.0.118/modules/pending/discord_krisp-1.zip: 38%
12/12/2025, 7:53:15 PM GMT-3 [Modules] Streaming discord_krisp@1 to /home/vinicius/.config/discord/0.0.118/modules/pending/discord_krisp-1.zip: 39%
12/12/2025, 7:53:15 PM GMT-3 [Modules] Streaming discord_krisp@1 to /home/vinicius/.config/discord/0.0.118/modules/pending/discord_krisp-1.zip: 40%
12/12/2025, 7:53:15 PM GMT-3 [Modules] Streaming discord_krisp@1 to /home/vinicius/.config/discord/0.0.118/modules/pending/discord_krisp-1.zip: 41%
12/12/2025, 7:53:15 PM GMT-3 [Modules] Streaming discord_krisp@1 to /home/vinicius/.config/discord/0.0.118/modules/pending/discord_krisp-1.zip: 42%
12/12/2025, 7:53:15 PM GMT-3 [Modules] Streaming discord_krisp@1 to /home/vinicius/.config/discord/0.0.118/modules/pending/discord_krisp-1.zip: 43%
12/12/2025, 7:53:15 PM GMT-3 [Modules] Streaming discord_krisp@1 to /home/vinicius/.config/discord/0.0.118/modules/pending/discord_krisp-1.zip: 44%
12/12/2025, 7:53:15 PM GMT-3 [Modules] Streaming discord_krisp@1 to /home/vinicius/.config/discord/0.0.118/modules/pending/discord_krisp-1.zip: 45%
12/12/2025, 7:53:15 PM GMT-3 [Modules] Streaming discord_krisp@1 to /home/vinicius/.config/discord/0.0.118/modules/pending/discord_krisp-1.zip: 46%
12/12/2025, 7:53:15 PM GMT-3 [Modules] Streaming discord_krisp@1 to /home/vinicius/.config/discord/0.0.118/modules/pending/discord_krisp-1.zip: 47%
12/12/2025, 7:53:15 PM GMT-3 [Modules] Streaming discord_krisp@1 to /home/vinicius/.config/discord/0.0.118/modules/pending/discord_krisp-1.zip: 48%
12/12/2025, 7:53:15 PM GMT-3 [Modules] Streaming discord_krisp@1 to /home/vinicius/.config/discord/0.0.118/modules/pending/discord_krisp-1.zip: 49%
12/12/2025, 7:53:15 PM GMT-3 [Modules] Streaming discord_krisp@1 to /home/vinicius/.config/discord/0.0.118/modules/pending/discord_krisp-1.zip: 50%
12/12/2025, 7:53:16 PM GMT-3 [Modules] Streaming discord_krisp@1 to /home/vinicius/.config/discord/0.0.118/modules/pending/discord_krisp-1.zip: 51%
12/12/2025, 7:53:16 PM GMT-3 [Modules] Streaming discord_krisp@1 to /home/vinicius/.config/discord/0.0.118/modules/pending/discord_krisp-1.zip: 52%
12/12/2025, 7:53:16 PM GMT-3 [Modules] Streaming discord_krisp@1 to /home/vinicius/.config/discord/0.0.118/modules/pending/discord_krisp-1.zip: 53%
12/12/2025, 7:53:16 PM GMT-3 [Modules] Streaming discord_krisp@1 to /home/vinicius/.config/discord/0.0.118/modules/pending/discord_krisp-1.zip: 54%
12/12/2025, 7:53:16 PM GMT-3 [Modules] Streaming discord_krisp@1 to /home/vinicius/.config/discord/0.0.118/modules/pending/discord_krisp-1.zip: 55%
12/12/2025, 7:53:16 PM GMT-3 [Modules] Streaming discord_krisp@1 to /home/vinicius/.config/discord/0.0.118/modules/pending/discord_krisp-1.zip: 56%
12/12/2025, 7:53:16 PM GMT-3 [Modules] Streaming discord_krisp@1 to /home/vinicius/.config/discord/0.0.118/modules/pending/discord_krisp-1.zip: 57%
12/12/2025, 7:53:16 PM GMT-3 [Modules] Streaming discord_krisp@1 to /home/vinicius/.config/discord/0.0.118/modules/pending/discord_krisp-1.zip: 58%
12/12/2025, 7:53:16 PM GMT-3 [Modules] Streaming discord_krisp@1 to /home/vinicius/.config/discord/0.0.118/modules/pending/discord_krisp-1.zip: 59%
12/12/2025, 7:53:16 PM GMT-3 [Modules] Streaming discord_krisp@1 to /home/vinicius/.config/discord/0.0.118/modules/pending/discord_krisp-1.zip: 60%
12/12/2025, 7:53:16 PM GMT-3 [Modules] Streaming discord_krisp@1 to /home/vinicius/.config/discord/0.0.118/modules/pending/discord_krisp-1.zip: 61%
12/12/2025, 7:53:16 PM GMT-3 [Modules] Streaming discord_krisp@1 to /home/vinicius/.config/discord/0.0.118/modules/pending/discord_krisp-1.zip: 62%
12/12/2025, 7:53:16 PM GMT-3 [Modules] Streaming discord_krisp@1 to /home/vinicius/.config/discord/0.0.118/modules/pending/discord_krisp-1.zip: 63%
12/12/2025, 7:53:16 PM GMT-3 [Modules] Streaming discord_krisp@1 to /home/vinicius/.config/discord/0.0.118/modules/pending/discord_krisp-1.zip: 64%
12/12/2025, 7:53:16 PM GMT-3 [Modules] Streaming discord_krisp@1 to /home/vinicius/.config/discord/0.0.118/modules/pending/discord_krisp-1.zip: 65%
12/12/2025, 7:53:16 PM GMT-3 [Modules] Streaming discord_krisp@1 to /home/vinicius/.config/discord/0.0.118/modules/pending/discord_krisp-1.zip: 66%
12/12/2025, 7:53:16 PM GMT-3 [Modules] Streaming discord_krisp@1 to /home/vinicius/.config/discord/0.0.118/modules/pending/discord_krisp-1.zip: 67%
12/12/2025, 7:53:16 PM GMT-3 [Modules] Streaming discord_krisp@1 to /home/vinicius/.config/discord/0.0.118/modules/pending/discord_krisp-1.zip: 68%
12/12/2025, 7:53:16 PM GMT-3 [Modules] Streaming discord_krisp@1 to /home/vinicius/.config/discord/0.0.118/modules/pending/discord_krisp-1.zip: 69%
12/12/2025, 7:53:16 PM GMT-3 [Modules] Streaming discord_krisp@1 to /home/vinicius/.config/discord/0.0.118/modules/pending/discord_krisp-1.zip: 70%
12/12/2025, 7:53:16 PM GMT-3 [Modules] Streaming discord_krisp@1 to /home/vinicius/.config/discord/0.0.118/modules/pending/discord_krisp-1.zip: 71%
12/12/2025, 7:53:16 PM GMT-3 [Modules] Streaming discord_krisp@1 to /home/vinicius/.config/discord/0.0.118/modules/pending/discord_krisp-1.zip: 72%
12/12/2025, 7:53:16 PM GMT-3 [Modules] Streaming discord_krisp@1 to /home/vinicius/.config/discord/0.0.118/modules/pending/discord_krisp-1.zip: 73%
12/12/2025, 7:53:17 PM GMT-3 [Modules] Streaming discord_krisp@1 to /home/vinicius/.config/discord/0.0.118/modules/pending/discord_krisp-1.zip: 74%
12/12/2025, 7:53:17 PM GMT-3 [Modules] Streaming discord_krisp@1 to /home/vinicius/.config/discord/0.0.118/modules/pending/discord_krisp-1.zip: 75%
12/12/2025, 7:53:17 PM GMT-3 [Modules] Streaming discord_krisp@1 to /home/vinicius/.config/discord/0.0.118/modules/pending/discord_krisp-1.zip: 76%
12/12/2025, 7:53:17 PM GMT-3 [Modules] Streaming discord_krisp@1 to /home/vinicius/.config/discord/0.0.118/modules/pending/discord_krisp-1.zip: 77%
12/12/2025, 7:53:17 PM GMT-3 [Modules] Streaming discord_krisp@1 to /home/vinicius/.config/discord/0.0.118/modules/pending/discord_krisp-1.zip: 78%
12/12/2025, 7:53:17 PM GMT-3 [Modules] Streaming discord_krisp@1 to /home/vinicius/.config/discord/0.0.118/modules/pending/discord_krisp-1.zip: 79%
12/12/2025, 7:53:17 PM GMT-3 [Modules] Streaming discord_krisp@1 to /home/vinicius/.config/discord/0.0.118/modules/pending/discord_krisp-1.zip: 80%
12/12/2025, 7:53:17 PM GMT-3 [Modules] Streaming discord_krisp@1 to /home/vinicius/.config/discord/0.0.118/modules/pending/discord_krisp-1.zip: 81%
12/12/2025, 7:53:17 PM GMT-3 [Modules] Streaming discord_krisp@1 to /home/vinicius/.config/discord/0.0.118/modules/pending/discord_krisp-1.zip: 82%
12/12/2025, 7:53:17 PM GMT-3 [Modules] Streaming discord_krisp@1 to /home/vinicius/.config/discord/0.0.118/modules/pending/discord_krisp-1.zip: 83%
12/12/2025, 7:53:17 PM GMT-3 [Modules] Streaming discord_krisp@1 to /home/vinicius/.config/discord/0.0.118/modules/pending/discord_krisp-1.zip: 84%
12/12/2025, 7:53:17 PM GMT-3 [Modules] Streaming discord_krisp@1 to /home/vinicius/.config/discord/0.0.118/modules/pending/discord_krisp-1.zip: 85%
12/12/2025, 7:53:17 PM GMT-3 [Modules] Streaming discord_krisp@1 to /home/vinicius/.config/discord/0.0.118/modules/pending/discord_krisp-1.zip: 86%
12/12/2025, 7:53:17 PM GMT-3 [Modules] Streaming discord_krisp@1 to /home/vinicius/.config/discord/0.0.118/modules/pending/discord_krisp-1.zip: 87%
12/12/2025, 7:53:17 PM GMT-3 [Modules] Streaming discord_krisp@1 to /home/vinicius/.config/discord/0.0.118/modules/pending/discord_krisp-1.zip: 88%
12/12/2025, 7:53:17 PM GMT-3 [Modules] Streaming discord_krisp@1 to /home/vinicius/.config/discord/0.0.118/modules/pending/discord_krisp-1.zip: 89%
12/12/2025, 7:53:17 PM GMT-3 [Modules] Streaming discord_krisp@1 to /home/vinicius/.config/discord/0.0.118/modules/pending/discord_krisp-1.zip: 90%
12/12/2025, 7:53:17 PM GMT-3 [Modules] Streaming discord_krisp@1 to /home/vinicius/.config/discord/0.0.118/modules/pending/discord_krisp-1.zip: 91%
12/12/2025, 7:53:17 PM GMT-3 [Modules] Streaming discord_krisp@1 to /home/vinicius/.config/discord/0.0.118/modules/pending/discord_krisp-1.zip: 92%
12/12/2025, 7:53:17 PM GMT-3 [Modules] Streaming discord_krisp@1 to /home/vinicius/.config/discord/0.0.118/modules/pending/discord_krisp-1.zip: 93%
12/12/2025, 7:53:17 PM GMT-3 [Modules] Streaming discord_krisp@1 to /home/vinicius/.config/discord/0.0.118/modules/pending/discord_krisp-1.zip: 94%
12/12/2025, 7:53:18 PM GMT-3 [Modules] Streaming discord_krisp@1 to /home/vinicius/.config/discord/0.0.118/modules/pending/discord_krisp-1.zip: 95%
12/12/2025, 7:53:18 PM GMT-3 [Modules] Streaming discord_krisp@1 to /home/vinicius/.config/discord/0.0.118/modules/pending/discord_krisp-1.zip: 96%
12/12/2025, 7:53:18 PM GMT-3 [Modules] Streaming discord_krisp@1 to /home/vinicius/.config/discord/0.0.118/modules/pending/discord_krisp-1.zip: 97%
12/12/2025, 7:53:18 PM GMT-3 [Modules] Streaming discord_krisp@1 to /home/vinicius/.config/discord/0.0.118/modules/pending/discord_krisp-1.zip: 98%
12/12/2025, 7:53:18 PM GMT-3 [Modules] Streaming discord_krisp@1 to /home/vinicius/.config/discord/0.0.118/modules/pending/discord_krisp-1.zip: 99%
12/12/2025, 7:53:18 PM GMT-3 [Modules] Starting to install discord_rpc...
12/12/2025, 7:53:18 PM GMT-3 [Modules] Streaming discord_krisp@1 to /home/vinicius/.config/discord/0.0.118/modules/pending/discord_krisp-1.zip: 100%
12/12/2025, 7:53:18 PM GMT-3 [Modules] Fetching discord_game_utils@1 from https://discord.com/api/modules/stable/discord_game_utils/1
12/12/2025, 7:53:18 PM GMT-3 [Modules] Streaming discord_game_utils@1 to /home/vinicius/.config/discord/0.0.118/modules/pending/discord_game_utils-1.zip
12/12/2025, 7:53:18 PM GMT-3 [Modules] Installing discord_krisp@1 from /home/vinicius/.config/discord/0.0.118/modules/pending/discord_krisp-1.zip
12/12/2025, 7:53:18 PM GMT-3 [Modules] Streaming discord_game_utils@1 to /home/vinicius/.config/discord/0.0.118/modules/pending/discord_game_utils-1.zip: 1%
12/12/2025, 7:53:18 PM GMT-3 [Modules] Streaming discord_game_utils@1 to /home/vinicius/.config/discord/0.0.118/modules/pending/discord_game_utils-1.zip: 9%
12/12/2025, 7:53:18 PM GMT-3 [Modules] Streaming discord_game_utils@1 to /home/vinicius/.config/discord/0.0.118/modules/pending/discord_game_utils-1.zip: 13%
12/12/2025, 7:53:18 PM GMT-3 [Modules] Streaming discord_game_utils@1 to /home/vinicius/.config/discord/0.0.118/modules/pending/discord_game_utils-1.zip: 16%
12/12/2025, 7:53:18 PM GMT-3 [Modules] Streaming discord_game_utils@1 to /home/vinicius/.config/discord/0.0.118/modules/pending/discord_game_utils-1.zip: 17%
12/12/2025, 7:53:18 PM GMT-3 [Modules] Streaming discord_game_utils@1 to /home/vinicius/.config/discord/0.0.118/modules/pending/discord_game_utils-1.zip: 19%
12/12/2025, 7:53:18 PM GMT-3 [Modules] Streaming discord_game_utils@1 to /home/vinicius/.config/discord/0.0.118/modules/pending/discord_game_utils-1.zip: 20%
12/12/2025, 7:53:18 PM GMT-3 [Modules] Streaming discord_game_utils@1 to /home/vinicius/.config/discord/0.0.118/modules/pending/discord_game_utils-1.zip: 22%
12/12/2025, 7:53:18 PM GMT-3 [Modules] Streaming discord_game_utils@1 to /home/vinicius/.config/discord/0.0.118/modules/pending/discord_game_utils-1.zip: 23%
12/12/2025, 7:53:18 PM GMT-3 [Modules] Streaming discord_game_utils@1 to /home/vinicius/.config/discord/0.0.118/modules/pending/discord_game_utils-1.zip: 24%
12/12/2025, 7:53:18 PM GMT-3 [Modules] Streaming discord_game_utils@1 to /home/vinicius/.config/discord/0.0.118/modules/pending/discord_game_utils-1.zip: 26%
12/12/2025, 7:53:18 PM GMT-3 [Modules] Streaming discord_game_utils@1 to /home/vinicius/.config/discord/0.0.118/modules/pending/discord_game_utils-1.zip: 27%
12/12/2025, 7:53:18 PM GMT-3 [Modules] Streaming discord_game_utils@1 to /home/vinicius/.config/discord/0.0.118/modules/pending/discord_game_utils-1.zip: 29%
12/12/2025, 7:53:18 PM GMT-3 [Modules] Streaming discord_game_utils@1 to /home/vinicius/.config/discord/0.0.118/modules/pending/discord_game_utils-1.zip: 31%
12/12/2025, 7:53:18 PM GMT-3 [Modules] Streaming discord_game_utils@1 to /home/vinicius/.config/discord/0.0.118/modules/pending/discord_game_utils-1.zip: 33%
12/12/2025, 7:53:18 PM GMT-3 [Modules] Streaming discord_game_utils@1 to /home/vinicius/.config/discord/0.0.118/modules/pending/discord_game_utils-1.zip: 35%
12/12/2025, 7:53:18 PM GMT-3 [Modules] Streaming discord_game_utils@1 to /home/vinicius/.config/discord/0.0.118/modules/pending/discord_game_utils-1.zip: 37%
12/12/2025, 7:53:18 PM GMT-3 [Modules] Streaming discord_game_utils@1 to /home/vinicius/.config/discord/0.0.118/modules/pending/discord_game_utils-1.zip: 39%
12/12/2025, 7:53:18 PM GMT-3 [Modules] Streaming discord_game_utils@1 to /home/vinicius/.config/discord/0.0.118/modules/pending/discord_game_utils-1.zip: 41%
12/12/2025, 7:53:18 PM GMT-3 [Modules] Streaming discord_game_utils@1 to /home/vinicius/.config/discord/0.0.118/modules/pending/discord_game_utils-1.zip: 42%
12/12/2025, 7:53:18 PM GMT-3 [Modules] Streaming discord_game_utils@1 to /home/vinicius/.config/discord/0.0.118/modules/pending/discord_game_utils-1.zip: 44%
12/12/2025, 7:53:18 PM GMT-3 [Modules] Streaming discord_game_utils@1 to /home/vinicius/.config/discord/0.0.118/modules/pending/discord_game_utils-1.zip: 46%
12/12/2025, 7:53:18 PM GMT-3 [Modules] Streaming discord_game_utils@1 to /home/vinicius/.config/discord/0.0.118/modules/pending/discord_game_utils-1.zip: 47%
12/12/2025, 7:53:18 PM GMT-3 [Modules] Streaming discord_game_utils@1 to /home/vinicius/.config/discord/0.0.118/modules/pending/discord_game_utils-1.zip: 49%
12/12/2025, 7:53:19 PM GMT-3 [Modules] Streaming discord_game_utils@1 to /home/vinicius/.config/discord/0.0.118/modules/pending/discord_game_utils-1.zip: 51%
12/12/2025, 7:53:19 PM GMT-3 [Modules] Streaming discord_game_utils@1 to /home/vinicius/.config/discord/0.0.118/modules/pending/discord_game_utils-1.zip: 53%
12/12/2025, 7:53:19 PM GMT-3 [Modules] Streaming discord_game_utils@1 to /home/vinicius/.config/discord/0.0.118/modules/pending/discord_game_utils-1.zip: 54%
12/12/2025, 7:53:19 PM GMT-3 [Modules] Streaming discord_game_utils@1 to /home/vinicius/.config/discord/0.0.118/modules/pending/discord_game_utils-1.zip: 55%
12/12/2025, 7:53:19 PM GMT-3 [Modules] Streaming discord_game_utils@1 to /home/vinicius/.config/discord/0.0.118/modules/pending/discord_game_utils-1.zip: 57%
12/12/2025, 7:53:19 PM GMT-3 [Modules] Streaming discord_game_utils@1 to /home/vinicius/.config/discord/0.0.118/modules/pending/discord_game_utils-1.zip: 58%
12/12/2025, 7:53:19 PM GMT-3 [Modules] Streaming discord_game_utils@1 to /home/vinicius/.config/discord/0.0.118/modules/pending/discord_game_utils-1.zip: 59%
12/12/2025, 7:53:19 PM GMT-3 [Modules] Finished module installations. [success: 1] [failure: 0]
12/12/2025, 7:53:19 PM GMT-3 [Modules] Streaming discord_game_utils@1 to /home/vinicius/.config/discord/0.0.118/modules/pending/discord_game_utils-1.zip: 63%
12/12/2025, 7:53:19 PM GMT-3 [Modules] Streaming discord_game_utils@1 to /home/vinicius/.config/discord/0.0.118/modules/pending/discord_game_utils-1.zip: 65%
12/12/2025, 7:53:19 PM GMT-3 [Modules] Streaming discord_game_utils@1 to /home/vinicius/.config/discord/0.0.118/modules/pending/discord_game_utils-1.zip: 67%
12/12/2025, 7:53:19 PM GMT-3 [Modules] Streaming discord_game_utils@1 to /home/vinicius/.config/discord/0.0.118/modules/pending/discord_game_utils-1.zip: 69%
12/12/2025, 7:53:19 PM GMT-3 [Modules] Streaming discord_game_utils@1 to /home/vinicius/.config/discord/0.0.118/modules/pending/discord_game_utils-1.zip: 71%
12/12/2025, 7:53:19 PM GMT-3 [Modules] Streaming discord_game_utils@1 to /home/vinicius/.config/discord/0.0.118/modules/pending/discord_game_utils-1.zip: 74%
12/12/2025, 7:53:19 PM GMT-3 [Modules] Streaming discord_game_utils@1 to /home/vinicius/.config/discord/0.0.118/modules/pending/discord_game_utils-1.zip: 78%
12/12/2025, 7:53:19 PM GMT-3 [Modules] Streaming discord_game_utils@1 to /home/vinicius/.config/discord/0.0.118/modules/pending/discord_game_utils-1.zip: 82%
12/12/2025, 7:53:19 PM GMT-3 [Modules] Streaming discord_game_utils@1 to /home/vinicius/.config/discord/0.0.118/modules/pending/discord_game_utils-1.zip: 84%
12/12/2025, 7:53:19 PM GMT-3 [Modules] Streaming discord_game_utils@1 to /home/vinicius/.config/discord/0.0.118/modules/pending/discord_game_utils-1.zip: 86%
12/12/2025, 7:53:19 PM GMT-3 [Modules] Streaming discord_game_utils@1 to /home/vinicius/.config/discord/0.0.118/modules/pending/discord_game_utils-1.zip: 88%
12/12/2025, 7:53:19 PM GMT-3 [Modules] Streaming discord_game_utils@1 to /home/vinicius/.config/discord/0.0.118/modules/pending/discord_game_utils-1.zip: 89%
12/12/2025, 7:53:19 PM GMT-3 [Modules] Streaming discord_game_utils@1 to /home/vinicius/.config/discord/0.0.118/modules/pending/discord_game_utils-1.zip: 93%
12/12/2025, 7:53:19 PM GMT-3 [Modules] Streaming discord_game_utils@1 to /home/vinicius/.config/discord/0.0.118/modules/pending/discord_game_utils-1.zip: 97%
12/12/2025, 7:53:19 PM GMT-3 [Modules] Streaming discord_game_utils@1 to /home/vinicius/.config/discord/0.0.118/modules/pending/discord_game_utils-1.zip: 99%
12/12/2025, 7:53:19 PM GMT-3 [Modules] Streaming discord_game_utils@1 to /home/vinicius/.config/discord/0.0.118/modules/pending/discord_game_utils-1.zip: 100%
12/12/2025, 7:53:19 PM GMT-3 [Modules] Fetching discord_rpc@1 from https://discord.com/api/modules/stable/discord_rpc/1
12/12/2025, 7:53:19 PM GMT-3 [Modules] Streaming discord_rpc@1 to /home/vinicius/.config/discord/0.0.118/modules/pending/discord_rpc-1.zip
12/12/2025, 7:53:19 PM GMT-3 [Modules] Installing discord_game_utils@1 from /home/vinicius/.config/discord/0.0.118/modules/pending/discord_game_utils-1.zip
12/12/2025, 7:53:19 PM GMT-3 [Modules] Finished module installations. [success: 1] [failure: 0]
12/12/2025, 7:53:19 PM GMT-3 [Modules] Streaming discord_rpc@1 to /home/vinicius/.config/discord/0.0.118/modules/pending/discord_rpc-1.zip: 29%
12/12/2025, 7:53:19 PM GMT-3 [Modules] Streaming discord_rpc@1 to /home/vinicius/.config/discord/0.0.118/modules/pending/discord_rpc-1.zip: 38%
12/12/2025, 7:53:19 PM GMT-3 [Modules] Streaming discord_rpc@1 to /home/vinicius/.config/discord/0.0.118/modules/pending/discord_rpc-1.zip: 91%
12/12/2025, 7:53:19 PM GMT-3 [Modules] Streaming discord_rpc@1 to /home/vinicius/.config/discord/0.0.118/modules/pending/discord_rpc-1.zip: 100%
12/12/2025, 7:53:19 PM GMT-3 [Modules] Finished module downloads. [success: 3] [failure: 0]
12/12/2025, 7:53:19 PM GMT-3 [Modules] Installing discord_rpc@1 from /home/vinicius/.config/discord/0.0.118/modules/pending/discord_rpc-1.zip
12/12/2025, 7:53:19 PM GMT-3 [Modules] Finished module installations. [success: 1] [failure: 0]
12/12/2025, 7:53:23 PM GMT-3 [Modules] Checking for host updates.
12/12/2025, 7:53:25 PM GMT-3 [Modules] Host is up to date.
12/12/2025, 7:53:25 PM GMT-3 [Modules] Checking for module updates at https://discord.com/api/modules/stable/versions.json
12/12/2025, 7:53:25 PM GMT-3 [Modules] No module updates available.
12/12/2025, 8:53:23 PM GMT-3 [Modules] Checking for host updates.
12/12/2025, 8:53:23 PM GMT-3 [Modules] Host is up to date.
12/12/2025, 8:53:23 PM GMT-3 [Modules] Checking for module updates at https://discord.com/api/modules/stable/versions.json
12/12/2025, 8:53:23 PM GMT-3 [Modules] No module updates available.
12/12/2025, 9:53:23 PM GMT-3 [Modules] Checking for host updates.
12/12/2025, 9:53:23 PM GMT-3 [Modules] Host is up to date.
12/12/2025, 9:53:23 PM GMT-3 [Modules] Checking for module updates at https://discord.com/api/modules/stable/versions.json
12/12/2025, 9:53:23 PM GMT-3 [Modules] No module updates available.
12/12/2025, 10:53:23 PM GMT-3 [Modules] Checking for host updates.
12/12/2025, 10:53:23 PM GMT-3 [Modules] Host is up to date.
12/12/2025, 10:53:23 PM GMT-3 [Modules] Checking for module updates at https://discord.com/api/modules/stable/versions.json
12/12/2025, 10:53:23 PM GMT-3 [Modules] No module updates available.
12/13/2025, 1:34:57 PM GMT-3 [Modules] Modules initializing
12/13/2025, 1:34:57 PM GMT-3 [Modules] Distribution: remote
12/13/2025, 1:34:57 PM GMT-3 [Modules] Host updates: enabled
12/13/2025, 1:34:57 PM GMT-3 [Modules] Module updates: enabled
12/13/2025, 1:34:57 PM GMT-3 [Modules] Module install path: /home/vinicius/.config/discord/0.0.118/modules
12/13/2025, 1:34:57 PM GMT-3 [Modules] Module installed file path: /home/vinicius/.config/discord/0.0.118/modules/installed.json
12/13/2025, 1:34:57 PM GMT-3 [Modules] Module download path: /home/vinicius/.config/discord/0.0.118/modules/pending
12/13/2025, 1:34:57 PM GMT-3 [Modules] No updates to install
12/13/2025, 1:34:57 PM GMT-3 [Modules] Checking for host updates.
12/13/2025, 1:34:58 PM GMT-3 [Modules] Host is up to date.
12/13/2025, 1:34:58 PM GMT-3 [Modules] Checking for module updates at https://discord.com/api/modules/stable/versions.json
12/13/2025, 1:34:58 PM GMT-3 [Modules] No module updates available.
12/13/2025, 1:35:05 PM GMT-3 [Modules] Checking for host updates.
12/13/2025, 1:35:06 PM GMT-3 [Modules] Host is up to date.
12/13/2025, 1:35:06 PM GMT-3 [Modules] Checking for module updates at https://discord.com/api/modules/stable/versions.json
12/13/2025, 1:35:06 PM GMT-3 [Modules] No module updates available.
12/13/2025, 2:35:05 PM GMT-3 [Modules] Checking for host updates.
12/13/2025, 2:35:06 PM GMT-3 [Modules] Host is up to date.
12/13/2025, 2:35:06 PM GMT-3 [Modules] Checking for module updates at https://discord.com/api/modules/stable/versions.json
12/13/2025, 2:35:06 PM GMT-3 [Modules] No module updates available.
12/13/2025, 3:35:05 PM GMT-3 [Modules] Checking for host updates.
12/13/2025, 3:35:06 PM GMT-3 [Modules] Host is up to date.
12/13/2025, 3:35:06 PM GMT-3 [Modules] Checking for module updates at https://discord.com/api/modules/stable/versions.json
12/13/2025, 3:35:06 PM GMT-3 [Modules] No module updates available.
12/13/2025, 4:18:22 PM GMT-3 [Modules] Checking for host updates.
12/13/2025, 4:18:22 PM GMT-3 [Modules] Host is up to date.
12/13/2025, 4:18:22 PM GMT-3 [Modules] Checking for module updates at https://discord.com/api/modules/stable/versions.json
12/13/2025, 4:18:22 PM GMT-3 [Modules] No module updates available.
12/13/2025, 4:22:47 PM GMT-3 [Modules] Modules initializing
12/13/2025, 4:22:47 PM GMT-3 [Modules] Distribution: remote
12/13/2025, 4:22:47 PM GMT-3 [Modules] Host updates: enabled
12/13/2025, 4:22:47 PM GMT-3 [Modules] Module updates: enabled
12/13/2025, 4:22:47 PM GMT-3 [Modules] Module install path: /home/vinicius/.config/discord/0.0.118/modules
12/13/2025, 4:22:47 PM GMT-3 [Modules] Module installed file path: /home/vinicius/.config/discord/0.0.118/modules/installed.json
12/13/2025, 4:22:47 PM GMT-3 [Modules] Module download path: /home/vinicius/.config/discord/0.0.118/modules/pending
12/13/2025, 4:22:47 PM GMT-3 [Modules] No updates to install
12/13/2025, 4:22:47 PM GMT-3 [Modules] Checking for host updates.
12/13/2025, 4:22:47 PM GMT-3 [Modules] Host is up to date.
12/13/2025, 4:22:47 PM GMT-3 [Modules] Checking for module updates at https://discord.com/api/modules/stable/versions.json
12/13/2025, 4:22:47 PM GMT-3 [Modules] No module updates available.
12/13/2025, 4:22:54 PM GMT-3 [Modules] Checking for host updates.
12/13/2025, 4:22:55 PM GMT-3 [Modules] Host is up to date.
12/13/2025, 4:22:55 PM GMT-3 [Modules] Checking for module updates at https://discord.com/api/modules/stable/versions.json
12/13/2025, 4:22:55 PM GMT-3 [Modules] No module updates available.
12/13/2025, 7:31:47 PM GMT-3 [Modules] Modules initializing
12/13/2025, 7:31:47 PM GMT-3 [Modules] Distribution: remote
12/13/2025, 7:31:47 PM GMT-3 [Modules] Host updates: enabled
12/13/2025, 7:31:47 PM GMT-3 [Modules] Module updates: enabled
12/13/2025, 7:31:47 PM GMT-3 [Modules] Module install path: /home/vinicius/.config/discord/0.0.118/modules
12/13/2025, 7:31:47 PM GMT-3 [Modules] Module installed file path: /home/vinicius/.config/discord/0.0.118/modules/installed.json
12/13/2025, 7:31:47 PM GMT-3 [Modules] Module download path: /home/vinicius/.config/discord/0.0.118/modules/pending
12/13/2025, 7:31:48 PM GMT-3 [Modules] No updates to install
12/13/2025, 7:31:48 PM GMT-3 [Modules] Checking for host updates.
12/13/2025, 7:31:48 PM GMT-3 [Modules] Host is up to date.
12/13/2025, 7:31:48 PM GMT-3 [Modules] Checking for module updates at https://discord.com/api/modules/stable/versions.json
12/13/2025, 7:31:48 PM GMT-3 [Modules] No module updates available.
12/13/2025, 7:31:58 PM GMT-3 [Modules] Checking for host updates.
12/13/2025, 7:31:59 PM GMT-3 [Modules] Host is up to date.
12/13/2025, 7:31:59 PM GMT-3 [Modules] Checking for module updates at https://discord.com/api/modules/stable/versions.json
12/13/2025, 7:31:59 PM GMT-3 [Modules] No module updates available.
12/13/2025, 8:13:08 PM GMT-3 [Modules] Checking for host updates.
12/13/2025, 8:13:08 PM GMT-3 [Modules] Host is up to date.
12/13/2025, 8:13:08 PM GMT-3 [Modules] Checking for module updates at https://discord.com/api/modules/stable/versions.json
12/13/2025, 8:13:08 PM GMT-3 [Modules] No module updates available.
12/13/2025, 8:17:12 PM GMT-3 [Modules] Checking for host updates.
12/13/2025, 8:17:12 PM GMT-3 [Modules] Host is up to date.
12/13/2025, 8:17:12 PM GMT-3 [Modules] Checking for module updates at https://discord.com/api/modules/stable/versions.json
12/13/2025, 8:17:12 PM GMT-3 [Modules] No module updates available.
